q,trial,bot,param,value,outcome,steps,bot_to_button,fire_to_button,fein_activated_at
0.1,12,bot4,fein_margin,0.0,SUCCESS,30,30,24,
0.1,13,bot4,fein_margin,0.0,SUCCESS,16,16,62,
0.1,14,bot4,fein_margin,0.0,SUCCESS,28,28,49,
0.1,15,bot4,fein_margin,0.0,SUCCESS,13,13,30,
0.1,0,bot4,fein_margin,0.0,SUCCESS,17,17,39,
0.1,1,bot4,fein_margin,0.0,SUCCESS,14,14,68,
0.1,2,bot4,fein_margin,0.0,SUCCESS,35,35,29,
0.1,3,bot4,fein_margin,0.0,SUCCESS,24,24,22,
0.1,4,bot4,fein_margin,0.0,SUCCESS,41,41,26,
0.1,5,bot4,fein_margin,0.0,SUCCESS,24,24,19,
0.1,6,bot4,fein_margin,0.0,SUCCESS,5,5,19,
0.1,7,bot4,fein_margin,0.0,SUCCESS,29,27,20,
0.1,20,bot4,fein_margin,0.0,SUCCESS,43,43,16,
0.1,21,bot4,fein_margin,0.0,SUCCESS,17,17,55,
0.1,22,bot4,fein_margin,0.0,SUCCESS,15,15,33,
0.1,23,bot4,fein_margin,0.0,SUCCESS,33,33,41,
0.1,24,bot4,fein_margin,0.0,SUCCESS,65,65,27,
0.1,25,bot4,fein_margin,0.0,SUCCESS,36,36,49,
0.1,26,bot4,fein_margin,0.0,SUCCESS,22,22,59,
0.1,27,bot4,fein_margin,0.0,SUCCESS,23,23,41,
0.1,16,bot4,fein_margin,0.0,SUCCESS,35,35,57,
0.1,17,bot4,fein_margin,0.0,SUCCESS,19,19,22,
0.1,18,bot4,fein_margin,0.0,SUCCESS,64,64,58,
0.1,19,bot4,fein_margin,0.0,SUCCESS,49,49,33,
0.1,8,bot4,fein_margin,0.0,SUCCESS,25,25,43,
0.1,9,bot4,fein_margin,0.0,SUCCESS,39,39,20,
0.1,10,bot4,fein_margin,0.0,SUCCESS,41,41,33,
0.1,11,bot4,fein_margin,0.0,SUCCESS,48,48,31,
0.1,48,bot4,fein_margin,0.0,SUCCESS,17,17,37,
0.1,49,bot4,fein_margin,0.0,SUCCESS,3,3,29,
0.1,50,bot4,fein_margin,0.0,SUCCESS,32,32,48,
0.1,51,bot4,fein_margin,0.0,SUCCESS,31,31,40,
0.1,32,bot4,fein_margin,0.0,SUCCESS,13,13,24,
0.1,33,bot4,fein_margin,0.0,SUCCESS,37,31,7,
0.1,34,bot4,fein_margin,0.0,SUCCESS,39,39,9,
0.1,35,bot4,fein_margin,0.0,SUCCESS,38,38,45,
0.1,28,bot4,fein_margin,0.0,SUCCESS,20,20,23,
0.1,29,bot4,fein_margin,0.0,GAVE_UP,34,41,7,
0.1,30,bot4,fein_margin,0.0,SUCCESS,41,41,14,
0.1,31,bot4,fein_margin,0.0,SUCCESS,68,68,44,
0.1,44,bot4,fein_margin,0.0,SUCCESS,49,49,51,
0.1,45,bot4,fein_margin,0.0,SUCCESS,34,34,37,
0.1,46,bot4,fein_margin,0.0,SUCCESS,22,22,33,
0.1,47,bot4,fein_margin,0.0,SUCCESS,48,48,25,
0.1,60,bot4,fein_margin,0.0,SUCCESS,38,38,48,
0.1,61,bot4,fein_margin,0.0,SUCCESS,11,11,36,
0.1,62,bot4,fein_margin,0.0,SUCCESS,24,24,14,
0.1,63,bot4,fein_margin,0.0,BUTTON_BURNED,20,28,3,1
0.1,36,bot4,fein_margin,0.0,SUCCESS,19,19,39,
0.1,37,bot4,fein_margin,0.0,SUCCESS,54,54,26,
0.1,38,bot4,fein_margin,0.0,SUCCESS,37,37,35,
0.1,39,bot4,fein_margin,0.0,SUCCESS,60,60,46,
0.1,40,bot4,fein_margin,0.0,SUCCESS,54,54,34,
0.1,41,bot4,fein_margin,0.0,SUCCESS,26,26,18,
0.1,42,bot4,fein_margin,0.0,SUCCESS,27,27,73,
0.1,43,bot4,fein_margin,0.0,SUCCESS,49,49,26,
0.1,52,bot4,fein_margin,0.0,SUCCESS,25,25,27,
0.1,53,bot4,fein_margin,0.0,SUCCESS,36,36,39,
0.1,54,bot4,fein_margin,0.0,SUCCESS,51,51,39,
0.1,55,bot4,fein_margin,0.0,SUCCESS,5,5,31,
0.1,68,bot4,fein_margin,0.0,SUCCESS,3,3,13,
0.1,69,bot4,fein_margin,0.0,SUCCESS,24,24,24,
0.1,70,bot4,fein_margin,0.0,SUCCESS,24,24,23,
0.1,71,bot4,fein_margin,0.0,SUCCESS,46,46,13,
0.1,64,bot4,fein_margin,0.0,SUCCESS,56,56,60,
0.1,65,bot4,fein_margin,0.0,SUCCESS,2,2,58,
0.1,66,bot4,fein_margin,0.0,SUCCESS,48,48,28,
0.1,67,bot4,fein_margin,0.0,SUCCESS,27,27,61,
0.1,72,bot4,fein_margin,0.0,SUCCESS,30,30,22,
0.1,73,bot4,fein_margin,0.0,SUCCESS,45,45,62,
0.1,74,bot4,fein_margin,0.0,SUCCESS,30,30,43,
0.1,75,bot4,fein_margin,0.0,SUCCESS,31,31,21,
0.1,84,bot4,fein_margin,0.0,SUCCESS,40,40,14,
0.1,85,bot4,fein_margin,0.0,SUCCESS,29,29,47,
0.1,86,bot4,fein_margin,0.0,SUCCESS,16,16,47,
0.1,87,bot4,fein_margin,0.0,SUCCESS,40,40,38,
0.1,56,bot4,fein_margin,0.0,BUTTON_BURNED,47,54,7,
0.1,57,bot4,fein_margin,0.0,SUCCESS,20,20,26,
0.1,58,bot4,fein_margin,0.0,SUCCESS,47,47,12,
0.1,59,bot4,fein_margin,0.0,SUCCESS,52,52,44,
0.1,76,bot4,fein_margin,0.0,SUCCESS,39,39,50,
0.1,77,bot4,fein_margin,0.0,SUCCESS,34,34,6,
0.1,78,bot4,fein_margin,0.0,SUCCESS,51,51,48,
0.1,79,bot4,fein_margin,0.0,SUCCESS,18,18,10,
0.1,96,bot4,fein_margin,0.0,SUCCESS,53,53,20,
0.1,97,bot4,fein_margin,0.0,SUCCESS,13,13,14,
0.1,98,bot4,fein_margin,0.0,SUCCESS,28,28,27,
0.1,99,bot4,fein_margin,0.0,SUCCESS,26,26,52,
0.1,80,bot4,fein_margin,0.0,SUCCESS,57,57,31,
0.1,81,bot4,fein_margin,0.0,SUCCESS,43,43,56,
0.1,82,bot4,fein_margin,0.0,SUCCESS,43,43,19,
0.1,83,bot4,fein_margin,0.0,SUCCESS,43,43,39,
0.1,112,bot4,fein_margin,0.0,SUCCESS,7,7,9,
0.1,113,bot4,fein_margin,0.0,SUCCESS,23,23,13,
0.1,114,bot4,fein_margin,0.0,SUCCESS,27,27,31,
0.1,115,bot4,fein_margin,0.0,SUCCESS,48,48,49,
0.1,92,bot4,fein_margin,0.0,SUCCESS,46,46,37,
0.1,93,bot4,fein_margin,0.0,SUCCESS,38,38,42,
0.1,94,bot4,fein_margin,0.0,SUCCESS,21,21,30,
0.1,95,bot4,fein_margin,0.0,SUCCESS,46,46,38,
0.1,108,bot4,fein_margin,0.0,SUCCESS,47,47,45,
0.1,109,bot4,fein_margin,0.0,SUCCESS,5,5,18,
0.1,110,bot4,fein_margin,0.0,SUCCESS,28,28,39,
0.1,111,bot4,fein_margin,0.0,SUCCESS,59,57,31,
0.1,120,bot4,fein_margin,0.0,SUCCESS,46,46,32,
0.1,121,bot4,fein_margin,0.0,SUCCESS,27,27,19,
0.1,122,bot4,fein_margin,0.0,SUCCESS,7,7,56,
0.1,123,bot4,fein_margin,0.0,SUCCESS,31,31,35,
0.1,88,bot4,fein_margin,0.0,SUCCESS,65,55,13,
0.1,89,bot4,fein_margin,0.0,SUCCESS,50,50,32,
0.1,90,bot4,fein_margin,0.0,SUCCESS,51,51,40,
0.1,91,bot4,fein_margin,0.0,SUCCESS,23,23,48,
0.1,104,bot4,fein_margin,0.0,SUCCESS,24,24,32,
0.1,105,bot4,fein_margin,0.0,SUCCESS,47,47,33,
0.1,106,bot4,fein_margin,0.0,SUCCESS,41,41,10,
0.1,107,bot4,fein_margin,0.0,SUCCESS,44,40,24,
0.1,100,bot4,fein_margin,0.0,SUCCESS,38,36,16,
0.1,101,bot4,fein_margin,0.0,SUCCESS,46,46,47,
0.1,102,bot4,fein_margin,0.0,SUCCESS,48,48,38,
0.1,103,bot4,fein_margin,0.0,GAVE_UP,74,68,9,
0.1,128,bot4,fein_margin,0.0,SUCCESS,39,39,35,
0.1,129,bot4,fein_margin,0.0,BUTTON_BURNED,14,56,4,
0.1,130,bot4,fein_margin,0.0,SUCCESS,41,41,46,
0.1,131,bot4,fein_margin,0.0,SUCCESS,34,34,22,
0.1,124,bot4,fein_margin,0.0,SUCCESS,17,17,36,
0.1,125,bot4,fein_margin,0.0,SUCCESS,31,31,28,
0.1,126,bot4,fein_margin,0.0,SUCCESS,39,39,37,
0.1,127,bot4,fein_margin,0.0,SUCCESS,28,28,11,
0.1,116,bot4,fein_margin,0.0,SUCCESS,9,9,34,
0.1,117,bot4,fein_margin,0.0,SUCCESS,31,31,39,
0.1,118,bot4,fein_margin,0.0,SUCCESS,37,37,31,
0.1,119,bot4,fein_margin,0.0,SUCCESS,65,65,59,
0.1,140,bot4,fein_margin,0.0,SUCCESS,35,35,19,
0.1,141,bot4,fein_margin,0.0,SUCCESS,20,20,29,
0.1,142,bot4,fein_margin,0.0,SUCCESS,6,6,10,
0.1,143,bot4,fein_margin,0.0,SUCCESS,32,32,37,
0.1,148,bot4,fein_margin,0.0,SUCCESS,33,33,29,
0.1,149,bot4,fein_margin,0.0,SUCCESS,1,1,30,
0.1,150,bot4,fein_margin,0.0,SUCCESS,9,9,39,
0.1,151,bot4,fein_margin,0.0,SUCCESS,22,22,32,
0.1,132,bot4,fein_margin,0.0,SUCCESS,44,44,35,
0.1,133,bot4,fein_margin,0.0,SUCCESS,53,53,49,
0.1,134,bot4,fein_margin,0.0,SUCCESS,15,15,39,
0.1,135,bot4,fein_margin,0.0,SUCCESS,9,9,29,
0.1,160,bot4,fein_margin,0.0,SUCCESS,19,19,38,
0.1,161,bot4,fein_margin,0.0,SUCCESS,16,16,10,
0.1,162,bot4,fein_margin,0.0,SUCCESS,3,3,15,
0.1,163,bot4,fein_margin,0.0,SUCCESS,11,11,55,
0.1,144,bot4,fein_margin,0.0,SUCCESS,39,29,5,
0.1,145,bot4,fein_margin,0.0,SUCCESS,49,49,37,
0.1,146,bot4,fein_margin,0.0,SUCCESS,29,29,51,
0.1,147,bot4,fein_margin,0.0,SUCCESS,11,11,33,
0.1,136,bot4,fein_margin,0.0,SUCCESS,47,47,47,
0.1,137,bot4,fein_margin,0.0,SUCCESS,33,33,15,
0.1,138,bot4,fein_margin,0.0,SUCCESS,20,20,57,
0.1,139,bot4,fein_margin,0.0,SUCCESS,41,41,45,
0.1,168,bot4,fein_margin,0.0,SUCCESS,9,9,19,
0.1,169,bot4,fein_margin,0.0,SUCCESS,30,30,20,
0.1,170,bot4,fein_margin,0.0,SUCCESS,11,11,33,
0.1,171,bot4,fein_margin,0.0,SUCCESS,42,42,40,
0.1,164,bot4,fein_margin,0.0,SUCCESS,30,30,35,
0.1,165,bot4,fein_margin,0.0,SUCCESS,23,23,42,
0.1,166,bot4,fein_margin,0.0,SUCCESS,6,6,18,
0.1,167,bot4,fein_margin,0.0,SUCCESS,30,30,32,
0.1,156,bot4,fein_margin,0.0,SUCCESS,30,28,7,6
0.1,157,bot4,fein_margin,0.0,SUCCESS,12,12,40,
0.1,158,bot4,fein_margin,0.0,SUCCESS,33,33,31,
0.1,159,bot4,fein_margin,0.0,SUCCESS,52,40,25,
0.1,172,bot4,fein_margin,0.0,SUCCESS,45,43,30,
0.1,173,bot4,fein_margin,0.0,SUCCESS,43,43,27,
0.1,174,bot4,fein_margin,0.0,SUCCESS,12,12,23,
0.1,175,bot4,fein_margin,0.0,SUCCESS,18,18,19,
0.1,176,bot4,fein_margin,0.0,SUCCESS,60,46,12,40
0.1,177,bot4,fein_margin,0.0,SUCCESS,29,29,28,
0.1,178,bot4,fein_margin,0.0,SUCCESS,1,1,30,
0.1,179,bot4,fein_margin,0.0,SUCCESS,19,19,42,
0.1,152,bot4,fein_margin,0.0,SUCCESS,63,63,36,
0.1,153,bot4,fein_margin,0.0,SUCCESS,30,30,5,
0.1,154,bot4,fein_margin,0.0,GAVE_UP,64,56,8,
0.1,155,bot4,fein_margin,0.0,SUCCESS,15,15,20,
0.1,180,bot4,fein_margin,0.0,SUCCESS,49,49,45,
0.1,181,bot4,fein_margin,0.0,SUCCESS,24,24,27,
0.1,182,bot4,fein_margin,0.0,SUCCESS,40,40,45,
0.1,183,bot4,fein_margin,0.0,SUCCESS,56,56,48,
0.1,188,bot4,fein_margin,0.0,SUCCESS,23,23,45,
0.1,189,bot4,fein_margin,0.0,SUCCESS,25,25,54,
0.1,190,bot4,fein_margin,0.0,SUCCESS,48,48,55,
0.1,191,bot4,fein_margin,0.0,SUCCESS,40,40,31,
0.1,184,bot4,fein_margin,0.0,SUCCESS,47,47,27,
0.1,185,bot4,fein_margin,0.0,SUCCESS,12,10,9,
0.1,186,bot4,fein_margin,0.0,GAVE_UP,48,46,3,
0.1,187,bot4,fein_margin,0.0,SUCCESS,32,32,48,
0.1,200,bot4,fein_margin,0.0,SUCCESS,31,31,44,
0.1,201,bot4,fein_margin,0.0,SUCCESS,24,24,23,
0.1,202,bot4,fein_margin,0.0,SUCCESS,10,10,28,
0.1,203,bot4,fein_margin,0.0,SUCCESS,28,28,38,
0.1,192,bot4,fein_margin,0.0,SUCCESS,18,18,45,
0.1,193,bot4,fein_margin,0.0,SUCCESS,35,35,17,
0.1,194,bot4,fein_margin,0.0,SUCCESS,55,55,64,
0.1,195,bot4,fein_margin,0.0,SUCCESS,40,40,23,
0.1,196,bot4,fein_margin,0.0,SUCCESS,15,15,30,
0.1,197,bot4,fein_margin,0.0,SUCCESS,51,51,38,
0.1,198,bot4,fein_margin,0.0,SUCCESS,65,65,25,
0.1,199,bot4,fein_margin,0.0,SUCCESS,52,52,24,
0.1,208,bot4,fein_margin,0.0,SUCCESS,43,43,34,
0.1,209,bot4,fein_margin,0.0,SUCCESS,35,35,61,
0.1,210,bot4,fein_margin,0.0,SUCCESS,31,31,36,
0.1,211,bot4,fein_margin,0.0,SUCCESS,6,6,30,
0.1,212,bot4,fein_margin,0.0,SUCCESS,39,39,50,
0.1,213,bot4,fein_margin,0.0,SUCCESS,35,35,55,
0.1,214,bot4,fein_margin,0.0,SUCCESS,12,12,42,
0.1,215,bot4,fein_margin,0.0,SUCCESS,38,38,21,
0.1,204,bot4,fein_margin,0.0,SUCCESS,22,22,18,
0.1,205,bot4,fein_margin,0.0,SUCCESS,55,55,33,
0.1,206,bot4,fein_margin,0.0,SUCCESS,29,29,54,
0.1,207,bot4,fein_margin,0.0,SUCCESS,14,14,27,
0.1,216,bot4,fein_margin,0.0,SUCCESS,45,45,24,
0.1,217,bot4,fein_margin,0.0,SUCCESS,21,21,26,
0.1,218,bot4,fein_margin,0.0,SUCCESS,17,17,54,
0.1,219,bot4,fein_margin,0.0,SUCCESS,56,56,28,
0.1,228,bot4,fein_margin,0.0,SUCCESS,37,37,28,
0.1,229,bot4,fein_margin,0.0,SUCCESS,20,20,22,
0.1,230,bot4,fein_margin,0.0,SUCCESS,35,35,43,
0.1,231,bot4,fein_margin,0.0,SUCCESS,26,26,30,
0.1,220,bot4,fein_margin,0.0,SUCCESS,26,26,48,
0.1,221,bot4,fein_margin,0.0,SUCCESS,43,43,40,
0.1,222,bot4,fein_margin,0.0,SUCCESS,17,17,40,
0.1,223,bot4,fein_margin,0.0,SUCCESS,46,46,42,
0.1,224,bot4,fein_margin,0.0,SUCCESS,48,48,54,
0.1,225,bot4,fein_margin,0.0,SUCCESS,24,24,30,
0.1,226,bot4,fein_margin,0.0,SUCCESS,54,54,35,
0.1,227,bot4,fein_margin,0.0,SUCCESS,44,44,42,
0.1,232,bot4,fein_margin,0.0,SUCCESS,42,42,48,
0.1,233,bot4,fein_margin,0.0,SUCCESS,45,45,41,
0.1,234,bot4,fein_margin,0.0,SUCCESS,39,39,35,
0.1,235,bot4,fein_margin,0.0,SUCCESS,29,29,52,
0.1,256,bot4,fein_margin,0.0,BURNED,32,28,13,
0.1,257,bot4,fein_margin,0.0,SUCCESS,10,10,27,
0.1,258,bot4,fein_margin,0.0,SUCCESS,43,43,45,
0.1,259,bot4,fein_margin,0.0,SUCCESS,5,5,15,
0.1,240,bot4,fein_margin,0.0,SUCCESS,10,10,39,
0.1,241,bot4,fein_margin,0.0,SUCCESS,28,28,17,
0.1,242,bot4,fein_margin,0.0,SUCCESS,30,30,23,
0.1,243,bot4,fein_margin,0.0,SUCCESS,71,65,19,
0.1,236,bot4,fein_margin,0.0,SUCCESS,28,28,58,
0.1,237,bot4,fein_margin,0.0,SUCCESS,51,51,48,
0.1,238,bot4,fein_margin,0.0,SUCCESS,24,24,37,
0.1,239,bot4,fein_margin,0.0,SUCCESS,43,43,52,
0.1,248,bot4,fein_margin,0.0,SUCCESS,40,40,45,
0.1,249,bot4,fein_margin,0.0,SUCCESS,23,23,34,
0.1,250,bot4,fein_margin,0.0,SUCCESS,30,30,20,
0.1,251,bot4,fein_margin,0.0,SUCCESS,9,9,43,
0.1,244,bot4,fein_margin,0.0,SUCCESS,61,61,35,
0.1,245,bot4,fein_margin,0.0,SUCCESS,19,19,70,
0.1,246,bot4,fein_margin,0.0,SUCCESS,24,24,11,
0.1,247,bot4,fein_margin,0.0,SUCCESS,32,32,26,
0.1,252,bot4,fein_margin,0.0,SUCCESS,34,34,46,
0.1,253,bot4,fein_margin,0.0,SUCCESS,55,55,18,
0.1,254,bot4,fein_margin,0.0,SUCCESS,32,32,19,
0.1,255,bot4,fein_margin,0.0,SUCCESS,16,16,23,
0.1,260,bot4,fein_margin,0.0,SUCCESS,35,35,59,
0.1,261,bot4,fein_margin,0.0,SUCCESS,34,34,40,
0.1,262,bot4,fein_margin,0.0,SUCCESS,36,36,58,
0.1,263,bot4,fein_margin,0.0,SUCCESS,7,7,51,
0.1,268,bot4,fein_margin,0.0,SUCCESS,18,18,25,
0.1,269,bot4,fein_margin,0.0,SUCCESS,16,16,52,
0.1,270,bot4,fein_margin,0.0,SUCCESS,58,58,55,
0.1,271,bot4,fein_margin,0.0,SUCCESS,32,32,41,
0.1,272,bot4,fein_margin,0.0,SUCCESS,41,41,32,
0.1,273,bot4,fein_margin,0.0,SUCCESS,19,19,45,
0.1,274,bot4,fein_margin,0.0,SUCCESS,41,41,40,
0.1,275,bot4,fein_margin,0.0,SUCCESS,10,10,12,
0.1,288,bot4,fein_margin,0.0,SUCCESS,5,5,12,
0.1,289,bot4,fein_margin,0.0,SUCCESS,19,19,51,
0.1,290,bot4,fein_margin,0.0,SUCCESS,63,63,67,
0.1,291,bot4,fein_margin,0.0,SUCCESS,28,28,45,
0.1,276,bot4,fein_margin,0.0,SUCCESS,42,42,47,
0.1,277,bot4,fein_margin,0.0,SUCCESS,18,18,15,
0.1,278,bot4,fein_margin,0.0,SUCCESS,38,38,27,
0.1,279,bot4,fein_margin,0.0,SUCCESS,20,20,32,
0.1,284,bot4,fein_margin,0.0,SUCCESS,4,4,41,
0.1,285,bot4,fein_margin,0.0,SUCCESS,39,39,33,
0.1,286,bot4,fein_margin,0.0,SUCCESS,33,33,40,
0.1,287,bot4,fein_margin,0.0,SUCCESS,19,19,18,
0.1,264,bot4,fein_margin,0.0,SUCCESS,51,49,33,
0.1,265,bot4,fein_margin,0.0,SUCCESS,42,42,27,
0.1,266,bot4,fein_margin,0.0,SUCCESS,34,34,15,
0.1,267,bot4,fein_margin,0.0,SUCCESS,42,42,38,
0.1,292,bot4,fein_margin,0.0,SUCCESS,18,18,15,
0.1,293,bot4,fein_margin,0.0,SUCCESS,25,25,53,
0.1,294,bot4,fein_margin,0.0,SUCCESS,46,46,34,
0.1,295,bot4,fein_margin,0.0,SUCCESS,32,32,30,
0.1,280,bot4,fein_margin,0.0,SUCCESS,36,36,30,
0.1,281,bot4,fein_margin,0.0,SUCCESS,32,32,35,
0.1,282,bot4,fein_margin,0.0,SUCCESS,51,51,25,
0.1,283,bot4,fein_margin,0.0,SUCCESS,29,29,18,
0.1,312,bot4,fein_margin,0.0,SUCCESS,13,13,14,
0.1,313,bot4,fein_margin,0.0,SUCCESS,30,30,53,
0.1,314,bot4,fein_margin,0.0,SUCCESS,18,18,40,
0.1,315,bot4,fein_margin,0.0,SUCCESS,23,23,7,
0.1,300,bot4,fein_margin,0.0,SUCCESS,38,38,51,
0.1,301,bot4,fein_margin,0.0,SUCCESS,36,36,29,
0.1,302,bot4,fein_margin,0.0,SUCCESS,7,7,48,
0.1,303,bot4,fein_margin,0.0,SUCCESS,17,17,48,
0.1,316,bot4,fein_margin,0.0,SUCCESS,9,9,37,
0.1,317,bot4,fein_margin,0.0,SUCCESS,6,6,42,
0.1,318,bot4,fein_margin,0.0,SUCCESS,17,17,39,
0.1,319,bot4,fein_margin,0.0,SUCCESS,36,36,12,
0.1,324,bot4,fein_margin,0.0,SUCCESS,37,37,30,
0.1,325,bot4,fein_margin,0.0,SUCCESS,23,23,40,
0.1,326,bot4,fein_margin,0.0,SUCCESS,9,9,50,
0.1,327,bot4,fein_margin,0.0,SUCCESS,38,38,28,
0.1,304,bot4,fein_margin,0.0,SUCCESS,49,49,21,
0.1,305,bot4,fein_margin,0.0,SUCCESS,20,20,16,
0.1,306,bot4,fein_margin,0.0,SUCCESS,47,47,38,
0.1,307,bot4,fein_margin,0.0,SUCCESS,58,54,12,
0.1,296,bot4,fein_margin,0.0,SUCCESS,56,56,45,
0.1,297,bot4,fein_margin,0.0,SUCCESS,49,49,32,
0.1,298,bot4,fein_margin,0.0,SUCCESS,16,16,49,
0.1,299,bot4,fein_margin,0.0,SUCCESS,22,22,17,
0.1,328,bot4,fein_margin,0.0,SUCCESS,38,38,37,
0.1,329,bot4,fein_margin,0.0,SUCCESS,34,34,45,
0.1,330,bot4,fein_margin,0.0,SUCCESS,42,42,17,
0.1,331,bot4,fein_margin,0.0,SUCCESS,50,50,31,
0.1,308,bot4,fein_margin,0.0,SUCCESS,54,54,11,
0.1,309,bot4,fein_margin,0.0,SUCCESS,50,50,39,
0.1,310,bot4,fein_margin,0.0,SUCCESS,22,22,8,
0.1,311,bot4,fein_margin,0.0,SUCCESS,51,51,49,
0.1,336,bot4,fein_margin,0.0,SUCCESS,33,33,10,
0.1,337,bot4,fein_margin,0.0,SUCCESS,56,56,30,
0.1,338,bot4,fein_margin,0.0,SUCCESS,24,24,51,
0.1,339,bot4,fein_margin,0.0,SUCCESS,13,13,29,
0.1,320,bot4,fein_margin,0.0,SUCCESS,34,34,44,
0.1,321,bot4,fein_margin,0.0,BUTTON_BURNED,19,41,1,
0.1,322,bot4,fein_margin,0.0,SUCCESS,52,46,12,
0.1,323,bot4,fein_margin,0.0,SUCCESS,44,42,33,
0.1,332,bot4,fein_margin,0.0,SUCCESS,49,49,52,
0.1,333,bot4,fein_margin,0.0,SUCCESS,6,6,53,
0.1,334,bot4,fein_margin,0.0,SUCCESS,56,56,36,
0.1,335,bot4,fein_margin,0.0,SUCCESS,43,43,23,
0.1,344,bot4,fein_margin,0.0,SUCCESS,40,40,50,
0.1,345,bot4,fein_margin,0.0,SUCCESS,25,25,23,
0.1,346,bot4,fein_margin,0.0,SUCCESS,21,21,43,
0.1,347,bot4,fein_margin,0.0,SUCCESS,34,34,15,
0.1,360,bot4,fein_margin,0.0,SUCCESS,29,29,29,
0.1,361,bot4,fein_margin,0.0,SUCCESS,37,37,55,
0.1,362,bot4,fein_margin,0.0,SUCCESS,21,21,41,
0.1,363,bot4,fein_margin,0.0,SUCCESS,23,23,11,
0.1,352,bot4,fein_margin,0.0,SUCCESS,52,52,56,
0.1,353,bot4,fein_margin,0.0,SUCCESS,31,31,42,
0.1,354,bot4,fein_margin,0.0,SUCCESS,11,11,31,
0.1,355,bot4,fein_margin,0.0,SUCCESS,30,30,39,
0.1,348,bot4,fein_margin,0.0,SUCCESS,11,11,25,
0.1,349,bot4,fein_margin,0.0,SUCCESS,24,24,4,
0.1,350,bot4,fein_margin,0.0,SUCCESS,52,52,51,
0.1,351,bot4,fein_margin,0.0,SUCCESS,47,47,17,
0.1,356,bot4,fein_margin,0.0,SUCCESS,20,20,39,
0.1,357,bot4,fein_margin,0.0,SUCCESS,27,27,28,
0.1,358,bot4,fein_margin,0.0,SUCCESS,46,44,24,
0.1,359,bot4,fein_margin,0.0,BUTTON_BURNED,29,46,9,
0.1,364,bot4,fein_margin,0.0,SUCCESS,2,2,9,
0.1,365,bot4,fein_margin,0.0,SUCCESS,57,57,32,
0.1,366,bot4,fein_margin,0.0,SUCCESS,49,49,27,
0.1,367,bot4,fein_margin,0.0,SUCCESS,13,13,52,
0.1,368,bot4,fein_margin,0.0,SUCCESS,48,48,32,
0.1,369,bot4,fein_margin,0.0,SUCCESS,32,32,31,
0.1,370,bot4,fein_margin,0.0,SUCCESS,23,23,23,
0.1,371,bot4,fein_margin,0.0,SUCCESS,37,37,43,
0.1,340,bot4,fein_margin,0.0,SUCCESS,50,38,20,
0.1,341,bot4,fein_margin,0.0,SUCCESS,49,47,8,25
0.1,342,bot4,fein_margin,0.0,SUCCESS,53,53,22,
0.1,343,bot4,fein_margin,0.0,SUCCESS,31,31,24,
0.1,388,bot4,fein_margin,0.0,SUCCESS,25,25,46,
0.1,389,bot4,fein_margin,0.0,SUCCESS,12,12,25,
0.1,390,bot4,fein_margin,0.0,SUCCESS,10,10,36,
0.1,391,bot4,fein_margin,0.0,SUCCESS,25,25,41,
0.1,380,bot4,fein_margin,0.0,SUCCESS,45,45,20,
0.1,381,bot4,fein_margin,0.0,SUCCESS,13,13,24,
0.1,382,bot4,fein_margin,0.0,SUCCESS,31,31,33,
0.1,383,bot4,fein_margin,0.0,SUCCESS,9,9,40,
0.1,372,bot4,fein_margin,0.0,SUCCESS,35,35,35,
0.1,373,bot4,fein_margin,0.0,SUCCESS,53,53,41,
0.1,374,bot4,fein_margin,0.0,SUCCESS,24,24,44,
0.1,375,bot4,fein_margin,0.0,SUCCESS,8,8,46,
0.1,376,bot4,fein_margin,0.0,SUCCESS,30,30,5,
0.1,377,bot4,fein_margin,0.0,SUCCESS,8,8,19,
0.1,378,bot4,fein_margin,0.0,SUCCESS,39,39,18,
0.1,379,bot4,fein_margin,0.0,SUCCESS,52,52,42,
0.1,412,bot4,fein_margin,0.0,SUCCESS,21,21,43,
0.1,413,bot4,fein_margin,0.0,SUCCESS,13,13,31,
0.1,414,bot4,fein_margin,0.0,SUCCESS,34,34,21,
0.1,415,bot4,fein_margin,0.0,SUCCESS,13,13,40,
0.1,416,bot4,fein_margin,0.0,SUCCESS,18,18,40,
0.1,417,bot4,fein_margin,0.0,SUCCESS,5,5,18,
0.1,418,bot4,fein_margin,0.0,SUCCESS,13,13,42,
0.1,419,bot4,fein_margin,0.0,SUCCESS,10,10,43,
0.1,396,bot4,fein_margin,0.0,SUCCESS,10,10,44,
0.1,397,bot4,fein_margin,0.0,SUCCESS,9,9,27,
0.1,398,bot4,fein_margin,0.0,SUCCESS,55,55,40,
0.1,399,bot4,fein_margin,0.0,SUCCESS,9,9,49,
0.1,392,bot4,fein_margin,0.0,SUCCESS,23,23,16,
0.1,393,bot4,fein_margin,0.0,SUCCESS,49,49,34,
0.1,394,bot4,fein_margin,0.0,SUCCESS,33,33,46,
0.1,395,bot4,fein_margin,0.0,SUCCESS,26,26,66,
0.1,384,bot4,fein_margin,0.0,SUCCESS,6,6,28,
0.1,385,bot4,fein_margin,0.0,SUCCESS,48,48,48,
0.1,386,bot4,fein_margin,0.0,SUCCESS,47,47,34,
0.1,387,bot4,fein_margin,0.0,SUCCESS,60,60,25,
0.1,400,bot4,fein_margin,0.0,SUCCESS,39,39,37,
0.1,401,bot4,fein_margin,0.0,SUCCESS,37,37,48,
0.1,402,bot4,fein_margin,0.0,SUCCESS,25,25,16,
0.1,403,bot4,fein_margin,0.0,BUTTON_BURNED,25,37,7,
0.1,428,bot4,fein_margin,0.0,SUCCESS,5,5,65,
0.1,429,bot4,fein_margin,0.0,SUCCESS,20,20,21,
0.1,430,bot4,fein_margin,0.0,SUCCESS,22,22,12,
0.1,431,bot4,fein_margin,0.0,SUCCESS,5,5,40,
0.1,404,bot4,fein_margin,0.0,SUCCESS,41,41,43,
0.1,405,bot4,fein_margin,0.0,SUCCESS,35,35,32,
0.1,406,bot4,fein_margin,0.0,SUCCESS,45,45,51,
0.1,407,bot4,fein_margin,0.0,SUCCESS,30,30,46,
0.1,408,bot4,fein_margin,0.0,SUCCESS,58,58,52,
0.1,409,bot4,fein_margin,0.0,SUCCESS,26,26,19,
0.1,410,bot4,fein_margin,0.0,SUCCESS,46,46,54,
0.1,411,bot4,fein_margin,0.0,SUCCESS,28,28,13,
0.1,420,bot4,fein_margin,0.0,SUCCESS,28,28,30,
0.1,421,bot4,fein_margin,0.0,SUCCESS,47,47,10,
0.1,422,bot4,fein_margin,0.0,SUCCESS,7,7,24,
0.1,423,bot4,fein_margin,0.0,SUCCESS,42,42,42,
0.1,440,bot4,fein_margin,0.0,SUCCESS,12,12,36,
0.1,441,bot4,fein_margin,0.0,SUCCESS,23,23,24,
0.1,442,bot4,fein_margin,0.0,SUCCESS,40,40,17,
0.1,443,bot4,fein_margin,0.0,SUCCESS,28,28,16,
0.1,436,bot4,fein_margin,0.0,SUCCESS,23,23,31,
0.1,437,bot4,fein_margin,0.0,SUCCESS,20,20,62,
0.1,438,bot4,fein_margin,0.0,SUCCESS,30,30,25,
0.1,439,bot4,fein_margin,0.0,SUCCESS,61,61,49,
0.1,448,bot4,fein_margin,0.0,SUCCESS,53,53,61,
0.1,449,bot4,fein_margin,0.0,SUCCESS,38,38,48,
0.1,450,bot4,fein_margin,0.0,SUCCESS,18,18,14,
0.1,451,bot4,fein_margin,0.0,SUCCESS,30,30,56,
0.1,464,bot4,fein_margin,0.0,SUCCESS,49,49,42,
0.1,465,bot4,fein_margin,0.0,SUCCESS,15,15,51,
0.1,466,bot4,fein_margin,0.0,SUCCESS,31,31,12,
0.1,467,bot4,fein_margin,0.0,SUCCESS,17,17,13,
0.1,452,bot4,fein_margin,0.0,SUCCESS,39,39,17,
0.1,453,bot4,fein_margin,0.0,SUCCESS,26,26,17,
0.1,454,bot4,fein_margin,0.0,SUCCESS,36,36,40,
0.1,455,bot4,fein_margin,0.0,SUCCESS,54,54,41,
0.1,424,bot4,fein_margin,0.0,SUCCESS,60,60,39,
0.1,425,bot4,fein_margin,0.0,SUCCESS,37,37,33,
0.1,426,bot4,fein_margin,0.0,SUCCESS,42,42,16,
0.1,427,bot4,fein_margin,0.0,SUCCESS,55,55,40,
0.1,432,bot4,fein_margin,0.0,SUCCESS,49,49,21,
0.1,433,bot4,fein_margin,0.0,SUCCESS,19,19,16,
0.1,434,bot4,fein_margin,0.0,SUCCESS,31,31,25,
0.1,435,bot4,fein_margin,0.0,SUCCESS,70,52,16,
0.1,444,bot4,fein_margin,0.0,SUCCESS,24,24,48,
0.1,445,bot4,fein_margin,0.0,SUCCESS,14,14,21,
0.1,446,bot4,fein_margin,0.0,SUCCESS,35,35,63,
0.1,447,bot4,fein_margin,0.0,SUCCESS,79,45,16,
0.1,456,bot4,fein_margin,0.0,SUCCESS,17,17,13,
0.1,457,bot4,fein_margin,0.0,SUCCESS,37,37,18,
0.1,458,bot4,fein_margin,0.0,SUCCESS,36,36,40,
0.1,459,bot4,fein_margin,0.0,SUCCESS,34,34,22,
0.1,468,bot4,fein_margin,0.0,SUCCESS,37,37,12,
0.1,469,bot4,fein_margin,0.0,SUCCESS,37,37,20,
0.1,470,bot4,fein_margin,0.0,SUCCESS,20,20,25,
0.1,471,bot4,fein_margin,0.0,SUCCESS,46,46,30,
0.1,460,bot4,fein_margin,0.0,SUCCESS,24,24,34,
0.1,461,bot4,fein_margin,0.0,SUCCESS,40,40,19,
0.1,462,bot4,fein_margin,0.0,SUCCESS,46,46,17,
0.1,463,bot4,fein_margin,0.0,GAVE_UP,37,15,5,
0.1,472,bot4,fein_margin,0.0,SUCCESS,24,24,18,
0.1,473,bot4,fein_margin,0.0,SUCCESS,23,23,24,
0.1,474,bot4,fein_margin,0.0,SUCCESS,35,35,28,
0.1,475,bot4,fein_margin,0.0,SUCCESS,49,49,48,
0.1,476,bot4,fein_margin,0.0,SUCCESS,28,28,34,
0.1,477,bot4,fein_margin,0.0,SUCCESS,21,21,32,
0.1,478,bot4,fein_margin,0.0,SUCCESS,29,29,27,
0.1,479,bot4,fein_margin,0.0,SUCCESS,46,46,60,
0.1,484,bot4,fein_margin,0.0,SUCCESS,41,41,53,
0.1,485,bot4,fein_margin,0.0,SUCCESS,19,19,32,
0.1,486,bot4,fein_margin,0.0,SUCCESS,19,19,13,
0.1,487,bot4,fein_margin,0.0,SUCCESS,31,31,29,
0.1,480,bot4,fein_margin,0.0,SUCCESS,43,43,29,
0.1,481,bot4,fein_margin,0.0,SUCCESS,39,39,40,
0.1,482,bot4,fein_margin,0.0,SUCCESS,16,16,53,
0.1,483,bot4,fein_margin,0.0,SUCCESS,25,25,48,
0.1,488,bot4,fein_margin,0.0,SUCCESS,47,45,15,
0.1,489,bot4,fein_margin,0.0,SUCCESS,30,30,55,
0.1,490,bot4,fein_margin,0.0,SUCCESS,19,19,19,
0.1,491,bot4,fein_margin,0.0,SUCCESS,8,8,13,
0.1,492,bot4,fein_margin,0.0,SUCCESS,47,47,58,
0.1,493,bot4,fein_margin,0.0,SUCCESS,44,44,48,
0.1,494,bot4,fein_margin,0.0,SUCCESS,15,15,31,
0.1,495,bot4,fein_margin,0.0,SUCCESS,15,15,23,
0.2,0,bot4,fein_margin,0.0,SUCCESS,17,17,39,
0.2,1,bot4,fein_margin,0.0,SUCCESS,14,14,68,
0.2,2,bot4,fein_margin,0.0,SUCCESS,35,35,29,
0.2,3,bot4,fein_margin,0.0,SUCCESS,24,24,22,
0.2,12,bot4,fein_margin,0.0,SUCCESS,30,30,24,
0.2,13,bot4,fein_margin,0.0,SUCCESS,16,16,62,
0.2,14,bot4,fein_margin,0.0,SUCCESS,28,28,49,
0.2,15,bot4,fein_margin,0.0,SUCCESS,13,13,30,
0.2,4,bot4,fein_margin,0.0,SUCCESS,41,41,26,6
0.2,5,bot4,fein_margin,0.0,SUCCESS,24,24,19,
0.2,6,bot4,fein_margin,0.0,SUCCESS,5,5,19,
0.2,7,bot4,fein_margin,0.0,SUCCESS,29,27,20,
0.2,20,bot4,fein_margin,0.0,SUCCESS,43,43,16,
0.2,21,bot4,fein_margin,0.0,SUCCESS,17,17,55,
0.2,22,bot4,fein_margin,0.0,SUCCESS,15,15,33,
0.2,23,bot4,fein_margin,0.0,SUCCESS,33,33,41,
0.1,496,bot4,fein_margin,0.0,SUCCESS,43,43,28,
0.1,497,bot4,fein_margin,0.0,SUCCESS,24,24,39,
0.1,498,bot4,fein_margin,0.0,SUCCESS,64,54,20,
0.1,499,bot4,fein_margin,0.0,SUCCESS,53,53,47,
0.2,8,bot4,fein_margin,0.0,SUCCESS,25,25,43,
0.2,9,bot4,fein_margin,0.0,SUCCESS,39,39,20,
0.2,10,bot4,fein_margin,0.0,SUCCESS,41,41,33,
0.2,11,bot4,fein_margin,0.0,SUCCESS,48,48,31,
0.2,24,bot4,fein_margin,0.0,SUCCESS,65,65,27,
0.2,25,bot4,fein_margin,0.0,SUCCESS,36,36,49,
0.2,26,bot4,fein_margin,0.0,SUCCESS,22,22,59,
0.2,27,bot4,fein_margin,0.0,SUCCESS,23,23,41,
0.2,16,bot4,fein_margin,0.0,SUCCESS,35,35,57,
0.2,17,bot4,fein_margin,0.0,SUCCESS,19,19,22,
0.2,18,bot4,fein_margin,0.0,SUCCESS,64,64,58,
0.2,19,bot4,fein_margin,0.0,SUCCESS,49,49,33,
0.2,32,bot4,fein_margin,0.0,SUCCESS,13,13,24,
0.2,33,bot4,fein_margin,0.0,BUTTON_BURNED,28,31,7,
0.2,34,bot4,fein_margin,0.0,BUTTON_BURNED,38,39,9,
0.2,35,bot4,fein_margin,0.0,SUCCESS,38,38,45,
0.2,28,bot4,fein_margin,0.0,SUCCESS,20,20,23,
0.2,29,bot4,fein_margin,0.0,GAVE_UP,9,41,7,
0.2,30,bot4,fein_margin,0.0,SUCCESS,41,41,14,
0.2,31,bot4,fein_margin,0.0,SUCCESS,68,68,44,
0.2,48,bot4,fein_margin,0.0,SUCCESS,17,17,37,
0.2,49,bot4,fein_margin,0.0,SUCCESS,3,3,29,
0.2,50,bot4,fein_margin,0.0,SUCCESS,32,32,48,
0.2,51,bot4,fein_margin,0.0,SUCCESS,31,31,40,
0.2,60,bot4,fein_margin,0.0,SUCCESS,38,38,48,
0.2,61,bot4,fein_margin,0.0,SUCCESS,11,11,36,
0.2,62,bot4,fein_margin,0.0,SUCCESS,24,24,14,
0.2,63,bot4,fein_margin,0.0,BUTTON_BURNED,9,28,3,1
0.2,36,bot4,fein_margin,0.0,SUCCESS,19,19,39,
0.2,37,bot4,fein_margin,0.0,SUCCESS,54,54,26,
0.2,38,bot4,fein_margin,0.0,SUCCESS,37,37,35,
0.2,39,bot4,fein_margin,0.0,SUCCESS,60,60,46,
0.2,52,bot4,fein_margin,0.0,SUCCESS,25,25,27,
0.2,53,bot4,fein_margin,0.0,SUCCESS,36,36,39,
0.2,54,bot4,fein_margin,0.0,SUCCESS,51,51,39,
0.2,55,bot4,fein_margin,0.0,SUCCESS,5,5,31,
0.2,40,bot4,fein_margin,0.0,SUCCESS,54,54,34,
0.2,41,bot4,fein_margin,0.0,SUCCESS,26,26,18,
0.2,42,bot4,fein_margin,0.0,SUCCESS,27,27,73,
0.2,43,bot4,fein_margin,0.0,SUCCESS,49,49,26,
0.2,44,bot4,fein_margin,0.0,SUCCESS,49,49,51,
0.2,45,bot4,fein_margin,0.0,SUCCESS,34,34,37,
0.2,46,bot4,fein_margin,0.0,SUCCESS,22,22,33,
0.2,47,bot4,fein_margin,0.0,SUCCESS,48,48,25,
0.2,68,bot4,fein_margin,0.0,SUCCESS,3,3,13,
0.2,69,bot4,fein_margin,0.0,SUCCESS,24,24,24,
0.2,70,bot4,fein_margin,0.0,SUCCESS,24,24,23,
0.2,71,bot4,fein_margin,0.0,GAVE_UP,51,46,13,
0.2,64,bot4,fein_margin,0.0,SUCCESS,56,56,60,
0.2,65,bot4,fein_margin,0.0,SUCCESS,2,2,58,
0.2,66,bot4,fein_margin,0.0,SUCCESS,48,48,28,
0.2,67,bot4,fein_margin,0.0,SUCCESS,27,27,61,
0.2,84,bot4,fein_margin,0.0,SUCCESS,40,40,14,
0.2,85,bot4,fein_margin,0.0,SUCCESS,29,29,47,
0.2,86,bot4,fein_margin,0.0,SUCCESS,16,16,47,
0.2,87,bot4,fein_margin,0.0,SUCCESS,40,40,38,
0.2,56,bot4,fein_margin,0.0,BUTTON_BURNED,28,54,7,
0.2,57,bot4,fein_margin,0.0,SUCCESS,20,20,26,
0.2,58,bot4,fein_margin,0.0,SUCCESS,47,47,12,
0.2,59,bot4,fein_margin,0.0,SUCCESS,52,52,44,
0.2,72,bot4,fein_margin,0.0,SUCCESS,30,30,22,
0.2,73,bot4,fein_margin,0.0,SUCCESS,45,45,62,
0.2,74,bot4,fein_margin,0.0,SUCCESS,30,30,43,
0.2,75,bot4,fein_margin,0.0,SUCCESS,31,31,21,
0.2,76,bot4,fein_margin,0.0,SUCCESS,39,39,50,
0.2,77,bot4,fein_margin,0.0,BUTTON_BURNED,29,34,6,
0.2,78,bot4,fein_margin,0.0,SUCCESS,51,51,48,
0.2,79,bot4,fein_margin,0.0,SUCCESS,18,18,10,
0.2,96,bot4,fein_margin,0.0,SUCCESS,53,53,20,
0.2,97,bot4,fein_margin,0.0,SUCCESS,13,13,14,
0.2,98,bot4,fein_margin,0.0,SUCCESS,28,28,27,
0.2,99,bot4,fein_margin,0.0,SUCCESS,26,26,52,
0.2,80,bot4,fein_margin,0.0,SUCCESS,57,57,31,
0.2,81,bot4,fein_margin,0.0,SUCCESS,43,43,56,
0.2,82,bot4,fein_margin,0.0,SUCCESS,43,43,19,
0.2,83,bot4,fein_margin,0.0,SUCCESS,43,43,39,
0.2,112,bot4,fein_margin,0.0,SUCCESS,7,7,9,
0.2,113,bot4,fein_margin,0.0,SUCCESS,23,23,13,
0.2,114,bot4,fein_margin,0.0,SUCCESS,27,27,31,
0.2,115,bot4,fein_margin,0.0,SUCCESS,48,48,49,
0.2,92,bot4,fein_margin,0.0,SUCCESS,46,46,37,
0.2,93,bot4,fein_margin,0.0,SUCCESS,38,38,42,
0.2,94,bot4,fein_margin,0.0,SUCCESS,21,21,30,
0.2,95,bot4,fein_margin,0.0,SUCCESS,46,46,38,
0.2,108,bot4,fein_margin,0.0,SUCCESS,47,47,45,
0.2,109,bot4,fein_margin,0.0,SUCCESS,5,5,18,
0.2,110,bot4,fein_margin,0.0,SUCCESS,28,28,39,
0.2,111,bot4,fein_margin,0.0,SUCCESS,59,57,31,
0.2,88,bot4,fein_margin,0.0,GAVE_UP,57,55,13,
0.2,89,bot4,fein_margin,0.0,SUCCESS,58,50,32,
0.2,90,bot4,fein_margin,0.0,SUCCESS,51,51,40,
0.2,91,bot4,fein_margin,0.0,SUCCESS,23,23,48,
0.2,100,bot4,fein_margin,0.0,SUCCESS,56,36,16,
0.2,101,bot4,fein_margin,0.0,SUCCESS,46,46,47,
0.2,102,bot4,fein_margin,0.0,SUCCESS,48,48,38,
0.2,103,bot4,fein_margin,0.0,GAVE_UP,23,68,9,
0.2,120,bot4,fein_margin,0.0,SUCCESS,48,46,32,
0.2,121,bot4,fein_margin,0.0,SUCCESS,27,27,19,
0.2,122,bot4,fein_margin,0.0,SUCCESS,7,7,56,
0.2,123,bot4,fein_margin,0.0,SUCCESS,31,31,35,
0.2,128,bot4,fein_margin,0.0,SUCCESS,39,39,35,
0.2,129,bot4,fein_margin,0.0,BUTTON_BURNED,6,56,4,
0.2,130,bot4,fein_margin,0.0,SUCCESS,41,41,46,
0.2,131,bot4,fein_margin,0.0,SUCCESS,34,34,22,
0.2,116,bot4,fein_margin,0.0,SUCCESS,9,9,34,
0.2,117,bot4,fein_margin,0.0,SUCCESS,31,31,39,
0.2,118,bot4,fein_margin,0.0,SUCCESS,37,37,31,
0.2,119,bot4,fein_margin,0.0,SUCCESS,65,65,59,
0.2,124,bot4,fein_margin,0.0,SUCCESS,17,17,36,
0.2,125,bot4,fein_margin,0.0,SUCCESS,31,31,28,
0.2,126,bot4,fein_margin,0.0,SUCCESS,39,39,37,
0.2,127,bot4,fein_margin,0.0,SUCCESS,28,28,11,
0.2,104,bot4,fein_margin,0.0,SUCCESS,24,24,32,
0.2,105,bot4,fein_margin,0.0,SUCCESS,47,47,33,
0.2,106,bot4,fein_margin,0.0,SUCCESS,47,41,10,
0.2,107,bot4,fein_margin,0.0,SUCCESS,62,40,24,
0.2,132,bot4,fein_margin,0.0,SUCCESS,44,44,35,
0.2,133,bot4,fein_margin,0.0,SUCCESS,53,53,49,
0.2,134,bot4,fein_margin,0.0,SUCCESS,15,15,39,
0.2,135,bot4,fein_margin,0.0,SUCCESS,9,9,29,
0.2,160,bot4,fein_margin,0.0,SUCCESS,19,19,38,
0.2,161,bot4,fein_margin,0.0,SUCCESS,16,16,10,
0.2,162,bot4,fein_margin,0.0,SUCCESS,3,3,15,
0.2,163,bot4,fein_margin,0.0,SUCCESS,11,11,55,
0.2,148,bot4,fein_margin,0.0,SUCCESS,33,33,29,
0.2,149,bot4,fein_margin,0.0,SUCCESS,1,1,30,
0.2,150,bot4,fein_margin,0.0,SUCCESS,9,9,39,
0.2,151,bot4,fein_margin,0.0,SUCCESS,22,22,32,
0.2,140,bot4,fein_margin,0.0,SUCCESS,49,35,19,
0.2,141,bot4,fein_margin,0.0,SUCCESS,20,20,29,
0.2,142,bot4,fein_margin,0.0,SUCCESS,6,6,10,
0.2,143,bot4,fein_margin,0.0,SUCCESS,32,32,37,
0.2,136,bot4,fein_margin,0.0,SUCCESS,47,47,47,
0.2,137,bot4,fein_margin,0.0,SUCCESS,33,33,15,
0.2,138,bot4,fein_margin,0.0,SUCCESS,20,20,57,
0.2,139,bot4,fein_margin,0.0,SUCCESS,41,41,45,
0.2,144,bot4,fein_margin,0.0,BUTTON_BURNED,22,29,5,12
0.2,145,bot4,fein_margin,0.0,SUCCESS,49,49,37,
0.2,146,bot4,fein_margin,0.0,SUCCESS,29,29,51,
0.2,147,bot4,fein_margin,0.0,SUCCESS,11,11,33,
0.2,164,bot4,fein_margin,0.0,SUCCESS,30,30,35,
0.2,165,bot4,fein_margin,0.0,SUCCESS,23,23,42,
0.2,166,bot4,fein_margin,0.0,SUCCESS,6,6,18,
0.2,167,bot4,fein_margin,0.0,SUCCESS,30,30,32,
0.2,168,bot4,fein_margin,0.0,SUCCESS,9,9,19,
0.2,169,bot4,fein_margin,0.0,SUCCESS,30,30,20,
0.2,170,bot4,fein_margin,0.0,SUCCESS,11,11,33,
0.2,171,bot4,fein_margin,0.0,SUCCESS,42,42,40,
0.2,152,bot4,fein_margin,0.0,SUCCESS,63,63,36,
0.2,153,bot4,fein_margin,0.0,BUTTON_BURNED,17,30,5,
0.2,154,bot4,fein_margin,0.0,GAVE_UP,43,56,8,
0.2,155,bot4,fein_margin,0.0,SUCCESS,15,15,20,
0.2,176,bot4,fein_margin,0.0,GAVE_UP,29,46,12,
0.2,177,bot4,fein_margin,0.0,SUCCESS,29,29,28,
0.2,178,bot4,fein_margin,0.0,SUCCESS,1,1,30,
0.2,179,bot4,fein_margin,0.0,SUCCESS,19,19,42,
0.2,156,bot4,fein_margin,0.0,GAVE_UP,33,28,7,6
0.2,157,bot4,fein_margin,0.0,SUCCESS,12,12,40,
0.2,158,bot4,fein_margin,0.0,SUCCESS,33,33,31,
0.2,159,bot4,fein_margin,0.0,SUCCESS,68,40,25,
0.2,172,bot4,fein_margin,0.0,SUCCESS,45,43,30,
0.2,173,bot4,fein_margin,0.0,SUCCESS,43,43,27,
0.2,174,bot4,fein_margin,0.0,SUCCESS,12,12,23,
0.2,175,bot4,fein_margin,0.0,SUCCESS,18,18,19,
0.2,184,bot4,fein_margin,0.0,SUCCESS,51,47,27,
0.2,185,bot4,fein_margin,0.0,SUCCESS,12,10,9,
0.2,186,bot4,fein_margin,0.0,GAVE_UP,23,46,3,
0.2,187,bot4,fein_margin,0.0,SUCCESS,32,32,48,
0.2,180,bot4,fein_margin,0.0,SUCCESS,49,49,45,
0.2,181,bot4,fein_margin,0.0,SUCCESS,24,24,27,
0.2,182,bot4,fein_margin,0.0,SUCCESS,40,40,45,
0.2,183,bot4,fein_margin,0.0,SUCCESS,56,56,48,
0.2,200,bot4,fein_margin,0.0,SUCCESS,31,31,44,
0.2,201,bot4,fein_margin,0.0,SUCCESS,24,24,23,
0.2,202,bot4,fein_margin,0.0,SUCCESS,10,10,28,
0.2,203,bot4,fein_margin,0.0,SUCCESS,28,28,38,
0.2,188,bot4,fein_margin,0.0,SUCCESS,23,23,45,
0.2,189,bot4,fein_margin,0.0,SUCCESS,25,25,54,
0.2,190,bot4,fein_margin,0.0,SUCCESS,48,48,55,
0.2,191,bot4,fein_margin,0.0,SUCCESS,40,40,31,
0.2,192,bot4,fein_margin,0.0,SUCCESS,18,18,45,
0.2,193,bot4,fein_margin,0.0,SUCCESS,35,35,17,
0.2,194,bot4,fein_margin,0.0,SUCCESS,55,55,64,
0.2,195,bot4,fein_margin,0.0,SUCCESS,40,40,23,
0.2,208,bot4,fein_margin,0.0,SUCCESS,43,43,34,
0.2,209,bot4,fein_margin,0.0,SUCCESS,35,35,61,
0.2,210,bot4,fein_margin,0.0,SUCCESS,31,31,36,
0.2,211,bot4,fein_margin,0.0,SUCCESS,6,6,30,
0.2,204,bot4,fein_margin,0.0,SUCCESS,22,22,18,
0.2,205,bot4,fein_margin,0.0,SUCCESS,55,55,33,
0.2,206,bot4,fein_margin,0.0,SUCCESS,29,29,54,
0.2,207,bot4,fein_margin,0.0,SUCCESS,14,14,27,
0.2,212,bot4,fein_margin,0.0,SUCCESS,39,39,50,
0.2,213,bot4,fein_margin,0.0,SUCCESS,35,35,55,
0.2,214,bot4,fein_margin,0.0,SUCCESS,12,12,42,
0.2,215,bot4,fein_margin,0.0,SUCCESS,38,38,21,
0.2,216,bot4,fein_margin,0.0,SUCCESS,45,45,24,
0.2,217,bot4,fein_margin,0.0,SUCCESS,21,21,26,
0.2,218,bot4,fein_margin,0.0,SUCCESS,17,17,54,
0.2,219,bot4,fein_margin,0.0,SUCCESS,56,56,28,
0.2,220,bot4,fein_margin,0.0,SUCCESS,26,26,48,
0.2,221,bot4,fein_margin,0.0,SUCCESS,43,43,40,
0.2,222,bot4,fein_margin,0.0,SUCCESS,17,17,40,
0.2,223,bot4,fein_margin,0.0,SUCCESS,46,46,42,
0.2,196,bot4,fein_margin,0.0,SUCCESS,15,15,30,
0.2,197,bot4,fein_margin,0.0,SUCCESS,51,51,38,
0.2,198,bot4,fein_margin,0.0,SUCCESS,65,65,25,
0.2,199,bot4,fein_margin,0.0,SUCCESS,52,52,24,
0.2,228,bot4,fein_margin,0.0,SUCCESS,37,37,28,
0.2,229,bot4,fein_margin,0.0,SUCCESS,20,20,22,
0.2,230,bot4,fein_margin,0.0,SUCCESS,35,35,43,
0.2,231,bot4,fein_margin,0.0,SUCCESS,26,26,30,
0.2,224,bot4,fein_margin,0.0,SUCCESS,48,48,54,
0.2,225,bot4,fein_margin,0.0,SUCCESS,24,24,30,
0.2,226,bot4,fein_margin,0.0,SUCCESS,54,54,35,
0.2,227,bot4,fein_margin,0.0,SUCCESS,44,44,42,
0.2,236,bot4,fein_margin,0.0,SUCCESS,28,28,58,
0.2,237,bot4,fein_margin,0.0,SUCCESS,53,51,48,
0.2,238,bot4,fein_margin,0.0,SUCCESS,24,24,37,
0.2,239,bot4,fein_margin,0.0,SUCCESS,43,43,52,
0.2,232,bot4,fein_margin,0.0,SUCCESS,42,42,48,
0.2,233,bot4,fein_margin,0.0,SUCCESS,45,45,41,
0.2,234,bot4,fein_margin,0.0,SUCCESS,45,39,35,
0.2,235,bot4,fein_margin,0.0,SUCCESS,29,29,52,
0.2,248,bot4,fein_margin,0.0,SUCCESS,40,40,45,
0.2,249,bot4,fein_margin,0.0,SUCCESS,23,23,34,
0.2,250,bot4,fein_margin,0.0,SUCCESS,30,30,20,
0.2,251,bot4,fein_margin,0.0,SUCCESS,9,9,43,
0.2,256,bot4,fein_margin,0.0,GAVE_UP,21,28,13,
0.2,257,bot4,fein_margin,0.0,SUCCESS,10,10,27,
0.2,258,bot4,fein_margin,0.0,SUCCESS,43,43,45,
0.2,259,bot4,fein_margin,0.0,SUCCESS,5,5,15,
0.2,244,bot4,fein_margin,0.0,SUCCESS,61,61,35,
0.2,245,bot4,fein_margin,0.0,SUCCESS,19,19,70,
0.2,246,bot4,fein_margin,0.0,GAVE_UP,31,24,11,1
0.2,247,bot4,fein_margin,0.0,SUCCESS,32,32,26,
0.2,252,bot4,fein_margin,0.0,SUCCESS,34,34,46,
0.2,253,bot4,fein_margin,0.0,SUCCESS,55,55,18,
0.2,254,bot4,fein_margin,0.0,SUCCESS,32,32,19,
0.2,255,bot4,fein_margin,0.0,SUCCESS,16,16,23,
0.2,240,bot4,fein_margin,0.0,SUCCESS,10,10,39,
0.2,241,bot4,fein_margin,0.0,SUCCESS,28,28,17,
0.2,242,bot4,fein_margin,0.0,SUCCESS,30,30,23,
0.2,243,bot4,fein_margin,0.0,BUTTON_BURNED,75,65,19,
0.2,260,bot4,fein_margin,0.0,SUCCESS,35,35,59,
0.2,261,bot4,fein_margin,0.0,SUCCESS,34,34,40,
0.2,262,bot4,fein_margin,0.0,SUCCESS,36,36,58,
0.2,263,bot4,fein_margin,0.0,SUCCESS,7,7,51,
0.2,268,bot4,fein_margin,0.0,SUCCESS,18,18,25,
0.2,269,bot4,fein_margin,0.0,SUCCESS,16,16,52,
0.2,270,bot4,fein_margin,0.0,SUCCESS,58,58,55,
0.2,271,bot4,fein_margin,0.0,SUCCESS,32,32,41,
0.2,272,bot4,fein_margin,0.0,SUCCESS,41,41,32,
0.2,273,bot4,fein_margin,0.0,SUCCESS,19,19,45,
0.2,274,bot4,fein_margin,0.0,SUCCESS,41,41,40,
0.2,275,bot4,fein_margin,0.0,SUCCESS,10,10,12,
0.2,288,bot4,fein_margin,0.0,SUCCESS,5,5,12,
0.2,289,bot4,fein_margin,0.0,SUCCESS,19,19,51,
0.2,290,bot4,fein_margin,0.0,SUCCESS,63,63,67,
0.2,291,bot4,fein_margin,0.0,SUCCESS,28,28,45,
0.2,284,bot4,fein_margin,0.0,SUCCESS,4,4,41,
0.2,285,bot4,fein_margin,0.0,SUCCESS,39,39,33,
0.2,286,bot4,fein_margin,0.0,SUCCESS,33,33,40,
0.2,287,bot4,fein_margin,0.0,SUCCESS,19,19,18,
0.2,276,bot4,fein_margin,0.0,SUCCESS,42,42,47,
0.2,277,bot4,fein_margin,0.0,SUCCESS,18,18,15,
0.2,278,bot4,fein_margin,0.0,SUCCESS,38,38,27,
0.2,279,bot4,fein_margin,0.0,SUCCESS,20,20,32,
0.2,292,bot4,fein_margin,0.0,SUCCESS,18,18,15,
0.2,293,bot4,fein_margin,0.0,SUCCESS,25,25,53,
0.2,294,bot4,fein_margin,0.0,SUCCESS,46,46,34,
0.2,295,bot4,fein_margin,0.0,SUCCESS,32,32,30,
0.2,264,bot4,fein_margin,0.0,SUCCESS,51,49,33,
0.2,265,bot4,fein_margin,0.0,SUCCESS,44,42,27,
0.2,266,bot4,fein_margin,0.0,SUCCESS,34,34,15,
0.2,267,bot4,fein_margin,0.0,SUCCESS,42,42,38,
0.2,312,bot4,fein_margin,0.0,SUCCESS,13,13,14,
0.2,313,bot4,fein_margin,0.0,SUCCESS,30,30,53,
0.2,314,bot4,fein_margin,0.0,SUCCESS,18,18,40,
0.2,315,bot4,fein_margin,0.0,SUCCESS,23,23,7,
0.2,300,bot4,fein_margin,0.0,SUCCESS,38,38,51,
0.2,301,bot4,fein_margin,0.0,SUCCESS,36,36,29,
0.2,302,bot4,fein_margin,0.0,SUCCESS,7,7,48,
0.2,303,bot4,fein_margin,0.0,SUCCESS,17,17,48,
0.2,280,bot4,fein_margin,0.0,SUCCESS,36,36,30,
0.2,281,bot4,fein_margin,0.0,SUCCESS,32,32,35,
0.2,282,bot4,fein_margin,0.0,SUCCESS,51,51,25,
0.2,283,bot4,fein_margin,0.0,SUCCESS,29,29,18,
0.2,316,bot4,fein_margin,0.0,SUCCESS,9,9,37,
0.2,317,bot4,fein_margin,0.0,SUCCESS,6,6,42,
0.2,318,bot4,fein_margin,0.0,SUCCESS,17,17,39,
0.2,319,bot4,fein_margin,0.0,SUCCESS,36,36,12,
0.2,296,bot4,fein_margin,0.0,SUCCESS,62,56,45,
0.2,297,bot4,fein_margin,0.0,SUCCESS,49,49,32,
0.2,298,bot4,fein_margin,0.0,SUCCESS,16,16,49,
0.2,299,bot4,fein_margin,0.0,SUCCESS,22,22,17,
0.2,324,bot4,fein_margin,0.0,SUCCESS,37,37,30,
0.2,325,bot4,fein_margin,0.0,SUCCESS,23,23,40,
0.2,326,bot4,fein_margin,0.0,SUCCESS,9,9,50,
0.2,327,bot4,fein_margin,0.0,SUCCESS,38,38,28,
0.2,320,bot4,fein_margin,0.0,SUCCESS,34,34,44,
0.2,321,bot4,fein_margin,0.0,BUTTON_BURNED,5,41,1,
0.2,322,bot4,fein_margin,0.0,GAVE_UP,40,46,12,
0.2,323,bot4,fein_margin,0.0,SUCCESS,44,42,33,
0.2,304,bot4,fein_margin,0.0,SUCCESS,51,49,21,
0.2,305,bot4,fein_margin,0.0,SUCCESS,20,20,16,
0.2,306,bot4,fein_margin,0.0,SUCCESS,47,47,38,
0.2,307,bot4,fein_margin,0.0,GAVE_UP,37,54,12,
0.2,336,bot4,fein_margin,0.0,SUCCESS,33,33,10,
0.2,337,bot4,fein_margin,0.0,SUCCESS,56,56,30,
0.2,338,bot4,fein_margin,0.0,SUCCESS,24,24,51,
0.2,339,bot4,fein_margin,0.0,SUCCESS,13,13,29,
0.2,328,bot4,fein_margin,0.0,SUCCESS,38,38,37,
0.2,329,bot4,fein_margin,0.0,SUCCESS,34,34,45,
0.2,330,bot4,fein_margin,0.0,SUCCESS,42,42,17,
0.2,331,bot4,fein_margin,0.0,SUCCESS,50,50,31,
0.2,344,bot4,fein_margin,0.0,SUCCESS,40,40,50,
0.2,345,bot4,fein_margin,0.0,SUCCESS,25,25,23,
0.2,346,bot4,fein_margin,0.0,SUCCESS,21,21,43,
0.2,347,bot4,fein_margin,0.0,SUCCESS,34,34,15,
0.2,308,bot4,fein_margin,0.0,BUTTON_BURNED,54,54,11,
0.2,309,bot4,fein_margin,0.0,SUCCESS,50,50,39,
0.2,310,bot4,fein_margin,0.0,SUCCESS,22,22,8,
0.2,311,bot4,fein_margin,0.0,SUCCESS,51,51,49,
0.2,332,bot4,fein_margin,0.0,SUCCESS,49,49,52,
0.2,333,bot4,fein_margin,0.0,SUCCESS,6,6,53,
0.2,334,bot4,fein_margin,0.0,SUCCESS,60,56,36,
0.2,335,bot4,fein_margin,0.0,SUCCESS,43,43,23,
0.2,348,bot4,fein_margin,0.0,SUCCESS,11,11,25,
0.2,349,bot4,fein_margin,0.0,BUTTON_BURNED,17,24,4,
0.2,350,bot4,fein_margin,0.0,SUCCESS,52,52,51,
0.2,351,bot4,fein_margin,0.0,SUCCESS,47,47,17,
0.2,352,bot4,fein_margin,0.0,SUCCESS,52,52,56,
0.2,353,bot4,fein_margin,0.0,SUCCESS,31,31,42,
0.2,354,bot4,fein_margin,0.0,SUCCESS,11,11,31,
0.2,355,bot4,fein_margin,0.0,SUCCESS,30,30,39,
0.2,360,bot4,fein_margin,0.0,SUCCESS,29,29,29,
0.2,361,bot4,fein_margin,0.0,SUCCESS,37,37,55,
0.2,362,bot4,fein_margin,0.0,SUCCESS,21,21,41,
0.2,363,bot4,fein_margin,0.0,GAVE_UP,27,23,11,
0.2,356,bot4,fein_margin,0.0,SUCCESS,20,20,39,
0.2,357,bot4,fein_margin,0.0,SUCCESS,27,27,28,
0.2,358,bot4,fein_margin,0.0,SUCCESS,46,44,24,
0.2,359,bot4,fein_margin,0.0,BUTTON_BURNED,30,46,9,
0.2,364,bot4,fein_margin,0.0,SUCCESS,2,2,9,
0.2,365,bot4,fein_margin,0.0,SUCCESS,57,57,32,
0.2,366,bot4,fein_margin,0.0,SUCCESS,49,49,27,
0.2,367,bot4,fein_margin,0.0,SUCCESS,13,13,52,
0.2,368,bot4,fein_margin,0.0,SUCCESS,48,48,32,
0.2,369,bot4,fein_margin,0.0,SUCCESS,32,32,31,
0.2,370,bot4,fein_margin,0.0,SUCCESS,23,23,23,
0.2,371,bot4,fein_margin,0.0,SUCCESS,37,37,43,
0.2,340,bot4,fein_margin,0.0,SUCCESS,52,38,20,
0.2,341,bot4,fein_margin,0.0,BUTTON_BURNED,29,47,8,
0.2,342,bot4,fein_margin,0.0,SUCCESS,53,53,22,
0.2,343,bot4,fein_margin,0.0,SUCCESS,31,31,24,
0.2,376,bot4,fein_margin,0.0,BUTTON_BURNED,14,30,5,
0.2,377,bot4,fein_margin,0.0,SUCCESS,8,8,19,
0.2,378,bot4,fein_margin,0.0,SUCCESS,39,39,18,3
0.2,379,bot4,fein_margin,0.0,SUCCESS,52,52,42,
0.2,388,bot4,fein_margin,0.0,SUCCESS,25,25,46,
0.2,389,bot4,fein_margin,0.0,SUCCESS,12,12,25,
0.2,390,bot4,fein_margin,0.0,SUCCESS,10,10,36,
0.2,391,bot4,fein_margin,0.0,SUCCESS,25,25,41,
0.2,380,bot4,fein_margin,0.0,SUCCESS,45,45,20,
0.2,381,bot4,fein_margin,0.0,SUCCESS,13,13,24,
0.2,382,bot4,fein_margin,0.0,SUCCESS,31,31,33,
0.2,383,bot4,fein_margin,0.0,SUCCESS,9,9,40,
0.2,372,bot4,fein_margin,0.0,SUCCESS,35,35,35,
0.2,373,bot4,fein_margin,0.0,SUCCESS,53,53,41,
0.2,374,bot4,fein_margin,0.0,SUCCESS,24,24,44,
0.2,375,bot4,fein_margin,0.0,SUCCESS,8,8,46,
0.2,416,bot4,fein_margin,0.0,SUCCESS,18,18,40,
0.2,417,bot4,fein_margin,0.0,SUCCESS,5,5,18,
0.2,418,bot4,fein_margin,0.0,SUCCESS,13,13,42,
0.2,419,bot4,fein_margin,0.0,SUCCESS,10,10,43,
0.2,396,bot4,fein_margin,0.0,SUCCESS,10,10,44,
0.2,397,bot4,fein_margin,0.0,SUCCESS,9,9,27,
0.2,398,bot4,fein_margin,0.0,SUCCESS,55,55,40,
0.2,399,bot4,fein_margin,0.0,SUCCESS,9,9,49,
0.2,412,bot4,fein_margin,0.0,SUCCESS,21,21,43,
0.2,413,bot4,fein_margin,0.0,SUCCESS,13,13,31,
0.2,414,bot4,fein_margin,0.0,SUCCESS,34,34,21,
0.2,415,bot4,fein_margin,0.0,SUCCESS,13,13,40,
0.2,392,bot4,fein_margin,0.0,SUCCESS,23,23,16,
0.2,393,bot4,fein_margin,0.0,SUCCESS,49,49,34,
0.2,394,bot4,fein_margin,0.0,SUCCESS,33,33,46,
0.2,395,bot4,fein_margin,0.0,SUCCESS,26,26,66,
0.2,400,bot4,fein_margin,0.0,SUCCESS,39,39,37,
0.2,401,bot4,fein_margin,0.0,SUCCESS,37,37,48,
0.2,402,bot4,fein_margin,0.0,SUCCESS,25,25,16,
0.2,403,bot4,fein_margin,0.0,BUTTON_BURNED,18,37,7,
0.2,428,bot4,fein_margin,0.0,SUCCESS,5,5,65,
0.2,429,bot4,fein_margin,0.0,SUCCESS,20,20,21,
0.2,430,bot4,fein_margin,0.0,SUCCESS,22,22,12,
0.2,431,bot4,fein_margin,0.0,SUCCESS,5,5,40,
0.2,404,bot4,fein_margin,0.0,SUCCESS,41,41,43,
0.2,405,bot4,fein_margin,0.0,SUCCESS,35,35,32,
0.2,406,bot4,fein_margin,0.0,SUCCESS,45,45,51,
0.2,407,bot4,fein_margin,0.0,SUCCESS,30,30,46,
0.2,384,bot4,fein_margin,0.0,SUCCESS,6,6,28,
0.2,385,bot4,fein_margin,0.0,SUCCESS,48,48,48,
0.2,386,bot4,fein_margin,0.0,SUCCESS,47,47,34,
0.2,387,bot4,fein_margin,0.0,SUCCESS,60,60,25,
0.2,408,bot4,fein_margin,0.0,SUCCESS,58,58,52,
0.2,409,bot4,fein_margin,0.0,SUCCESS,26,26,19,
0.2,410,bot4,fein_margin,0.0,SUCCESS,46,46,54,
0.2,411,bot4,fein_margin,0.0,SUCCESS,28,28,13,13
0.2,420,bot4,fein_margin,0.0,SUCCESS,28,28,30,
0.2,421,bot4,fein_margin,0.0,BUTTON_BURNED,49,47,10,
0.2,422,bot4,fein_margin,0.0,SUCCESS,7,7,24,
0.2,423,bot4,fein_margin,0.0,SUCCESS,42,42,42,
0.2,436,bot4,fein_margin,0.0,SUCCESS,23,23,31,
0.2,437,bot4,fein_margin,0.0,SUCCESS,20,20,62,
0.2,438,bot4,fein_margin,0.0,SUCCESS,30,30,25,
0.2,439,bot4,fein_margin,0.0,SUCCESS,61,61,49,
0.2,440,bot4,fein_margin,0.0,SUCCESS,12,12,36,
0.2,441,bot4,fein_margin,0.0,SUCCESS,23,23,24,
0.2,442,bot4,fein_margin,0.0,SUCCESS,40,40,17,
0.2,443,bot4,fein_margin,0.0,SUCCESS,28,28,16,
0.2,448,bot4,fein_margin,0.0,SUCCESS,53,53,61,
0.2,449,bot4,fein_margin,0.0,SUCCESS,38,38,48,
0.2,450,bot4,fein_margin,0.0,SUCCESS,18,18,14,
0.2,451,bot4,fein_margin,0.0,SUCCESS,30,30,56,
0.2,444,bot4,fein_margin,0.0,SUCCESS,24,24,48,
0.2,445,bot4,fein_margin,0.0,SUCCESS,14,14,21,
0.2,446,bot4,fein_margin,0.0,SUCCESS,35,35,63,
0.2,447,bot4,fein_margin,0.0,BUTTON_BURNED,55,45,16,
0.2,464,bot4,fein_margin,0.0,SUCCESS,49,49,42,
0.2,465,bot4,fein_margin,0.0,SUCCESS,15,15,51,
0.2,466,bot4,fein_margin,0.0,SUCCESS,31,31,12,
0.2,467,bot4,fein_margin,0.0,SUCCESS,17,17,13,
0.2,424,bot4,fein_margin,0.0,SUCCESS,60,60,39,
0.2,425,bot4,fein_margin,0.0,SUCCESS,37,37,33,
0.2,426,bot4,fein_margin,0.0,SUCCESS,42,42,16,
0.2,427,bot4,fein_margin,0.0,SUCCESS,55,55,40,
0.2,456,bot4,fein_margin,0.0,SUCCESS,17,17,13,
0.2,457,bot4,fein_margin,0.0,SUCCESS,37,37,18,
0.2,458,bot4,fein_margin,0.0,SUCCESS,36,36,40,
0.2,459,bot4,fein_margin,0.0,SUCCESS,34,34,22,
0.2,452,bot4,fein_margin,0.0,SUCCESS,39,39,17,
0.2,453,bot4,fein_margin,0.0,SUCCESS,26,26,17,
0.2,454,bot4,fein_margin,0.0,SUCCESS,36,36,40,
0.2,455,bot4,fein_margin,0.0,SUCCESS,54,54,41,
0.2,468,bot4,fein_margin,0.0,SUCCESS,37,37,12,
0.2,469,bot4,fein_margin,0.0,SUCCESS,37,37,20,
0.2,470,bot4,fein_margin,0.0,SUCCESS,20,20,25,
0.2,471,bot4,fein_margin,0.0,SUCCESS,46,46,30,
0.2,432,bot4,fein_margin,0.0,SUCCESS,57,49,21,
0.2,433,bot4,fein_margin,0.0,SUCCESS,19,19,16,
0.2,434,bot4,fein_margin,0.0,SUCCESS,31,31,25,
0.2,435,bot4,fein_margin,0.0,SUCCESS,70,52,16,
0.2,460,bot4,fein_margin,0.0,SUCCESS,24,24,34,
0.2,461,bot4,fein_margin,0.0,SUCCESS,40,40,19,
0.2,462,bot4,fein_margin,0.0,SUCCESS,64,46,17,
0.2,463,bot4,fein_margin,0.0,GAVE_UP,5,15,5,
0.2,472,bot4,fein_margin,0.0,SUCCESS,24,24,18,
0.2,473,bot4,fein_margin,0.0,SUCCESS,23,23,24,
0.2,474,bot4,fein_margin,0.0,SUCCESS,35,35,28,
0.2,475,bot4,fein_margin,0.0,SUCCESS,49,49,48,
0.2,476,bot4,fein_margin,0.0,SUCCESS,28,28,34,
0.2,477,bot4,fein_margin,0.0,SUCCESS,21,21,32,
0.2,478,bot4,fein_margin,0.0,SUCCESS,29,29,27,
0.2,479,bot4,fein_margin,0.0,SUCCESS,46,46,60,
0.2,484,bot4,fein_margin,0.0,SUCCESS,41,41,53,
0.2,485,bot4,fein_margin,0.0,SUCCESS,19,19,32,
0.2,486,bot4,fein_margin,0.0,SUCCESS,19,19,13,
0.2,487,bot4,fein_margin,0.0,SUCCESS,31,31,29,
0.2,480,bot4,fein_margin,0.0,SUCCESS,43,43,29,
0.2,481,bot4,fein_margin,0.0,SUCCESS,39,39,40,
0.2,482,bot4,fein_margin,0.0,SUCCESS,16,16,53,
0.2,483,bot4,fein_margin,0.0,SUCCESS,25,25,48,
0.2,492,bot4,fein_margin,0.0,SUCCESS,47,47,58,
0.2,493,bot4,fein_margin,0.0,SUCCESS,44,44,48,
0.2,494,bot4,fein_margin,0.0,SUCCESS,15,15,31,
0.2,495,bot4,fein_margin,0.0,SUCCESS,15,15,23,
0.3,0,bot4,fein_margin,0.0,SUCCESS,17,17,39,
0.3,1,bot4,fein_margin,0.0,SUCCESS,14,14,68,
0.3,2,bot4,fein_margin,0.0,SUCCESS,35,35,29,
0.3,3,bot4,fein_margin,0.0,SUCCESS,24,24,22,
0.3,4,bot4,fein_margin,0.0,GAVE_UP,19,41,26,1
0.3,5,bot4,fein_margin,0.0,SUCCESS,24,24,19,
0.3,6,bot4,fein_margin,0.0,SUCCESS,5,5,19,
0.3,7,bot4,fein_margin,0.0,SUCCESS,29,27,20,
0.3,12,bot4,fein_margin,0.0,SUCCESS,30,30,24,
0.3,13,bot4,fein_margin,0.0,SUCCESS,16,16,62,
0.3,14,bot4,fein_margin,0.0,SUCCESS,28,28,49,
0.3,15,bot4,fein_margin,0.0,SUCCESS,13,13,30,
0.2,488,bot4,fein_margin,0.0,SUCCESS,61,45,15,
0.2,489,bot4,fein_margin,0.0,SUCCESS,30,30,55,
0.2,490,bot4,fein_margin,0.0,SUCCESS,19,19,19,
0.2,491,bot4,fein_margin,0.0,SUCCESS,8,8,13,
0.3,20,bot4,fein_margin,0.0,SUCCESS,43,43,16,22
0.3,21,bot4,fein_margin,0.0,SUCCESS,17,17,55,
0.3,22,bot4,fein_margin,0.0,SUCCESS,15,15,33,
0.3,23,bot4,fein_margin,0.0,SUCCESS,33,33,41,
0.3,32,bot4,fein_margin,0.0,SUCCESS,13,13,24,
0.3,33,bot4,fein_margin,0.0,BUTTON_BURNED,19,31,7,7
0.3,34,bot4,fein_margin,0.0,BUTTON_BURNED,23,39,9,
0.3,35,bot4,fein_margin,0.0,SUCCESS,38,38,45,
0.3,8,bot4,fein_margin,0.0,SUCCESS,25,25,43,
0.3,9,bot4,fein_margin,0.0,SUCCESS,39,39,20,1
0.3,10,bot4,fein_margin,0.0,SUCCESS,41,41,33,
0.3,11,bot4,fein_margin,0.0,SUCCESS,48,48,31,
0.2,496,bot4,fein_margin,0.0,SUCCESS,43,43,28,
0.2,497,bot4,fein_margin,0.0,SUCCESS,24,24,39,
0.2,498,bot4,fein_margin,0.0,BURNED,58,54,20,
0.2,499,bot4,fein_margin,0.0,SUCCESS,53,53,47,
0.3,24,bot4,fein_margin,0.0,SUCCESS,65,65,27,
0.3,25,bot4,fein_margin,0.0,SUCCESS,36,36,49,
0.3,26,bot4,fein_margin,0.0,SUCCESS,22,22,59,
0.3,27,bot4,fein_margin,0.0,SUCCESS,23,23,41,
0.3,16,bot4,fein_margin,0.0,SUCCESS,35,35,57,
0.3,17,bot4,fein_margin,0.0,SUCCESS,19,19,22,
0.3,18,bot4,fein_margin,0.0,SUCCESS,64,64,58,
0.3,19,bot4,fein_margin,0.0,SUCCESS,49,49,33,
0.3,28,bot4,fein_margin,0.0,SUCCESS,20,20,23,
0.3,29,bot4,fein_margin,0.0,GAVE_UP,14,41,7,1
0.3,30,bot4,fein_margin,0.0,BUTTON_BURNED,34,41,14,
0.3,31,bot4,fein_margin,0.0,SUCCESS,68,68,44,
0.3,48,bot4,fein_margin,0.0,SUCCESS,17,17,37,
0.3,49,bot4,fein_margin,0.0,SUCCESS,3,3,29,
0.3,50,bot4,fein_margin,0.0,SUCCESS,32,32,48,
0.3,51,bot4,fein_margin,0.0,SUCCESS,31,31,40,
0.3,60,bot4,fein_margin,0.0,SUCCESS,38,38,48,
0.3,61,bot4,fein_margin,0.0,SUCCESS,11,11,36,
0.3,62,bot4,fein_margin,0.0,SUCCESS,26,24,14,
0.3,63,bot4,fein_margin,0.0,BUTTON_BURNED,7,28,3,1
0.3,40,bot4,fein_margin,0.0,SUCCESS,54,54,34,
0.3,41,bot4,fein_margin,0.0,SUCCESS,26,26,18,
0.3,42,bot4,fein_margin,0.0,SUCCESS,27,27,73,
0.3,43,bot4,fein_margin,0.0,SUCCESS,49,49,26,
0.3,52,bot4,fein_margin,0.0,SUCCESS,25,25,27,
0.3,53,bot4,fein_margin,0.0,SUCCESS,36,36,39,
0.3,54,bot4,fein_margin,0.0,SUCCESS,51,51,39,
0.3,55,bot4,fein_margin,0.0,SUCCESS,5,5,31,
0.3,68,bot4,fein_margin,0.0,SUCCESS,3,3,13,
0.3,69,bot4,fein_margin,0.0,SUCCESS,24,24,24,
0.3,70,bot4,fein_margin,0.0,SUCCESS,24,24,23,
0.3,71,bot4,fein_margin,0.0,GAVE_UP,35,46,13,
0.3,36,bot4,fein_margin,0.0,SUCCESS,19,19,39,
0.3,37,bot4,fein_margin,0.0,SUCCESS,54,54,26,
0.3,38,bot4,fein_margin,0.0,SUCCESS,37,37,35,
0.3,39,bot4,fein_margin,0.0,SUCCESS,60,60,46,
0.3,56,bot4,fein_margin,0.0,BUTTON_BURNED,17,54,7,
0.3,57,bot4,fein_margin,0.0,SUCCESS,20,20,26,
0.3,58,bot4,fein_margin,0.0,BUTTON_BURNED,33,47,12,
0.3,59,bot4,fein_margin,0.0,SUCCESS,52,52,44,
0.3,44,bot4,fein_margin,0.0,SUCCESS,49,49,51,
0.3,45,bot4,fein_margin,0.0,SUCCESS,34,34,37,
0.3,46,bot4,fein_margin,0.0,SUCCESS,22,22,33,
0.3,47,bot4,fein_margin,0.0,SUCCESS,48,48,25,
0.3,64,bot4,fein_margin,0.0,SUCCESS,56,56,60,
0.3,65,bot4,fein_margin,0.0,SUCCESS,2,2,58,
0.3,66,bot4,fein_margin,0.0,SUCCESS,48,48,28,
0.3,67,bot4,fein_margin,0.0,SUCCESS,27,27,61,
0.3,72,bot4,fein_margin,0.0,SUCCESS,30,30,22,
0.3,73,bot4,fein_margin,0.0,SUCCESS,45,45,62,
0.3,74,bot4,fein_margin,0.0,SUCCESS,30,30,43,
0.3,75,bot4,fein_margin,0.0,SUCCESS,31,31,21,
0.3,84,bot4,fein_margin,0.0,BUTTON_BURNED,35,40,14,
0.3,85,bot4,fein_margin,0.0,SUCCESS,29,29,47,
0.3,86,bot4,fein_margin,0.0,SUCCESS,16,16,47,
0.3,87,bot4,fein_margin,0.0,SUCCESS,40,40,38,
0.3,76,bot4,fein_margin,0.0,SUCCESS,39,39,50,
0.3,77,bot4,fein_margin,0.0,BUTTON_BURNED,12,34,6,
0.3,78,bot4,fein_margin,0.0,SUCCESS,55,51,48,
0.3,79,bot4,fein_margin,0.0,SUCCESS,18,18,10,
0.3,96,bot4,fein_margin,0.0,GAVE_UP,35,53,20,
0.3,97,bot4,fein_margin,0.0,SUCCESS,13,13,14,
0.3,98,bot4,fein_margin,0.0,SUCCESS,28,28,27,
0.3,99,bot4,fein_margin,0.0,SUCCESS,26,26,52,
0.3,92,bot4,fein_margin,0.0,SUCCESS,46,46,37,
0.3,93,bot4,fein_margin,0.0,SUCCESS,38,38,42,
0.3,94,bot4,fein_margin,0.0,SUCCESS,21,21,30,
0.3,95,bot4,fein_margin,0.0,SUCCESS,46,46,38,
0.3,80,bot4,fein_margin,0.0,SUCCESS,57,57,31,
0.3,81,bot4,fein_margin,0.0,SUCCESS,43,43,56,
0.3,82,bot4,fein_margin,0.0,SUCCESS,43,43,19,
0.3,83,bot4,fein_margin,0.0,SUCCESS,43,43,39,
0.3,112,bot4,fein_margin,0.0,SUCCESS,7,7,9,
0.3,113,bot4,fein_margin,0.0,SUCCESS,23,23,13,
0.3,114,bot4,fein_margin,0.0,SUCCESS,27,27,31,
0.3,115,bot4,fein_margin,0.0,SUCCESS,48,48,49,
0.3,108,bot4,fein_margin,0.0,SUCCESS,47,47,45,
0.3,109,bot4,fein_margin,0.0,SUCCESS,5,5,18,
0.3,110,bot4,fein_margin,0.0,SUCCESS,28,28,39,
0.3,111,bot4,fein_margin,0.0,BURNED,41,57,31,19
0.3,100,bot4,fein_margin,0.0,SUCCESS,56,36,16,34
0.3,101,bot4,fein_margin,0.0,SUCCESS,46,46,47,
0.3,102,bot4,fein_margin,0.0,SUCCESS,48,48,38,
0.3,103,bot4,fein_margin,0.0,GAVE_UP,20,68,9,
0.3,116,bot4,fein_margin,0.0,SUCCESS,9,9,34,
0.3,117,bot4,fein_margin,0.0,SUCCESS,31,31,39,
0.3,118,bot4,fein_margin,0.0,SUCCESS,37,37,31,
0.3,119,bot4,fein_margin,0.0,SUCCESS,65,65,59,
0.3,88,bot4,fein_margin,0.0,BUTTON_BURNED,40,55,13,
0.3,89,bot4,fein_margin,0.0,SUCCESS,58,50,32,
0.3,90,bot4,fein_margin,0.0,SUCCESS,51,51,40,
0.3,91,bot4,fein_margin,0.0,SUCCESS,23,23,48,
0.3,120,bot4,fein_margin,0.0,SUCCESS,48,46,32,
0.3,121,bot4,fein_margin,0.0,SUCCESS,27,27,19,
0.3,122,bot4,fein_margin,0.0,SUCCESS,7,7,56,
0.3,123,bot4,fein_margin,0.0,SUCCESS,31,31,35,
0.3,128,bot4,fein_margin,0.0,SUCCESS,39,39,35,
0.3,129,bot4,fein_margin,0.0,BUTTON_BURNED,6,56,4,
0.3,130,bot4,fein_margin,0.0,SUCCESS,41,41,46,
0.3,131,bot4,fein_margin,0.0,SUCCESS,34,34,22,
0.3,124,bot4,fein_margin,0.0,SUCCESS,17,17,36,
0.3,125,bot4,fein_margin,0.0,SUCCESS,31,31,28,
0.3,126,bot4,fein_margin,0.0,SUCCESS,39,39,37,
0.3,127,bot4,fein_margin,0.0,BURNED,27,28,11,
0.3,104,bot4,fein_margin,0.0,SUCCESS,24,24,32,
0.3,105,bot4,fein_margin,0.0,SUCCESS,47,47,33,
0.3,106,bot4,fein_margin,0.0,BUTTON_BURNED,34,41,10,26
0.3,107,bot4,fein_margin,0.0,GAVE_UP,68,40,24,
0.3,148,bot4,fein_margin,0.0,SUCCESS,33,33,29,
0.3,149,bot4,fein_margin,0.0,SUCCESS,1,1,30,
0.3,150,bot4,fein_margin,0.0,SUCCESS,9,9,39,
0.3,151,bot4,fein_margin,0.0,SUCCESS,22,22,32,
0.3,132,bot4,fein_margin,0.0,SUCCESS,44,44,35,
0.3,133,bot4,fein_margin,0.0,SUCCESS,53,53,49,
0.3,134,bot4,fein_margin,0.0,SUCCESS,15,15,39,
0.3,135,bot4,fein_margin,0.0,SUCCESS,9,9,29,
0.3,160,bot4,fein_margin,0.0,SUCCESS,19,19,38,
0.3,161,bot4,fein_margin,0.0,BUTTON_BURNED,14,16,10,
0.3,162,bot4,fein_margin,0.0,SUCCESS,3,3,15,
0.3,163,bot4,fein_margin,0.0,SUCCESS,11,11,55,
0.3,144,bot4,fein_margin,0.0,BUTTON_BURNED,22,29,5,
0.3,145,bot4,fein_margin,0.0,SUCCESS,49,49,37,
0.3,146,bot4,fein_margin,0.0,SUCCESS,29,29,51,
0.3,147,bot4,fein_margin,0.0,SUCCESS,11,11,33,
0.3,136,bot4,fein_margin,0.0,SUCCESS,47,47,47,
0.3,137,bot4,fein_margin,0.0,SUCCESS,39,33,15,
0.3,138,bot4,fein_margin,0.0,SUCCESS,20,20,57,
0.3,139,bot4,fein_margin,0.0,SUCCESS,41,41,45,
0.3,140,bot4,fein_margin,0.0,GAVE_UP,47,35,19,32
0.3,141,bot4,fein_margin,0.0,SUCCESS,20,20,29,
0.3,142,bot4,fein_margin,0.0,SUCCESS,6,6,10,
0.3,143,bot4,fein_margin,0.0,SUCCESS,32,32,37,
0.3,164,bot4,fein_margin,0.0,SUCCESS,30,30,35,
0.3,165,bot4,fein_margin,0.0,SUCCESS,23,23,42,
0.3,166,bot4,fein_margin,0.0,SUCCESS,6,6,18,
0.3,167,bot4,fein_margin,0.0,SUCCESS,30,30,32,
0.3,168,bot4,fein_margin,0.0,SUCCESS,9,9,19,
0.3,169,bot4,fein_margin,0.0,SUCCESS,30,30,20,
0.3,170,bot4,fein_margin,0.0,SUCCESS,11,11,33,
0.3,171,bot4,fein_margin,0.0,SUCCESS,42,42,40,
0.3,156,bot4,fein_margin,0.0,BUTTON_BURNED,14,28,7,1
0.3,157,bot4,fein_margin,0.0,SUCCESS,12,12,40,
0.3,158,bot4,fein_margin,0.0,SUCCESS,33,33,31,
0.3,159,bot4,fein_margin,0.0,GAVE_UP,58,40,25,15
0.3,152,bot4,fein_margin,0.0,SUCCESS,83,63,36,
0.3,153,bot4,fein_margin,0.0,GAVE_UP,18,30,5,
0.3,154,bot4,fein_margin,0.0,GAVE_UP,16,56,8,
0.3,155,bot4,fein_margin,0.0,SUCCESS,15,15,20,
0.3,176,bot4,fein_margin,0.0,GAVE_UP,39,46,12,24
0.3,177,bot4,fein_margin,0.0,SUCCESS,29,29,28,
0.3,178,bot4,fein_margin,0.0,SUCCESS,1,1,30,
0.3,179,bot4,fein_margin,0.0,SUCCESS,19,19,42,
0.3,200,bot4,fein_margin,0.0,SUCCESS,31,31,44,
0.3,201,bot4,fein_margin,0.0,SUCCESS,24,24,23,
0.3,202,bot4,fein_margin,0.0,SUCCESS,10,10,28,
0.3,203,bot4,fein_margin,0.0,SUCCESS,28,28,38,
0.3,184,bot4,fein_margin,0.0,SUCCESS,51,47,27,10
0.3,185,bot4,fein_margin,0.0,SUCCESS,12,10,9,
0.3,186,bot4,fein_margin,0.0,GAVE_UP,17,46,3,
0.3,187,bot4,fein_margin,0.0,SUCCESS,32,32,48,
0.3,172,bot4,fein_margin,0.0,SUCCESS,45,43,30,
0.3,173,bot4,fein_margin,0.0,SUCCESS,51,43,27,
0.3,174,bot4,fein_margin,0.0,SUCCESS,12,12,23,
0.3,175,bot4,fein_margin,0.0,SUCCESS,18,18,19,
0.3,188,bot4,fein_margin,0.0,SUCCESS,23,23,45,
0.3,189,bot4,fein_margin,0.0,SUCCESS,25,25,54,
0.3,190,bot4,fein_margin,0.0,SUCCESS,48,48,55,
0.3,191,bot4,fein_margin,0.0,SUCCESS,40,40,31,
0.3,180,bot4,fein_margin,0.0,SUCCESS,49,49,45,
0.3,181,bot4,fein_margin,0.0,SUCCESS,24,24,27,
0.3,182,bot4,fein_margin,0.0,SUCCESS,40,40,45,
0.3,183,bot4,fein_margin,0.0,SUCCESS,56,56,48,
0.3,208,bot4,fein_margin,0.0,SUCCESS,43,43,34,
0.3,209,bot4,fein_margin,0.0,SUCCESS,35,35,61,
0.3,210,bot4,fein_margin,0.0,SUCCESS,31,31,36,
0.3,211,bot4,fein_margin,0.0,SUCCESS,6,6,30,
0.3,212,bot4,fein_margin,0.0,SUCCESS,39,39,50,
0.3,213,bot4,fein_margin,0.0,SUCCESS,35,35,55,
0.3,214,bot4,fein_margin,0.0,SUCCESS,12,12,42,
0.3,215,bot4,fein_margin,0.0,SUCCESS,38,38,21,
0.3,192,bot4,fein_margin,0.0,SUCCESS,18,18,45,
0.3,193,bot4,fein_margin,0.0,BUTTON_BURNED,51,35,17,
0.3,194,bot4,fein_margin,0.0,SUCCESS,55,55,64,
0.3,195,bot4,fein_margin,0.0,SUCCESS,40,40,23,
0.3,204,bot4,fein_margin,0.0,SUCCESS,22,22,18,
0.3,205,bot4,fein_margin,0.0,SUCCESS,55,55,33,
0.3,206,bot4,fein_margin,0.0,SUCCESS,29,29,54,
0.3,207,bot4,fein_margin,0.0,SUCCESS,14,14,27,
0.3,220,bot4,fein_margin,0.0,SUCCESS,26,26,48,
0.3,221,bot4,fein_margin,0.0,SUCCESS,43,43,40,
0.3,222,bot4,fein_margin,0.0,SUCCESS,17,17,40,
0.3,223,bot4,fein_margin,0.0,SUCCESS,46,46,42,
0.3,196,bot4,fein_margin,0.0,SUCCESS,15,15,30,
0.3,197,bot4,fein_margin,0.0,SUCCESS,57,51,38,
0.3,198,bot4,fein_margin,0.0,SUCCESS,65,65,25,
0.3,199,bot4,fein_margin,0.0,SUCCESS,52,52,24,
0.3,224,bot4,fein_margin,0.0,SUCCESS,48,48,54,
0.3,225,bot4,fein_margin,0.0,SUCCESS,24,24,30,
0.3,226,bot4,fein_margin,0.0,SUCCESS,54,54,35,
0.3,227,bot4,fein_margin,0.0,SUCCESS,44,44,42,
0.3,216,bot4,fein_margin,0.0,SUCCESS,45,45,24,
0.3,217,bot4,fein_margin,0.0,SUCCESS,21,21,26,
0.3,218,bot4,fein_margin,0.0,SUCCESS,17,17,54,
0.3,219,bot4,fein_margin,0.0,BUTTON_BURNED,75,56,28,
0.3,228,bot4,fein_margin,0.0,SUCCESS,37,37,28,
0.3,229,bot4,fein_margin,0.0,SUCCESS,20,20,22,
0.3,230,bot4,fein_margin,0.0,SUCCESS,35,35,43,
0.3,231,bot4,fein_margin,0.0,SUCCESS,26,26,30,
0.3,236,bot4,fein_margin,0.0,SUCCESS,28,28,58,
0.3,237,bot4,fein_margin,0.0,SUCCESS,53,51,48,
0.3,238,bot4,fein_margin,0.0,SUCCESS,24,24,37,
0.3,239,bot4,fein_margin,0.0,SUCCESS,43,43,52,
0.3,240,bot4,fein_margin,0.0,SUCCESS,10,10,39,
0.3,241,bot4,fein_margin,0.0,SUCCESS,28,28,17,
0.3,242,bot4,fein_margin,0.0,SUCCESS,30,30,23,
0.3,243,bot4,fein_margin,0.0,BUTTON_BURNED,48,65,19,
0.3,248,bot4,fein_margin,0.0,SUCCESS,40,40,45,
0.3,249,bot4,fein_margin,0.0,SUCCESS,23,23,34,
0.3,250,bot4,fein_margin,0.0,SUCCESS,30,30,20,
0.3,251,bot4,fein_margin,0.0,SUCCESS,9,9,43,
0.3,256,bot4,fein_margin,0.0,GAVE_UP,8,28,13,
0.3,257,bot4,fein_margin,0.0,SUCCESS,10,10,27,
0.3,258,bot4,fein_margin,0.0,SUCCESS,43,43,45,
0.3,259,bot4,fein_margin,0.0,SUCCESS,5,5,15,
0.3,244,bot4,fein_margin,0.0,SUCCESS,61,61,35,
0.3,245,bot4,fein_margin,0.0,SUCCESS,19,19,70,
0.3,246,bot4,fein_margin,0.0,GAVE_UP,23,24,11,1
0.3,247,bot4,fein_margin,0.0,SUCCESS,32,32,26,
0.3,232,bot4,fein_margin,0.0,SUCCESS,42,42,48,
0.3,233,bot4,fein_margin,0.0,SUCCESS,45,45,41,
0.3,234,bot4,fein_margin,0.0,SUCCESS,57,39,35,
0.3,235,bot4,fein_margin,0.0,SUCCESS,29,29,52,
0.3,260,bot4,fein_margin,0.0,SUCCESS,35,35,59,
0.3,261,bot4,fein_margin,0.0,SUCCESS,34,34,40,
0.3,262,bot4,fein_margin,0.0,SUCCESS,36,36,58,
0.3,263,bot4,fein_margin,0.0,SUCCESS,7,7,51,
0.3,252,bot4,fein_margin,0.0,SUCCESS,34,34,46,
0.3,253,bot4,fein_margin,0.0,SUCCESS,55,55,18,
0.3,254,bot4,fein_margin,0.0,SUCCESS,46,32,19,
0.3,255,bot4,fein_margin,0.0,SUCCESS,16,16,23,
0.3,268,bot4,fein_margin,0.0,SUCCESS,18,18,25,
0.3,269,bot4,fein_margin,0.0,SUCCESS,16,16,52,
0.3,270,bot4,fein_margin,0.0,SUCCESS,58,58,55,
0.3,271,bot4,fein_margin,0.0,SUCCESS,32,32,41,
0.3,272,bot4,fein_margin,0.0,SUCCESS,41,41,32,
0.3,273,bot4,fein_margin,0.0,SUCCESS,19,19,45,
0.3,274,bot4,fein_margin,0.0,SUCCESS,41,41,40,
0.3,275,bot4,fein_margin,0.0,SUCCESS,10,10,12,
0.3,276,bot4,fein_margin,0.0,SUCCESS,42,42,47,
0.3,277,bot4,fein_margin,0.0,SUCCESS,18,18,15,
0.3,278,bot4,fein_margin,0.0,SUCCESS,38,38,27,
0.3,279,bot4,fein_margin,0.0,SUCCESS,20,20,32,
0.3,288,bot4,fein_margin,0.0,SUCCESS,5,5,12,
0.3,289,bot4,fein_margin,0.0,SUCCESS,19,19,51,
0.3,290,bot4,fein_margin,0.0,SUCCESS,63,63,67,
0.3,291,bot4,fein_margin,0.0,SUCCESS,28,28,45,
0.3,284,bot4,fein_margin,0.0,SUCCESS,4,4,41,
0.3,285,bot4,fein_margin,0.0,SUCCESS,39,39,33,
0.3,286,bot4,fein_margin,0.0,SUCCESS,33,33,40,
0.3,287,bot4,fein_margin,0.0,SUCCESS,19,19,18,
0.3,264,bot4,fein_margin,0.0,SUCCESS,51,49,33,
0.3,265,bot4,fein_margin,0.0,SUCCESS,44,42,27,
0.3,266,bot4,fein_margin,0.0,SUCCESS,34,34,15,
0.3,267,bot4,fein_margin,0.0,SUCCESS,42,42,38,
0.3,300,bot4,fein_margin,0.0,SUCCESS,38,38,51,
0.3,301,bot4,fein_margin,0.0,SUCCESS,36,36,29,
0.3,302,bot4,fein_margin,0.0,SUCCESS,7,7,48,
0.3,303,bot4,fein_margin,0.0,SUCCESS,17,17,48,
0.3,312,bot4,fein_margin,0.0,SUCCESS,13,13,14,
0.3,313,bot4,fein_margin,0.0,SUCCESS,30,30,53,
0.3,314,bot4,fein_margin,0.0,SUCCESS,18,18,40,
0.3,315,bot4,fein_margin,0.0,BUTTON_BURNED,16,23,7,
0.3,292,bot4,fein_margin,0.0,SUCCESS,18,18,15,
0.3,293,bot4,fein_margin,0.0,SUCCESS,25,25,53,
0.3,294,bot4,fein_margin,0.0,SUCCESS,46,46,34,
0.3,295,bot4,fein_margin,0.0,SUCCESS,32,32,30,
0.3,316,bot4,fein_margin,0.0,SUCCESS,9,9,37,
0.3,317,bot4,fein_margin,0.0,SUCCESS,6,6,42,
0.3,318,bot4,fein_margin,0.0,SUCCESS,17,17,39,
0.3,319,bot4,fein_margin,0.0,BUTTON_BURNED,28,36,12,14
0.3,280,bot4,fein_margin,0.0,SUCCESS,36,36,30,
0.3,281,bot4,fein_margin,0.0,SUCCESS,32,32,35,
0.3,282,bot4,fein_margin,0.0,SUCCESS,51,51,25,
0.3,283,bot4,fein_margin,0.0,SUCCESS,29,29,18,
0.3,296,bot4,fein_margin,0.0,SUCCESS,62,56,45,
0.3,297,bot4,fein_margin,0.0,SUCCESS,49,49,32,
0.3,298,bot4,fein_margin,0.0,SUCCESS,16,16,49,
0.3,299,bot4,fein_margin,0.0,SUCCESS,22,22,17,
0.3,304,bot4,fein_margin,0.0,SUCCESS,51,49,21,
0.3,305,bot4,fein_margin,0.0,SUCCESS,20,20,16,
0.3,306,bot4,fein_margin,0.0,SUCCESS,47,47,38,
0.3,307,bot4,fein_margin,0.0,GAVE_UP,21,54,12,
0.3,324,bot4,fein_margin,0.0,SUCCESS,37,37,30,
0.3,325,bot4,fein_margin,0.0,SUCCESS,23,23,40,
0.3,326,bot4,fein_margin,0.0,SUCCESS,9,9,50,
0.3,327,bot4,fein_margin,0.0,SUCCESS,38,38,28,
0.3,320,bot4,fein_margin,0.0,SUCCESS,34,34,44,
0.3,321,bot4,fein_margin,0.0,BUTTON_BURNED,1,41,1,
0.3,322,bot4,fein_margin,0.0,GAVE_UP,28,46,12,
0.3,323,bot4,fein_margin,0.0,SUCCESS,44,42,33,
0.3,328,bot4,fein_margin,0.0,SUCCESS,38,38,37,
0.3,329,bot4,fein_margin,0.0,SUCCESS,34,34,45,
0.3,330,bot4,fein_margin,0.0,SUCCESS,42,42,17,
0.3,331,bot4,fein_margin,0.0,SUCCESS,50,50,31,
0.3,336,bot4,fein_margin,0.0,SUCCESS,33,33,10,
0.3,337,bot4,fein_margin,0.0,SUCCESS,56,56,30,
0.3,338,bot4,fein_margin,0.0,SUCCESS,24,24,51,
0.3,339,bot4,fein_margin,0.0,SUCCESS,13,13,29,
0.3,308,bot4,fein_margin,0.0,BUTTON_BURNED,45,54,11,
0.3,309,bot4,fein_margin,0.0,SUCCESS,50,50,39,
0.3,310,bot4,fein_margin,0.0,SUCCESS,22,22,8,
0.3,311,bot4,fein_margin,0.0,SUCCESS,51,51,49,
0.3,332,bot4,fein_margin,0.0,SUCCESS,49,49,52,
0.3,333,bot4,fein_margin,0.0,SUCCESS,6,6,53,
0.3,334,bot4,fein_margin,0.0,SUCCESS,62,56,36,
0.3,335,bot4,fein_margin,0.0,SUCCESS,43,43,23,
0.3,344,bot4,fein_margin,0.0,SUCCESS,40,40,50,
0.3,345,bot4,fein_margin,0.0,SUCCESS,25,25,23,
0.3,346,bot4,fein_margin,0.0,SUCCESS,21,21,43,
0.3,347,bot4,fein_margin,0.0,SUCCESS,34,34,15,
0.3,348,bot4,fein_margin,0.0,SUCCESS,11,11,25,
0.3,349,bot4,fein_margin,0.0,BUTTON_BURNED,14,24,4,
0.3,350,bot4,fein_margin,0.0,SUCCESS,52,52,51,
0.3,351,bot4,fein_margin,0.0,BUTTON_BURNED,36,47,17,
0.3,352,bot4,fein_margin,0.0,SUCCESS,52,52,56,
0.3,353,bot4,fein_margin,0.0,SUCCESS,31,31,42,
0.3,354,bot4,fein_margin,0.0,SUCCESS,11,11,31,
0.3,355,bot4,fein_margin,0.0,SUCCESS,30,30,39,
0.3,360,bot4,fein_margin,0.0,SUCCESS,29,29,29,
0.3,361,bot4,fein_margin,0.0,SUCCESS,37,37,55,
0.3,362,bot4,fein_margin,0.0,SUCCESS,21,21,41,
0.3,363,bot4,fein_margin,0.0,SUCCESS,23,23,11,
0.3,340,bot4,fein_margin,0.0,SUCCESS,50,38,20,27
0.3,341,bot4,fein_margin,0.0,GAVE_UP,21,47,8,
0.3,342,bot4,fein_margin,0.0,SUCCESS,53,53,22,
0.3,343,bot4,fein_margin,0.0,SUCCESS,31,31,24,
0.3,356,bot4,fein_margin,0.0,SUCCESS,20,20,39,
0.3,357,bot4,fein_margin,0.0,SUCCESS,27,27,28,
0.3,358,bot4,fein_margin,0.0,SUCCESS,46,44,24,17
0.3,359,bot4,fein_margin,0.0,BUTTON_BURNED,34,46,9,
0.3,376,bot4,fein_margin,0.0,BUTTON_BURNED,7,30,5,
0.3,377,bot4,fein_margin,0.0,SUCCESS,8,8,19,
0.3,378,bot4,fein_margin,0.0,GAVE_UP,16,39,18,2
0.3,379,bot4,fein_margin,0.0,SUCCESS,52,52,42,
0.3,380,bot4,fein_margin,0.0,SUCCESS,45,45,20,
0.3,381,bot4,fein_margin,0.0,SUCCESS,13,13,24,
0.3,382,bot4,fein_margin,0.0,SUCCESS,31,31,33,
0.3,383,bot4,fein_margin,0.0,SUCCESS,9,9,40,
0.3,368,bot4,fein_margin,0.0,SUCCESS,48,48,32,
0.3,369,bot4,fein_margin,0.0,SUCCESS,32,32,31,
0.3,370,bot4,fein_margin,0.0,SUCCESS,23,23,23,
0.3,371,bot4,fein_margin,0.0,SUCCESS,37,37,43,
0.3,388,bot4,fein_margin,0.0,SUCCESS,25,25,46,
0.3,389,bot4,fein_margin,0.0,SUCCESS,12,12,25,
0.3,390,bot4,fein_margin,0.0,SUCCESS,10,10,36,
0.3,391,bot4,fein_margin,0.0,SUCCESS,25,25,41,
0.3,364,bot4,fein_margin,0.0,SUCCESS,2,2,9,
0.3,365,bot4,fein_margin,0.0,SUCCESS,67,57,32,
0.3,366,bot4,fein_margin,0.0,SUCCESS,49,49,27,
0.3,367,bot4,fein_margin,0.0,SUCCESS,13,13,52,
0.3,372,bot4,fein_margin,0.0,SUCCESS,35,35,35,
0.3,373,bot4,fein_margin,0.0,SUCCESS,53,53,41,
0.3,374,bot4,fein_margin,0.0,SUCCESS,24,24,44,
0.3,375,bot4,fein_margin,0.0,SUCCESS,8,8,46,
0.3,396,bot4,fein_margin,0.0,SUCCESS,10,10,44,
0.3,397,bot4,fein_margin,0.0,SUCCESS,9,9,27,
0.3,398,bot4,fein_margin,0.0,SUCCESS,55,55,40,
0.3,399,bot4,fein_margin,0.0,SUCCESS,9,9,49,
0.3,392,bot4,fein_margin,0.0,SUCCESS,23,23,16,
0.3,393,bot4,fein_margin,0.0,SUCCESS,49,49,34,
0.3,394,bot4,fein_margin,0.0,SUCCESS,33,33,46,
0.3,395,bot4,fein_margin,0.0,SUCCESS,26,26,66,
0.3,416,bot4,fein_margin,0.0,SUCCESS,18,18,40,
0.3,417,bot4,fein_margin,0.0,SUCCESS,5,5,18,
0.3,418,bot4,fein_margin,0.0,SUCCESS,13,13,42,
0.3,419,bot4,fein_margin,0.0,SUCCESS,10,10,43,
0.3,412,bot4,fein_margin,0.0,SUCCESS,21,21,43,
0.3,413,bot4,fein_margin,0.0,SUCCESS,13,13,31,
0.3,414,bot4,fein_margin,0.0,SUCCESS,34,34,21,
0.3,415,bot4,fein_margin,0.0,SUCCESS,13,13,40,
0.3,400,bot4,fein_margin,0.0,SUCCESS,39,39,37,
0.3,401,bot4,fein_margin,0.0,SUCCESS,37,37,48,
0.3,402,bot4,fein_margin,0.0,SUCCESS,25,25,16,
0.3,403,bot4,fein_margin,0.0,BUTTON_BURNED,19,37,7,15
0.3,404,bot4,fein_margin,0.0,SUCCESS,41,41,43,
0.3,405,bot4,fein_margin,0.0,SUCCESS,35,35,32,
0.3,406,bot4,fein_margin,0.0,SUCCESS,45,45,51,
0.3,407,bot4,fein_margin,0.0,SUCCESS,30,30,46,
0.3,384,bot4,fein_margin,0.0,SUCCESS,6,6,28,
0.3,385,bot4,fein_margin,0.0,SUCCESS,48,48,48,
0.3,386,bot4,fein_margin,0.0,SUCCESS,47,47,34,
0.3,387,bot4,fein_margin,0.0,GAVE_UP,50,60,25,
0.3,428,bot4,fein_margin,0.0,SUCCESS,5,5,65,
0.3,429,bot4,fein_margin,0.0,SUCCESS,20,20,21,
0.3,430,bot4,fein_margin,0.0,BURNED,20,22,12,
0.3,431,bot4,fein_margin,0.0,SUCCESS,5,5,40,
0.3,408,bot4,fein_margin,0.0,SUCCESS,58,58,52,
0.3,409,bot4,fein_margin,0.0,SUCCESS,26,26,19,
0.3,410,bot4,fein_margin,0.0,SUCCESS,46,46,54,
0.3,411,bot4,fein_margin,0.0,GAVE_UP,27,28,13,
0.3,420,bot4,fein_margin,0.0,SUCCESS,28,28,30,
0.3,421,bot4,fein_margin,0.0,SUCCESS,51,47,10,
0.3,422,bot4,fein_margin,0.0,SUCCESS,7,7,24,
0.3,423,bot4,fein_margin,0.0,SUCCESS,42,42,42,
0.3,440,bot4,fein_margin,0.0,SUCCESS,12,12,36,
0.3,441,bot4,fein_margin,0.0,SUCCESS,23,23,24,
0.3,442,bot4,fein_margin,0.0,GAVE_UP,38,40,17,20
0.3,443,bot4,fein_margin,0.0,SUCCESS,28,28,16,
0.3,436,bot4,fein_margin,0.0,SUCCESS,23,23,31,
0.3,437,bot4,fein_margin,0.0,SUCCESS,20,20,62,
0.3,438,bot4,fein_margin,0.0,SUCCESS,30,30,25,
0.3,439,bot4,fein_margin,0.0,SUCCESS,61,61,49,
0.3,444,bot4,fein_margin,0.0,SUCCESS,24,24,48,
0.3,445,bot4,fein_margin,0.0,SUCCESS,14,14,21,
0.3,446,bot4,fein_margin,0.0,SUCCESS,35,35,63,
0.3,447,bot4,fein_margin,0.0,GAVE_UP,40,45,16,
0.3,448,bot4,fein_margin,0.0,SUCCESS,53,53,61,
0.3,449,bot4,fein_margin,0.0,SUCCESS,38,38,48,
0.3,450,bot4,fein_margin,0.0,SUCCESS,18,18,14,
0.3,451,bot4,fein_margin,0.0,SUCCESS,30,30,56,
0.3,464,bot4,fein_margin,0.0,SUCCESS,49,49,42,
0.3,465,bot4,fein_margin,0.0,SUCCESS,15,15,51,
0.3,466,bot4,fein_margin,0.0,SUCCESS,31,31,12,
0.3,467,bot4,fein_margin,0.0,SUCCESS,17,17,13,
0.3,456,bot4,fein_margin,0.0,SUCCESS,17,17,13,
0.3,457,bot4,fein_margin,0.0,SUCCESS,37,37,18,9
0.3,458,bot4,fein_margin,0.0,SUCCESS,36,36,40,
0.3,459,bot4,fein_margin,0.0,SUCCESS,34,34,22,
0.3,432,bot4,fein_margin,0.0,SUCCESS,55,49,21,
0.3,433,bot4,fein_margin,0.0,SUCCESS,19,19,16,
0.3,434,bot4,fein_margin,0.0,SUCCESS,31,31,25,
0.3,435,bot4,fein_margin,0.0,BUTTON_BURNED,58,52,16,
0.3,452,bot4,fein_margin,0.0,SUCCESS,39,39,17,
0.3,453,bot4,fein_margin,0.0,SUCCESS,26,26,17,
0.3,454,bot4,fein_margin,0.0,SUCCESS,36,36,40,
0.3,455,bot4,fein_margin,0.0,SUCCESS,54,54,41,
0.3,424,bot4,fein_margin,0.0,SUCCESS,60,60,39,
0.3,425,bot4,fein_margin,0.0,SUCCESS,37,37,33,
0.3,426,bot4,fein_margin,0.0,SUCCESS,42,42,16,
0.3,427,bot4,fein_margin,0.0,SUCCESS,55,55,40,
0.3,460,bot4,fein_margin,0.0,SUCCESS,24,24,34,
0.3,461,bot4,fein_margin,0.0,SUCCESS,40,40,19,
0.3,462,bot4,fein_margin,0.0,BUTTON_BURNED,55,46,17,18
0.3,463,bot4,fein_margin,0.0,GAVE_UP,7,15,5,
0.3,468,bot4,fein_margin,0.0,SUCCESS,37,37,12,
0.3,469,bot4,fein_margin,0.0,SUCCESS,37,37,20,
0.3,470,bot4,fein_margin,0.0,SUCCESS,20,20,25,
0.3,471,bot4,fein_margin,0.0,SUCCESS,46,46,30,
0.3,472,bot4,fein_margin,0.0,SUCCESS,24,24,18,
0.3,473,bot4,fein_margin,0.0,SUCCESS,23,23,24,
0.3,474,bot4,fein_margin,0.0,SUCCESS,35,35,28,
0.3,475,bot4,fein_margin,0.0,SUCCESS,49,49,48,
0.3,476,bot4,fein_margin,0.0,SUCCESS,28,28,34,
0.3,477,bot4,fein_margin,0.0,SUCCESS,21,21,32,
0.3,478,bot4,fein_margin,0.0,SUCCESS,29,29,27,
0.3,479,bot4,fein_margin,0.0,SUCCESS,46,46,60,
0.3,484,bot4,fein_margin,0.0,SUCCESS,41,41,53,
0.3,485,bot4,fein_margin,0.0,SUCCESS,19,19,32,
0.3,486,bot4,fein_margin,0.0,SUCCESS,19,19,13,
0.3,487,bot4,fein_margin,0.0,SUCCESS,31,31,29,
0.3,488,bot4,fein_margin,0.0,GAVE_UP,29,45,15,5
0.3,489,bot4,fein_margin,0.0,SUCCESS,30,30,55,
0.3,490,bot4,fein_margin,0.0,SUCCESS,19,19,19,
0.3,491,bot4,fein_margin,0.0,SUCCESS,8,8,13,
0.3,480,bot4,fein_margin,0.0,SUCCESS,43,43,29,
0.3,481,bot4,fein_margin,0.0,SUCCESS,39,39,40,
0.3,482,bot4,fein_margin,0.0,SUCCESS,16,16,53,
0.3,483,bot4,fein_margin,0.0,SUCCESS,25,25,48,
0.4,0,bot4,fein_margin,0.0,SUCCESS,17,17,39,
0.4,1,bot4,fein_margin,0.0,SUCCESS,14,14,68,
0.4,2,bot4,fein_margin,0.0,SUCCESS,35,35,29,
0.4,3,bot4,fein_margin,0.0,SUCCESS,24,24,22,
0.3,492,bot4,fein_margin,0.0,SUCCESS,47,47,58,
0.3,493,bot4,fein_margin,0.0,SUCCESS,44,44,48,
0.3,494,bot4,fein_margin,0.0,SUCCESS,15,15,31,
0.3,495,bot4,fein_margin,0.0,SUCCESS,15,15,23,
0.4,4,bot4,fein_margin,0.0,GAVE_UP,16,41,26,1
0.4,5,bot4,fein_margin,0.0,SUCCESS,24,24,19,
0.4,6,bot4,fein_margin,0.0,SUCCESS,5,5,19,
0.4,7,bot4,fein_margin,0.0,SUCCESS,29,27,20,
0.4,12,bot4,fein_margin,0.0,SUCCESS,30,30,24,
0.4,13,bot4,fein_margin,0.0,SUCCESS,16,16,62,
0.4,14,bot4,fein_margin,0.0,SUCCESS,28,28,49,
0.4,15,bot4,fein_margin,0.0,SUCCESS,13,13,30,
0.4,20,bot4,fein_margin,0.0,BUTTON_BURNED,35,43,16,11
0.4,21,bot4,fein_margin,0.0,SUCCESS,17,17,55,
0.4,22,bot4,fein_margin,0.0,SUCCESS,15,15,33,
0.4,23,bot4,fein_margin,0.0,SUCCESS,33,33,41,
0.4,32,bot4,fein_margin,0.0,SUCCESS,13,13,24,
0.4,33,bot4,fein_margin,0.0,BUTTON_BURNED,17,31,7,9
0.4,34,bot4,fein_margin,0.0,GAVE_UP,22,39,9,
0.4,35,bot4,fein_margin,0.0,SUCCESS,38,38,45,
0.3,496,bot4,fein_margin,0.0,SUCCESS,43,43,28,
0.3,497,bot4,fein_margin,0.0,SUCCESS,24,24,39,
0.3,498,bot4,fein_margin,0.0,GAVE_UP,47,54,20,
0.3,499,bot4,fein_margin,0.0,SUCCESS,53,53,47,
0.4,8,bot4,fein_margin,0.0,SUCCESS,25,25,43,
0.4,9,bot4,fein_margin,0.0,GAVE_UP,18,39,20,1
0.4,10,bot4,fein_margin,0.0,SUCCESS,41,41,33,
0.4,11,bot4,fein_margin,0.0,SUCCESS,52,48,31,
0.4,24,bot4,fein_margin,0.0,BUTTON_BURNED,65,65,27,49
0.4,25,bot4,fein_margin,0.0,SUCCESS,36,36,49,
0.4,26,bot4,fein_margin,0.0,SUCCESS,22,22,59,
0.4,27,bot4,fein_margin,0.0,SUCCESS,23,23,41,
0.4,16,bot4,fein_margin,0.0,SUCCESS,35,35,57,
0.4,17,bot4,fein_margin,0.0,SUCCESS,19,19,22,
0.4,18,bot4,fein_margin,0.0,SUCCESS,64,64,58,
0.4,19,bot4,fein_margin,0.0,SUCCESS,49,49,33,
0.4,48,bot4,fein_margin,0.0,SUCCESS,17,17,37,
0.4,49,bot4,fein_margin,0.0,SUCCESS,3,3,29,
0.4,50,bot4,fein_margin,0.0,SUCCESS,32,32,48,
0.4,51,bot4,fein_margin,0.0,SUCCESS,31,31,40,
0.4,28,bot4,fein_margin,0.0,SUCCESS,20,20,23,
0.4,29,bot4,fein_margin,0.0,GAVE_UP,7,41,7,
0.4,30,bot4,fein_margin,0.0,BUTTON_BURNED,32,41,14,
0.4,31,bot4,fein_margin,0.0,SUCCESS,68,68,44,
0.4,52,bot4,fein_margin,0.0,SUCCESS,25,25,27,
0.4,53,bot4,fein_margin,0.0,SUCCESS,36,36,39,
0.4,54,bot4,fein_margin,0.0,SUCCESS,51,51,39,
0.4,55,bot4,fein_margin,0.0,SUCCESS,5,5,31,
0.4,60,bot4,fein_margin,0.0,SUCCESS,38,38,48,
0.4,61,bot4,fein_margin,0.0,SUCCESS,11,11,36,
0.4,62,bot4,fein_margin,0.0,SUCCESS,26,24,14,
0.4,63,bot4,fein_margin,0.0,BUTTON_BURNED,7,28,3,1
0.4,36,bot4,fein_margin,0.0,SUCCESS,19,19,39,
0.4,37,bot4,fein_margin,0.0,SUCCESS,54,54,26,28
0.4,38,bot4,fein_margin,0.0,SUCCESS,37,37,35,
0.4,39,bot4,fein_margin,0.0,SUCCESS,60,60,46,
0.4,68,bot4,fein_margin,0.0,SUCCESS,3,3,13,
0.4,69,bot4,fein_margin,0.0,SUCCESS,24,24,24,
0.4,70,bot4,fein_margin,0.0,SUCCESS,24,24,23,
0.4,71,bot4,fein_margin,0.0,GAVE_UP,23,46,13,
0.4,40,bot4,fein_margin,0.0,SUCCESS,54,54,34,
0.4,41,bot4,fein_margin,0.0,SUCCESS,26,26,18,
0.4,42,bot4,fein_margin,0.0,SUCCESS,27,27,73,
0.4,43,bot4,fein_margin,0.0,SUCCESS,49,49,26,
0.4,44,bot4,fein_margin,0.0,SUCCESS,49,49,51,
0.4,45,bot4,fein_margin,0.0,SUCCESS,34,34,37,
0.4,46,bot4,fein_margin,0.0,SUCCESS,22,22,33,
0.4,47,bot4,fein_margin,0.0,SUCCESS,48,48,25,9
0.4,56,bot4,fein_margin,0.0,BUTTON_BURNED,16,54,7,
0.4,57,bot4,fein_margin,0.0,SUCCESS,20,20,26,
0.4,58,bot4,fein_margin,0.0,GAVE_UP,23,47,12,
0.4,59,bot4,fein_margin,0.0,SUCCESS,56,52,44,
0.4,64,bot4,fein_margin,0.0,SUCCESS,56,56,60,
0.4,65,bot4,fein_margin,0.0,SUCCESS,2,2,58,
0.4,66,bot4,fein_margin,0.0,SUCCESS,48,48,28,
0.4,67,bot4,fein_margin,0.0,SUCCESS,27,27,61,
0.4,84,bot4,fein_margin,0.0,BUTTON_BURNED,28,40,14,
0.4,85,bot4,fein_margin,0.0,SUCCESS,29,29,47,
0.4,86,bot4,fein_margin,0.0,SUCCESS,16,16,47,
0.4,87,bot4,fein_margin,0.0,SUCCESS,40,40,38,
0.4,96,bot4,fein_margin,0.0,GAVE_UP,30,53,20,
0.4,97,bot4,fein_margin,0.0,SUCCESS,13,13,14,
0.4,98,bot4,fein_margin,0.0,SUCCESS,28,28,27,
0.4,99,bot4,fein_margin,0.0,SUCCESS,26,26,52,
0.4,72,bot4,fein_margin,0.0,SUCCESS,30,30,22,
0.4,73,bot4,fein_margin,0.0,SUCCESS,45,45,62,
0.4,74,bot4,fein_margin,0.0,SUCCESS,30,30,43,
0.4,75,bot4,fein_margin,0.0,SUCCESS,31,31,21,
0.4,76,bot4,fein_margin,0.0,SUCCESS,39,39,50,
0.4,77,bot4,fein_margin,0.0,BUTTON_BURNED,8,34,6,
0.4,78,bot4,fein_margin,0.0,SUCCESS,53,51,48,
0.4,79,bot4,fein_margin,0.0,SUCCESS,18,18,10,
0.4,88,bot4,fein_margin,0.0,GAVE_UP,26,55,13,
0.4,89,bot4,fein_margin,0.0,SUCCESS,58,50,32,
0.4,90,bot4,fein_margin,0.0,BURNED,23,51,40,2
0.4,91,bot4,fein_margin,0.0,SUCCESS,23,23,48,
0.4,92,bot4,fein_margin,0.0,SUCCESS,50,46,37,
0.4,93,bot4,fein_margin,0.0,SUCCESS,38,38,42,
0.4,94,bot4,fein_margin,0.0,SUCCESS,21,21,30,
0.4,95,bot4,fein_margin,0.0,SUCCESS,46,46,38,
0.4,112,bot4,fein_margin,0.0,SUCCESS,7,7,9,
0.4,113,bot4,fein_margin,0.0,SUCCESS,23,23,13,
0.4,114,bot4,fein_margin,0.0,SUCCESS,27,27,31,
0.4,115,bot4,fein_margin,0.0,SUCCESS,48,48,49,
0.4,80,bot4,fein_margin,0.0,SUCCESS,65,57,31,
0.4,81,bot4,fein_margin,0.0,SUCCESS,43,43,56,
0.4,82,bot4,fein_margin,0.0,SUCCESS,43,43,19,
0.4,83,bot4,fein_margin,0.0,SUCCESS,45,43,39,
0.4,100,bot4,fein_margin,0.0,BUTTON_BURNED,47,36,16,
0.4,101,bot4,fein_margin,0.0,SUCCESS,46,46,47,
0.4,102,bot4,fein_margin,0.0,SUCCESS,48,48,38,
0.4,103,bot4,fein_margin,0.0,GAVE_UP,17,68,9,
0.4,116,bot4,fein_margin,0.0,SUCCESS,9,9,34,
0.4,117,bot4,fein_margin,0.0,SUCCESS,31,31,39,
0.4,118,bot4,fein_margin,0.0,SUCCESS,37,37,31,
0.4,119,bot4,fein_margin,0.0,SUCCESS,65,65,59,
0.4,128,bot4,fein_margin,0.0,SUCCESS,39,39,35,
0.4,129,bot4,fein_margin,0.0,BUTTON_BURNED,6,56,4,
0.4,130,bot4,fein_margin,0.0,SUCCESS,41,41,46,
0.4,131,bot4,fein_margin,0.0,SUCCESS,34,34,22,
0.4,104,bot4,fein_margin,0.0,SUCCESS,24,24,32,
0.4,105,bot4,fein_margin,0.0,SUCCESS,47,47,33,
0.4,106,bot4,fein_margin,0.0,BUTTON_BURNED,35,41,10,
0.4,107,bot4,fein_margin,0.0,GAVE_UP,50,40,24,14
0.4,108,bot4,fein_margin,0.0,SUCCESS,47,47,45,
0.4,109,bot4,fein_margin,0.0,SUCCESS,5,5,18,
0.4,110,bot4,fein_margin,0.0,SUCCESS,28,28,39,
0.4,111,bot4,fein_margin,0.0,GAVE_UP,65,57,31,
0.4,124,bot4,fein_margin,0.0,SUCCESS,17,17,36,
0.4,125,bot4,fein_margin,0.0,SUCCESS,31,31,28,
0.4,126,bot4,fein_margin,0.0,SUCCESS,39,39,37,1
0.4,127,bot4,fein_margin,0.0,GAVE_UP,17,28,11,
0.4,120,bot4,fein_margin,0.0,SUCCESS,50,46,32,
0.4,121,bot4,fein_margin,0.0,SUCCESS,27,27,19,
0.4,122,bot4,fein_margin,0.0,SUCCESS,7,7,56,
0.4,123,bot4,fein_margin,0.0,SUCCESS,31,31,35,
0.4,132,bot4,fein_margin,0.0,SUCCESS,44,44,35,
0.4,133,bot4,fein_margin,0.0,SUCCESS,53,53,49,
0.4,134,bot4,fein_margin,0.0,SUCCESS,15,15,39,
0.4,135,bot4,fein_margin,0.0,SUCCESS,9,9,29,
0.4,160,bot4,fein_margin,0.0,SUCCESS,19,19,38,
0.4,161,bot4,fein_margin,0.0,SUCCESS,16,16,10,
0.4,162,bot4,fein_margin,0.0,SUCCESS,3,3,15,
0.4,163,bot4,fein_margin,0.0,SUCCESS,11,11,55,
0.4,140,bot4,fein_margin,0.0,BURNED,10,35,19,1
0.4,141,bot4,fein_margin,0.0,SUCCESS,20,20,29,
0.4,142,bot4,fein_margin,0.0,SUCCESS,6,6,10,
0.4,143,bot4,fein_margin,0.0,SUCCESS,32,32,37,
0.4,148,bot4,fein_margin,0.0,SUCCESS,33,33,29,
0.4,149,bot4,fein_margin,0.0,SUCCESS,1,1,30,
0.4,150,bot4,fein_margin,0.0,SUCCESS,9,9,39,
0.4,151,bot4,fein_margin,0.0,SUCCESS,22,22,32,
0.4,164,bot4,fein_margin,0.0,SUCCESS,30,30,35,
0.4,165,bot4,fein_margin,0.0,SUCCESS,23,23,42,
0.4,166,bot4,fein_margin,0.0,SUCCESS,6,6,18,
0.4,167,bot4,fein_margin,0.0,SUCCESS,30,30,32,
0.4,136,bot4,fein_margin,0.0,SUCCESS,47,47,47,
0.4,137,bot4,fein_margin,0.0,BUTTON_BURNED,36,33,15,
0.4,138,bot4,fein_margin,0.0,SUCCESS,20,20,57,
0.4,139,bot4,fein_margin,0.0,SUCCESS,41,41,45,
0.4,156,bot4,fein_margin,0.0,GAVE_UP,10,28,7,1
0.4,157,bot4,fein_margin,0.0,SUCCESS,12,12,40,
0.4,158,bot4,fein_margin,0.0,SUCCESS,33,33,31,
0.4,159,bot4,fein_margin,0.0,GAVE_UP,38,40,25,
0.4,144,bot4,fein_margin,0.0,BUTTON_BURNED,12,29,5,
0.4,145,bot4,fein_margin,0.0,SUCCESS,49,49,37,
0.4,146,bot4,fein_margin,0.0,SUCCESS,29,29,51,
0.4,147,bot4,fein_margin,0.0,SUCCESS,11,11,33,
0.4,152,bot4,fein_margin,0.0,SUCCESS,65,63,36,
0.4,153,bot4,fein_margin,0.0,BUTTON_BURNED,10,30,5,
0.4,154,bot4,fein_margin,0.0,GAVE_UP,17,56,8,
0.4,155,bot4,fein_margin,0.0,SUCCESS,15,15,20,
0.4,168,bot4,fein_margin,0.0,SUCCESS,9,9,19,
0.4,169,bot4,fein_margin,0.0,SUCCESS,30,30,20,
0.4,170,bot4,fein_margin,0.0,SUCCESS,11,11,33,
0.4,171,bot4,fein_margin,0.0,SUCCESS,42,42,40,
0.4,176,bot4,fein_margin,0.0,GAVE_UP,18,46,12,
0.4,177,bot4,fein_margin,0.0,SUCCESS,29,29,28,
0.4,178,bot4,fein_margin,0.0,SUCCESS,1,1,30,
0.4,179,bot4,fein_margin,0.0,SUCCESS,19,19,42,
0.4,184,bot4,fein_margin,0.0,GAVE_UP,34,47,27,1
0.4,185,bot4,fein_margin,0.0,SUCCESS,12,10,9,
0.4,186,bot4,fein_margin,0.0,GAVE_UP,5,46,3,
0.4,187,bot4,fein_margin,0.0,SUCCESS,32,32,48,
0.4,200,bot4,fein_margin,0.0,SUCCESS,31,31,44,
0.4,201,bot4,fein_margin,0.0,SUCCESS,24,24,23,
0.4,202,bot4,fein_margin,0.0,SUCCESS,10,10,28,
0.4,203,bot4,fein_margin,0.0,SUCCESS,28,28,38,
0.4,172,bot4,fein_margin,0.0,SUCCESS,45,43,30,
0.4,173,bot4,fein_margin,0.0,SUCCESS,51,43,27,
0.4,174,bot4,fein_margin,0.0,SUCCESS,12,12,23,
0.4,175,bot4,fein_margin,0.0,SUCCESS,18,18,19,
0.4,188,bot4,fein_margin,0.0,SUCCESS,23,23,45,
0.4,189,bot4,fein_margin,0.0,SUCCESS,25,25,54,
0.4,190,bot4,fein_margin,0.0,SUCCESS,48,48,55,
0.4,191,bot4,fein_margin,0.0,SUCCESS,40,40,31,
0.4,180,bot4,fein_margin,0.0,SUCCESS,49,49,45,
0.4,181,bot4,fein_margin,0.0,SUCCESS,24,24,27,
0.4,182,bot4,fein_margin,0.0,SUCCESS,40,40,45,
0.4,183,bot4,fein_margin,0.0,SUCCESS,56,56,48,
0.4,192,bot4,fein_margin,0.0,SUCCESS,18,18,45,
0.4,193,bot4,fein_margin,0.0,BUTTON_BURNED,36,35,17,15
0.4,194,bot4,fein_margin,0.0,SUCCESS,55,55,64,
0.4,195,bot4,fein_margin,0.0,SUCCESS,40,40,23,
0.4,208,bot4,fein_margin,0.0,SUCCESS,43,43,34,
0.4,209,bot4,fein_margin,0.0,SUCCESS,35,35,61,
0.4,210,bot4,fein_margin,0.0,SUCCESS,31,31,36,
0.4,211,bot4,fein_margin,0.0,SUCCESS,6,6,30,
0.4,204,bot4,fein_margin,0.0,SUCCESS,22,22,18,
0.4,205,bot4,fein_margin,0.0,SUCCESS,59,55,33,
0.4,206,bot4,fein_margin,0.0,SUCCESS,29,29,54,
0.4,207,bot4,fein_margin,0.0,SUCCESS,14,14,27,
0.4,212,bot4,fein_margin,0.0,SUCCESS,39,39,50,
0.4,213,bot4,fein_margin,0.0,SUCCESS,35,35,55,
0.4,214,bot4,fein_margin,0.0,SUCCESS,12,12,42,
0.4,215,bot4,fein_margin,0.0,SUCCESS,38,38,21,
0.4,196,bot4,fein_margin,0.0,SUCCESS,15,15,30,
0.4,197,bot4,fein_margin,0.0,SUCCESS,57,51,38,
0.4,198,bot4,fein_margin,0.0,GAVE_UP,49,65,25,
0.4,199,bot4,fein_margin,0.0,SUCCESS,52,52,24,
0.4,216,bot4,fein_margin,0.0,SUCCESS,45,45,24,
0.4,217,bot4,fein_margin,0.0,SUCCESS,21,21,26,
0.4,218,bot4,fein_margin,0.0,SUCCESS,17,17,54,
0.4,219,bot4,fein_margin,0.0,BUTTON_BURNED,63,56,28,47
0.4,220,bot4,fein_margin,0.0,SUCCESS,26,26,48,
0.4,221,bot4,fein_margin,0.0,SUCCESS,51,43,40,
0.4,222,bot4,fein_margin,0.0,SUCCESS,17,17,40,
0.4,223,bot4,fein_margin,0.0,SUCCESS,46,46,42,
0.4,228,bot4,fein_margin,0.0,SUCCESS,37,37,28,
0.4,229,bot4,fein_margin,0.0,SUCCESS,20,20,22,
0.4,230,bot4,fein_margin,0.0,SUCCESS,35,35,43,
0.4,231,bot4,fein_margin,0.0,SUCCESS,26,26,30,
0.4,240,bot4,fein_margin,0.0,SUCCESS,10,10,39,
0.4,241,bot4,fein_margin,0.0,SUCCESS,28,28,17,
0.4,242,bot4,fein_margin,0.0,SUCCESS,30,30,23,
0.4,243,bot4,fein_margin,0.0,GAVE_UP,42,65,19,
0.4,224,bot4,fein_margin,0.0,SUCCESS,48,48,54,
0.4,225,bot4,fein_margin,0.0,SUCCESS,24,24,30,
0.4,226,bot4,fein_margin,0.0,SUCCESS,54,54,35,
0.4,227,bot4,fein_margin,0.0,SUCCESS,44,44,42,
0.4,236,bot4,fein_margin,0.0,SUCCESS,28,28,58,
0.4,237,bot4,fein_margin,0.0,SUCCESS,53,51,48,
0.4,238,bot4,fein_margin,0.0,SUCCESS,24,24,37,
0.4,239,bot4,fein_margin,0.0,SUCCESS,43,43,52,
0.4,256,bot4,fein_margin,0.0,GAVE_UP,9,28,13,
0.4,257,bot4,fein_margin,0.0,SUCCESS,10,10,27,
0.4,258,bot4,fein_margin,0.0,SUCCESS,43,43,45,
0.4,259,bot4,fein_margin,0.0,SUCCESS,5,5,15,
0.4,248,bot4,fein_margin,0.0,SUCCESS,40,40,45,
0.4,249,bot4,fein_margin,0.0,SUCCESS,23,23,34,
0.4,250,bot4,fein_margin,0.0,SUCCESS,30,30,20,
0.4,251,bot4,fein_margin,0.0,SUCCESS,9,9,43,
0.4,244,bot4,fein_margin,0.0,SUCCESS,61,61,35,
0.4,245,bot4,fein_margin,0.0,SUCCESS,19,19,70,
0.4,246,bot4,fein_margin,0.0,GAVE_UP,11,24,11,1
0.4,247,bot4,fein_margin,0.0,SUCCESS,32,32,26,
0.4,260,bot4,fein_margin,0.0,SUCCESS,35,35,59,
0.4,261,bot4,fein_margin,0.0,SUCCESS,34,34,40,
0.4,262,bot4,fein_margin,0.0,SUCCESS,36,36,58,
0.4,263,bot4,fein_margin,0.0,SUCCESS,7,7,51,
0.4,252,bot4,fein_margin,0.0,SUCCESS,34,34,46,
0.4,253,bot4,fein_margin,0.0,BUTTON_BURNED,33,55,18,
0.4,254,bot4,fein_margin,0.0,BUTTON_BURNED,42,32,19,
0.4,255,bot4,fein_margin,0.0,SUCCESS,16,16,23,
0.4,232,bot4,fein_margin,0.0,SUCCESS,42,42,48,
0.4,233,bot4,fein_margin,0.0,SUCCESS,45,45,41,
0.4,234,bot4,fein_margin,0.0,SUCCESS,71,39,35,
0.4,235,bot4,fein_margin,0.0,SUCCESS,29,29,52,
0.4,268,bot4,fein_margin,0.0,SUCCESS,18,18,25,
0.4,269,bot4,fein_margin,0.0,SUCCESS,16,16,52,
0.4,270,bot4,fein_margin,0.0,SUCCESS,58,58,55,
0.4,271,bot4,fein_margin,0.0,SUCCESS,32,32,41,
0.4,272,bot4,fein_margin,0.0,SUCCESS,41,41,32,
0.4,273,bot4,fein_margin,0.0,SUCCESS,19,19,45,
0.4,274,bot4,fein_margin,0.0,SUCCESS,41,41,40,
0.4,275,bot4,fein_margin,0.0,SUCCESS,10,10,12,
0.4,276,bot4,fein_margin,0.0,SUCCESS,42,42,47,
0.4,277,bot4,fein_margin,0.0,SUCCESS,18,18,15,
0.4,278,bot4,fein_margin,0.0,SUCCESS,38,38,27,
0.4,279,bot4,fein_margin,0.0,SUCCESS,20,20,32,
0.4,288,bot4,fein_margin,0.0,SUCCESS,5,5,12,
0.4,289,bot4,fein_margin,0.0,SUCCESS,19,19,51,
0.4,290,bot4,fein_margin,0.0,SUCCESS,63,63,67,
0.4,291,bot4,fein_margin,0.0,SUCCESS,28,28,45,
0.4,284,bot4,fein_margin,0.0,SUCCESS,4,4,41,
0.4,285,bot4,fein_margin,0.0,SUCCESS,39,39,33,
0.4,286,bot4,fein_margin,0.0,SUCCESS,33,33,40,
0.4,287,bot4,fein_margin,0.0,SUCCESS,19,19,18,
0.4,292,bot4,fein_margin,0.0,SUCCESS,18,18,15,
0.4,293,bot4,fein_margin,0.0,SUCCESS,25,25,53,
0.4,294,bot4,fein_margin,0.0,SUCCESS,46,46,34,
0.4,295,bot4,fein_margin,0.0,SUCCESS,32,32,30,
0.4,300,bot4,fein_margin,0.0,SUCCESS,38,38,51,
0.4,301,bot4,fein_margin,0.0,SUCCESS,36,36,29,
0.4,302,bot4,fein_margin,0.0,SUCCESS,7,7,48,
0.4,303,bot4,fein_margin,0.0,SUCCESS,17,17,48,
0.4,280,bot4,fein_margin,0.0,SUCCESS,36,36,30,
0.4,281,bot4,fein_margin,0.0,SUCCESS,32,32,35,
0.4,282,bot4,fein_margin,0.0,SUCCESS,51,51,25,
0.4,283,bot4,fein_margin,0.0,SUCCESS,29,29,18,
0.4,312,bot4,fein_margin,0.0,SUCCESS,13,13,14,
0.4,313,bot4,fein_margin,0.0,SUCCESS,30,30,53,
0.4,314,bot4,fein_margin,0.0,SUCCESS,18,18,40,
0.4,315,bot4,fein_margin,0.0,BUTTON_BURNED,17,23,7,
0.4,316,bot4,fein_margin,0.0,SUCCESS,9,9,37,
0.4,317,bot4,fein_margin,0.0,SUCCESS,6,6,42,
0.4,318,bot4,fein_margin,0.0,SUCCESS,17,17,39,
0.4,319,bot4,fein_margin,0.0,BUTTON_BURNED,23,36,12,7
0.4,264,bot4,fein_margin,0.0,SUCCESS,55,49,33,18
0.4,265,bot4,fein_margin,0.0,BUTTON_BURNED,64,42,27,
0.4,266,bot4,fein_margin,0.0,SUCCESS,34,34,15,
0.4,267,bot4,fein_margin,0.0,SUCCESS,42,42,38,
0.4,296,bot4,fein_margin,0.0,SUCCESS,78,56,45,
0.4,297,bot4,fein_margin,0.0,SUCCESS,49,49,32,
0.4,298,bot4,fein_margin,0.0,SUCCESS,16,16,49,
0.4,299,bot4,fein_margin,0.0,SUCCESS,22,22,17,
0.4,324,bot4,fein_margin,0.0,SUCCESS,37,37,30,
0.4,325,bot4,fein_margin,0.0,SUCCESS,23,23,40,
0.4,326,bot4,fein_margin,0.0,SUCCESS,9,9,50,
0.4,327,bot4,fein_margin,0.0,SUCCESS,38,38,28,
0.4,304,bot4,fein_margin,0.0,BUTTON_BURNED,42,49,21,
0.4,305,bot4,fein_margin,0.0,SUCCESS,20,20,16,
0.4,306,bot4,fein_margin,0.0,SUCCESS,47,47,38,
0.4,307,bot4,fein_margin,0.0,GAVE_UP,16,54,12,
0.4,320,bot4,fein_margin,0.0,SUCCESS,34,34,44,
0.4,321,bot4,fein_margin,0.0,BUTTON_BURNED,1,41,1,
0.4,322,bot4,fein_margin,0.0,GAVE_UP,21,46,12,
0.4,323,bot4,fein_margin,0.0,SUCCESS,44,42,33,
0.4,308,bot4,fein_margin,0.0,BUTTON_BURNED,22,54,11,
0.4,309,bot4,fein_margin,0.0,SUCCESS,50,50,39,
0.4,310,bot4,fein_margin,0.0,SUCCESS,22,22,8,
0.4,311,bot4,fein_margin,0.0,SUCCESS,51,51,49,
0.4,336,bot4,fein_margin,0.0,BUTTON_BURNED,18,33,10,
0.4,337,bot4,fein_margin,0.0,BURNED,45,56,30,27
0.4,338,bot4,fein_margin,0.0,SUCCESS,24,24,51,
0.4,339,bot4,fein_margin,0.0,SUCCESS,13,13,29,
0.4,328,bot4,fein_margin,0.0,SUCCESS,38,38,37,
0.4,329,bot4,fein_margin,0.0,SUCCESS,34,34,45,
0.4,330,bot4,fein_margin,0.0,SUCCESS,42,42,17,
0.4,331,bot4,fein_margin,0.0,SUCCESS,50,50,31,
0.4,348,bot4,fein_margin,0.0,SUCCESS,11,11,25,
0.4,349,bot4,fein_margin,0.0,BUTTON_BURNED,10,24,4,
0.4,350,bot4,fein_margin,0.0,SUCCESS,52,52,51,
0.4,351,bot4,fein_margin,0.0,BUTTON_BURNED,34,47,17,
0.4,344,bot4,fein_margin,0.0,SUCCESS,40,40,50,
0.4,345,bot4,fein_margin,0.0,SUCCESS,25,25,23,
0.4,346,bot4,fein_margin,0.0,SUCCESS,21,21,43,
0.4,347,bot4,fein_margin,0.0,GAVE_UP,32,34,15,
0.4,352,bot4,fein_margin,0.0,SUCCESS,52,52,56,
0.4,353,bot4,fein_margin,0.0,SUCCESS,31,31,42,
0.4,354,bot4,fein_margin,0.0,SUCCESS,11,11,31,
0.4,355,bot4,fein_margin,0.0,SUCCESS,30,30,39,
0.4,356,bot4,fein_margin,0.0,SUCCESS,20,20,39,
0.4,357,bot4,fein_margin,0.0,SUCCESS,27,27,28,
0.4,358,bot4,fein_margin,0.0,SUCCESS,46,44,24,14
0.4,359,bot4,fein_margin,0.0,BUTTON_BURNED,18,46,9,
0.4,332,bot4,fein_margin,0.0,SUCCESS,49,49,52,
0.4,333,bot4,fein_margin,0.0,SUCCESS,6,6,53,
0.4,334,bot4,fein_margin,0.0,SUCCESS,62,56,36,
0.4,335,bot4,fein_margin,0.0,BURNED,36,43,23,
0.4,360,bot4,fein_margin,0.0,SUCCESS,29,29,29,
0.4,361,bot4,fein_margin,0.0,SUCCESS,37,37,55,
0.4,362,bot4,fein_margin,0.0,SUCCESS,21,21,41,
0.4,363,bot4,fein_margin,0.0,BUTTON_BURNED,24,23,11,7
0.4,340,bot4,fein_margin,0.0,GAVE_UP,40,38,20,10
0.4,341,bot4,fein_margin,0.0,GAVE_UP,15,47,8,
0.4,342,bot4,fein_margin,0.0,SUCCESS,53,53,22,
0.4,343,bot4,fein_margin,0.0,SUCCESS,31,31,24,
0.4,388,bot4,fein_margin,0.0,SUCCESS,25,25,46,
0.4,389,bot4,fein_margin,0.0,SUCCESS,12,12,25,
0.4,390,bot4,fein_margin,0.0,SUCCESS,10,10,36,
0.4,391,bot4,fein_margin,0.0,SUCCESS,25,25,41,
0.4,380,bot4,fein_margin,0.0,SUCCESS,45,45,20,
0.4,381,bot4,fein_margin,0.0,SUCCESS,13,13,24,
0.4,382,bot4,fein_margin,0.0,SUCCESS,31,31,33,
0.4,383,bot4,fein_margin,0.0,SUCCESS,9,9,40,
0.4,376,bot4,fein_margin,0.0,BUTTON_BURNED,9,30,5,
0.4,377,bot4,fein_margin,0.0,SUCCESS,8,8,19,
0.4,378,bot4,fein_margin,0.0,GAVE_UP,16,39,18,
0.4,379,bot4,fein_margin,0.0,SUCCESS,52,52,42,
0.4,368,bot4,fein_margin,0.0,SUCCESS,48,48,32,
0.4,369,bot4,fein_margin,0.0,SUCCESS,32,32,31,
0.4,370,bot4,fein_margin,0.0,SUCCESS,23,23,23,
0.4,371,bot4,fein_margin,0.0,SUCCESS,37,37,43,
0.4,372,bot4,fein_margin,0.0,SUCCESS,35,35,35,
0.4,373,bot4,fein_margin,0.0,SUCCESS,53,53,41,
0.4,374,bot4,fein_margin,0.0,SUCCESS,24,24,44,
0.4,375,bot4,fein_margin,0.0,SUCCESS,8,8,46,
0.4,396,bot4,fein_margin,0.0,SUCCESS,10,10,44,
0.4,397,bot4,fein_margin,0.0,SUCCESS,9,9,27,
0.4,398,bot4,fein_margin,0.0,SUCCESS,55,55,40,
0.4,399,bot4,fein_margin,0.0,SUCCESS,9,9,49,
0.4,364,bot4,fein_margin,0.0,SUCCESS,2,2,9,
0.4,365,bot4,fein_margin,0.0,BURNED,61,57,32,
0.4,366,bot4,fein_margin,0.0,GAVE_UP,42,49,27,
0.4,367,bot4,fein_margin,0.0,SUCCESS,13,13,52,
0.4,384,bot4,fein_margin,0.0,SUCCESS,6,6,28,
0.4,385,bot4,fein_margin,0.0,SUCCESS,48,48,48,
0.4,386,bot4,fein_margin,0.0,GAVE_UP,38,47,34,
0.4,387,bot4,fein_margin,0.0,GAVE_UP,36,60,25,
0.4,392,bot4,fein_margin,0.0,SUCCESS,31,23,16,
0.4,393,bot4,fein_margin,0.0,SUCCESS,49,49,34,
0.4,394,bot4,fein_margin,0.0,SUCCESS,33,33,46,
0.4,395,bot4,fein_margin,0.0,SUCCESS,26,26,66,
0.4,416,bot4,fein_margin,0.0,SUCCESS,18,18,40,
0.4,417,bot4,fein_margin,0.0,SUCCESS,5,5,18,
0.4,418,bot4,fein_margin,0.0,SUCCESS,13,13,42,
0.4,419,bot4,fein_margin,0.0,SUCCESS,10,10,43,
0.4,412,bot4,fein_margin,0.0,SUCCESS,21,21,43,
0.4,413,bot4,fein_margin,0.0,SUCCESS,13,13,31,
0.4,414,bot4,fein_margin,0.0,BUTTON_BURNED,34,34,21,22
0.4,415,bot4,fein_margin,0.0,SUCCESS,13,13,40,
0.4,400,bot4,fein_margin,0.0,SUCCESS,39,39,37,
0.4,401,bot4,fein_margin,0.0,SUCCESS,37,37,48,
0.4,402,bot4,fein_margin,0.0,SUCCESS,25,25,16,
0.4,403,bot4,fein_margin,0.0,GAVE_UP,21,37,7,15
0.4,428,bot4,fein_margin,0.0,SUCCESS,5,5,65,
0.4,429,bot4,fein_margin,0.0,SUCCESS,20,20,21,
0.4,430,bot4,fein_margin,0.0,SUCCESS,22,22,12,
0.4,431,bot4,fein_margin,0.0,SUCCESS,5,5,40,
0.4,404,bot4,fein_margin,0.0,SUCCESS,41,41,43,
0.4,405,bot4,fein_margin,0.0,SUCCESS,35,35,32,
0.4,406,bot4,fein_margin,0.0,SUCCESS,45,45,51,
0.4,407,bot4,fein_margin,0.0,SUCCESS,30,30,46,
0.4,420,bot4,fein_margin,0.0,SUCCESS,28,28,30,
0.4,421,bot4,fein_margin,0.0,BUTTON_BURNED,32,47,10,
0.4,422,bot4,fein_margin,0.0,SUCCESS,7,7,24,
0.4,423,bot4,fein_margin,0.0,SUCCESS,42,42,42,
0.4,408,bot4,fein_margin,0.0,SUCCESS,58,58,52,
0.4,409,bot4,fein_margin,0.0,SUCCESS,26,26,19,
0.4,410,bot4,fein_margin,0.0,SUCCESS,46,46,54,
0.4,411,bot4,fein_margin,0.0,GAVE_UP,19,28,13,
0.4,436,bot4,fein_margin,0.0,SUCCESS,23,23,31,
0.4,437,bot4,fein_margin,0.0,SUCCESS,20,20,62,
0.4,438,bot4,fein_margin,0.0,SUCCESS,30,30,25,
0.4,439,bot4,fein_margin,0.0,SUCCESS,61,61,49,
0.4,440,bot4,fein_margin,0.0,SUCCESS,12,12,36,
0.4,441,bot4,fein_margin,0.0,SUCCESS,23,23,24,
0.4,442,bot4,fein_margin,0.0,GAVE_UP,21,40,17,
0.4,443,bot4,fein_margin,0.0,BURNED,27,28,16,
0.4,444,bot4,fein_margin,0.0,SUCCESS,24,24,48,
0.4,445,bot4,fein_margin,0.0,SUCCESS,14,14,21,
0.4,446,bot4,fein_margin,0.0,SUCCESS,35,35,63,
0.4,447,bot4,fein_margin,0.0,BUTTON_BURNED,30,45,16,
0.4,448,bot4,fein_margin,0.0,SUCCESS,53,53,61,
0.4,449,bot4,fein_margin,0.0,SUCCESS,38,38,48,
0.4,450,bot4,fein_margin,0.0,SUCCESS,18,18,14,
0.4,451,bot4,fein_margin,0.0,SUCCESS,30,30,56,
0.4,432,bot4,fein_margin,0.0,GAVE_UP,37,49,21,
0.4,433,bot4,fein_margin,0.0,SUCCESS,19,19,16,
0.4,434,bot4,fein_margin,0.0,SUCCESS,35,31,25,7
0.4,435,bot4,fein_margin,0.0,BUTTON_BURNED,44,52,16,35
0.4,464,bot4,fein_margin,0.0,SUCCESS,49,49,42,
0.4,465,bot4,fein_margin,0.0,SUCCESS,15,15,51,
0.4,466,bot4,fein_margin,0.0,GAVE_UP,27,31,12,
0.4,467,bot4,fein_margin,0.0,SUCCESS,17,17,13,
0.4,456,bot4,fein_margin,0.0,SUCCESS,17,17,13,
0.4,457,bot4,fein_margin,0.0,GAVE_UP,37,37,18,5
0.4,458,bot4,fein_margin,0.0,SUCCESS,36,36,40,
0.4,459,bot4,fein_margin,0.0,BURNED,23,34,22,
0.4,424,bot4,fein_margin,0.0,SUCCESS,60,60,39,
0.4,425,bot4,fein_margin,0.0,SUCCESS,37,37,33,
0.4,426,bot4,fein_margin,0.0,GAVE_UP,26,42,16,18
0.4,427,bot4,fein_margin,0.0,SUCCESS,55,55,40,
0.4,468,bot4,fein_margin,0.0,BUTTON_BURNED,25,37,12,
0.4,469,bot4,fein_margin,0.0,SUCCESS,37,37,20,
0.4,470,bot4,fein_margin,0.0,SUCCESS,20,20,25,
0.4,471,bot4,fein_margin,0.0,SUCCESS,46,46,30,
0.4,452,bot4,fein_margin,0.0,BUTTON_BURNED,34,39,17,
0.4,453,bot4,fein_margin,0.0,SUCCESS,26,26,17,
0.4,454,bot4,fein_margin,0.0,SUCCESS,36,36,40,
0.4,455,bot4,fein_margin,0.0,SUCCESS,56,54,41,
0.4,460,bot4,fein_margin,0.0,SUCCESS,24,24,34,
0.4,461,bot4,fein_margin,0.0,BUTTON_BURNED,37,40,19,
0.4,462,bot4,fein_margin,0.0,BUTTON_BURNED,46,46,17,42
0.4,463,bot4,fein_margin,0.0,GAVE_UP,2,15,5,
0.4,476,bot4,fein_margin,0.0,SUCCESS,28,28,34,
0.4,477,bot4,fein_margin,0.0,SUCCESS,21,21,32,
0.4,478,bot4,fein_margin,0.0,SUCCESS,29,29,27,
0.4,479,bot4,fein_margin,0.0,SUCCESS,46,46,60,
0.4,472,bot4,fein_margin,0.0,GAVE_UP,38,24,18,
0.4,473,bot4,fein_margin,0.0,SUCCESS,23,23,24,
0.4,474,bot4,fein_margin,0.0,SUCCESS,35,35,28,
0.4,475,bot4,fein_margin,0.0,SUCCESS,49,49,48,
0.4,480,bot4,fein_margin,0.0,SUCCESS,45,43,29,
0.4,481,bot4,fein_margin,0.0,SUCCESS,39,39,40,
0.4,482,bot4,fein_margin,0.0,SUCCESS,16,16,53,
0.4,483,bot4,fein_margin,0.0,SUCCESS,25,25,48,
0.4,484,bot4,fein_margin,0.0,SUCCESS,41,41,53,
0.4,485,bot4,fein_margin,0.0,SUCCESS,19,19,32,
0.4,486,bot4,fein_margin,0.0,SUCCESS,19,19,13,
0.4,487,bot4,fein_margin,0.0,SUCCESS,31,31,29,
0.4,488,bot4,fein_margin,0.0,GAVE_UP,31,45,15,3
0.4,489,bot4,fein_margin,0.0,SUCCESS,30,30,55,
0.4,490,bot4,fein_margin,0.0,SUCCESS,19,19,19,
0.4,491,bot4,fein_margin,0.0,SUCCESS,8,8,13,
0.5,0,bot4,fein_margin,0.0,SUCCESS,17,17,39,
0.5,1,bot4,fein_margin,0.0,SUCCESS,14,14,68,
0.5,2,bot4,fein_margin,0.0,SUCCESS,35,35,29,
0.5,3,bot4,fein_margin,0.0,SUCCESS,24,24,22,
0.5,12,bot4,fein_margin,0.0,SUCCESS,30,30,24,
0.5,13,bot4,fein_margin,0.0,SUCCESS,16,16,62,
0.5,14,bot4,fein_margin,0.0,SUCCESS,28,28,49,
0.5,15,bot4,fein_margin,0.0,SUCCESS,13,13,30,
0.4,492,bot4,fein_margin,0.0,SUCCESS,47,47,58,
0.4,493,bot4,fein_margin,0.0,SUCCESS,44,44,48,
0.4,494,bot4,fein_margin,0.0,SUCCESS,15,15,31,
0.4,495,bot4,fein_margin,0.0,SUCCESS,15,15,23,
0.5,4,bot4,fein_margin,0.0,BURNED,28,41,26,1
0.5,5,bot4,fein_margin,0.0,SUCCESS,24,24,19,
0.5,6,bot4,fein_margin,0.0,SUCCESS,5,5,19,
0.5,7,bot4,fein_margin,0.0,SUCCESS,29,27,20,
0.5,20,bot4,fein_margin,0.0,BUTTON_BURNED,31,43,16,4
0.5,21,bot4,fein_margin,0.0,SUCCESS,17,17,55,
0.5,22,bot4,fein_margin,0.0,SUCCESS,15,15,33,
0.5,23,bot4,fein_margin,0.0,SUCCESS,33,33,41,
0.4,496,bot4,fein_margin,0.0,SUCCESS,43,43,28,
0.4,497,bot4,fein_margin,0.0,SUCCESS,24,24,39,
0.4,498,bot4,fein_margin,0.0,GAVE_UP,33,54,20,
0.4,499,bot4,fein_margin,0.0,SUCCESS,53,53,47,
0.5,32,bot4,fein_margin,0.0,SUCCESS,13,13,24,
0.5,33,bot4,fein_margin,0.0,BUTTON_BURNED,12,31,7,
0.5,34,bot4,fein_margin,0.0,BUTTON_BURNED,16,39,9,
0.5,35,bot4,fein_margin,0.0,SUCCESS,38,38,45,
0.5,8,bot4,fein_margin,0.0,SUCCESS,25,25,43,
0.5,9,bot4,fein_margin,0.0,BURNED,15,39,20,1
0.5,10,bot4,fein_margin,0.0,SUCCESS,41,41,33,
0.5,11,bot4,fein_margin,0.0,SUCCESS,52,48,31,
0.5,24,bot4,fein_margin,0.0,GAVE_UP,54,65,27,
0.5,25,bot4,fein_margin,0.0,SUCCESS,36,36,49,
0.5,26,bot4,fein_margin,0.0,SUCCESS,22,22,59,
0.5,27,bot4,fein_margin,0.0,SUCCESS,23,23,41,
0.5,16,bot4,fein_margin,0.0,SUCCESS,35,35,57,
0.5,17,bot4,fein_margin,0.0,SUCCESS,19,19,22,
0.5,18,bot4,fein_margin,0.0,SUCCESS,64,64,58,
0.5,19,bot4,fein_margin,0.0,SUCCESS,49,49,33,
0.5,48,bot4,fein_margin,0.0,SUCCESS,17,17,37,
0.5,49,bot4,fein_margin,0.0,SUCCESS,3,3,29,
0.5,50,bot4,fein_margin,0.0,SUCCESS,32,32,48,
0.5,51,bot4,fein_margin,0.0,SUCCESS,31,31,40,
0.5,28,bot4,fein_margin,0.0,SUCCESS,20,20,23,
0.5,29,bot4,fein_margin,0.0,GAVE_UP,6,41,7,
0.5,30,bot4,fein_margin,0.0,BUTTON_BURNED,26,41,14,
0.5,31,bot4,fein_margin,0.0,SUCCESS,68,68,44,
0.5,52,bot4,fein_margin,0.0,SUCCESS,25,25,27,
0.5,53,bot4,fein_margin,0.0,SUCCESS,36,36,39,
0.5,54,bot4,fein_margin,0.0,SUCCESS,51,51,39,
0.5,55,bot4,fein_margin,0.0,SUCCESS,5,5,31,
0.5,36,bot4,fein_margin,0.0,SUCCESS,19,19,39,
0.5,37,bot4,fein_margin,0.0,GAVE_UP,38,54,26,24
0.5,38,bot4,fein_margin,0.0,SUCCESS,37,37,35,
0.5,39,bot4,fein_margin,0.0,SUCCESS,60,60,46,
0.5,60,bot4,fein_margin,0.0,SUCCESS,38,38,48,
0.5,61,bot4,fein_margin,0.0,SUCCESS,11,11,36,
0.5,62,bot4,fein_margin,0.0,BUTTON_BURNED,25,24,14,
0.5,63,bot4,fein_margin,0.0,BUTTON_BURNED,7,28,3,1
0.5,68,bot4,fein_margin,0.0,SUCCESS,3,3,13,
0.5,69,bot4,fein_margin,0.0,SUCCESS,24,24,24,
0.5,70,bot4,fein_margin,0.0,SUCCESS,24,24,23,
0.5,71,bot4,fein_margin,0.0,GAVE_UP,20,46,13,
0.5,44,bot4,fein_margin,0.0,SUCCESS,49,49,51,
0.5,45,bot4,fein_margin,0.0,SUCCESS,34,34,37,
0.5,46,bot4,fein_margin,0.0,SUCCESS,22,22,33,
0.5,47,bot4,fein_margin,0.0,GAVE_UP,38,48,25,7
0.5,56,bot4,fein_margin,0.0,BUTTON_BURNED,13,54,7,
0.5,57,bot4,fein_margin,0.0,SUCCESS,20,20,26,
0.5,58,bot4,fein_margin,0.0,BUTTON_BURNED,17,47,12,
0.5,59,bot4,fein_margin,0.0,SUCCESS,56,52,44,
0.5,40,bot4,fein_margin,0.0,SUCCESS,54,54,34,
0.5,41,bot4,fein_margin,0.0,GAVE_UP,36,26,18,
0.5,42,bot4,fein_margin,0.0,SUCCESS,27,27,73,
0.5,43,bot4,fein_margin,0.0,SUCCESS,49,49,26,
0.5,64,bot4,fein_margin,0.0,SUCCESS,56,56,60,
0.5,65,bot4,fein_margin,0.0,SUCCESS,2,2,58,
0.5,66,bot4,fein_margin,0.0,GAVE_UP,43,48,28,
0.5,67,bot4,fein_margin,0.0,SUCCESS,27,27,61,
0.5,84,bot4,fein_margin,0.0,BUTTON_BURNED,32,40,14,
0.5,85,bot4,fein_margin,0.0,SUCCESS,29,29,47,
0.5,86,bot4,fein_margin,0.0,SUCCESS,16,16,47,
0.5,87,bot4,fein_margin,0.0,SUCCESS,40,40,38,
0.5,76,bot4,fein_margin,0.0,SUCCESS,39,39,50,
0.5,77,bot4,fein_margin,0.0,BUTTON_BURNED,8,34,6,1
0.5,78,bot4,fein_margin,0.0,SUCCESS,53,51,48,
0.5,79,bot4,fein_margin,0.0,BUTTON_BURNED,17,18,10,
0.5,96,bot4,fein_margin,0.0,GAVE_UP,23,53,20,
0.5,97,bot4,fein_margin,0.0,SUCCESS,13,13,14,
0.5,98,bot4,fein_margin,0.0,SUCCESS,28,28,27,
0.5,99,bot4,fein_margin,0.0,SUCCESS,26,26,52,
0.5,72,bot4,fein_margin,0.0,BUTTON_BURNED,29,30,22,
0.5,73,bot4,fein_margin,0.0,SUCCESS,45,45,62,
0.5,74,bot4,fein_margin,0.0,SUCCESS,30,30,43,
0.5,75,bot4,fein_margin,0.0,SUCCESS,31,31,21,
0.5,92,bot4,fein_margin,0.0,GAVE_UP,23,46,37,10
0.5,93,bot4,fein_margin,0.0,SUCCESS,38,38,42,
0.5,94,bot4,fein_margin,0.0,SUCCESS,21,21,30,
0.5,95,bot4,fein_margin,0.0,SUCCESS,46,46,38,
0.5,88,bot4,fein_margin,0.0,BUTTON_BURNED,22,55,13,
0.5,89,bot4,fein_margin,0.0,BUTTON_BURNED,53,50,32,2
0.5,90,bot4,fein_margin,0.0,GAVE_UP,32,51,40,1
0.5,91,bot4,fein_margin,0.0,SUCCESS,23,23,48,
0.5,80,bot4,fein_margin,0.0,BUTTON_BURNED,52,57,31,
0.5,81,bot4,fein_margin,0.0,SUCCESS,43,43,56,
0.5,82,bot4,fein_margin,0.0,BURNED,33,43,19,
0.5,83,bot4,fein_margin,0.0,SUCCESS,45,43,39,
0.5,104,bot4,fein_margin,0.0,SUCCESS,24,24,32,
0.5,105,bot4,fein_margin,0.0,SUCCESS,47,47,33,
0.5,106,bot4,fein_margin,0.0,BUTTON_BURNED,16,41,10,
0.5,107,bot4,fein_margin,0.0,GAVE_UP,30,40,24,1
0.5,100,bot4,fein_margin,0.0,BUTTON_BURNED,38,36,16,
0.5,101,bot4,fein_margin,0.0,SUCCESS,46,46,47,
0.5,102,bot4,fein_margin,0.0,SUCCESS,48,48,38,
0.5,103,bot4,fein_margin,0.0,GAVE_UP,13,68,9,
0.5,112,bot4,fein_margin,0.0,SUCCESS,7,7,9,
0.5,113,bot4,fein_margin,0.0,BUTTON_BURNED,21,23,13,
0.5,114,bot4,fein_margin,0.0,SUCCESS,27,27,31,
0.5,115,bot4,fein_margin,0.0,SUCCESS,48,48,49,
0.5,108,bot4,fein_margin,0.0,SUCCESS,47,47,45,
0.5,109,bot4,fein_margin,0.0,SUCCESS,5,5,18,
0.5,110,bot4,fein_margin,0.0,SUCCESS,28,28,39,
0.5,111,bot4,fein_margin,0.0,GAVE_UP,43,57,31,40
0.5,124,bot4,fein_margin,0.0,SUCCESS,17,17,36,
0.5,125,bot4,fein_margin,0.0,SUCCESS,31,31,28,
0.5,126,bot4,fein_margin,0.0,BURNED,10,39,37,5
0.5,127,bot4,fein_margin,0.0,GAVE_UP,23,28,11,
0.5,116,bot4,fein_margin,0.0,SUCCESS,9,9,34,
0.5,117,bot4,fein_margin,0.0,SUCCESS,31,31,39,
0.5,118,bot4,fein_margin,0.0,SUCCESS,37,37,31,
0.5,119,bot4,fein_margin,0.0,SUCCESS,65,65,59,
0.5,128,bot4,fein_margin,0.0,SUCCESS,39,39,35,
0.5,129,bot4,fein_margin,0.0,GAVE_UP,4,56,4,
0.5,130,bot4,fein_margin,0.0,SUCCESS,41,41,46,
0.5,131,bot4,fein_margin,0.0,SUCCESS,34,34,22,
0.5,120,bot4,fein_margin,0.0,SUCCESS,56,46,32,32
0.5,121,bot4,fein_margin,0.0,SUCCESS,27,27,19,
0.5,122,bot4,fein_margin,0.0,SUCCESS,7,7,56,
0.5,123,bot4,fein_margin,0.0,SUCCESS,31,31,35,
0.5,140,bot4,fein_margin,0.0,GAVE_UP,27,35,19,1
0.5,141,bot4,fein_margin,0.0,SUCCESS,20,20,29,
0.5,142,bot4,fein_margin,0.0,SUCCESS,6,6,10,
0.5,143,bot4,fein_margin,0.0,SUCCESS,32,32,37,
0.5,148,bot4,fein_margin,0.0,SUCCESS,33,33,29,
0.5,149,bot4,fein_margin,0.0,SUCCESS,1,1,30,
0.5,150,bot4,fein_margin,0.0,SUCCESS,9,9,39,
0.5,151,bot4,fein_margin,0.0,SUCCESS,22,22,32,
0.5,132,bot4,fein_margin,0.0,SUCCESS,44,44,35,
0.5,133,bot4,fein_margin,0.0,SUCCESS,53,53,49,
0.5,134,bot4,fein_margin,0.0,SUCCESS,15,15,39,
0.5,135,bot4,fein_margin,0.0,SUCCESS,9,9,29,
0.5,160,bot4,fein_margin,0.0,SUCCESS,19,19,38,
0.5,161,bot4,fein_margin,0.0,BUTTON_BURNED,15,16,10,
0.5,162,bot4,fein_margin,0.0,SUCCESS,3,3,15,
0.5,163,bot4,fein_margin,0.0,SUCCESS,11,11,55,
0.5,144,bot4,fein_margin,0.0,BUTTON_BURNED,9,29,5,2
0.5,145,bot4,fein_margin,0.0,SUCCESS,49,49,37,
0.5,146,bot4,fein_margin,0.0,SUCCESS,29,29,51,
0.5,147,bot4,fein_margin,0.0,SUCCESS,11,11,33,
0.5,164,bot4,fein_margin,0.0,SUCCESS,30,30,35,
0.5,165,bot4,fein_margin,0.0,SUCCESS,23,23,42,
0.5,166,bot4,fein_margin,0.0,SUCCESS,6,6,18,
0.5,167,bot4,fein_margin,0.0,SUCCESS,30,30,32,
0.5,156,bot4,fein_margin,0.0,GAVE_UP,9,28,7,1
0.5,157,bot4,fein_margin,0.0,SUCCESS,12,12,40,
0.5,158,bot4,fein_margin,0.0,SUCCESS,33,33,31,
0.5,159,bot4,fein_margin,0.0,GAVE_UP,36,40,25,
0.5,152,bot4,fein_margin,0.0,GAVE_UP,53,63,36,
0.5,153,bot4,fein_margin,0.0,BUTTON_BURNED,9,30,5,
0.5,154,bot4,fein_margin,0.0,GAVE_UP,13,56,8,
0.5,155,bot4,fein_margin,0.0,SUCCESS,15,15,20,
0.5,136,bot4,fein_margin,0.0,SUCCESS,47,47,47,
0.5,137,bot4,fein_margin,0.0,BUTTON_BURNED,38,33,15,1
0.5,138,bot4,fein_margin,0.0,SUCCESS,20,20,57,
0.5,139,bot4,fein_margin,0.0,SUCCESS,41,41,45,
0.5,176,bot4,fein_margin,0.0,GAVE_UP,16,46,12,
0.5,177,bot4,fein_margin,0.0,SUCCESS,29,29,28,
0.5,178,bot4,fein_margin,0.0,SUCCESS,1,1,30,
0.5,179,bot4,fein_margin,0.0,SUCCESS,19,19,42,
0.5,168,bot4,fein_margin,0.0,SUCCESS,9,9,19,
0.5,169,bot4,fein_margin,0.0,SUCCESS,30,30,20,
0.5,170,bot4,fein_margin,0.0,SUCCESS,11,11,33,
0.5,171,bot4,fein_margin,0.0,SUCCESS,42,42,40,
0.5,184,bot4,fein_margin,0.0,GAVE_UP,32,47,27,1
0.5,185,bot4,fein_margin,0.0,BURNED,8,10,9,
0.5,186,bot4,fein_margin,0.0,GAVE_UP,4,46,3,
0.5,187,bot4,fein_margin,0.0,SUCCESS,32,32,48,
0.5,200,bot4,fein_margin,0.0,SUCCESS,31,31,44,
0.5,201,bot4,fein_margin,0.0,SUCCESS,24,24,23,
0.5,202,bot4,fein_margin,0.0,SUCCESS,10,10,28,
0.5,203,bot4,fein_margin,0.0,SUCCESS,28,28,38,
0.5,172,bot4,fein_margin,0.0,GAVE_UP,44,43,30,
0.5,173,bot4,fein_margin,0.0,BUTTON_BURNED,48,43,27,32
0.5,174,bot4,fein_margin,0.0,SUCCESS,12,12,23,
0.5,175,bot4,fein_margin,0.0,SUCCESS,18,18,19,
0.5,188,bot4,fein_margin,0.0,SUCCESS,23,23,45,
0.5,189,bot4,fein_margin,0.0,SUCCESS,25,25,54,
0.5,190,bot4,fein_margin,0.0,SUCCESS,48,48,55,
0.5,191,bot4,fein_margin,0.0,SUCCESS,40,40,31,
0.5,180,bot4,fein_margin,0.0,SUCCESS,49,49,45,
0.5,181,bot4,fein_margin,0.0,SUCCESS,24,24,27,
0.5,182,bot4,fein_margin,0.0,SUCCESS,40,40,45,
0.5,183,bot4,fein_margin,0.0,SUCCESS,56,56,48,
0.5,192,bot4,fein_margin,0.0,SUCCESS,18,18,45,
0.5,193,bot4,fein_margin,0.0,GAVE_UP,18,35,17,6
0.5,194,bot4,fein_margin,0.0,SUCCESS,55,55,64,
0.5,195,bot4,fein_margin,0.0,SUCCESS,44,40,23,
0.5,212,bot4,fein_margin,0.0,SUCCESS,39,39,50,
0.5,213,bot4,fein_margin,0.0,SUCCESS,35,35,55,
0.5,214,bot4,fein_margin,0.0,SUCCESS,12,12,42,
0.5,215,bot4,fein_margin,0.0,SUCCESS,38,38,21,
0.5,208,bot4,fein_margin,0.0,SUCCESS,43,43,34,
0.5,209,bot4,fein_margin,0.0,SUCCESS,35,35,61,
0.5,210,bot4,fein_margin,0.0,SUCCESS,31,31,36,
0.5,211,bot4,fein_margin,0.0,SUCCESS,6,6,30,
0.5,204,bot4,fein_margin,0.0,SUCCESS,22,22,18,
0.5,205,bot4,fein_margin,0.0,SUCCESS,59,55,33,
0.5,206,bot4,fein_margin,0.0,SUCCESS,29,29,54,
0.5,207,bot4,fein_margin,0.0,SUCCESS,14,14,27,
0.5,196,bot4,fein_margin,0.0,SUCCESS,15,15,30,
0.5,197,bot4,fein_margin,0.0,SUCCESS,57,51,38,
0.5,198,bot4,fein_margin,0.0,GAVE_UP,41,65,25,31
0.5,199,bot4,fein_margin,0.0,BUTTON_BURNED,50,52,24,
0.5,216,bot4,fein_margin,0.0,BUTTON_BURNED,36,45,24,31
0.5,217,bot4,fein_margin,0.0,SUCCESS,21,21,26,
0.5,218,bot4,fein_margin,0.0,SUCCESS,17,17,54,
0.5,219,bot4,fein_margin,0.0,BUTTON_BURNED,44,56,28,
0.5,228,bot4,fein_margin,0.0,SUCCESS,37,37,28,15
0.5,229,bot4,fein_margin,0.0,SUCCESS,20,20,22,
0.5,230,bot4,fein_margin,0.0,SUCCESS,35,35,43,
0.5,231,bot4,fein_margin,0.0,SUCCESS,26,26,30,
0.5,240,bot4,fein_margin,0.0,SUCCESS,10,10,39,
0.5,241,bot4,fein_margin,0.0,BUTTON_BURNED,22,28,17,
0.5,242,bot4,fein_margin,0.0,SUCCESS,30,30,23,
0.5,243,bot4,fein_margin,0.0,BUTTON_BURNED,35,65,19,
0.5,220,bot4,fein_margin,0.0,SUCCESS,26,26,48,
0.5,221,bot4,fein_margin,0.0,SUCCESS,51,43,40,
0.5,222,bot4,fein_margin,0.0,SUCCESS,17,17,40,
0.5,223,bot4,fein_margin,0.0,SUCCESS,46,46,42,
0.5,248,bot4,fein_margin,0.0,SUCCESS,40,40,45,
0.5,249,bot4,fein_margin,0.0,SUCCESS,23,23,34,
0.5,250,bot4,fein_margin,0.0,BUTTON_BURNED,30,30,20,
0.5,251,bot4,fein_margin,0.0,SUCCESS,9,9,43,
0.5,236,bot4,fein_margin,0.0,SUCCESS,28,28,58,
0.5,237,bot4,fein_margin,0.0,SUCCESS,53,51,48,
0.5,238,bot4,fein_margin,0.0,SUCCESS,24,24,37,
0.5,239,bot4,fein_margin,0.0,SUCCESS,43,43,52,
0.5,224,bot4,fein_margin,0.0,SUCCESS,48,48,54,
0.5,225,bot4,fein_margin,0.0,SUCCESS,24,24,30,
0.5,226,bot4,fein_margin,0.0,SUCCESS,54,54,35,
0.5,227,bot4,fein_margin,0.0,SUCCESS,44,44,42,
0.5,256,bot4,fein_margin,0.0,GAVE_UP,9,28,13,
0.5,257,bot4,fein_margin,0.0,SUCCESS,10,10,27,
0.5,258,bot4,fein_margin,0.0,SUCCESS,43,43,45,
0.5,259,bot4,fein_margin,0.0,SUCCESS,5,5,15,
0.5,244,bot4,fein_margin,0.0,BURNED,60,61,35,41
0.5,245,bot4,fein_margin,0.0,SUCCESS,19,19,70,
0.5,246,bot4,fein_margin,0.0,GAVE_UP,10,24,11,
0.5,247,bot4,fein_margin,0.0,SUCCESS,32,32,26,
0.5,232,bot4,fein_margin,0.0,SUCCESS,42,42,48,
0.5,233,bot4,fein_margin,0.0,SUCCESS,45,45,41,
0.5,234,bot4,fein_margin,0.0,GAVE_UP,55,39,35,
0.5,235,bot4,fein_margin,0.0,SUCCESS,29,29,52,
0.5,260,bot4,fein_margin,0.0,SUCCESS,35,35,59,
0.5,261,bot4,fein_margin,0.0,SUCCESS,34,34,40,
0.5,262,bot4,fein_margin,0.0,SUCCESS,36,36,58,
0.5,263,bot4,fein_margin,0.0,SUCCESS,7,7,51,
0.5,252,bot4,fein_margin,0.0,SUCCESS,34,34,46,
0.5,253,bot4,fein_margin,0.0,BUTTON_BURNED,41,55,18,
0.5,254,bot4,fein_margin,0.0,BUTTON_BURNED,30,32,19,
0.5,255,bot4,fein_margin,0.0,SUCCESS,16,16,23,
0.5,272,bot4,fein_margin,0.0,SUCCESS,41,41,32,
0.5,273,bot4,fein_margin,0.0,SUCCESS,19,19,45,
0.5,274,bot4,fein_margin,0.0,SUCCESS,41,41,40,
0.5,275,bot4,fein_margin,0.0,SUCCESS,10,10,12,
0.5,268,bot4,fein_margin,0.0,SUCCESS,18,18,25,
0.5,269,bot4,fein_margin,0.0,SUCCESS,16,16,52,
0.5,270,bot4,fein_margin,0.0,SUCCESS,66,58,55,
0.5,271,bot4,fein_margin,0.0,SUCCESS,32,32,41,
0.5,276,bot4,fein_margin,0.0,SUCCESS,42,42,47,
0.5,277,bot4,fein_margin,0.0,SUCCESS,18,18,15,
0.5,278,bot4,fein_margin,0.0,BURNED,37,38,27,
0.5,279,bot4,fein_margin,0.0,SUCCESS,20,20,32,
0.5,288,bot4,fein_margin,0.0,SUCCESS,5,5,12,
0.5,289,bot4,fein_margin,0.0,SUCCESS,19,19,51,
0.5,290,bot4,fein_margin,0.0,SUCCESS,63,63,67,
0.5,291,bot4,fein_margin,0.0,SUCCESS,28,28,45,
0.5,292,bot4,fein_margin,0.0,SUCCESS,18,18,15,
0.5,293,bot4,fein_margin,0.0,SUCCESS,25,25,53,
0.5,294,bot4,fein_margin,0.0,SUCCESS,46,46,34,
0.5,295,bot4,fein_margin,0.0,SUCCESS,32,32,30,
0.5,280,bot4,fein_margin,0.0,BURNED,26,36,30,22
0.5,281,bot4,fein_margin,0.0,SUCCESS,32,32,35,
0.5,282,bot4,fein_margin,0.0,GAVE_UP,43,51,25,40
0.5,283,bot4,fein_margin,0.0,SUCCESS,29,29,18,
0.5,300,bot4,fein_margin,0.0,SUCCESS,38,38,51,
0.5,301,bot4,fein_margin,0.0,SUCCESS,36,36,29,
0.5,302,bot4,fein_margin,0.0,SUCCESS,7,7,48,
0.5,303,bot4,fein_margin,0.0,SUCCESS,17,17,48,
0.5,284,bot4,fein_margin,0.0,SUCCESS,4,4,41,
0.5,285,bot4,fein_margin,0.0,SUCCESS,47,39,33,
0.5,286,bot4,fein_margin,0.0,SUCCESS,33,33,40,
0.5,287,bot4,fein_margin,0.0,SUCCESS,19,19,18,
0.5,264,bot4,fein_margin,0.0,GAVE_UP,35,49,33,
0.5,265,bot4,fein_margin,0.0,BUTTON_BURNED,63,42,27,
0.5,266,bot4,fein_margin,0.0,BUTTON_BURNED,31,34,15,
0.5,267,bot4,fein_margin,0.0,SUCCESS,42,42,38,
0.5,312,bot4,fein_margin,0.0,SUCCESS,13,13,14,
0.5,313,bot4,fein_margin,0.0,SUCCESS,30,30,53,
0.5,314,bot4,fein_margin,0.0,SUCCESS,18,18,40,
0.5,315,bot4,fein_margin,0.0,BUTTON_BURNED,13,23,7,
0.5,316,bot4,fein_margin,0.0,SUCCESS,9,9,37,
0.5,317,bot4,fein_margin,0.0,SUCCESS,6,6,42,
0.5,318,bot4,fein_margin,0.0,SUCCESS,17,17,39,
0.5,319,bot4,fein_margin,0.0,GAVE_UP,16,36,12,3
0.5,304,bot4,fein_margin,0.0,BUTTON_BURNED,39,49,21,
0.5,305,bot4,fein_margin,0.0,SUCCESS,20,20,16,
0.5,306,bot4,fein_margin,0.0,SUCCESS,47,47,38,
0.5,307,bot4,fein_margin,0.0,GAVE_UP,10,54,12,
0.5,296,bot4,fein_margin,0.0,SUCCESS,78,56,45,
0.5,297,bot4,fein_margin,0.0,GAVE_UP,48,49,32,29
0.5,298,bot4,fein_margin,0.0,SUCCESS,16,16,49,
0.5,299,bot4,fein_margin,0.0,SUCCESS,22,22,17,
0.5,324,bot4,fein_margin,0.0,SUCCESS,41,37,30,19
0.5,325,bot4,fein_margin,0.0,SUCCESS,23,23,40,
0.5,326,bot4,fein_margin,0.0,SUCCESS,9,9,50,
0.5,327,bot4,fein_margin,0.0,SUCCESS,44,38,28,
0.5,320,bot4,fein_margin,0.0,SUCCESS,34,34,44,
0.5,321,bot4,fein_margin,0.0,BUTTON_BURNED,1,41,1,
0.5,322,bot4,fein_margin,0.0,GAVE_UP,19,46,12,
0.5,323,bot4,fein_margin,0.0,SUCCESS,46,42,33,
0.5,308,bot4,fein_margin,0.0,BUTTON_BURNED,31,54,11,
0.5,309,bot4,fein_margin,0.0,SUCCESS,50,50,39,
0.5,310,bot4,fein_margin,0.0,BUTTON_BURNED,18,22,8,
0.5,311,bot4,fein_margin,0.0,SUCCESS,51,51,49,
0.5,328,bot4,fein_margin,0.0,SUCCESS,38,38,37,
0.5,329,bot4,fein_margin,0.0,SUCCESS,34,34,45,
0.5,330,bot4,fein_margin,0.0,BUTTON_BURNED,34,42,17,
0.5,331,bot4,fein_margin,0.0,BURNED,46,50,31,
0.5,336,bot4,fein_margin,0.0,BUTTON_BURNED,20,33,10,
0.5,337,bot4,fein_margin,0.0,GAVE_UP,60,56,30,24
0.5,338,bot4,fein_margin,0.0,SUCCESS,24,24,51,
0.5,339,bot4,fein_margin,0.0,SUCCESS,13,13,29,
0.5,332,bot4,fein_margin,0.0,SUCCESS,49,49,52,
0.5,333,bot4,fein_margin,0.0,SUCCESS,6,6,53,
0.5,334,bot4,fein_margin,0.0,GAVE_UP,49,56,36,
0.5,335,bot4,fein_margin,0.0,SUCCESS,43,43,23,
0.5,352,bot4,fein_margin,0.0,SUCCESS,52,52,56,
0.5,353,bot4,fein_margin,0.0,SUCCESS,31,31,42,
0.5,354,bot4,fein_margin,0.0,SUCCESS,11,11,31,
0.5,355,bot4,fein_margin,0.0,SUCCESS,30,30,39,
0.5,344,bot4,fein_margin,0.0,SUCCESS,40,40,50,
0.5,345,bot4,fein_margin,0.0,SUCCESS,25,25,23,
0.5,346,bot4,fein_margin,0.0,SUCCESS,21,21,43,
0.5,347,bot4,fein_margin,0.0,GAVE_UP,29,34,15,
0.5,348,bot4,fein_margin,0.0,SUCCESS,11,11,25,
0.5,349,bot4,fein_margin,0.0,BUTTON_BURNED,9,24,4,
0.5,350,bot4,fein_margin,0.0,SUCCESS,52,52,51,
0.5,351,bot4,fein_margin,0.0,BUTTON_BURNED,32,47,17,
0.5,360,bot4,fein_margin,0.0,SUCCESS,29,29,29,
0.5,361,bot4,fein_margin,0.0,SUCCESS,37,37,55,
0.5,362,bot4,fein_margin,0.0,SUCCESS,21,21,41,
0.5,363,bot4,fein_margin,0.0,GAVE_UP,21,23,11,
0.5,340,bot4,fein_margin,0.0,GAVE_UP,29,38,20,8
0.5,341,bot4,fein_margin,0.0,BUTTON_BURNED,12,47,8,
0.5,342,bot4,fein_margin,0.0,BUTTON_BURNED,35,53,22,
0.5,343,bot4,fein_margin,0.0,SUCCESS,31,31,24,
0.5,356,bot4,fein_margin,0.0,SUCCESS,20,20,39,
0.5,357,bot4,fein_margin,0.0,SUCCESS,27,27,28,
0.5,358,bot4,fein_margin,0.0,GAVE_UP,46,44,24,12
0.5,359,bot4,fein_margin,0.0,BUTTON_BURNED,20,46,9,
0.5,388,bot4,fein_margin,0.0,SUCCESS,25,25,46,
0.5,389,bot4,fein_margin,0.0,SUCCESS,12,12,25,
0.5,390,bot4,fein_margin,0.0,SUCCESS,10,10,36,
0.5,391,bot4,fein_margin,0.0,SUCCESS,25,25,41,
0.5,380,bot4,fein_margin,0.0,BUTTON_BURNED,31,45,20,
0.5,381,bot4,fein_margin,0.0,SUCCESS,13,13,24,
0.5,382,bot4,fein_margin,0.0,SUCCESS,31,31,33,
0.5,383,bot4,fein_margin,0.0,SUCCESS,9,9,40,
0.5,364,bot4,fein_margin,0.0,SUCCESS,2,2,9,
0.5,365,bot4,fein_margin,0.0,GAVE_UP,49,57,32,
0.5,366,bot4,fein_margin,0.0,SUCCESS,49,49,27,
0.5,367,bot4,fein_margin,0.0,SUCCESS,13,13,52,
0.5,376,bot4,fein_margin,0.0,BUTTON_BURNED,6,30,5,
0.5,377,bot4,fein_margin,0.0,SUCCESS,8,8,19,
0.5,378,bot4,fein_margin,0.0,GAVE_UP,8,39,18,
0.5,379,bot4,fein_margin,0.0,SUCCESS,54,52,42,
0.5,368,bot4,fein_margin,0.0,BUTTON_BURNED,57,48,32,
0.5,369,bot4,fein_margin,0.0,SUCCESS,32,32,31,
0.5,370,bot4,fein_margin,0.0,SUCCESS,23,23,23,
0.5,371,bot4,fein_margin,0.0,SUCCESS,37,37,43,
0.5,384,bot4,fein_margin,0.0,SUCCESS,6,6,28,
0.5,385,bot4,fein_margin,0.0,SUCCESS,48,48,48,
0.5,386,bot4,fein_margin,0.0,SUCCESS,47,47,34,
0.5,387,bot4,fein_margin,0.0,GAVE_UP,27,60,25,
0.5,400,bot4,fein_margin,0.0,SUCCESS,39,39,37,
0.5,401,bot4,fein_margin,0.0,SUCCESS,37,37,48,
0.5,402,bot4,fein_margin,0.0,SUCCESS,25,25,16,
0.5,403,bot4,fein_margin,0.0,BUTTON_BURNED,14,37,7,
0.5,396,bot4,fein_margin,0.0,SUCCESS,10,10,44,
0.5,397,bot4,fein_margin,0.0,SUCCESS,9,9,27,
0.5,398,bot4,fein_margin,0.0,SUCCESS,65,55,40,
0.5,399,bot4,fein_margin,0.0,SUCCESS,9,9,49,
0.5,372,bot4,fein_margin,0.0,SUCCESS,35,35,35,
0.5,373,bot4,fein_margin,0.0,GAVE_UP,66,53,41,
0.5,374,bot4,fein_margin,0.0,SUCCESS,24,24,44,
0.5,375,bot4,fein_margin,0.0,SUCCESS,8,8,46,
0.5,392,bot4,fein_margin,0.0,SUCCESS,31,23,16,7
0.5,393,bot4,fein_margin,0.0,GAVE_UP,62,49,34,
0.5,394,bot4,fein_margin,0.0,SUCCESS,33,33,46,
0.5,395,bot4,fein_margin,0.0,SUCCESS,26,26,66,
0.5,416,bot4,fein_margin,0.0,SUCCESS,18,18,40,
0.5,417,bot4,fein_margin,0.0,SUCCESS,5,5,18,
0.5,418,bot4,fein_margin,0.0,SUCCESS,13,13,42,
0.5,419,bot4,fein_margin,0.0,SUCCESS,10,10,43,
0.5,412,bot4,fein_margin,0.0,SUCCESS,21,21,43,
0.5,413,bot4,fein_margin,0.0,SUCCESS,13,13,31,
0.5,414,bot4,fein_margin,0.0,BUTTON_BURNED,29,34,21,
0.5,415,bot4,fein_margin,0.0,SUCCESS,13,13,40,
0.5,404,bot4,fein_margin,0.0,SUCCESS,41,41,43,
0.5,405,bot4,fein_margin,0.0,SUCCESS,35,35,32,
0.5,406,bot4,fein_margin,0.0,SUCCESS,45,45,51,
0.5,407,bot4,fein_margin,0.0,SUCCESS,30,30,46,
0.5,428,bot4,fein_margin,0.0,SUCCESS,5,5,65,
0.5,429,bot4,fein_margin,0.0,SUCCESS,20,20,21,
0.5,430,bot4,fein_margin,0.0,GAVE_UP,19,22,12,
0.5,431,bot4,fein_margin,0.0,SUCCESS,5,5,40,
0.5,420,bot4,fein_margin,0.0,SUCCESS,28,28,30,
0.5,421,bot4,fein_margin,0.0,BUTTON_BURNED,26,47,10,
0.5,422,bot4,fein_margin,0.0,SUCCESS,7,7,24,
0.5,423,bot4,fein_margin,0.0,SUCCESS,42,42,42,
0.5,408,bot4,fein_margin,0.0,SUCCESS,58,58,52,
0.5,409,bot4,fein_margin,0.0,SUCCESS,26,26,19,
0.5,410,bot4,fein_margin,0.0,SUCCESS,46,46,54,
0.5,411,bot4,fein_margin,0.0,GAVE_UP,16,28,13,
0.5,440,bot4,fein_margin,0.0,SUCCESS,12,12,36,
0.5,441,bot4,fein_margin,0.0,SUCCESS,23,23,24,
0.5,442,bot4,fein_margin,0.0,GAVE_UP,22,40,17,
0.5,443,bot4,fein_margin,0.0,BURNED,27,28,16,
0.5,432,bot4,fein_margin,0.0,GAVE_UP,29,49,21,
0.5,433,bot4,fein_margin,0.0,SUCCESS,19,19,16,
0.5,434,bot4,fein_margin,0.0,BURNED,16,31,25,1
0.5,435,bot4,fein_margin,0.0,GAVE_UP,36,52,16,
0.5,444,bot4,fein_margin,0.0,SUCCESS,24,24,48,
0.5,445,bot4,fein_margin,0.0,SUCCESS,14,14,21,
0.5,446,bot4,fein_margin,0.0,SUCCESS,35,35,63,
0.5,447,bot4,fein_margin,0.0,BUTTON_BURNED,23,45,16,
0.5,436,bot4,fein_margin,0.0,SUCCESS,23,23,31,
0.5,437,bot4,fein_margin,0.0,SUCCESS,20,20,62,
0.5,438,bot4,fein_margin,0.0,SUCCESS,30,30,25,
0.5,439,bot4,fein_margin,0.0,SUCCESS,61,61,49,
0.5,448,bot4,fein_margin,0.0,SUCCESS,53,53,61,
0.5,449,bot4,fein_margin,0.0,SUCCESS,38,38,48,
0.5,450,bot4,fein_margin,0.0,SUCCESS,18,18,14,
0.5,451,bot4,fein_margin,0.0,SUCCESS,30,30,56,
0.5,456,bot4,fein_margin,0.0,SUCCESS,17,17,13,
0.5,457,bot4,fein_margin,0.0,GAVE_UP,25,37,18,5
0.5,458,bot4,fein_margin,0.0,SUCCESS,36,36,40,
0.5,459,bot4,fein_margin,0.0,GAVE_UP,24,34,22,
0.5,460,bot4,fein_margin,0.0,SUCCESS,24,24,34,
0.5,461,bot4,fein_margin,0.0,BUTTON_BURNED,35,40,19,
0.5,462,bot4,fein_margin,0.0,BUTTON_BURNED,28,46,17,9
0.5,463,bot4,fein_margin,0.0,GAVE_UP,2,15,5,
0.5,452,bot4,fein_margin,0.0,BUTTON_BURNED,23,39,17,
0.5,453,bot4,fein_margin,0.0,BUTTON_BURNED,23,26,17,
0.5,454,bot4,fein_margin,0.0,SUCCESS,36,36,40,
0.5,455,bot4,fein_margin,0.0,SUCCESS,56,54,41,
0.5,468,bot4,fein_margin,0.0,BUTTON_BURNED,19,37,12,
0.5,469,bot4,fein_margin,0.0,SUCCESS,37,37,20,
0.5,470,bot4,fein_margin,0.0,SUCCESS,20,20,25,
0.5,471,bot4,fein_margin,0.0,SUCCESS,46,46,30,
0.5,464,bot4,fein_margin,0.0,SUCCESS,49,49,42,
0.5,465,bot4,fein_margin,0.0,SUCCESS,15,15,51,
0.5,466,bot4,fein_margin,0.0,BUTTON_BURNED,22,31,12,
0.5,467,bot4,fein_margin,0.0,BURNED,12,17,13,
0.5,424,bot4,fein_margin,0.0,SUCCESS,60,60,39,
0.5,425,bot4,fein_margin,0.0,SUCCESS,37,37,33,
0.5,426,bot4,fein_margin,0.0,GAVE_UP,34,42,16,18
0.5,427,bot4,fein_margin,0.0,SUCCESS,55,55,40,
0.5,472,bot4,fein_margin,0.0,GAVE_UP,40,24,18,
0.5,473,bot4,fein_margin,0.0,SUCCESS,23,23,24,
0.5,474,bot4,fein_margin,0.0,SUCCESS,35,35,28,
0.5,475,bot4,fein_margin,0.0,SUCCESS,49,49,48,
0.5,484,bot4,fein_margin,0.0,SUCCESS,41,41,53,
0.5,485,bot4,fein_margin,0.0,SUCCESS,19,19,32,
0.5,486,bot4,fein_margin,0.0,SUCCESS,19,19,13,
0.5,487,bot4,fein_margin,0.0,SUCCESS,31,31,29,
0.5,488,bot4,fein_margin,0.0,GAVE_UP,21,45,15,3
0.5,489,bot4,fein_margin,0.0,SUCCESS,30,30,55,
0.5,490,bot4,fein_margin,0.0,SUCCESS,19,19,19,
0.5,491,bot4,fein_margin,0.0,SUCCESS,8,8,13,
0.5,476,bot4,fein_margin,0.0,SUCCESS,28,28,34,
0.5,477,bot4,fein_margin,0.0,SUCCESS,21,21,32,
0.5,478,bot4,fein_margin,0.0,SUCCESS,29,29,27,
0.5,479,bot4,fein_margin,0.0,SUCCESS,46,46,60,
0.6,0,bot4,fein_margin,0.0,SUCCESS,17,17,39,
0.6,1,bot4,fein_margin,0.0,SUCCESS,14,14,68,
0.6,2,bot4,fein_margin,0.0,SUCCESS,35,35,29,
0.6,3,bot4,fein_margin,0.0,SUCCESS,24,24,22,
0.5,480,bot4,fein_margin,0.0,GAVE_UP,38,43,29,
0.5,481,bot4,fein_margin,0.0,SUCCESS,39,39,40,
0.5,482,bot4,fein_margin,0.0,SUCCESS,16,16,53,
0.5,483,bot4,fein_margin,0.0,SUCCESS,25,25,48,
0.5,492,bot4,fein_margin,0.0,SUCCESS,47,47,58,
0.5,493,bot4,fein_margin,0.0,SUCCESS,44,44,48,
0.5,494,bot4,fein_margin,0.0,SUCCESS,15,15,31,
0.5,495,bot4,fein_margin,0.0,SUCCESS,15,15,23,
0.6,12,bot4,fein_margin,0.0,SUCCESS,30,30,24,
0.6,13,bot4,fein_margin,0.0,SUCCESS,16,16,62,
0.6,14,bot4,fein_margin,0.0,SUCCESS,28,28,49,
0.6,15,bot4,fein_margin,0.0,SUCCESS,13,13,30,
0.6,4,bot4,fein_margin,0.0,GAVE_UP,26,41,26,1
0.6,5,bot4,fein_margin,0.0,SUCCESS,24,24,19,
0.6,6,bot4,fein_margin,0.0,SUCCESS,5,5,19,
0.6,7,bot4,fein_margin,0.0,SUCCESS,29,27,20,
0.6,20,bot4,fein_margin,0.0,BUTTON_BURNED,26,43,16,3
0.6,21,bot4,fein_margin,0.0,SUCCESS,17,17,55,
0.6,22,bot4,fein_margin,0.0,SUCCESS,15,15,33,
0.6,23,bot4,fein_margin,0.0,SUCCESS,33,33,41,
0.6,32,bot4,fein_margin,0.0,SUCCESS,13,13,24,
0.6,33,bot4,fein_margin,0.0,BUTTON_BURNED,10,31,7,
0.6,34,bot4,fein_margin,0.0,BUTTON_BURNED,14,39,9,
0.6,35,bot4,fein_margin,0.0,SUCCESS,38,38,45,
0.6,8,bot4,fein_margin,0.0,SUCCESS,25,25,43,
0.6,9,bot4,fein_margin,0.0,BURNED,17,39,20,1
0.6,10,bot4,fein_margin,0.0,GAVE_UP,34,41,33,
0.6,11,bot4,fein_margin,0.0,BUTTON_BURNED,49,48,31,
0.6,24,bot4,fein_margin,0.0,GAVE_UP,44,65,27,
0.6,25,bot4,fein_margin,0.0,SUCCESS,36,36,49,
0.6,26,bot4,fein_margin,0.0,SUCCESS,22,22,59,
0.6,27,bot4,fein_margin,0.0,SUCCESS,23,23,41,
0.5,496,bot4,fein_margin,0.0,SUCCESS,45,43,28,
0.5,497,bot4,fein_margin,0.0,SUCCESS,24,24,39,
0.5,498,bot4,fein_margin,0.0,GAVE_UP,31,54,20,
0.5,499,bot4,fein_margin,0.0,GAVE_UP,74,53,47,
0.6,16,bot4,fein_margin,0.0,SUCCESS,35,35,57,
0.6,17,bot4,fein_margin,0.0,SUCCESS,19,19,22,
0.6,18,bot4,fein_margin,0.0,SUCCESS,64,64,58,
0.6,19,bot4,fein_margin,0.0,GAVE_UP,47,49,33,
0.6,28,bot4,fein_margin,0.0,SUCCESS,20,20,23,
0.6,29,bot4,fein_margin,0.0,GAVE_UP,6,41,7,
0.6,30,bot4,fein_margin,0.0,BUTTON_BURNED,24,41,14,
0.6,31,bot4,fein_margin,0.0,BUTTON_BURNED,64,68,44,51
0.6,48,bot4,fein_margin,0.0,SUCCESS,17,17,37,
0.6,49,bot4,fein_margin,0.0,SUCCESS,3,3,29,
0.6,50,bot4,fein_margin,0.0,SUCCESS,32,32,48,
0.6,51,bot4,fein_margin,0.0,SUCCESS,31,31,40,
0.6,52,bot4,fein_margin,0.0,SUCCESS,25,25,27,
0.6,53,bot4,fein_margin,0.0,SUCCESS,36,36,39,
0.6,54,bot4,fein_margin,0.0,SUCCESS,51,51,39,
0.6,55,bot4,fein_margin,0.0,SUCCESS,5,5,31,
0.6,56,bot4,fein_margin,0.0,BUTTON_BURNED,12,54,7,
0.6,57,bot4,fein_margin,0.0,SUCCESS,20,20,26,
0.6,58,bot4,fein_margin,0.0,GAVE_UP,16,47,12,
0.6,59,bot4,fein_margin,0.0,BURNED,27,52,44,16
0.6,60,bot4,fein_margin,0.0,SUCCESS,38,38,48,
0.6,61,bot4,fein_margin,0.0,SUCCESS,11,11,36,
0.6,62,bot4,fein_margin,0.0,BUTTON_BURNED,18,24,14,
0.6,63,bot4,fein_margin,0.0,BUTTON_BURNED,6,28,3,1
0.6,68,bot4,fein_margin,0.0,SUCCESS,3,3,13,
0.6,69,bot4,fein_margin,0.0,SUCCESS,24,24,24,
0.6,70,bot4,fein_margin,0.0,SUCCESS,24,24,23,
0.6,71,bot4,fein_margin,0.0,GAVE_UP,18,46,13,
0.6,40,bot4,fein_margin,0.0,GAVE_UP,51,54,34,39
0.6,41,bot4,fein_margin,0.0,GAVE_UP,26,26,18,
0.6,42,bot4,fein_margin,0.0,SUCCESS,27,27,73,
0.6,43,bot4,fein_margin,0.0,BUTTON_BURNED,34,49,26,
0.6,44,bot4,fein_margin,0.0,SUCCESS,49,49,51,
0.6,45,bot4,fein_margin,0.0,SUCCESS,34,34,37,
0.6,46,bot4,fein_margin,0.0,SUCCESS,22,22,33,
0.6,47,bot4,fein_margin,0.0,GAVE_UP,33,48,25,2
0.6,36,bot4,fein_margin,0.0,SUCCESS,19,19,39,
0.6,37,bot4,fein_margin,0.0,GAVE_UP,29,54,26,15
0.6,38,bot4,fein_margin,0.0,SUCCESS,37,37,35,
0.6,39,bot4,fein_margin,0.0,GAVE_UP,59,60,46,
0.6,84,bot4,fein_margin,0.0,BUTTON_BURNED,19,40,14,
0.6,85,bot4,fein_margin,0.0,SUCCESS,29,29,47,
0.6,86,bot4,fein_margin,0.0,SUCCESS,16,16,47,
0.6,87,bot4,fein_margin,0.0,SUCCESS,40,40,38,
0.6,64,bot4,fein_margin,0.0,SUCCESS,56,56,60,
0.6,65,bot4,fein_margin,0.0,SUCCESS,2,2,58,
0.6,66,bot4,fein_margin,0.0,GAVE_UP,36,48,28,
0.6,67,bot4,fein_margin,0.0,SUCCESS,27,27,61,
0.6,96,bot4,fein_margin,0.0,GAVE_UP,20,53,20,
0.6,97,bot4,fein_margin,0.0,SUCCESS,13,13,14,
0.6,98,bot4,fein_margin,0.0,SUCCESS,28,28,27,
0.6,99,bot4,fein_margin,0.0,SUCCESS,26,26,52,
0.6,72,bot4,fein_margin,0.0,BUTTON_BURNED,27,30,22,
0.6,73,bot4,fein_margin,0.0,SUCCESS,45,45,62,
0.6,74,bot4,fein_margin,0.0,SUCCESS,30,30,43,
0.6,75,bot4,fein_margin,0.0,BUTTON_BURNED,28,31,21,
0.6,76,bot4,fein_margin,0.0,SUCCESS,39,39,50,
0.6,77,bot4,fein_margin,0.0,BUTTON_BURNED,12,34,6,
0.6,78,bot4,fein_margin,0.0,SUCCESS,55,51,48,
0.6,79,bot4,fein_margin,0.0,BUTTON_BURNED,17,18,10,
0.6,88,bot4,fein_margin,0.0,GAVE_UP,29,55,13,
0.6,89,bot4,fein_margin,0.0,GAVE_UP,34,50,32,2
0.6,90,bot4,fein_margin,0.0,GAVE_UP,24,51,40,1
0.6,91,bot4,fein_margin,0.0,SUCCESS,23,23,48,
0.6,80,bot4,fein_margin,0.0,BUTTON_BURNED,42,57,31,
0.6,81,bot4,fein_margin,0.0,SUCCESS,43,43,56,
0.6,82,bot4,fein_margin,0.0,GAVE_UP,26,43,19,
0.6,83,bot4,fein_margin,0.0,SUCCESS,45,43,39,
0.6,108,bot4,fein_margin,0.0,SUCCESS,47,47,45,
0.6,109,bot4,fein_margin,0.0,SUCCESS,5,5,18,
0.6,110,bot4,fein_margin,0.0,SUCCESS,28,28,39,
0.6,111,bot4,fein_margin,0.0,GAVE_UP,34,57,31,
0.6,104,bot4,fein_margin,0.0,SUCCESS,24,24,32,
0.6,105,bot4,fein_margin,0.0,BUTTON_BURNED,46,47,33,
0.6,106,bot4,fein_margin,0.0,BUTTON_BURNED,16,41,10,
0.6,107,bot4,fein_margin,0.0,GAVE_UP,20,40,24,1
0.6,112,bot4,fein_margin,0.0,SUCCESS,7,7,9,
0.6,113,bot4,fein_margin,0.0,SUCCESS,23,23,13,
0.6,114,bot4,fein_margin,0.0,SUCCESS,27,27,31,
0.6,115,bot4,fein_margin,0.0,SUCCESS,48,48,49,
0.6,100,bot4,fein_margin,0.0,BUTTON_BURNED,27,36,16,
0.6,101,bot4,fein_margin,0.0,SUCCESS,46,46,47,
0.6,102,bot4,fein_margin,0.0,SUCCESS,48,48,38,
0.6,103,bot4,fein_margin,0.0,GAVE_UP,9,68,9,
0.6,92,bot4,fein_margin,0.0,GAVE_UP,49,46,37,
0.6,93,bot4,fein_margin,0.0,SUCCESS,38,38,42,
0.6,94,bot4,fein_margin,0.0,SUCCESS,21,21,30,
0.6,95,bot4,fein_margin,0.0,SUCCESS,46,46,38,
0.6,120,bot4,fein_margin,0.0,GAVE_UP,51,46,32,32
0.6,121,bot4,fein_margin,0.0,SUCCESS,27,27,19,
0.6,122,bot4,fein_margin,0.0,SUCCESS,7,7,56,
0.6,123,bot4,fein_margin,0.0,SUCCESS,31,31,35,
0.6,124,bot4,fein_margin,0.0,SUCCESS,17,17,36,
0.6,125,bot4,fein_margin,0.0,SUCCESS,31,31,28,
0.6,126,bot4,fein_margin,0.0,SUCCESS,39,39,37,
0.6,127,bot4,fein_margin,0.0,GAVE_UP,13,28,11,
0.6,140,bot4,fein_margin,0.0,GAVE_UP,26,35,19,1
0.6,141,bot4,fein_margin,0.0,SUCCESS,20,20,29,
0.6,142,bot4,fein_margin,0.0,SUCCESS,6,6,10,
0.6,143,bot4,fein_margin,0.0,SUCCESS,32,32,37,
0.6,116,bot4,fein_margin,0.0,SUCCESS,9,9,34,
0.6,117,bot4,fein_margin,0.0,SUCCESS,31,31,39,
0.6,118,bot4,fein_margin,0.0,SUCCESS,37,37,31,
0.6,119,bot4,fein_margin,0.0,SUCCESS,65,65,59,
0.6,128,bot4,fein_margin,0.0,SUCCESS,39,39,35,
0.6,129,bot4,fein_margin,0.0,BUTTON_BURNED,4,56,4,
0.6,130,bot4,fein_margin,0.0,SUCCESS,41,41,46,
0.6,131,bot4,fein_margin,0.0,SUCCESS,34,34,22,
0.6,148,bot4,fein_margin,0.0,SUCCESS,33,33,29,
0.6,149,bot4,fein_margin,0.0,SUCCESS,1,1,30,
0.6,150,bot4,fein_margin,0.0,SUCCESS,9,9,39,
0.6,151,bot4,fein_margin,0.0,SUCCESS,22,22,32,
0.6,160,bot4,fein_margin,0.0,SUCCESS,19,19,38,
0.6,161,bot4,fein_margin,0.0,BUTTON_BURNED,13,16,10,
0.6,162,bot4,fein_margin,0.0,SUCCESS,3,3,15,
0.6,163,bot4,fein_margin,0.0,SUCCESS,11,11,55,
0.6,132,bot4,fein_margin,0.0,SUCCESS,44,44,35,
0.6,133,bot4,fein_margin,0.0,SUCCESS,53,53,49,
0.6,134,bot4,fein_margin,0.0,SUCCESS,15,15,39,
0.6,135,bot4,fein_margin,0.0,SUCCESS,9,9,29,
0.6,144,bot4,fein_margin,0.0,BUTTON_BURNED,10,29,5,1
0.6,145,bot4,fein_margin,0.0,SUCCESS,49,49,37,
0.6,146,bot4,fein_margin,0.0,SUCCESS,29,29,51,
0.6,147,bot4,fein_margin,0.0,SUCCESS,11,11,33,
0.6,152,bot4,fein_margin,0.0,GAVE_UP,45,63,36,36
0.6,153,bot4,fein_margin,0.0,BUTTON_BURNED,8,30,5,
0.6,154,bot4,fein_margin,0.0,GAVE_UP,10,56,8,
0.6,155,bot4,fein_margin,0.0,SUCCESS,15,15,20,
0.6,164,bot4,fein_margin,0.0,SUCCESS,30,30,35,
0.6,165,bot4,fein_margin,0.0,SUCCESS,23,23,42,
0.6,166,bot4,fein_margin,0.0,SUCCESS,6,6,18,
0.6,167,bot4,fein_margin,0.0,SUCCESS,30,30,32,
0.6,156,bot4,fein_margin,0.0,GAVE_UP,9,28,7,1
0.6,157,bot4,fein_margin,0.0,SUCCESS,12,12,40,
0.6,158,bot4,fein_margin,0.0,GAVE_UP,41,33,31,13
0.6,159,bot4,fein_margin,0.0,GAVE_UP,32,40,25,
0.6,176,bot4,fein_margin,0.0,GAVE_UP,15,46,12,
0.6,177,bot4,fein_margin,0.0,SUCCESS,29,29,28,
0.6,178,bot4,fein_margin,0.0,SUCCESS,1,1,30,
0.6,179,bot4,fein_margin,0.0,SUCCESS,19,19,42,
0.6,168,bot4,fein_margin,0.0,SUCCESS,9,9,19,
0.6,169,bot4,fein_margin,0.0,SUCCESS,30,30,20,
0.6,170,bot4,fein_margin,0.0,SUCCESS,11,11,33,
0.6,171,bot4,fein_margin,0.0,SUCCESS,42,42,40,
0.6,136,bot4,fein_margin,0.0,SUCCESS,67,47,47,
0.6,137,bot4,fein_margin,0.0,GAVE_UP,22,33,15,1
0.6,138,bot4,fein_margin,0.0,SUCCESS,20,20,57,
0.6,139,bot4,fein_margin,0.0,SUCCESS,41,41,45,
0.6,184,bot4,fein_margin,0.0,GAVE_UP,27,47,27,1
0.6,185,bot4,fein_margin,0.0,GAVE_UP,6,10,9,
0.6,186,bot4,fein_margin,0.0,GAVE_UP,4,46,3,
0.6,187,bot4,fein_margin,0.0,SUCCESS,32,32,48,
0.6,172,bot4,fein_margin,0.0,GAVE_UP,30,43,30,3
0.6,173,bot4,fein_margin,0.0,BURNED,31,43,27,
0.6,174,bot4,fein_margin,0.0,SUCCESS,12,12,23,
0.6,175,bot4,fein_margin,0.0,SUCCESS,18,18,19,
0.6,200,bot4,fein_margin,0.0,SUCCESS,31,31,44,
0.6,201,bot4,fein_margin,0.0,SUCCESS,24,24,23,
0.6,202,bot4,fein_margin,0.0,SUCCESS,10,10,28,
0.6,203,bot4,fein_margin,0.0,SUCCESS,28,28,38,
0.6,180,bot4,fein_margin,0.0,SUCCESS,49,49,45,
0.6,181,bot4,fein_margin,0.0,SUCCESS,24,24,27,
0.6,182,bot4,fein_margin,0.0,SUCCESS,40,40,45,
0.6,183,bot4,fein_margin,0.0,SUCCESS,60,56,48,
0.6,208,bot4,fein_margin,0.0,SUCCESS,43,43,34,
0.6,209,bot4,fein_margin,0.0,SUCCESS,35,35,61,
0.6,210,bot4,fein_margin,0.0,SUCCESS,31,31,36,
0.6,211,bot4,fein_margin,0.0,SUCCESS,6,6,30,
0.6,188,bot4,fein_margin,0.0,SUCCESS,23,23,45,
0.6,189,bot4,fein_margin,0.0,SUCCESS,25,25,54,
0.6,190,bot4,fein_margin,0.0,SUCCESS,48,48,55,
0.6,191,bot4,fein_margin,0.0,SUCCESS,40,40,31,
0.6,192,bot4,fein_margin,0.0,SUCCESS,18,18,45,
0.6,193,bot4,fein_margin,0.0,GAVE_UP,15,35,17,4
0.6,194,bot4,fein_margin,0.0,SUCCESS,55,55,64,
0.6,195,bot4,fein_margin,0.0,BUTTON_BURNED,32,40,23,
0.6,212,bot4,fein_margin,0.0,SUCCESS,39,39,50,
0.6,213,bot4,fein_margin,0.0,SUCCESS,35,35,55,
0.6,214,bot4,fein_margin,0.0,SUCCESS,12,12,42,
0.6,215,bot4,fein_margin,0.0,BURNED,33,38,21,13
0.6,204,bot4,fein_margin,0.0,SUCCESS,22,22,18,
0.6,205,bot4,fein_margin,0.0,BURNED,43,55,33,
0.6,206,bot4,fein_margin,0.0,SUCCESS,29,29,54,
0.6,207,bot4,fein_margin,0.0,SUCCESS,14,14,27,
0.6,196,bot4,fein_margin,0.0,SUCCESS,15,15,30,
0.6,197,bot4,fein_margin,0.0,BUTTON_BURNED,48,51,38,
0.6,198,bot4,fein_margin,0.0,GAVE_UP,36,65,25,
0.6,199,bot4,fein_margin,0.0,BUTTON_BURNED,36,52,24,
0.6,216,bot4,fein_margin,0.0,BUTTON_BURNED,39,45,24,
0.6,217,bot4,fein_margin,0.0,SUCCESS,21,21,26,
0.6,218,bot4,fein_margin,0.0,SUCCESS,17,17,54,
0.6,219,bot4,fein_margin,0.0,BUTTON_BURNED,37,56,28,
0.6,240,bot4,fein_margin,0.0,SUCCESS,10,10,39,
0.6,241,bot4,fein_margin,0.0,BUTTON_BURNED,26,28,17,
0.6,242,bot4,fein_margin,0.0,SUCCESS,30,30,23,
0.6,243,bot4,fein_margin,0.0,BUTTON_BURNED,28,65,19,
0.6,228,bot4,fein_margin,0.0,GAVE_UP,34,37,28,15
0.6,229,bot4,fein_margin,0.0,SUCCESS,20,20,22,
0.6,230,bot4,fein_margin,0.0,SUCCESS,35,35,43,
0.6,231,bot4,fein_margin,0.0,SUCCESS,26,26,30,
0.6,244,bot4,fein_margin,0.0,GAVE_UP,44,61,35,38
0.6,245,bot4,fein_margin,0.0,SUCCESS,19,19,70,
0.6,246,bot4,fein_margin,0.0,GAVE_UP,8,24,11,
0.6,247,bot4,fein_margin,0.0,BURNED,16,32,26,
0.6,248,bot4,fein_margin,0.0,SUCCESS,40,40,45,
0.6,249,bot4,fein_margin,0.0,SUCCESS,23,23,34,
0.6,250,bot4,fein_margin,0.0,BUTTON_BURNED,28,30,20,
0.6,251,bot4,fein_margin,0.0,SUCCESS,9,9,43,
0.6,220,bot4,fein_margin,0.0,SUCCESS,26,26,48,
0.6,221,bot4,fein_margin,0.0,SUCCESS,51,43,40,
0.6,222,bot4,fein_margin,0.0,SUCCESS,17,17,40,
0.6,223,bot4,fein_margin,0.0,SUCCESS,46,46,42,
0.6,236,bot4,fein_margin,0.0,SUCCESS,28,28,58,
0.6,237,bot4,fein_margin,0.0,SUCCESS,53,51,48,
0.6,238,bot4,fein_margin,0.0,SUCCESS,24,24,37,
0.6,239,bot4,fein_margin,0.0,SUCCESS,43,43,52,
0.6,224,bot4,fein_margin,0.0,SUCCESS,48,48,54,
0.6,225,bot4,fein_margin,0.0,SUCCESS,24,24,30,
0.6,226,bot4,fein_margin,0.0,BUTTON_BURNED,45,54,35,
0.6,227,bot4,fein_margin,0.0,SUCCESS,44,44,42,
0.6,256,bot4,fein_margin,0.0,GAVE_UP,8,28,13,
0.6,257,bot4,fein_margin,0.0,SUCCESS,10,10,27,
0.6,258,bot4,fein_margin,0.0,SUCCESS,43,43,45,
0.6,259,bot4,fein_margin,0.0,SUCCESS,5,5,15,
0.6,232,bot4,fein_margin,0.0,SUCCESS,42,42,48,
0.6,233,bot4,fein_margin,0.0,SUCCESS,45,45,41,
0.6,234,bot4,fein_margin,0.0,GAVE_UP,52,39,35,45
0.6,235,bot4,fein_margin,0.0,SUCCESS,29,29,52,
0.6,252,bot4,fein_margin,0.0,SUCCESS,34,34,46,
0.6,253,bot4,fein_margin,0.0,BUTTON_BURNED,36,55,18,
0.6,254,bot4,fein_margin,0.0,BUTTON_BURNED,26,32,19,9
0.6,255,bot4,fein_margin,0.0,SUCCESS,16,16,23,
0.6,260,bot4,fein_margin,0.0,SUCCESS,35,35,59,
0.6,261,bot4,fein_margin,0.0,SUCCESS,34,34,40,
0.6,262,bot4,fein_margin,0.0,SUCCESS,36,36,58,
0.6,263,bot4,fein_margin,0.0,SUCCESS,7,7,51,
0.6,272,bot4,fein_margin,0.0,SUCCESS,41,41,32,
0.6,273,bot4,fein_margin,0.0,SUCCESS,19,19,45,
0.6,274,bot4,fein_margin,0.0,SUCCESS,41,41,40,
0.6,275,bot4,fein_margin,0.0,SUCCESS,10,10,12,
0.6,268,bot4,fein_margin,0.0,SUCCESS,18,18,25,
0.6,269,bot4,fein_margin,0.0,SUCCESS,16,16,52,
0.6,270,bot4,fein_margin,0.0,SUCCESS,66,58,55,
0.6,271,bot4,fein_margin,0.0,SUCCESS,32,32,41,
0.6,264,bot4,fein_margin,0.0,GAVE_UP,30,49,33,21
0.6,265,bot4,fein_margin,0.0,GAVE_UP,36,42,27,
0.6,266,bot4,fein_margin,0.0,BUTTON_BURNED,28,34,15,
0.6,267,bot4,fein_margin,0.0,SUCCESS,42,42,38,
0.6,276,bot4,fein_margin,0.0,SUCCESS,42,42,47,
0.6,277,bot4,fein_margin,0.0,SUCCESS,18,18,15,
0.6,278,bot4,fein_margin,0.0,SUCCESS,38,38,27,
0.6,279,bot4,fein_margin,0.0,SUCCESS,20,20,32,
0.6,288,bot4,fein_margin,0.0,SUCCESS,5,5,12,
0.6,289,bot4,fein_margin,0.0,SUCCESS,19,19,51,
0.6,290,bot4,fein_margin,0.0,SUCCESS,63,63,67,
0.6,291,bot4,fein_margin,0.0,SUCCESS,28,28,45,
0.6,284,bot4,fein_margin,0.0,SUCCESS,4,4,41,
0.6,285,bot4,fein_margin,0.0,SUCCESS,47,39,33,
0.6,286,bot4,fein_margin,0.0,SUCCESS,33,33,40,
0.6,287,bot4,fein_margin,0.0,SUCCESS,19,19,18,
0.6,292,bot4,fein_margin,0.0,SUCCESS,18,18,15,
0.6,293,bot4,fein_margin,0.0,SUCCESS,25,25,53,
0.6,294,bot4,fein_margin,0.0,SUCCESS,46,46,34,
0.6,295,bot4,fein_margin,0.0,SUCCESS,32,32,30,
0.6,280,bot4,fein_margin,0.0,SUCCESS,36,36,30,
0.6,281,bot4,fein_margin,0.0,SUCCESS,32,32,35,
0.6,282,bot4,fein_margin,0.0,GAVE_UP,44,51,25,
0.6,283,bot4,fein_margin,0.0,BURNED,28,29,18,
0.6,300,bot4,fein_margin,0.0,SUCCESS,38,38,51,
0.6,301,bot4,fein_margin,0.0,SUCCESS,36,36,29,7
0.6,302,bot4,fein_margin,0.0,SUCCESS,7,7,48,
0.6,303,bot4,fein_margin,0.0,SUCCESS,17,17,48,
0.6,312,bot4,fein_margin,0.0,SUCCESS,13,13,14,
0.6,313,bot4,fein_margin,0.0,SUCCESS,30,30,53,
0.6,314,bot4,fein_margin,0.0,SUCCESS,18,18,40,
0.6,315,bot4,fein_margin,0.0,BUTTON_BURNED,10,23,7,
0.6,316,bot4,fein_margin,0.0,SUCCESS,9,9,37,
0.6,317,bot4,fein_margin,0.0,SUCCESS,6,6,42,
0.6,318,bot4,fein_margin,0.0,SUCCESS,17,17,39,
0.6,319,bot4,fein_margin,0.0,BUTTON_BURNED,15,36,12,1
0.6,304,bot4,fein_margin,0.0,BUTTON_BURNED,31,49,21,
0.6,305,bot4,fein_margin,0.0,SUCCESS,20,20,16,
0.6,306,bot4,fein_margin,0.0,BURNED,36,47,38,26
0.6,307,bot4,fein_margin,0.0,GAVE_UP,9,54,12,
0.6,296,bot4,fein_margin,0.0,GAVE_UP,67,56,45,64
0.6,297,bot4,fein_margin,0.0,BURNED,44,49,32,20
0.6,298,bot4,fein_margin,0.0,SUCCESS,16,16,49,
0.6,299,bot4,fein_margin,0.0,SUCCESS,22,22,17,
0.6,324,bot4,fein_margin,0.0,BURNED,30,37,30,13
0.6,325,bot4,fein_margin,0.0,SUCCESS,23,23,40,
0.6,326,bot4,fein_margin,0.0,SUCCESS,9,9,50,
0.6,327,bot4,fein_margin,0.0,SUCCESS,42,38,28,
0.6,336,bot4,fein_margin,0.0,BUTTON_BURNED,17,33,10,4
0.6,337,bot4,fein_margin,0.0,BURNED,35,56,30,20
0.6,338,bot4,fein_margin,0.0,SUCCESS,24,24,51,
0.6,339,bot4,fein_margin,0.0,SUCCESS,13,13,29,
0.6,320,bot4,fein_margin,0.0,SUCCESS,34,34,44,
0.6,321,bot4,fein_margin,0.0,BUTTON_BURNED,1,41,1,
0.6,322,bot4,fein_margin,0.0,GAVE_UP,17,46,12,
0.6,323,bot4,fein_margin,0.0,SUCCESS,46,42,33,
0.6,308,bot4,fein_margin,0.0,BUTTON_BURNED,20,54,11,
0.6,309,bot4,fein_margin,0.0,SUCCESS,50,50,39,
0.6,310,bot4,fein_margin,0.0,BUTTON_BURNED,15,22,8,
0.6,311,bot4,fein_margin,0.0,SUCCESS,51,51,49,
0.6,328,bot4,fein_margin,0.0,SUCCESS,38,38,37,
0.6,329,bot4,fein_margin,0.0,SUCCESS,34,34,45,
0.6,330,bot4,fein_margin,0.0,BUTTON_BURNED,27,42,17,
0.6,331,bot4,fein_margin,0.0,GAVE_UP,41,50,31,
0.6,332,bot4,fein_margin,0.0,SUCCESS,49,49,52,
0.6,333,bot4,fein_margin,0.0,SUCCESS,6,6,53,
0.6,334,bot4,fein_margin,0.0,GAVE_UP,45,56,36,
0.6,335,bot4,fein_margin,0.0,GAVE_UP,26,43,23,
0.6,340,bot4,fein_margin,0.0,GAVE_UP,23,38,20,1
0.6,341,bot4,fein_margin,0.0,BUTTON_BURNED,10,47,8,
0.6,342,bot4,fein_margin,0.0,GAVE_UP,26,53,22,
0.6,343,bot4,fein_margin,0.0,SUCCESS,31,31,24,
0.6,356,bot4,fein_margin,0.0,SUCCESS,20,20,39,
0.6,357,bot4,fein_margin,0.0,SUCCESS,27,27,28,
0.6,358,bot4,fein_margin,0.0,BURNED,37,44,24,12
0.6,359,bot4,fein_margin,0.0,BUTTON_BURNED,12,46,9,
0.6,360,bot4,fein_margin,0.0,SUCCESS,29,29,29,
0.6,361,bot4,fein_margin,0.0,SUCCESS,37,37,55,
0.6,362,bot4,fein_margin,0.0,SUCCESS,21,21,41,
0.6,363,bot4,fein_margin,0.0,BUTTON_BURNED,20,23,11,7
0.6,348,bot4,fein_margin,0.0,SUCCESS,11,11,25,
0.6,349,bot4,fein_margin,0.0,BUTTON_BURNED,6,24,4,
0.6,350,bot4,fein_margin,0.0,SUCCESS,52,52,51,
0.6,351,bot4,fein_margin,0.0,BUTTON_BURNED,27,47,17,
0.6,344,bot4,fein_margin,0.0,SUCCESS,40,40,50,
0.6,345,bot4,fein_margin,0.0,SUCCESS,25,25,23,
0.6,346,bot4,fein_margin,0.0,SUCCESS,21,21,43,
0.6,347,bot4,fein_margin,0.0,GAVE_UP,25,34,15,
0.6,352,bot4,fein_margin,0.0,SUCCESS,52,52,56,
0.6,353,bot4,fein_margin,0.0,SUCCESS,31,31,42,
0.6,354,bot4,fein_margin,0.0,SUCCESS,11,11,31,
0.6,355,bot4,fein_margin,0.0,SUCCESS,30,30,39,
0.6,364,bot4,fein_margin,0.0,SUCCESS,2,2,9,
0.6,365,bot4,fein_margin,0.0,GAVE_UP,34,57,32,
0.6,366,bot4,fein_margin,0.0,GAVE_UP,37,49,27,
0.6,367,bot4,fein_margin,0.0,SUCCESS,13,13,52,
0.6,380,bot4,fein_margin,0.0,BUTTON_BURNED,32,45,20,
0.6,381,bot4,fein_margin,0.0,SUCCESS,13,13,24,
0.6,382,bot4,fein_margin,0.0,SUCCESS,31,31,33,
0.6,383,bot4,fein_margin,0.0,SUCCESS,9,9,40,
0.6,388,bot4,fein_margin,0.0,SUCCESS,25,25,46,
0.6,389,bot4,fein_margin,0.0,SUCCESS,12,12,25,
0.6,390,bot4,fein_margin,0.0,SUCCESS,10,10,36,
0.6,391,bot4,fein_margin,0.0,SUCCESS,25,25,41,
0.6,376,bot4,fein_margin,0.0,BUTTON_BURNED,5,30,5,
0.6,377,bot4,fein_margin,0.0,SUCCESS,8,8,19,
0.6,378,bot4,fein_margin,0.0,GAVE_UP,7,39,18,
0.6,379,bot4,fein_margin,0.0,BUTTON_BURNED,60,52,42,
0.6,396,bot4,fein_margin,0.0,SUCCESS,10,10,44,
0.6,397,bot4,fein_margin,0.0,SUCCESS,9,9,27,
0.6,398,bot4,fein_margin,0.0,GAVE_UP,49,55,40,
0.6,399,bot4,fein_margin,0.0,SUCCESS,9,9,49,
0.6,368,bot4,fein_margin,0.0,BUTTON_BURNED,47,48,32,
0.6,369,bot4,fein_margin,0.0,SUCCESS,32,32,31,
0.6,370,bot4,fein_margin,0.0,SUCCESS,23,23,23,
0.6,371,bot4,fein_margin,0.0,SUCCESS,37,37,43,
0.6,372,bot4,fein_margin,0.0,SUCCESS,35,35,35,
0.6,373,bot4,fein_margin,0.0,GAVE_UP,45,53,41,
0.6,374,bot4,fein_margin,0.0,SUCCESS,24,24,44,
0.6,375,bot4,fein_margin,0.0,SUCCESS,8,8,46,
0.6,392,bot4,fein_margin,0.0,BUTTON_BURNED,26,23,16,4
0.6,393,bot4,fein_margin,0.0,GAVE_UP,45,49,34,
0.6,394,bot4,fein_margin,0.0,SUCCESS,33,33,46,
0.6,395,bot4,fein_margin,0.0,SUCCESS,26,26,66,
0.6,384,bot4,fein_margin,0.0,SUCCESS,6,6,28,
0.6,385,bot4,fein_margin,0.0,SUCCESS,48,48,48,
0.6,386,bot4,fein_margin,0.0,SUCCESS,47,47,34,
0.6,387,bot4,fein_margin,0.0,GAVE_UP,22,60,25,
0.6,416,bot4,fein_margin,0.0,SUCCESS,18,18,40,
0.6,417,bot4,fein_margin,0.0,SUCCESS,5,5,18,
0.6,418,bot4,fein_margin,0.0,SUCCESS,13,13,42,
0.6,419,bot4,fein_margin,0.0,SUCCESS,10,10,43,
0.6,412,bot4,fein_margin,0.0,SUCCESS,21,21,43,
0.6,413,bot4,fein_margin,0.0,SUCCESS,13,13,31,
0.6,414,bot4,fein_margin,0.0,BUTTON_BURNED,26,34,21,
0.6,415,bot4,fein_margin,0.0,SUCCESS,13,13,40,
0.6,400,bot4,fein_margin,0.0,SUCCESS,39,39,37,
0.6,401,bot4,fein_margin,0.0,SUCCESS,37,37,48,
0.6,402,bot4,fein_margin,0.0,SUCCESS,25,25,16,
0.6,403,bot4,fein_margin,0.0,BUTTON_BURNED,9,37,7,
0.6,404,bot4,fein_margin,0.0,SUCCESS,41,41,43,
0.6,405,bot4,fein_margin,0.0,SUCCESS,35,35,32,
0.6,406,bot4,fein_margin,0.0,SUCCESS,45,45,51,
0.6,407,bot4,fein_margin,0.0,SUCCESS,30,30,46,
0.6,428,bot4,fein_margin,0.0,SUCCESS,5,5,65,
0.6,429,bot4,fein_margin,0.0,SUCCESS,20,20,21,
0.6,430,bot4,fein_margin,0.0,GAVE_UP,18,22,12,
0.6,431,bot4,fein_margin,0.0,SUCCESS,5,5,40,
0.6,420,bot4,fein_margin,0.0,SUCCESS,28,28,30,
0.6,421,bot4,fein_margin,0.0,BUTTON_BURNED,22,47,10,
0.6,422,bot4,fein_margin,0.0,SUCCESS,7,7,24,
0.6,423,bot4,fein_margin,0.0,SUCCESS,42,42,42,
0.6,440,bot4,fein_margin,0.0,SUCCESS,12,12,36,
0.6,441,bot4,fein_margin,0.0,SUCCESS,23,23,24,
0.6,442,bot4,fein_margin,0.0,GAVE_UP,18,40,17,
0.6,443,bot4,fein_margin,0.0,BUTTON_BURNED,29,28,16,
0.6,408,bot4,fein_margin,0.0,SUCCESS,58,58,52,
0.6,409,bot4,fein_margin,0.0,SUCCESS,26,26,19,
0.6,410,bot4,fein_margin,0.0,SUCCESS,46,46,54,
0.6,411,bot4,fein_margin,0.0,GAVE_UP,13,28,13,
0.6,444,bot4,fein_margin,0.0,SUCCESS,24,24,48,
0.6,445,bot4,fein_margin,0.0,SUCCESS,14,14,21,
0.6,446,bot4,fein_margin,0.0,SUCCESS,35,35,63,
0.6,447,bot4,fein_margin,0.0,GAVE_UP,21,45,16,4
0.6,436,bot4,fein_margin,0.0,SUCCESS,23,23,31,
0.6,437,bot4,fein_margin,0.0,SUCCESS,20,20,62,
0.6,438,bot4,fein_margin,0.0,SUCCESS,30,30,25,
0.6,439,bot4,fein_margin,0.0,SUCCESS,61,61,49,
0.6,432,bot4,fein_margin,0.0,GAVE_UP,27,49,21,
0.6,433,bot4,fein_margin,0.0,SUCCESS,19,19,16,
0.6,434,bot4,fein_margin,0.0,GAVE_UP,32,31,25,1
0.6,435,bot4,fein_margin,0.0,BUTTON_BURNED,29,52,16,
0.6,424,bot4,fein_margin,0.0,BURNED,50,60,39,
0.6,425,bot4,fein_margin,0.0,SUCCESS,37,37,33,
0.6,426,bot4,fein_margin,0.0,BUTTON_BURNED,22,42,16,18
0.6,427,bot4,fein_margin,0.0,BURNED,34,55,40,
0.6,448,bot4,fein_margin,0.0,SUCCESS,53,53,61,
0.6,449,bot4,fein_margin,0.0,SUCCESS,38,38,48,
0.6,450,bot4,fein_margin,0.0,SUCCESS,18,18,14,
0.6,451,bot4,fein_margin,0.0,SUCCESS,30,30,56,
0.6,456,bot4,fein_margin,0.0,SUCCESS,17,17,13,
0.6,457,bot4,fein_margin,0.0,GAVE_UP,19,37,18,5
0.6,458,bot4,fein_margin,0.0,SUCCESS,36,36,40,
0.6,459,bot4,fein_margin,0.0,GAVE_UP,17,34,22,
0.6,468,bot4,fein_margin,0.0,BUTTON_BURNED,14,37,12,
0.6,469,bot4,fein_margin,0.0,GAVE_UP,30,37,20,
0.6,470,bot4,fein_margin,0.0,SUCCESS,20,20,25,
0.6,471,bot4,fein_margin,0.0,SUCCESS,46,46,30,
0.6,460,bot4,fein_margin,0.0,SUCCESS,24,24,34,
0.6,461,bot4,fein_margin,0.0,BUTTON_BURNED,29,40,19,
0.6,462,bot4,fein_margin,0.0,BURNED,31,46,17,5
0.6,463,bot4,fein_margin,0.0,GAVE_UP,2,15,5,1
0.6,464,bot4,fein_margin,0.0,SUCCESS,49,49,42,
0.6,465,bot4,fein_margin,0.0,SUCCESS,15,15,51,
0.6,466,bot4,fein_margin,0.0,BUTTON_BURNED,16,31,12,
0.6,467,bot4,fein_margin,0.0,SUCCESS,17,17,13,
0.6,452,bot4,fein_margin,0.0,BUTTON_BURNED,28,39,17,
0.6,453,bot4,fein_margin,0.0,SUCCESS,26,26,17,
0.6,454,bot4,fein_margin,0.0,SUCCESS,36,36,40,
0.6,455,bot4,fein_margin,0.0,SUCCESS,56,54,41,
0.6,480,bot4,fein_margin,0.0,GAVE_UP,29,43,29,
0.6,481,bot4,fein_margin,0.0,SUCCESS,39,39,40,
0.6,482,bot4,fein_margin,0.0,SUCCESS,16,16,53,
0.6,483,bot4,fein_margin,0.0,SUCCESS,25,25,48,
0.6,472,bot4,fein_margin,0.0,GAVE_UP,32,24,18,
0.6,473,bot4,fein_margin,0.0,SUCCESS,23,23,24,
0.6,474,bot4,fein_margin,0.0,SUCCESS,35,35,28,
0.6,475,bot4,fein_margin,0.0,SUCCESS,49,49,48,
0.6,476,bot4,fein_margin,0.0,SUCCESS,28,28,34,
0.6,477,bot4,fein_margin,0.0,SUCCESS,21,21,32,
0.6,478,bot4,fein_margin,0.0,SUCCESS,29,29,27,
0.6,479,bot4,fein_margin,0.0,SUCCESS,46,46,60,
0.1,0,bot4,fein_margin,0.02,SUCCESS,17,17,39,
0.1,1,bot4,fein_margin,0.02,SUCCESS,14,14,68,
0.1,2,bot4,fein_margin,0.02,SUCCESS,35,35,29,
0.1,3,bot4,fein_margin,0.02,SUCCESS,24,24,22,
0.6,488,bot4,fein_margin,0.0,BUTTON_BURNED,19,45,15,3
0.6,489,bot4,fein_margin,0.0,SUCCESS,30,30,55,
0.6,490,bot4,fein_margin,0.0,SUCCESS,27,19,19,
0.6,491,bot4,fein_margin,0.0,SUCCESS,8,8,13,
0.6,484,bot4,fein_margin,0.0,SUCCESS,41,41,53,
0.6,485,bot4,fein_margin,0.0,SUCCESS,19,19,32,
0.6,486,bot4,fein_margin,0.0,SUCCESS,19,19,13,
0.6,487,bot4,fein_margin,0.0,SUCCESS,31,31,29,
0.1,12,bot4,fein_margin,0.02,SUCCESS,30,30,24,
0.1,13,bot4,fein_margin,0.02,SUCCESS,16,16,62,
0.1,14,bot4,fein_margin,0.02,SUCCESS,28,28,49,
0.1,15,bot4,fein_margin,0.02,SUCCESS,13,13,30,
0.1,4,bot4,fein_margin,0.02,SUCCESS,41,41,26,
0.1,5,bot4,fein_margin,0.02,SUCCESS,24,24,19,
0.1,6,bot4,fein_margin,0.02,SUCCESS,5,5,19,
0.1,7,bot4,fein_margin,0.02,SUCCESS,29,27,20,
0.6,492,bot4,fein_margin,0.0,SUCCESS,47,47,58,
0.6,493,bot4,fein_margin,0.0,SUCCESS,44,44,48,
0.6,494,bot4,fein_margin,0.0,SUCCESS,15,15,31,
0.6,495,bot4,fein_margin,0.0,SUCCESS,15,15,23,
0.1,8,bot4,fein_margin,0.02,SUCCESS,25,25,43,
0.1,9,bot4,fein_margin,0.02,SUCCESS,39,39,20,
0.1,10,bot4,fein_margin,0.02,SUCCESS,41,41,33,
0.1,11,bot4,fein_margin,0.02,SUCCESS,48,48,31,
0.1,20,bot4,fein_margin,0.02,SUCCESS,43,43,16,
0.1,21,bot4,fein_margin,0.02,SUCCESS,17,17,55,
0.1,22,bot4,fein_margin,0.02,SUCCESS,15,15,33,
0.1,23,bot4,fein_margin,0.02,SUCCESS,33,33,41,
0.1,24,bot4,fein_margin,0.02,SUCCESS,65,65,27,
0.1,25,bot4,fein_margin,0.02,SUCCESS,36,36,49,
0.1,26,bot4,fein_margin,0.02,SUCCESS,22,22,59,
0.1,27,bot4,fein_margin,0.02,SUCCESS,23,23,41,
0.1,16,bot4,fein_margin,0.02,SUCCESS,35,35,57,
0.1,17,bot4,fein_margin,0.02,SUCCESS,19,19,22,
0.1,18,bot4,fein_margin,0.02,SUCCESS,64,64,58,
0.1,19,bot4,fein_margin,0.02,SUCCESS,49,49,33,
0.1,32,bot4,fein_margin,0.02,SUCCESS,13,13,24,
0.1,33,bot4,fein_margin,0.02,SUCCESS,37,31,7,
0.1,34,bot4,fein_margin,0.02,SUCCESS,39,39,9,
0.1,35,bot4,fein_margin,0.02,SUCCESS,38,38,45,
0.1,48,bot4,fein_margin,0.02,SUCCESS,17,17,37,
0.1,49,bot4,fein_margin,0.02,SUCCESS,3,3,29,
0.1,50,bot4,fein_margin,0.02,SUCCESS,32,32,48,
0.1,51,bot4,fein_margin,0.02,SUCCESS,31,31,40,
0.6,496,bot4,fein_margin,0.0,BUTTON_BURNED,35,43,28,26
0.6,497,bot4,fein_margin,0.0,SUCCESS,24,24,39,
0.6,498,bot4,fein_margin,0.0,GAVE_UP,29,54,20,
0.6,499,bot4,fein_margin,0.0,GAVE_UP,53,53,47,
0.1,28,bot4,fein_margin,0.02,SUCCESS,20,20,23,
0.1,29,bot4,fein_margin,0.02,GAVE_UP,34,41,7,6
0.1,30,bot4,fein_margin,0.02,SUCCESS,41,41,14,
0.1,31,bot4,fein_margin,0.02,SUCCESS,68,68,44,
0.1,40,bot4,fein_margin,0.02,SUCCESS,54,54,34,
0.1,41,bot4,fein_margin,0.02,SUCCESS,26,26,18,
0.1,42,bot4,fein_margin,0.02,SUCCESS,27,27,73,
0.1,43,bot4,fein_margin,0.02,SUCCESS,49,49,26,
0.1,36,bot4,fein_margin,0.02,SUCCESS,19,19,39,
0.1,37,bot4,fein_margin,0.02,SUCCESS,54,54,26,
0.1,38,bot4,fein_margin,0.02,SUCCESS,37,37,35,
0.1,39,bot4,fein_margin,0.02,SUCCESS,60,60,46,
0.1,52,bot4,fein_margin,0.02,SUCCESS,25,25,27,
0.1,53,bot4,fein_margin,0.02,SUCCESS,36,36,39,
0.1,54,bot4,fein_margin,0.02,SUCCESS,51,51,39,
0.1,55,bot4,fein_margin,0.02,SUCCESS,5,5,31,
0.1,44,bot4,fein_margin,0.02,SUCCESS,49,49,51,
0.1,45,bot4,fein_margin,0.02,SUCCESS,34,34,37,
0.1,46,bot4,fein_margin,0.02,SUCCESS,22,22,33,
0.1,47,bot4,fein_margin,0.02,SUCCESS,48,48,25,
0.1,60,bot4,fein_margin,0.02,SUCCESS,38,38,48,
0.1,61,bot4,fein_margin,0.02,SUCCESS,11,11,36,
0.1,62,bot4,fein_margin,0.02,SUCCESS,24,24,14,
0.1,63,bot4,fein_margin,0.02,BUTTON_BURNED,20,28,3,1
0.1,68,bot4,fein_margin,0.02,SUCCESS,3,3,13,
0.1,69,bot4,fein_margin,0.02,SUCCESS,24,24,24,
0.1,70,bot4,fein_margin,0.02,SUCCESS,24,24,23,
0.1,71,bot4,fein_margin,0.02,SUCCESS,46,46,13,
0.1,64,bot4,fein_margin,0.02,SUCCESS,56,56,60,
0.1,65,bot4,fein_margin,0.02,SUCCESS,2,2,58,
0.1,66,bot4,fein_margin,0.02,SUCCESS,48,48,28,
0.1,67,bot4,fein_margin,0.02,SUCCESS,27,27,61,
0.1,84,bot4,fein_margin,0.02,SUCCESS,40,40,14,
0.1,85,bot4,fein_margin,0.02,SUCCESS,29,29,47,
0.1,86,bot4,fein_margin,0.02,SUCCESS,16,16,47,
0.1,87,bot4,fein_margin,0.02,SUCCESS,40,40,38,
0.1,56,bot4,fein_margin,0.02,BUTTON_BURNED,47,54,7,
0.1,57,bot4,fein_margin,0.02,SUCCESS,20,20,26,
0.1,58,bot4,fein_margin,0.02,SUCCESS,47,47,12,
0.1,59,bot4,fein_margin,0.02,SUCCESS,52,52,44,
0.1,72,bot4,fein_margin,0.02,SUCCESS,30,30,22,
0.1,73,bot4,fein_margin,0.02,SUCCESS,45,45,62,
0.1,74,bot4,fein_margin,0.02,SUCCESS,30,30,43,
0.1,75,bot4,fein_margin,0.02,SUCCESS,31,31,21,
0.1,76,bot4,fein_margin,0.02,SUCCESS,39,39,50,
0.1,77,bot4,fein_margin,0.02,SUCCESS,34,34,6,
0.1,78,bot4,fein_margin,0.02,SUCCESS,51,51,48,
0.1,79,bot4,fein_margin,0.02,SUCCESS,18,18,10,
0.1,96,bot4,fein_margin,0.02,SUCCESS,53,53,20,
0.1,97,bot4,fein_margin,0.02,SUCCESS,13,13,14,
0.1,98,bot4,fein_margin,0.02,SUCCESS,28,28,27,
0.1,99,bot4,fein_margin,0.02,SUCCESS,26,26,52,
0.1,80,bot4,fein_margin,0.02,SUCCESS,57,57,31,
0.1,81,bot4,fein_margin,0.02,SUCCESS,43,43,56,
0.1,82,bot4,fein_margin,0.02,SUCCESS,43,43,19,
0.1,83,bot4,fein_margin,0.02,SUCCESS,43,43,39,
0.1,92,bot4,fein_margin,0.02,SUCCESS,46,46,37,
0.1,93,bot4,fein_margin,0.02,SUCCESS,38,38,42,
0.1,94,bot4,fein_margin,0.02,SUCCESS,21,21,30,
0.1,95,bot4,fein_margin,0.02,SUCCESS,46,46,38,
0.1,112,bot4,fein_margin,0.02,SUCCESS,7,7,9,
0.1,113,bot4,fein_margin,0.02,SUCCESS,23,23,13,
0.1,114,bot4,fein_margin,0.02,SUCCESS,27,27,31,
0.1,115,bot4,fein_margin,0.02,SUCCESS,48,48,49,
0.1,88,bot4,fein_margin,0.02,SUCCESS,65,55,13,
0.1,89,bot4,fein_margin,0.02,SUCCESS,50,50,32,
0.1,90,bot4,fein_margin,0.02,SUCCESS,51,51,40,
0.1,91,bot4,fein_margin,0.02,SUCCESS,23,23,48,
0.1,108,bot4,fein_margin,0.02,SUCCESS,47,47,45,
0.1,109,bot4,fein_margin,0.02,SUCCESS,5,5,18,
0.1,110,bot4,fein_margin,0.02,SUCCESS,28,28,39,
0.1,111,bot4,fein_margin,0.02,SUCCESS,59,57,31,
0.1,104,bot4,fein_margin,0.02,SUCCESS,24,24,32,
0.1,105,bot4,fein_margin,0.02,SUCCESS,47,47,33,
0.1,106,bot4,fein_margin,0.02,SUCCESS,41,41,10,
0.1,107,bot4,fein_margin,0.02,SUCCESS,44,40,24,
0.1,120,bot4,fein_margin,0.02,SUCCESS,46,46,32,
0.1,121,bot4,fein_margin,0.02,SUCCESS,27,27,19,
0.1,122,bot4,fein_margin,0.02,SUCCESS,7,7,56,
0.1,123,bot4,fein_margin,0.02,SUCCESS,31,31,35,
0.1,100,bot4,fein_margin,0.02,SUCCESS,38,36,16,
0.1,101,bot4,fein_margin,0.02,SUCCESS,46,46,47,
0.1,102,bot4,fein_margin,0.02,SUCCESS,48,48,38,
0.1,103,bot4,fein_margin,0.02,GAVE_UP,74,68,9,
0.1,128,bot4,fein_margin,0.02,SUCCESS,39,39,35,
0.1,129,bot4,fein_margin,0.02,BUTTON_BURNED,14,56,4,6
0.1,130,bot4,fein_margin,0.02,SUCCESS,41,41,46,
0.1,131,bot4,fein_margin,0.02,SUCCESS,34,34,22,
0.1,116,bot4,fein_margin,0.02,SUCCESS,9,9,34,
0.1,117,bot4,fein_margin,0.02,SUCCESS,31,31,39,
0.1,118,bot4,fein_margin,0.02,SUCCESS,37,37,31,
0.1,119,bot4,fein_margin,0.02,SUCCESS,65,65,59,
0.1,132,bot4,fein_margin,0.02,SUCCESS,44,44,35,
0.1,133,bot4,fein_margin,0.02,SUCCESS,53,53,49,
0.1,134,bot4,fein_margin,0.02,SUCCESS,15,15,39,
0.1,135,bot4,fein_margin,0.02,SUCCESS,9,9,29,
0.1,124,bot4,fein_margin,0.02,SUCCESS,17,17,36,
0.1,125,bot4,fein_margin,0.02,SUCCESS,31,31,28,
0.1,126,bot4,fein_margin,0.02,SUCCESS,39,39,37,
0.1,127,bot4,fein_margin,0.02,SUCCESS,28,28,11,
0.1,140,bot4,fein_margin,0.02,SUCCESS,35,35,19,
0.1,141,bot4,fein_margin,0.02,SUCCESS,20,20,29,
0.1,142,bot4,fein_margin,0.02,SUCCESS,6,6,10,
0.1,143,bot4,fein_margin,0.02,SUCCESS,32,32,37,
0.1,148,bot4,fein_margin,0.02,SUCCESS,33,33,29,
0.1,149,bot4,fein_margin,0.02,SUCCESS,1,1,30,
0.1,150,bot4,fein_margin,0.02,SUCCESS,9,9,39,
0.1,151,bot4,fein_margin,0.02,SUCCESS,22,22,32,
0.1,160,bot4,fein_margin,0.02,SUCCESS,19,19,38,
0.1,161,bot4,fein_margin,0.02,SUCCESS,16,16,10,
0.1,162,bot4,fein_margin,0.02,SUCCESS,3,3,15,
0.1,163,bot4,fein_margin,0.02,SUCCESS,11,11,55,
0.1,136,bot4,fein_margin,0.02,SUCCESS,47,47,47,
0.1,137,bot4,fein_margin,0.02,SUCCESS,33,33,15,
0.1,138,bot4,fein_margin,0.02,SUCCESS,20,20,57,
0.1,139,bot4,fein_margin,0.02,SUCCESS,41,41,45,
0.1,164,bot4,fein_margin,0.02,SUCCESS,30,30,35,
0.1,165,bot4,fein_margin,0.02,SUCCESS,23,23,42,
0.1,166,bot4,fein_margin,0.02,SUCCESS,6,6,18,
0.1,167,bot4,fein_margin,0.02,SUCCESS,30,30,32,
0.1,144,bot4,fein_margin,0.02,SUCCESS,39,29,5,
0.1,145,bot4,fein_margin,0.02,SUCCESS,49,49,37,
0.1,146,bot4,fein_margin,0.02,SUCCESS,29,29,51,
0.1,147,bot4,fein_margin,0.02,SUCCESS,11,11,33,
0.1,156,bot4,fein_margin,0.02,SUCCESS,30,28,7,6
0.1,157,bot4,fein_margin,0.02,SUCCESS,12,12,40,
0.1,158,bot4,fein_margin,0.02,SUCCESS,33,33,31,
0.1,159,bot4,fein_margin,0.02,SUCCESS,52,40,25,
0.1,168,bot4,fein_margin,0.02,SUCCESS,9,9,19,
0.1,169,bot4,fein_margin,0.02,SUCCESS,30,30,20,
0.1,170,bot4,fein_margin,0.02,SUCCESS,11,11,33,
0.1,171,bot4,fein_margin,0.02,SUCCESS,42,42,40,
0.1,172,bot4,fein_margin,0.02,SUCCESS,45,43,30,
0.1,173,bot4,fein_margin,0.02,SUCCESS,43,43,27,
0.1,174,bot4,fein_margin,0.02,SUCCESS,12,12,23,
0.1,175,bot4,fein_margin,0.02,SUCCESS,18,18,19,
0.1,152,bot4,fein_margin,0.02,SUCCESS,63,63,36,
0.1,153,bot4,fein_margin,0.02,SUCCESS,30,30,5,
0.1,154,bot4,fein_margin,0.02,GAVE_UP,64,56,8,
0.1,155,bot4,fein_margin,0.02,SUCCESS,15,15,20,
0.1,184,bot4,fein_margin,0.02,SUCCESS,47,47,27,
0.1,185,bot4,fein_margin,0.02,SUCCESS,12,10,9,
0.1,186,bot4,fein_margin,0.02,GAVE_UP,48,46,3,1
0.1,187,bot4,fein_margin,0.02,SUCCESS,32,32,48,
0.1,176,bot4,fein_margin,0.02,SUCCESS,60,46,12,40
0.1,177,bot4,fein_margin,0.02,SUCCESS,29,29,28,
0.1,178,bot4,fein_margin,0.02,SUCCESS,1,1,30,
0.1,179,bot4,fein_margin,0.02,SUCCESS,19,19,42,
0.1,180,bot4,fein_margin,0.02,SUCCESS,49,49,45,
0.1,181,bot4,fein_margin,0.02,SUCCESS,24,24,27,
0.1,182,bot4,fein_margin,0.02,SUCCESS,40,40,45,
0.1,183,bot4,fein_margin,0.02,SUCCESS,56,56,48,
0.1,200,bot4,fein_margin,0.02,SUCCESS,31,31,44,
0.1,201,bot4,fein_margin,0.02,SUCCESS,24,24,23,
0.1,202,bot4,fein_margin,0.02,SUCCESS,10,10,28,
0.1,203,bot4,fein_margin,0.02,SUCCESS,28,28,38,
0.1,188,bot4,fein_margin,0.02,SUCCESS,23,23,45,
0.1,189,bot4,fein_margin,0.02,SUCCESS,25,25,54,
0.1,190,bot4,fein_margin,0.02,SUCCESS,48,48,55,
0.1,191,bot4,fein_margin,0.02,SUCCESS,40,40,31,
0.1,192,bot4,fein_margin,0.02,SUCCESS,18,18,45,
0.1,193,bot4,fein_margin,0.02,SUCCESS,35,35,17,
0.1,194,bot4,fein_margin,0.02,SUCCESS,55,55,64,
0.1,195,bot4,fein_margin,0.02,SUCCESS,40,40,23,
0.1,212,bot4,fein_margin,0.02,SUCCESS,39,39,50,
0.1,213,bot4,fein_margin,0.02,SUCCESS,35,35,55,
0.1,214,bot4,fein_margin,0.02,SUCCESS,12,12,42,
0.1,215,bot4,fein_margin,0.02,SUCCESS,38,38,21,
0.1,208,bot4,fein_margin,0.02,SUCCESS,43,43,34,
0.1,209,bot4,fein_margin,0.02,SUCCESS,35,35,61,
0.1,210,bot4,fein_margin,0.02,SUCCESS,31,31,36,
0.1,211,bot4,fein_margin,0.02,SUCCESS,6,6,30,
0.1,196,bot4,fein_margin,0.02,SUCCESS,15,15,30,
0.1,197,bot4,fein_margin,0.02,SUCCESS,51,51,38,
0.1,198,bot4,fein_margin,0.02,SUCCESS,65,65,25,
0.1,199,bot4,fein_margin,0.02,SUCCESS,52,52,24,
0.1,204,bot4,fein_margin,0.02,SUCCESS,22,22,18,
0.1,205,bot4,fein_margin,0.02,SUCCESS,55,55,33,
0.1,206,bot4,fein_margin,0.02,SUCCESS,29,29,54,
0.1,207,bot4,fein_margin,0.02,SUCCESS,14,14,27,
0.1,216,bot4,fein_margin,0.02,SUCCESS,45,45,24,
0.1,217,bot4,fein_margin,0.02,SUCCESS,21,21,26,
0.1,218,bot4,fein_margin,0.02,SUCCESS,17,17,54,
0.1,219,bot4,fein_margin,0.02,SUCCESS,56,56,28,
0.1,220,bot4,fein_margin,0.02,SUCCESS,26,26,48,
0.1,221,bot4,fein_margin,0.02,SUCCESS,43,43,40,
0.1,222,bot4,fein_margin,0.02,SUCCESS,17,17,40,
0.1,223,bot4,fein_margin,0.02,SUCCESS,46,46,42,
0.1,228,bot4,fein_margin,0.02,SUCCESS,37,37,28,
0.1,229,bot4,fein_margin,0.02,SUCCESS,20,20,22,
0.1,230,bot4,fein_margin,0.02,SUCCESS,35,35,43,
0.1,231,bot4,fein_margin,0.02,SUCCESS,26,26,30,
0.1,224,bot4,fein_margin,0.02,SUCCESS,48,48,54,
0.1,225,bot4,fein_margin,0.02,SUCCESS,24,24,30,
0.1,226,bot4,fein_margin,0.02,SUCCESS,54,54,35,
0.1,227,bot4,fein_margin,0.02,SUCCESS,44,44,42,
0.1,236,bot4,fein_margin,0.02,SUCCESS,28,28,58,
0.1,237,bot4,fein_margin,0.02,SUCCESS,51,51,48,
0.1,238,bot4,fein_margin,0.02,SUCCESS,24,24,37,
0.1,239,bot4,fein_margin,0.02,SUCCESS,43,43,52,
0.1,248,bot4,fein_margin,0.02,SUCCESS,40,40,45,
0.1,249,bot4,fein_margin,0.02,SUCCESS,23,23,34,
0.1,250,bot4,fein_margin,0.02,SUCCESS,30,30,20,
0.1,251,bot4,fein_margin,0.02,SUCCESS,9,9,43,
0.1,232,bot4,fein_margin,0.02,SUCCESS,42,42,48,
0.1,233,bot4,fein_margin,0.02,SUCCESS,45,45,41,
0.1,234,bot4,fein_margin,0.02,SUCCESS,39,39,35,
0.1,235,bot4,fein_margin,0.02,SUCCESS,29,29,52,
0.1,240,bot4,fein_margin,0.02,SUCCESS,10,10,39,
0.1,241,bot4,fein_margin,0.02,SUCCESS,28,28,17,
0.1,242,bot4,fein_margin,0.02,SUCCESS,30,30,23,
0.1,243,bot4,fein_margin,0.02,SUCCESS,71,65,19,
0.1,244,bot4,fein_margin,0.02,SUCCESS,61,61,35,
0.1,245,bot4,fein_margin,0.02,SUCCESS,19,19,70,
0.1,246,bot4,fein_margin,0.02,SUCCESS,24,24,11,
0.1,247,bot4,fein_margin,0.02,SUCCESS,32,32,26,
0.1,252,bot4,fein_margin,0.02,SUCCESS,34,34,46,
0.1,253,bot4,fein_margin,0.02,SUCCESS,55,55,18,
0.1,254,bot4,fein_margin,0.02,SUCCESS,32,32,19,
0.1,255,bot4,fein_margin,0.02,SUCCESS,16,16,23,
0.1,256,bot4,fein_margin,0.02,BURNED,32,28,13,
0.1,257,bot4,fein_margin,0.02,SUCCESS,10,10,27,
0.1,258,bot4,fein_margin,0.02,SUCCESS,43,43,45,
0.1,259,bot4,fein_margin,0.02,SUCCESS,5,5,15,
0.1,260,bot4,fein_margin,0.02,SUCCESS,35,35,59,
0.1,261,bot4,fein_margin,0.02,SUCCESS,34,34,40,
0.1,262,bot4,fein_margin,0.02,SUCCESS,36,36,58,
0.1,263,bot4,fein_margin,0.02,SUCCESS,7,7,51,
0.1,272,bot4,fein_margin,0.02,SUCCESS,41,41,32,
0.1,273,bot4,fein_margin,0.02,SUCCESS,19,19,45,
0.1,274,bot4,fein_margin,0.02,SUCCESS,41,41,40,
0.1,275,bot4,fein_margin,0.02,SUCCESS,10,10,12,
0.1,268,bot4,fein_margin,0.02,SUCCESS,18,18,25,
0.1,269,bot4,fein_margin,0.02,SUCCESS,16,16,52,
0.1,270,bot4,fein_margin,0.02,SUCCESS,58,58,55,
0.1,271,bot4,fein_margin,0.02,SUCCESS,32,32,41,
0.1,276,bot4,fein_margin,0.02,SUCCESS,42,42,47,
0.1,277,bot4,fein_margin,0.02,SUCCESS,18,18,15,
0.1,278,bot4,fein_margin,0.02,SUCCESS,38,38,27,
0.1,279,bot4,fein_margin,0.02,SUCCESS,20,20,32,
0.1,288,bot4,fein_margin,0.02,SUCCESS,5,5,12,
0.1,289,bot4,fein_margin,0.02,SUCCESS,19,19,51,
0.1,290,bot4,fein_margin,0.02,SUCCESS,63,63,67,
0.1,291,bot4,fein_margin,0.02,SUCCESS,28,28,45,
0.1,284,bot4,fein_margin,0.02,SUCCESS,4,4,41,
0.1,285,bot4,fein_margin,0.02,SUCCESS,39,39,33,
0.1,286,bot4,fein_margin,0.02,SUCCESS,33,33,40,
0.1,287,bot4,fein_margin,0.02,SUCCESS,19,19,18,
0.1,264,bot4,fein_margin,0.02,SUCCESS,51,49,33,
0.1,265,bot4,fein_margin,0.02,SUCCESS,42,42,27,
0.1,266,bot4,fein_margin,0.02,SUCCESS,34,34,15,
0.1,267,bot4,fein_margin,0.02,SUCCESS,42,42,38,
0.1,280,bot4,fein_margin,0.02,SUCCESS,36,36,30,
0.1,281,bot4,fein_margin,0.02,SUCCESS,32,32,35,
0.1,282,bot4,fein_margin,0.02,SUCCESS,51,51,25,
0.1,283,bot4,fein_margin,0.02,SUCCESS,29,29,18,
0.1,300,bot4,fein_margin,0.02,SUCCESS,38,38,51,
0.1,301,bot4,fein_margin,0.02,SUCCESS,36,36,29,
0.1,302,bot4,fein_margin,0.02,SUCCESS,7,7,48,
0.1,303,bot4,fein_margin,0.02,SUCCESS,17,17,48,
0.1,292,bot4,fein_margin,0.02,SUCCESS,18,18,15,
0.1,293,bot4,fein_margin,0.02,SUCCESS,25,25,53,
0.1,294,bot4,fein_margin,0.02,SUCCESS,46,46,34,
0.1,295,bot4,fein_margin,0.02,SUCCESS,32,32,30,
0.1,312,bot4,fein_margin,0.02,SUCCESS,13,13,14,
0.1,313,bot4,fein_margin,0.02,SUCCESS,30,30,53,
0.1,314,bot4,fein_margin,0.02,SUCCESS,18,18,40,
0.1,315,bot4,fein_margin,0.02,SUCCESS,23,23,7,
0.1,316,bot4,fein_margin,0.02,SUCCESS,9,9,37,
0.1,317,bot4,fein_margin,0.02,SUCCESS,6,6,42,
0.1,318,bot4,fein_margin,0.02,SUCCESS,17,17,39,
0.1,319,bot4,fein_margin,0.02,SUCCESS,36,36,12,
0.1,296,bot4,fein_margin,0.02,SUCCESS,56,56,45,
0.1,297,bot4,fein_margin,0.02,SUCCESS,49,49,32,
0.1,298,bot4,fein_margin,0.02,SUCCESS,16,16,49,
0.1,299,bot4,fein_margin,0.02,SUCCESS,22,22,17,
0.1,324,bot4,fein_margin,0.02,SUCCESS,37,37,30,
0.1,325,bot4,fein_margin,0.02,SUCCESS,23,23,40,
0.1,326,bot4,fein_margin,0.02,SUCCESS,9,9,50,
0.1,327,bot4,fein_margin,0.02,SUCCESS,38,38,28,
0.1,328,bot4,fein_margin,0.02,SUCCESS,38,38,37,
0.1,329,bot4,fein_margin,0.02,SUCCESS,34,34,45,
0.1,330,bot4,fein_margin,0.02,SUCCESS,42,42,17,
0.1,331,bot4,fein_margin,0.02,SUCCESS,50,50,31,
0.1,308,bot4,fein_margin,0.02,SUCCESS,54,54,11,
0.1,309,bot4,fein_margin,0.02,SUCCESS,50,50,39,
0.1,310,bot4,fein_margin,0.02,SUCCESS,22,22,8,
0.1,311,bot4,fein_margin,0.02,SUCCESS,51,51,49,
0.1,320,bot4,fein_margin,0.02,SUCCESS,34,34,44,
0.1,321,bot4,fein_margin,0.02,BUTTON_BURNED,19,41,1,1
0.1,322,bot4,fein_margin,0.02,SUCCESS,52,46,12,
0.1,323,bot4,fein_margin,0.02,SUCCESS,44,42,33,
0.1,304,bot4,fein_margin,0.02,SUCCESS,49,49,21,
0.1,305,bot4,fein_margin,0.02,SUCCESS,20,20,16,
0.1,306,bot4,fein_margin,0.02,SUCCESS,47,47,38,
0.1,307,bot4,fein_margin,0.02,SUCCESS,58,54,12,
0.1,336,bot4,fein_margin,0.02,SUCCESS,33,33,10,
0.1,337,bot4,fein_margin,0.02,SUCCESS,56,56,30,
0.1,338,bot4,fein_margin,0.02,SUCCESS,24,24,51,
0.1,339,bot4,fein_margin,0.02,SUCCESS,13,13,29,
0.1,332,bot4,fein_margin,0.02,SUCCESS,49,49,52,
0.1,333,bot4,fein_margin,0.02,SUCCESS,6,6,53,
0.1,334,bot4,fein_margin,0.02,SUCCESS,56,56,36,
0.1,335,bot4,fein_margin,0.02,SUCCESS,43,43,23,
0.1,344,bot4,fein_margin,0.02,SUCCESS,40,40,50,
0.1,345,bot4,fein_margin,0.02,SUCCESS,25,25,23,
0.1,346,bot4,fein_margin,0.02,SUCCESS,21,21,43,
0.1,347,bot4,fein_margin,0.02,SUCCESS,34,34,15,
0.1,360,bot4,fein_margin,0.02,SUCCESS,29,29,29,
0.1,361,bot4,fein_margin,0.02,SUCCESS,37,37,55,
0.1,362,bot4,fein_margin,0.02,SUCCESS,21,21,41,
0.1,363,bot4,fein_margin,0.02,SUCCESS,23,23,11,
0.1,352,bot4,fein_margin,0.02,SUCCESS,52,52,56,
0.1,353,bot4,fein_margin,0.02,SUCCESS,31,31,42,
0.1,354,bot4,fein_margin,0.02,SUCCESS,11,11,31,
0.1,355,bot4,fein_margin,0.02,SUCCESS,30,30,39,
0.1,348,bot4,fein_margin,0.02,SUCCESS,11,11,25,
0.1,349,bot4,fein_margin,0.02,SUCCESS,24,24,4,
0.1,350,bot4,fein_margin,0.02,SUCCESS,52,52,51,
0.1,351,bot4,fein_margin,0.02,SUCCESS,47,47,17,
0.1,356,bot4,fein_margin,0.02,SUCCESS,20,20,39,
0.1,357,bot4,fein_margin,0.02,SUCCESS,27,27,28,
0.1,358,bot4,fein_margin,0.02,SUCCESS,46,44,24,
0.1,359,bot4,fein_margin,0.02,BUTTON_BURNED,29,46,9,
0.1,340,bot4,fein_margin,0.02,SUCCESS,50,38,20,
0.1,341,bot4,fein_margin,0.02,SUCCESS,49,47,8,25
0.1,342,bot4,fein_margin,0.02,SUCCESS,53,53,22,
0.1,343,bot4,fein_margin,0.02,SUCCESS,31,31,24,
0.1,364,bot4,fein_margin,0.02,SUCCESS,2,2,9,
0.1,365,bot4,fein_margin,0.02,SUCCESS,57,57,32,
0.1,366,bot4,fein_margin,0.02,SUCCESS,49,49,27,
0.1,367,bot4,fein_margin,0.02,SUCCESS,13,13,52,
0.1,368,bot4,fein_margin,0.02,SUCCESS,48,48,32,
0.1,369,bot4,fein_margin,0.02,SUCCESS,32,32,31,
0.1,370,bot4,fein_margin,0.02,SUCCESS,23,23,23,
0.1,371,bot4,fein_margin,0.02,SUCCESS,37,37,43,
0.1,372,bot4,fein_margin,0.02,SUCCESS,35,35,35,
0.1,373,bot4,fein_margin,0.02,SUCCESS,53,53,41,
0.1,374,bot4,fein_margin,0.02,SUCCESS,24,24,44,
0.1,375,bot4,fein_margin,0.02,SUCCESS,8,8,46,
0.1,380,bot4,fein_margin,0.02,SUCCESS,45,45,20,
0.1,381,bot4,fein_margin,0.02,SUCCESS,13,13,24,
0.1,382,bot4,fein_margin,0.02,SUCCESS,31,31,33,
0.1,383,bot4,fein_margin,0.02,SUCCESS,9,9,40,
0.1,388,bot4,fein_margin,0.02,SUCCESS,25,25,46,
0.1,389,bot4,fein_margin,0.02,SUCCESS,12,12,25,
0.1,390,bot4,fein_margin,0.02,SUCCESS,10,10,36,
0.1,391,bot4,fein_margin,0.02,SUCCESS,25,25,41,
0.1,376,bot4,fein_margin,0.02,SUCCESS,30,30,5,
0.1,377,bot4,fein_margin,0.02,SUCCESS,8,8,19,
0.1,378,bot4,fein_margin,0.02,SUCCESS,39,39,18,
0.1,379,bot4,fein_margin,0.02,SUCCESS,52,52,42,
0.1,412,bot4,fein_margin,0.02,SUCCESS,21,21,43,
0.1,413,bot4,fein_margin,0.02,SUCCESS,13,13,31,
0.1,414,bot4,fein_margin,0.02,SUCCESS,34,34,21,
0.1,415,bot4,fein_margin,0.02,SUCCESS,13,13,40,
0.1,396,bot4,fein_margin,0.02,SUCCESS,10,10,44,
0.1,397,bot4,fein_margin,0.02,SUCCESS,9,9,27,
0.1,398,bot4,fein_margin,0.02,SUCCESS,55,55,40,
0.1,399,bot4,fein_margin,0.02,SUCCESS,9,9,49,
0.1,416,bot4,fein_margin,0.02,SUCCESS,18,18,40,
0.1,417,bot4,fein_margin,0.02,SUCCESS,5,5,18,
0.1,418,bot4,fein_margin,0.02,SUCCESS,13,13,42,
0.1,419,bot4,fein_margin,0.02,SUCCESS,10,10,43,
0.1,400,bot4,fein_margin,0.02,SUCCESS,39,39,37,
0.1,401,bot4,fein_margin,0.02,SUCCESS,37,37,48,
0.1,402,bot4,fein_margin,0.02,SUCCESS,25,25,16,
0.1,403,bot4,fein_margin,0.02,BUTTON_BURNED,25,37,7,
0.1,392,bot4,fein_margin,0.02,SUCCESS,23,23,16,
0.1,393,bot4,fein_margin,0.02,SUCCESS,49,49,34,
0.1,394,bot4,fein_margin,0.02,SUCCESS,33,33,46,
0.1,395,bot4,fein_margin,0.02,SUCCESS,26,26,66,
0.1,428,bot4,fein_margin,0.02,SUCCESS,5,5,65,
0.1,429,bot4,fein_margin,0.02,SUCCESS,20,20,21,
0.1,430,bot4,fein_margin,0.02,SUCCESS,22,22,12,
0.1,431,bot4,fein_margin,0.02,SUCCESS,5,5,40,
0.1,384,bot4,fein_margin,0.02,SUCCESS,6,6,28,
0.1,385,bot4,fein_margin,0.02,SUCCESS,48,48,48,
0.1,386,bot4,fein_margin,0.02,SUCCESS,47,47,34,
0.1,387,bot4,fein_margin,0.02,SUCCESS,60,60,25,
0.1,404,bot4,fein_margin,0.02,SUCCESS,41,41,43,
0.1,405,bot4,fein_margin,0.02,SUCCESS,35,35,32,
0.1,406,bot4,fein_margin,0.02,SUCCESS,45,45,51,
0.1,407,bot4,fein_margin,0.02,SUCCESS,30,30,46,
0.1,408,bot4,fein_margin,0.02,SUCCESS,58,58,52,
0.1,409,bot4,fein_margin,0.02,SUCCESS,26,26,19,
0.1,410,bot4,fein_margin,0.02,SUCCESS,46,46,54,
0.1,411,bot4,fein_margin,0.02,SUCCESS,28,28,13,
0.1,420,bot4,fein_margin,0.02,SUCCESS,28,28,30,
0.1,421,bot4,fein_margin,0.02,SUCCESS,47,47,10,
0.1,422,bot4,fein_margin,0.02,SUCCESS,7,7,24,
0.1,423,bot4,fein_margin,0.02,SUCCESS,42,42,42,
0.1,440,bot4,fein_margin,0.02,SUCCESS,12,12,36,
0.1,441,bot4,fein_margin,0.02,SUCCESS,23,23,24,
0.1,442,bot4,fein_margin,0.02,SUCCESS,40,40,17,
0.1,443,bot4,fein_margin,0.02,SUCCESS,28,28,16,
0.1,436,bot4,fein_margin,0.02,SUCCESS,23,23,31,
0.1,437,bot4,fein_margin,0.02,SUCCESS,20,20,62,
0.1,438,bot4,fein_margin,0.02,SUCCESS,30,30,25,
0.1,439,bot4,fein_margin,0.02,SUCCESS,61,61,49,
0.1,448,bot4,fein_margin,0.02,SUCCESS,53,53,61,
0.1,449,bot4,fein_margin,0.02,SUCCESS,38,38,48,
0.1,450,bot4,fein_margin,0.02,SUCCESS,18,18,14,
0.1,451,bot4,fein_margin,0.02,SUCCESS,30,30,56,
0.1,464,bot4,fein_margin,0.02,SUCCESS,49,49,42,
0.1,465,bot4,fein_margin,0.02,SUCCESS,15,15,51,
0.1,466,bot4,fein_margin,0.02,SUCCESS,31,31,12,
0.1,467,bot4,fein_margin,0.02,SUCCESS,17,17,13,
0.1,452,bot4,fein_margin,0.02,SUCCESS,39,39,17,
0.1,453,bot4,fein_margin,0.02,SUCCESS,26,26,17,
0.1,454,bot4,fein_margin,0.02,SUCCESS,36,36,40,
0.1,455,bot4,fein_margin,0.02,SUCCESS,54,54,41,
0.1,456,bot4,fein_margin,0.02,SUCCESS,17,17,13,
0.1,457,bot4,fein_margin,0.02,SUCCESS,37,37,18,
0.1,458,bot4,fein_margin,0.02,SUCCESS,36,36,40,
0.1,459,bot4,fein_margin,0.02,SUCCESS,34,34,22,
0.1,424,bot4,fein_margin,0.02,SUCCESS,60,60,39,
0.1,425,bot4,fein_margin,0.02,SUCCESS,37,37,33,
0.1,426,bot4,fein_margin,0.02,SUCCESS,42,42,16,
0.1,427,bot4,fein_margin,0.02,SUCCESS,55,55,40,
0.1,444,bot4,fein_margin,0.02,SUCCESS,24,24,48,
0.1,445,bot4,fein_margin,0.02,SUCCESS,14,14,21,
0.1,446,bot4,fein_margin,0.02,SUCCESS,35,35,63,
0.1,447,bot4,fein_margin,0.02,SUCCESS,79,45,16,
0.1,432,bot4,fein_margin,0.02,SUCCESS,49,49,21,
0.1,433,bot4,fein_margin,0.02,SUCCESS,19,19,16,
0.1,434,bot4,fein_margin,0.02,SUCCESS,31,31,25,
0.1,435,bot4,fein_margin,0.02,SUCCESS,70,52,16,
0.1,460,bot4,fein_margin,0.02,SUCCESS,24,24,34,
0.1,461,bot4,fein_margin,0.02,SUCCESS,40,40,19,
0.1,462,bot4,fein_margin,0.02,SUCCESS,46,46,17,
0.1,463,bot4,fein_margin,0.02,GAVE_UP,37,15,5,1
0.1,468,bot4,fein_margin,0.02,SUCCESS,37,37,12,
0.1,469,bot4,fein_margin,0.02,SUCCESS,37,37,20,
0.1,470,bot4,fein_margin,0.02,SUCCESS,20,20,25,
0.1,471,bot4,fein_margin,0.02,SUCCESS,46,46,30,
0.1,472,bot4,fein_margin,0.02,SUCCESS,24,24,18,
0.1,473,bot4,fein_margin,0.02,SUCCESS,23,23,24,
0.1,474,bot4,fein_margin,0.02,SUCCESS,35,35,28,
0.1,475,bot4,fein_margin,0.02,SUCCESS,49,49,48,
0.1,476,bot4,fein_margin,0.02,SUCCESS,28,28,34,
0.1,477,bot4,fein_margin,0.02,SUCCESS,21,21,32,
0.1,478,bot4,fein_margin,0.02,SUCCESS,29,29,27,
0.1,479,bot4,fein_margin,0.02,SUCCESS,46,46,60,
0.1,484,bot4,fein_margin,0.02,SUCCESS,41,41,53,
0.1,485,bot4,fein_margin,0.02,SUCCESS,19,19,32,
0.1,486,bot4,fein_margin,0.02,SUCCESS,19,19,13,
0.1,487,bot4,fein_margin,0.02,SUCCESS,31,31,29,
0.1,480,bot4,fein_margin,0.02,SUCCESS,43,43,29,
0.1,481,bot4,fein_margin,0.02,SUCCESS,39,39,40,
0.1,482,bot4,fein_margin,0.02,SUCCESS,16,16,53,
0.1,483,bot4,fein_margin,0.02,SUCCESS,25,25,48,
0.2,0,bot4,fein_margin,0.02,SUCCESS,17,17,39,
0.2,1,bot4,fein_margin,0.02,SUCCESS,14,14,68,
0.2,2,bot4,fein_margin,0.02,SUCCESS,35,35,29,
0.2,3,bot4,fein_margin,0.02,SUCCESS,24,24,22,
0.1,492,bot4,fein_margin,0.02,SUCCESS,47,47,58,
0.1,493,bot4,fein_margin,0.02,SUCCESS,44,44,48,
0.1,494,bot4,fein_margin,0.02,SUCCESS,15,15,31,
0.1,495,bot4,fein_margin,0.02,SUCCESS,15,15,23,
0.1,488,bot4,fein_margin,0.02,SUCCESS,47,45,15,
0.1,489,bot4,fein_margin,0.02,SUCCESS,30,30,55,
0.1,490,bot4,fein_margin,0.02,SUCCESS,19,19,19,
0.1,491,bot4,fein_margin,0.02,SUCCESS,8,8,13,
0.2,12,bot4,fein_margin,0.02,SUCCESS,30,30,24,
0.2,13,bot4,fein_margin,0.02,SUCCESS,16,16,62,
0.2,14,bot4,fein_margin,0.02,SUCCESS,28,28,49,
0.2,15,bot4,fein_margin,0.02,SUCCESS,13,13,30,
0.2,4,bot4,fein_margin,0.02,SUCCESS,41,41,26,6
0.2,5,bot4,fein_margin,0.02,SUCCESS,24,24,19,
0.2,6,bot4,fein_margin,0.02,SUCCESS,5,5,19,
0.2,7,bot4,fein_margin,0.02,SUCCESS,29,27,20,
0.2,20,bot4,fein_margin,0.02,SUCCESS,43,43,16,
0.2,21,bot4,fein_margin,0.02,SUCCESS,17,17,55,
0.2,22,bot4,fein_margin,0.02,SUCCESS,15,15,33,
0.2,23,bot4,fein_margin,0.02,SUCCESS,33,33,41,
0.1,496,bot4,fein_margin,0.02,SUCCESS,43,43,28,
0.1,497,bot4,fein_margin,0.02,SUCCESS,24,24,39,
0.1,498,bot4,fein_margin,0.02,SUCCESS,64,54,20,
0.1,499,bot4,fein_margin,0.02,SUCCESS,53,53,47,
0.2,8,bot4,fein_margin,0.02,SUCCESS,25,25,43,
0.2,9,bot4,fein_margin,0.02,SUCCESS,39,39,20,
0.2,10,bot4,fein_margin,0.02,SUCCESS,41,41,33,
0.2,11,bot4,fein_margin,0.02,SUCCESS,48,48,31,
0.2,24,bot4,fein_margin,0.02,SUCCESS,65,65,27,
0.2,25,bot4,fein_margin,0.02,SUCCESS,36,36,49,
0.2,26,bot4,fein_margin,0.02,SUCCESS,22,22,59,
0.2,27,bot4,fein_margin,0.02,SUCCESS,23,23,41,
0.2,32,bot4,fein_margin,0.02,SUCCESS,13,13,24,
0.2,33,bot4,fein_margin,0.02,BUTTON_BURNED,28,31,7,12
0.2,34,bot4,fein_margin,0.02,BUTTON_BURNED,38,39,9,
0.2,35,bot4,fein_margin,0.02,SUCCESS,38,38,45,
0.2,16,bot4,fein_margin,0.02,SUCCESS,35,35,57,
0.2,17,bot4,fein_margin,0.02,SUCCESS,19,19,22,
0.2,18,bot4,fein_margin,0.02,SUCCESS,64,64,58,
0.2,19,bot4,fein_margin,0.02,SUCCESS,49,49,33,
0.2,48,bot4,fein_margin,0.02,SUCCESS,17,17,37,
0.2,49,bot4,fein_margin,0.02,SUCCESS,3,3,29,
0.2,50,bot4,fein_margin,0.02,SUCCESS,32,32,48,
0.2,51,bot4,fein_margin,0.02,SUCCESS,31,31,40,
0.2,28,bot4,fein_margin,0.02,SUCCESS,20,20,23,
0.2,29,bot4,fein_margin,0.02,GAVE_UP,9,41,7,1
0.2,30,bot4,fein_margin,0.02,SUCCESS,41,41,14,
0.2,31,bot4,fein_margin,0.02,SUCCESS,68,68,44,
0.2,60,bot4,fein_margin,0.02,SUCCESS,38,38,48,
0.2,61,bot4,fein_margin,0.02,SUCCESS,11,11,36,
0.2,62,bot4,fein_margin,0.02,SUCCESS,24,24,14,
0.2,63,bot4,fein_margin,0.02,BUTTON_BURNED,9,28,3,1
0.2,44,bot4,fein_margin,0.02,SUCCESS,49,49,51,
0.2,45,bot4,fein_margin,0.02,SUCCESS,34,34,37,
0.2,46,bot4,fein_margin,0.02,SUCCESS,22,22,33,
0.2,47,bot4,fein_margin,0.02,SUCCESS,48,48,25,
0.2,40,bot4,fein_margin,0.02,SUCCESS,54,54,34,
0.2,41,bot4,fein_margin,0.02,SUCCESS,26,26,18,
0.2,42,bot4,fein_margin,0.02,SUCCESS,27,27,73,
0.2,43,bot4,fein_margin,0.02,SUCCESS,49,49,26,
0.2,36,bot4,fein_margin,0.02,SUCCESS,19,19,39,
0.2,37,bot4,fein_margin,0.02,SUCCESS,54,54,26,
0.2,38,bot4,fein_margin,0.02,SUCCESS,37,37,35,
0.2,39,bot4,fein_margin,0.02,SUCCESS,60,60,46,
0.2,52,bot4,fein_margin,0.02,SUCCESS,25,25,27,
0.2,53,bot4,fein_margin,0.02,SUCCESS,36,36,39,
0.2,54,bot4,fein_margin,0.02,SUCCESS,51,51,39,
0.2,55,bot4,fein_margin,0.02,SUCCESS,5,5,31,
0.2,68,bot4,fein_margin,0.02,SUCCESS,3,3,13,
0.2,69,bot4,fein_margin,0.02,SUCCESS,24,24,24,
0.2,70,bot4,fein_margin,0.02,SUCCESS,24,24,23,
0.2,71,bot4,fein_margin,0.02,GAVE_UP,51,46,13,21
0.2,56,bot4,fein_margin,0.02,BUTTON_BURNED,28,54,7,8
0.2,57,bot4,fein_margin,0.02,SUCCESS,20,20,26,
0.2,58,bot4,fein_margin,0.02,SUCCESS,47,47,12,
0.2,59,bot4,fein_margin,0.02,SUCCESS,52,52,44,
0.2,84,bot4,fein_margin,0.02,SUCCESS,40,40,14,
0.2,85,bot4,fein_margin,0.02,SUCCESS,29,29,47,
0.2,86,bot4,fein_margin,0.02,SUCCESS,16,16,47,
0.2,87,bot4,fein_margin,0.02,SUCCESS,40,40,38,
0.2,64,bot4,fein_margin,0.02,SUCCESS,56,56,60,
0.2,65,bot4,fein_margin,0.02,SUCCESS,2,2,58,
0.2,66,bot4,fein_margin,0.02,SUCCESS,48,48,28,
0.2,67,bot4,fein_margin,0.02,SUCCESS,27,27,61,
0.2,72,bot4,fein_margin,0.02,SUCCESS,30,30,22,
0.2,73,bot4,fein_margin,0.02,SUCCESS,45,45,62,
0.2,74,bot4,fein_margin,0.02,SUCCESS,30,30,43,
0.2,75,bot4,fein_margin,0.02,SUCCESS,31,31,21,
0.2,76,bot4,fein_margin,0.02,SUCCESS,39,39,50,
0.2,77,bot4,fein_margin,0.02,BUTTON_BURNED,29,34,6,
0.2,78,bot4,fein_margin,0.02,SUCCESS,51,51,48,
0.2,79,bot4,fein_margin,0.02,SUCCESS,18,18,10,
0.2,96,bot4,fein_margin,0.02,SUCCESS,53,53,20,
0.2,97,bot4,fein_margin,0.02,SUCCESS,13,13,14,
0.2,98,bot4,fein_margin,0.02,SUCCESS,28,28,27,
0.2,99,bot4,fein_margin,0.02,SUCCESS,26,26,52,
0.2,80,bot4,fein_margin,0.02,SUCCESS,57,57,31,
0.2,81,bot4,fein_margin,0.02,SUCCESS,43,43,56,
0.2,82,bot4,fein_margin,0.02,SUCCESS,43,43,19,
0.2,83,bot4,fein_margin,0.02,SUCCESS,43,43,39,
0.2,112,bot4,fein_margin,0.02,SUCCESS,7,7,9,
0.2,113,bot4,fein_margin,0.02,SUCCESS,23,23,13,
0.2,114,bot4,fein_margin,0.02,SUCCESS,27,27,31,
0.2,115,bot4,fein_margin,0.02,SUCCESS,48,48,49,
0.2,92,bot4,fein_margin,0.02,SUCCESS,46,46,37,
0.2,93,bot4,fein_margin,0.02,SUCCESS,38,38,42,
0.2,94,bot4,fein_margin,0.02,SUCCESS,21,21,30,
0.2,95,bot4,fein_margin,0.02,SUCCESS,46,46,38,
0.2,108,bot4,fein_margin,0.02,SUCCESS,47,47,45,
0.2,109,bot4,fein_margin,0.02,SUCCESS,5,5,18,
0.2,110,bot4,fein_margin,0.02,SUCCESS,28,28,39,
0.2,111,bot4,fein_margin,0.02,SUCCESS,59,57,31,
0.2,100,bot4,fein_margin,0.02,SUCCESS,56,36,16,
0.2,101,bot4,fein_margin,0.02,SUCCESS,46,46,47,
0.2,102,bot4,fein_margin,0.02,SUCCESS,48,48,38,
0.2,103,bot4,fein_margin,0.02,GAVE_UP,23,68,9,5
0.2,88,bot4,fein_margin,0.02,GAVE_UP,57,55,13,
0.2,89,bot4,fein_margin,0.02,SUCCESS,58,50,32,
0.2,90,bot4,fein_margin,0.02,SUCCESS,51,51,40,
0.2,91,bot4,fein_margin,0.02,SUCCESS,23,23,48,
0.2,120,bot4,fein_margin,0.02,SUCCESS,48,46,32,
0.2,121,bot4,fein_margin,0.02,SUCCESS,27,27,19,
0.2,122,bot4,fein_margin,0.02,SUCCESS,7,7,56,
0.2,123,bot4,fein_margin,0.02,SUCCESS,31,31,35,
0.2,104,bot4,fein_margin,0.02,SUCCESS,24,24,32,
0.2,105,bot4,fein_margin,0.02,SUCCESS,47,47,33,
0.2,106,bot4,fein_margin,0.02,BUTTON_BURNED,47,41,10,21
0.2,107,bot4,fein_margin,0.02,SUCCESS,62,40,24,
0.2,124,bot4,fein_margin,0.02,SUCCESS,17,17,36,
0.2,125,bot4,fein_margin,0.02,SUCCESS,31,31,28,
0.2,126,bot4,fein_margin,0.02,SUCCESS,39,39,37,
0.2,127,bot4,fein_margin,0.02,SUCCESS,28,28,11,
0.2,128,bot4,fein_margin,0.02,SUCCESS,39,39,35,
0.2,129,bot4,fein_margin,0.02,BUTTON_BURNED,6,56,4,
0.2,130,bot4,fein_margin,0.02,SUCCESS,41,41,46,
0.2,131,bot4,fein_margin,0.02,SUCCESS,34,34,22,
0.2,116,bot4,fein_margin,0.02,SUCCESS,9,9,34,
0.2,117,bot4,fein_margin,0.02,SUCCESS,31,31,39,
0.2,118,bot4,fein_margin,0.02,SUCCESS,37,37,31,
0.2,119,bot4,fein_margin,0.02,SUCCESS,65,65,59,
0.2,148,bot4,fein_margin,0.02,SUCCESS,33,33,29,
0.2,149,bot4,fein_margin,0.02,SUCCESS,1,1,30,
0.2,150,bot4,fein_margin,0.02,SUCCESS,9,9,39,
0.2,151,bot4,fein_margin,0.02,SUCCESS,22,22,32,
0.2,132,bot4,fein_margin,0.02,SUCCESS,44,44,35,
0.2,133,bot4,fein_margin,0.02,SUCCESS,53,53,49,
0.2,134,bot4,fein_margin,0.02,SUCCESS,15,15,39,
0.2,135,bot4,fein_margin,0.02,SUCCESS,9,9,29,
0.2,140,bot4,fein_margin,0.02,SUCCESS,49,35,19,
0.2,141,bot4,fein_margin,0.02,SUCCESS,20,20,29,
0.2,142,bot4,fein_margin,0.02,SUCCESS,6,6,10,
0.2,143,bot4,fein_margin,0.02,SUCCESS,32,32,37,
0.2,160,bot4,fein_margin,0.02,SUCCESS,19,19,38,
0.2,161,bot4,fein_margin,0.02,SUCCESS,16,16,10,
0.2,162,bot4,fein_margin,0.02,SUCCESS,3,3,15,
0.2,163,bot4,fein_margin,0.02,SUCCESS,11,11,55,
0.2,136,bot4,fein_margin,0.02,SUCCESS,47,47,47,
0.2,137,bot4,fein_margin,0.02,SUCCESS,33,33,15,
0.2,138,bot4,fein_margin,0.02,SUCCESS,20,20,57,
0.2,139,bot4,fein_margin,0.02,SUCCESS,41,41,45,
0.2,144,bot4,fein_margin,0.02,BUTTON_BURNED,22,29,5,1
0.2,145,bot4,fein_margin,0.02,SUCCESS,49,49,37,
0.2,146,bot4,fein_margin,0.02,SUCCESS,29,29,51,
0.2,147,bot4,fein_margin,0.02,SUCCESS,11,11,33,
0.2,164,bot4,fein_margin,0.02,SUCCESS,30,30,35,
0.2,165,bot4,fein_margin,0.02,SUCCESS,23,23,42,
0.2,166,bot4,fein_margin,0.02,SUCCESS,6,6,18,
0.2,167,bot4,fein_margin,0.02,SUCCESS,30,30,32,
0.2,168,bot4,fein_margin,0.02,SUCCESS,9,9,19,
0.2,169,bot4,fein_margin,0.02,SUCCESS,30,30,20,
0.2,170,bot4,fein_margin,0.02,SUCCESS,11,11,33,
0.2,171,bot4,fein_margin,0.02,SUCCESS,42,42,40,
0.2,152,bot4,fein_margin,0.02,SUCCESS,63,63,36,
0.2,153,bot4,fein_margin,0.02,BUTTON_BURNED,17,30,5,
0.2,154,bot4,fein_margin,0.02,GAVE_UP,43,56,8,3
0.2,155,bot4,fein_margin,0.02,SUCCESS,15,15,20,
0.2,176,bot4,fein_margin,0.02,GAVE_UP,29,46,12,11
0.2,177,bot4,fein_margin,0.02,SUCCESS,29,29,28,
0.2,178,bot4,fein_margin,0.02,SUCCESS,1,1,30,
0.2,179,bot4,fein_margin,0.02,SUCCESS,19,19,42,
0.2,156,bot4,fein_margin,0.02,GAVE_UP,33,28,7,5
0.2,157,bot4,fein_margin,0.02,SUCCESS,12,12,40,
0.2,158,bot4,fein_margin,0.02,SUCCESS,33,33,31,
0.2,159,bot4,fein_margin,0.02,SUCCESS,68,40,25,
0.2,172,bot4,fein_margin,0.02,SUCCESS,45,43,30,
0.2,173,bot4,fein_margin,0.02,SUCCESS,43,43,27,
0.2,174,bot4,fein_margin,0.02,SUCCESS,12,12,23,
0.2,175,bot4,fein_margin,0.02,SUCCESS,18,18,19,
0.2,200,bot4,fein_margin,0.02,SUCCESS,31,31,44,
0.2,201,bot4,fein_margin,0.02,SUCCESS,24,24,23,
0.2,202,bot4,fein_margin,0.02,SUCCESS,10,10,28,
0.2,203,bot4,fein_margin,0.02,SUCCESS,28,28,38,
0.2,180,bot4,fein_margin,0.02,SUCCESS,49,49,45,
0.2,181,bot4,fein_margin,0.02,SUCCESS,24,24,27,
0.2,182,bot4,fein_margin,0.02,SUCCESS,40,40,45,
0.2,183,bot4,fein_margin,0.02,SUCCESS,56,56,48,
0.2,184,bot4,fein_margin,0.02,SUCCESS,51,47,27,
0.2,185,bot4,fein_margin,0.02,SUCCESS,12,10,9,
0.2,186,bot4,fein_margin,0.02,GAVE_UP,23,46,3,1
0.2,187,bot4,fein_margin,0.02,SUCCESS,32,32,48,
0.2,188,bot4,fein_margin,0.02,SUCCESS,23,23,45,
0.2,189,bot4,fein_margin,0.02,SUCCESS,25,25,54,
0.2,190,bot4,fein_margin,0.02,SUCCESS,48,48,55,
0.2,191,bot4,fein_margin,0.02,SUCCESS,40,40,31,
0.2,192,bot4,fein_margin,0.02,SUCCESS,18,18,45,
0.2,193,bot4,fein_margin,0.02,SUCCESS,35,35,17,
0.2,194,bot4,fein_margin,0.02,SUCCESS,55,55,64,
0.2,195,bot4,fein_margin,0.02,SUCCESS,40,40,23,
0.2,208,bot4,fein_margin,0.02,SUCCESS,43,43,34,
0.2,209,bot4,fein_margin,0.02,SUCCESS,35,35,61,
0.2,210,bot4,fein_margin,0.02,SUCCESS,31,31,36,
0.2,211,bot4,fein_margin,0.02,SUCCESS,6,6,30,
0.2,204,bot4,fein_margin,0.02,SUCCESS,22,22,18,
0.2,205,bot4,fein_margin,0.02,SUCCESS,55,55,33,
0.2,206,bot4,fein_margin,0.02,SUCCESS,29,29,54,
0.2,207,bot4,fein_margin,0.02,SUCCESS,14,14,27,
0.2,212,bot4,fein_margin,0.02,SUCCESS,39,39,50,
0.2,213,bot4,fein_margin,0.02,SUCCESS,35,35,55,
0.2,214,bot4,fein_margin,0.02,SUCCESS,12,12,42,
0.2,215,bot4,fein_margin,0.02,SUCCESS,38,38,21,
0.2,220,bot4,fein_margin,0.02,SUCCESS,26,26,48,
0.2,221,bot4,fein_margin,0.02,SUCCESS,43,43,40,
0.2,222,bot4,fein_margin,0.02,SUCCESS,17,17,40,
0.2,223,bot4,fein_margin,0.02,SUCCESS,46,46,42,
0.2,196,bot4,fein_margin,0.02,SUCCESS,15,15,30,
0.2,197,bot4,fein_margin,0.02,SUCCESS,51,51,38,
0.2,198,bot4,fein_margin,0.02,SUCCESS,65,65,25,
0.2,199,bot4,fein_margin,0.02,SUCCESS,52,52,24,
0.2,216,bot4,fein_margin,0.02,SUCCESS,45,45,24,
0.2,217,bot4,fein_margin,0.02,SUCCESS,21,21,26,
0.2,218,bot4,fein_margin,0.02,SUCCESS,17,17,54,
0.2,219,bot4,fein_margin,0.02,SUCCESS,56,56,28,
0.2,228,bot4,fein_margin,0.02,SUCCESS,37,37,28,
0.2,229,bot4,fein_margin,0.02,SUCCESS,20,20,22,
0.2,230,bot4,fein_margin,0.02,SUCCESS,35,35,43,
0.2,231,bot4,fein_margin,0.02,SUCCESS,26,26,30,
0.2,224,bot4,fein_margin,0.02,SUCCESS,48,48,54,
0.2,225,bot4,fein_margin,0.02,SUCCESS,24,24,30,
0.2,226,bot4,fein_margin,0.02,SUCCESS,54,54,35,
0.2,227,bot4,fein_margin,0.02,SUCCESS,44,44,42,
0.2,248,bot4,fein_margin,0.02,SUCCESS,40,40,45,
0.2,249,bot4,fein_margin,0.02,SUCCESS,23,23,34,
0.2,250,bot4,fein_margin,0.02,SUCCESS,30,30,20,
0.2,251,bot4,fein_margin,0.02,SUCCESS,9,9,43,
0.2,236,bot4,fein_margin,0.02,SUCCESS,28,28,58,
0.2,237,bot4,fein_margin,0.02,SUCCESS,53,51,48,
0.2,238,bot4,fein_margin,0.02,SUCCESS,24,24,37,
0.2,239,bot4,fein_margin,0.02,SUCCESS,43,43,52,
0.2,232,bot4,fein_margin,0.02,SUCCESS,42,42,48,
0.2,233,bot4,fein_margin,0.02,SUCCESS,45,45,41,
0.2,234,bot4,fein_margin,0.02,SUCCESS,45,39,35,
0.2,235,bot4,fein_margin,0.02,SUCCESS,29,29,52,
0.2,244,bot4,fein_margin,0.02,SUCCESS,61,61,35,
0.2,245,bot4,fein_margin,0.02,SUCCESS,19,19,70,
0.2,246,bot4,fein_margin,0.02,GAVE_UP,31,24,11,1
0.2,247,bot4,fein_margin,0.02,SUCCESS,32,32,26,
0.2,252,bot4,fein_margin,0.02,SUCCESS,34,34,46,
0.2,253,bot4,fein_margin,0.02,SUCCESS,55,55,18,
0.2,254,bot4,fein_margin,0.02,SUCCESS,32,32,19,
0.2,255,bot4,fein_margin,0.02,SUCCESS,16,16,23,
0.2,256,bot4,fein_margin,0.02,GAVE_UP,21,28,13,
0.2,257,bot4,fein_margin,0.02,SUCCESS,10,10,27,
0.2,258,bot4,fein_margin,0.02,SUCCESS,43,43,45,
0.2,259,bot4,fein_margin,0.02,SUCCESS,5,5,15,
0.2,260,bot4,fein_margin,0.02,SUCCESS,35,35,59,
0.2,261,bot4,fein_margin,0.02,SUCCESS,34,34,40,
0.2,262,bot4,fein_margin,0.02,SUCCESS,36,36,58,
0.2,263,bot4,fein_margin,0.02,SUCCESS,7,7,51,
0.2,240,bot4,fein_margin,0.02,SUCCESS,10,10,39,
0.2,241,bot4,fein_margin,0.02,SUCCESS,28,28,17,
0.2,242,bot4,fein_margin,0.02,SUCCESS,30,30,23,
0.2,243,bot4,fein_margin,0.02,BUTTON_BURNED,75,65,19,
0.2,268,bot4,fein_margin,0.02,SUCCESS,18,18,25,
0.2,269,bot4,fein_margin,0.02,SUCCESS,16,16,52,
0.2,270,bot4,fein_margin,0.02,SUCCESS,58,58,55,
0.2,271,bot4,fein_margin,0.02,SUCCESS,32,32,41,
0.2,272,bot4,fein_margin,0.02,SUCCESS,41,41,32,
0.2,273,bot4,fein_margin,0.02,SUCCESS,19,19,45,
0.2,274,bot4,fein_margin,0.02,SUCCESS,41,41,40,
0.2,275,bot4,fein_margin,0.02,SUCCESS,10,10,12,
0.2,276,bot4,fein_margin,0.02,SUCCESS,42,42,47,
0.2,277,bot4,fein_margin,0.02,SUCCESS,18,18,15,
0.2,278,bot4,fein_margin,0.02,SUCCESS,38,38,27,
0.2,279,bot4,fein_margin,0.02,SUCCESS,20,20,32,
0.2,284,bot4,fein_margin,0.02,SUCCESS,4,4,41,
0.2,285,bot4,fein_margin,0.02,SUCCESS,39,39,33,
0.2,286,bot4,fein_margin,0.02,SUCCESS,33,33,40,
0.2,287,bot4,fein_margin,0.02,SUCCESS,19,19,18,
0.2,288,bot4,fein_margin,0.02,SUCCESS,5,5,12,
0.2,289,bot4,fein_margin,0.02,SUCCESS,19,19,51,
0.2,290,bot4,fein_margin,0.02,SUCCESS,63,63,67,
0.2,291,bot4,fein_margin,0.02,SUCCESS,28,28,45,
0.2,264,bot4,fein_margin,0.02,SUCCESS,51,49,33,
0.2,265,bot4,fein_margin,0.02,SUCCESS,44,42,27,
0.2,266,bot4,fein_margin,0.02,SUCCESS,34,34,15,
0.2,267,bot4,fein_margin,0.02,SUCCESS,42,42,38,
0.2,292,bot4,fein_margin,0.02,SUCCESS,18,18,15,
0.2,293,bot4,fein_margin,0.02,SUCCESS,25,25,53,
0.2,294,bot4,fein_margin,0.02,SUCCESS,46,46,34,
0.2,295,bot4,fein_margin,0.02,SUCCESS,32,32,30,
0.2,300,bot4,fein_margin,0.02,SUCCESS,38,38,51,
0.2,301,bot4,fein_margin,0.02,SUCCESS,36,36,29,
0.2,302,bot4,fein_margin,0.02,SUCCESS,7,7,48,
0.2,303,bot4,fein_margin,0.02,SUCCESS,17,17,48,
0.2,312,bot4,fein_margin,0.02,SUCCESS,13,13,14,
0.2,313,bot4,fein_margin,0.02,SUCCESS,30,30,53,
0.2,314,bot4,fein_margin,0.02,SUCCESS,18,18,40,
0.2,315,bot4,fein_margin,0.02,SUCCESS,23,23,7,
0.2,280,bot4,fein_margin,0.02,SUCCESS,36,36,30,
0.2,281,bot4,fein_margin,0.02,SUCCESS,32,32,35,
0.2,282,bot4,fein_margin,0.02,SUCCESS,51,51,25,
0.2,283,bot4,fein_margin,0.02,SUCCESS,29,29,18,
0.2,316,bot4,fein_margin,0.02,SUCCESS,9,9,37,
0.2,317,bot4,fein_margin,0.02,SUCCESS,6,6,42,
0.2,318,bot4,fein_margin,0.02,SUCCESS,17,17,39,
0.2,319,bot4,fein_margin,0.02,SUCCESS,36,36,12,
0.2,296,bot4,fein_margin,0.02,SUCCESS,62,56,45,
0.2,297,bot4,fein_margin,0.02,SUCCESS,49,49,32,
0.2,298,bot4,fein_margin,0.02,SUCCESS,16,16,49,
0.2,299,bot4,fein_margin,0.02,SUCCESS,22,22,17,
0.2,324,bot4,fein_margin,0.02,SUCCESS,37,37,30,
0.2,325,bot4,fein_margin,0.02,SUCCESS,23,23,40,
0.2,326,bot4,fein_margin,0.02,SUCCESS,9,9,50,
0.2,327,bot4,fein_margin,0.02,SUCCESS,38,38,28,
0.2,320,bot4,fein_margin,0.02,SUCCESS,34,34,44,
0.2,321,bot4,fein_margin,0.02,BUTTON_BURNED,5,41,1,1
0.2,322,bot4,fein_margin,0.02,GAVE_UP,40,46,12,12
0.2,323,bot4,fein_margin,0.02,SUCCESS,44,42,33,
0.2,304,bot4,fein_margin,0.02,SUCCESS,51,49,21,
0.2,305,bot4,fein_margin,0.02,SUCCESS,20,20,16,
0.2,306,bot4,fein_margin,0.02,SUCCESS,47,47,38,
0.2,307,bot4,fein_margin,0.02,GAVE_UP,37,54,12,1
0.2,328,bot4,fein_margin,0.02,SUCCESS,38,38,37,
0.2,329,bot4,fein_margin,0.02,SUCCESS,34,34,45,
0.2,330,bot4,fein_margin,0.02,SUCCESS,42,42,17,
0.2,331,bot4,fein_margin,0.02,SUCCESS,50,50,31,
0.2,308,bot4,fein_margin,0.02,BUTTON_BURNED,54,54,11,29
0.2,309,bot4,fein_margin,0.02,SUCCESS,50,50,39,
0.2,310,bot4,fein_margin,0.02,SUCCESS,22,22,8,
0.2,311,bot4,fein_margin,0.02,SUCCESS,51,51,49,
0.2,336,bot4,fein_margin,0.02,SUCCESS,33,33,10,
0.2,337,bot4,fein_margin,0.02,SUCCESS,56,56,30,
0.2,338,bot4,fein_margin,0.02,SUCCESS,24,24,51,
0.2,339,bot4,fein_margin,0.02,SUCCESS,13,13,29,
0.2,344,bot4,fein_margin,0.02,SUCCESS,40,40,50,
0.2,345,bot4,fein_margin,0.02,SUCCESS,25,25,23,
0.2,346,bot4,fein_margin,0.02,SUCCESS,21,21,43,
0.2,347,bot4,fein_margin,0.02,SUCCESS,34,34,15,
0.2,332,bot4,fein_margin,0.02,SUCCESS,49,49,52,
0.2,333,bot4,fein_margin,0.02,SUCCESS,6,6,53,
0.2,334,bot4,fein_margin,0.02,SUCCESS,60,56,36,
0.2,335,bot4,fein_margin,0.02,SUCCESS,43,43,23,
0.2,352,bot4,fein_margin,0.02,SUCCESS,52,52,56,
0.2,353,bot4,fein_margin,0.02,SUCCESS,31,31,42,
0.2,354,bot4,fein_margin,0.02,SUCCESS,11,11,31,
0.2,355,bot4,fein_margin,0.02,SUCCESS,30,30,39,
0.2,348,bot4,fein_margin,0.02,SUCCESS,11,11,25,
0.2,349,bot4,fein_margin,0.02,BUTTON_BURNED,17,24,4,
0.2,350,bot4,fein_margin,0.02,SUCCESS,52,52,51,
0.2,351,bot4,fein_margin,0.02,SUCCESS,47,47,17,
0.2,360,bot4,fein_margin,0.02,SUCCESS,29,29,29,
0.2,361,bot4,fein_margin,0.02,SUCCESS,37,37,55,
0.2,362,bot4,fein_margin,0.02,SUCCESS,21,21,41,
0.2,363,bot4,fein_margin,0.02,GAVE_UP,27,23,11,
0.2,340,bot4,fein_margin,0.02,SUCCESS,52,38,20,
0.2,341,bot4,fein_margin,0.02,BUTTON_BURNED,29,47,8,3
0.2,342,bot4,fein_margin,0.02,SUCCESS,53,53,22,
0.2,343,bot4,fein_margin,0.02,SUCCESS,31,31,24,
0.2,356,bot4,fein_margin,0.02,SUCCESS,20,20,39,
0.2,357,bot4,fein_margin,0.02,SUCCESS,27,27,28,
0.2,358,bot4,fein_margin,0.02,SUCCESS,46,44,24,
0.2,359,bot4,fein_margin,0.02,BUTTON_BURNED,30,46,9,
0.2,368,bot4,fein_margin,0.02,SUCCESS,48,48,32,
0.2,369,bot4,fein_margin,0.02,SUCCESS,32,32,31,
0.2,370,bot4,fein_margin,0.02,SUCCESS,23,23,23,
0.2,371,bot4,fein_margin,0.02,SUCCESS,37,37,43,
0.2,364,bot4,fein_margin,0.02,SUCCESS,2,2,9,
0.2,365,bot4,fein_margin,0.02,SUCCESS,57,57,32,
0.2,366,bot4,fein_margin,0.02,SUCCESS,49,49,27,
0.2,367,bot4,fein_margin,0.02,SUCCESS,13,13,52,
0.2,388,bot4,fein_margin,0.02,SUCCESS,25,25,46,
0.2,389,bot4,fein_margin,0.02,SUCCESS,12,12,25,
0.2,390,bot4,fein_margin,0.02,SUCCESS,10,10,36,
0.2,391,bot4,fein_margin,0.02,SUCCESS,25,25,41,
0.2,380,bot4,fein_margin,0.02,SUCCESS,45,45,20,
0.2,381,bot4,fein_margin,0.02,SUCCESS,13,13,24,
0.2,382,bot4,fein_margin,0.02,SUCCESS,31,31,33,
0.2,383,bot4,fein_margin,0.02,SUCCESS,9,9,40,
0.2,372,bot4,fein_margin,0.02,SUCCESS,35,35,35,
0.2,373,bot4,fein_margin,0.02,SUCCESS,53,53,41,
0.2,374,bot4,fein_margin,0.02,SUCCESS,24,24,44,
0.2,375,bot4,fein_margin,0.02,SUCCESS,8,8,46,
0.2,376,bot4,fein_margin,0.02,BUTTON_BURNED,14,30,5,
0.2,377,bot4,fein_margin,0.02,SUCCESS,8,8,19,
0.2,378,bot4,fein_margin,0.02,SUCCESS,39,39,18,3
0.2,379,bot4,fein_margin,0.02,SUCCESS,52,52,42,
0.2,396,bot4,fein_margin,0.02,SUCCESS,10,10,44,
0.2,397,bot4,fein_margin,0.02,SUCCESS,9,9,27,
0.2,398,bot4,fein_margin,0.02,SUCCESS,55,55,40,
0.2,399,bot4,fein_margin,0.02,SUCCESS,9,9,49,
0.2,412,bot4,fein_margin,0.02,SUCCESS,21,21,43,
0.2,413,bot4,fein_margin,0.02,SUCCESS,13,13,31,
0.2,414,bot4,fein_margin,0.02,SUCCESS,34,34,21,
0.2,415,bot4,fein_margin,0.02,SUCCESS,13,13,40,
0.2,416,bot4,fein_margin,0.02,SUCCESS,18,18,40,
0.2,417,bot4,fein_margin,0.02,SUCCESS,5,5,18,
0.2,418,bot4,fein_margin,0.02,SUCCESS,13,13,42,
0.2,419,bot4,fein_margin,0.02,SUCCESS,10,10,43,
0.2,392,bot4,fein_margin,0.02,SUCCESS,23,23,16,
0.2,393,bot4,fein_margin,0.02,SUCCESS,49,49,34,
0.2,394,bot4,fein_margin,0.02,SUCCESS,33,33,46,
0.2,395,bot4,fein_margin,0.02,SUCCESS,26,26,66,
0.2,400,bot4,fein_margin,0.02,SUCCESS,39,39,37,
0.2,401,bot4,fein_margin,0.02,SUCCESS,37,37,48,
0.2,402,bot4,fein_margin,0.02,SUCCESS,25,25,16,
0.2,403,bot4,fein_margin,0.02,BUTTON_BURNED,18,37,7,3
0.2,384,bot4,fein_margin,0.02,SUCCESS,6,6,28,
0.2,385,bot4,fein_margin,0.02,SUCCESS,48,48,48,
0.2,386,bot4,fein_margin,0.02,SUCCESS,47,47,34,
0.2,387,bot4,fein_margin,0.02,SUCCESS,60,60,25,
0.2,404,bot4,fein_margin,0.02,SUCCESS,41,41,43,
0.2,405,bot4,fein_margin,0.02,SUCCESS,35,35,32,
0.2,406,bot4,fein_margin,0.02,SUCCESS,45,45,51,
0.2,407,bot4,fein_margin,0.02,SUCCESS,30,30,46,
0.2,428,bot4,fein_margin,0.02,SUCCESS,5,5,65,
0.2,429,bot4,fein_margin,0.02,SUCCESS,20,20,21,
0.2,430,bot4,fein_margin,0.02,SUCCESS,22,22,12,
0.2,431,bot4,fein_margin,0.02,SUCCESS,5,5,40,
0.2,408,bot4,fein_margin,0.02,SUCCESS,58,58,52,
0.2,409,bot4,fein_margin,0.02,SUCCESS,26,26,19,
0.2,410,bot4,fein_margin,0.02,SUCCESS,46,46,54,
0.2,411,bot4,fein_margin,0.02,SUCCESS,28,28,13,12
0.2,440,bot4,fein_margin,0.02,SUCCESS,12,12,36,
0.2,441,bot4,fein_margin,0.02,SUCCESS,23,23,24,
0.2,442,bot4,fein_margin,0.02,SUCCESS,40,40,17,
0.2,443,bot4,fein_margin,0.02,SUCCESS,28,28,16,
0.2,420,bot4,fein_margin,0.02,SUCCESS,28,28,30,
0.2,421,bot4,fein_margin,0.02,BUTTON_BURNED,49,47,10,31
0.2,422,bot4,fein_margin,0.02,SUCCESS,7,7,24,
0.2,423,bot4,fein_margin,0.02,SUCCESS,42,42,42,
0.2,436,bot4,fein_margin,0.02,SUCCESS,23,23,31,
0.2,437,bot4,fein_margin,0.02,SUCCESS,20,20,62,
0.2,438,bot4,fein_margin,0.02,SUCCESS,30,30,25,
0.2,439,bot4,fein_margin,0.02,SUCCESS,61,61,49,
0.2,448,bot4,fein_margin,0.02,SUCCESS,53,53,61,
0.2,449,bot4,fein_margin,0.02,SUCCESS,38,38,48,
0.2,450,bot4,fein_margin,0.02,SUCCESS,18,18,14,
0.2,451,bot4,fein_margin,0.02,SUCCESS,30,30,56,
0.2,444,bot4,fein_margin,0.02,SUCCESS,24,24,48,
0.2,445,bot4,fein_margin,0.02,SUCCESS,14,14,21,
0.2,446,bot4,fein_margin,0.02,SUCCESS,35,35,63,
0.2,447,bot4,fein_margin,0.02,BUTTON_BURNED,55,45,16,31
0.2,464,bot4,fein_margin,0.02,SUCCESS,49,49,42,
0.2,465,bot4,fein_margin,0.02,SUCCESS,15,15,51,
0.2,466,bot4,fein_margin,0.02,SUCCESS,31,31,12,
0.2,467,bot4,fein_margin,0.02,SUCCESS,17,17,13,
0.2,456,bot4,fein_margin,0.02,SUCCESS,17,17,13,
0.2,457,bot4,fein_margin,0.02,SUCCESS,37,37,18,
0.2,458,bot4,fein_margin,0.02,SUCCESS,36,36,40,
0.2,459,bot4,fein_margin,0.02,SUCCESS,34,34,22,
0.2,424,bot4,fein_margin,0.02,SUCCESS,60,60,39,
0.2,425,bot4,fein_margin,0.02,SUCCESS,37,37,33,
0.2,426,bot4,fein_margin,0.02,SUCCESS,42,42,16,
0.2,427,bot4,fein_margin,0.02,SUCCESS,55,55,40,
0.2,452,bot4,fein_margin,0.02,SUCCESS,39,39,17,
0.2,453,bot4,fein_margin,0.02,SUCCESS,26,26,17,
0.2,454,bot4,fein_margin,0.02,SUCCESS,36,36,40,
0.2,455,bot4,fein_margin,0.02,SUCCESS,54,54,41,
0.2,468,bot4,fein_margin,0.02,SUCCESS,37,37,12,
0.2,469,bot4,fein_margin,0.02,SUCCESS,37,37,20,
0.2,470,bot4,fein_margin,0.02,SUCCESS,20,20,25,
0.2,471,bot4,fein_margin,0.02,SUCCESS,46,46,30,
0.2,432,bot4,fein_margin,0.02,SUCCESS,57,49,21,
0.2,433,bot4,fein_margin,0.02,SUCCESS,19,19,16,
0.2,434,bot4,fein_margin,0.02,SUCCESS,31,31,25,
0.2,435,bot4,fein_margin,0.02,SUCCESS,70,52,16,
0.2,460,bot4,fein_margin,0.02,SUCCESS,24,24,34,
0.2,461,bot4,fein_margin,0.02,SUCCESS,40,40,19,
0.2,462,bot4,fein_margin,0.02,SUCCESS,64,46,17,
0.2,463,bot4,fein_margin,0.02,GAVE_UP,5,15,5,1
0.2,476,bot4,fein_margin,0.02,SUCCESS,28,28,34,
0.2,477,bot4,fein_margin,0.02,SUCCESS,21,21,32,
0.2,478,bot4,fein_margin,0.02,SUCCESS,29,29,27,
0.2,479,bot4,fein_margin,0.02,SUCCESS,46,46,60,
0.2,472,bot4,fein_margin,0.02,SUCCESS,24,24,18,
0.2,473,bot4,fein_margin,0.02,SUCCESS,23,23,24,
0.2,474,bot4,fein_margin,0.02,SUCCESS,35,35,28,
0.2,475,bot4,fein_margin,0.02,SUCCESS,49,49,48,
0.2,480,bot4,fein_margin,0.02,SUCCESS,43,43,29,
0.2,481,bot4,fein_margin,0.02,SUCCESS,39,39,40,
0.2,482,bot4,fein_margin,0.02,SUCCESS,16,16,53,
0.2,483,bot4,fein_margin,0.02,SUCCESS,25,25,48,
0.2,484,bot4,fein_margin,0.02,SUCCESS,41,41,53,
0.2,485,bot4,fein_margin,0.02,SUCCESS,19,19,32,
0.2,486,bot4,fein_margin,0.02,SUCCESS,19,19,13,
0.2,487,bot4,fein_margin,0.02,SUCCESS,31,31,29,
0.3,0,bot4,fein_margin,0.02,SUCCESS,17,17,39,
0.3,1,bot4,fein_margin,0.02,SUCCESS,14,14,68,
0.3,2,bot4,fein_margin,0.02,SUCCESS,35,35,29,
0.3,3,bot4,fein_margin,0.02,SUCCESS,24,24,22,
0.2,492,bot4,fein_margin,0.02,SUCCESS,47,47,58,
0.2,493,bot4,fein_margin,0.02,SUCCESS,44,44,48,
0.2,494,bot4,fein_margin,0.02,SUCCESS,15,15,31,
0.2,495,bot4,fein_margin,0.02,SUCCESS,15,15,23,
0.3,4,bot4,fein_margin,0.02,GAVE_UP,19,41,26,1
0.3,5,bot4,fein_margin,0.02,SUCCESS,24,24,19,
0.3,6,bot4,fein_margin,0.02,SUCCESS,5,5,19,
0.3,7,bot4,fein_margin,0.02,SUCCESS,29,27,20,
0.3,12,bot4,fein_margin,0.02,SUCCESS,30,30,24,
0.3,13,bot4,fein_margin,0.02,SUCCESS,16,16,62,
0.3,14,bot4,fein_margin,0.02,SUCCESS,28,28,49,
0.3,15,bot4,fein_margin,0.02,SUCCESS,13,13,30,
0.2,488,bot4,fein_margin,0.02,SUCCESS,61,45,15,41
0.2,489,bot4,fein_margin,0.02,SUCCESS,30,30,55,
0.2,490,bot4,fein_margin,0.02,SUCCESS,19,19,19,
0.2,491,bot4,fein_margin,0.02,SUCCESS,8,8,13,
0.3,20,bot4,fein_margin,0.02,SUCCESS,43,43,16,22
0.3,21,bot4,fein_margin,0.02,SUCCESS,17,17,55,
0.3,22,bot4,fein_margin,0.02,SUCCESS,15,15,33,
0.3,23,bot4,fein_margin,0.02,SUCCESS,33,33,41,
0.3,8,bot4,fein_margin,0.02,SUCCESS,25,25,43,
0.3,9,bot4,fein_margin,0.02,SUCCESS,39,39,20,1
0.3,10,bot4,fein_margin,0.02,SUCCESS,41,41,33,
0.3,11,bot4,fein_margin,0.02,SUCCESS,48,48,31,
0.3,32,bot4,fein_margin,0.02,SUCCESS,13,13,24,
0.3,33,bot4,fein_margin,0.02,BUTTON_BURNED,19,31,7,1
0.3,34,bot4,fein_margin,0.02,BUTTON_BURNED,23,39,9,
0.3,35,bot4,fein_margin,0.02,SUCCESS,38,38,45,
0.2,496,bot4,fein_margin,0.02,SUCCESS,43,43,28,
0.2,497,bot4,fein_margin,0.02,SUCCESS,24,24,39,
0.2,498,bot4,fein_margin,0.02,BURNED,58,54,20,48
0.2,499,bot4,fein_margin,0.02,SUCCESS,53,53,47,
0.3,16,bot4,fein_margin,0.02,SUCCESS,35,35,57,
0.3,17,bot4,fein_margin,0.02,SUCCESS,19,19,22,
0.3,18,bot4,fein_margin,0.02,SUCCESS,64,64,58,
0.3,19,bot4,fein_margin,0.02,SUCCESS,49,49,33,
0.3,24,bot4,fein_margin,0.02,SUCCESS,65,65,27,
0.3,25,bot4,fein_margin,0.02,SUCCESS,36,36,49,
0.3,26,bot4,fein_margin,0.02,SUCCESS,22,22,59,
0.3,27,bot4,fein_margin,0.02,SUCCESS,23,23,41,
0.3,48,bot4,fein_margin,0.02,SUCCESS,17,17,37,
0.3,49,bot4,fein_margin,0.02,SUCCESS,3,3,29,
0.3,50,bot4,fein_margin,0.02,SUCCESS,32,32,48,
0.3,51,bot4,fein_margin,0.02,SUCCESS,31,31,40,
0.3,28,bot4,fein_margin,0.02,SUCCESS,20,20,23,
0.3,29,bot4,fein_margin,0.02,GAVE_UP,14,41,7,1
0.3,30,bot4,fein_margin,0.02,BUTTON_BURNED,34,41,14,
0.3,31,bot4,fein_margin,0.02,SUCCESS,68,68,44,
0.3,52,bot4,fein_margin,0.02,SUCCESS,25,25,27,
0.3,53,bot4,fein_margin,0.02,SUCCESS,36,36,39,
0.3,54,bot4,fein_margin,0.02,SUCCESS,51,51,39,
0.3,55,bot4,fein_margin,0.02,SUCCESS,5,5,31,
0.3,60,bot4,fein_margin,0.02,SUCCESS,38,38,48,
0.3,61,bot4,fein_margin,0.02,SUCCESS,11,11,36,
0.3,62,bot4,fein_margin,0.02,SUCCESS,26,24,14,
0.3,63,bot4,fein_margin,0.02,BUTTON_BURNED,7,28,3,1
0.3,36,bot4,fein_margin,0.02,SUCCESS,19,19,39,
0.3,37,bot4,fein_margin,0.02,SUCCESS,54,54,26,31
0.3,38,bot4,fein_margin,0.02,SUCCESS,37,37,35,
0.3,39,bot4,fein_margin,0.02,SUCCESS,60,60,46,
0.3,68,bot4,fein_margin,0.02,SUCCESS,3,3,13,
0.3,69,bot4,fein_margin,0.02,SUCCESS,24,24,24,
0.3,70,bot4,fein_margin,0.02,SUCCESS,24,24,23,
0.3,71,bot4,fein_margin,0.02,GAVE_UP,35,46,13,6
0.3,40,bot4,fein_margin,0.02,SUCCESS,54,54,34,
0.3,41,bot4,fein_margin,0.02,SUCCESS,26,26,18,
0.3,42,bot4,fein_margin,0.02,SUCCESS,27,27,73,
0.3,43,bot4,fein_margin,0.02,SUCCESS,49,49,26,
0.3,56,bot4,fein_margin,0.02,BUTTON_BURNED,17,54,7,1
0.3,57,bot4,fein_margin,0.02,SUCCESS,20,20,26,
0.3,58,bot4,fein_margin,0.02,BUTTON_BURNED,33,47,12,
0.3,59,bot4,fein_margin,0.02,SUCCESS,52,52,44,
0.3,44,bot4,fein_margin,0.02,SUCCESS,49,49,51,
0.3,45,bot4,fein_margin,0.02,SUCCESS,34,34,37,
0.3,46,bot4,fein_margin,0.02,SUCCESS,22,22,33,
0.3,47,bot4,fein_margin,0.02,SUCCESS,48,48,25,
0.3,64,bot4,fein_margin,0.02,SUCCESS,56,56,60,
0.3,65,bot4,fein_margin,0.02,SUCCESS,2,2,58,
0.3,66,bot4,fein_margin,0.02,SUCCESS,48,48,28,
0.3,67,bot4,fein_margin,0.02,SUCCESS,27,27,61,
0.3,72,bot4,fein_margin,0.02,SUCCESS,30,30,22,
0.3,73,bot4,fein_margin,0.02,SUCCESS,45,45,62,
0.3,74,bot4,fein_margin,0.02,SUCCESS,30,30,43,
0.3,75,bot4,fein_margin,0.02,SUCCESS,31,31,21,
0.3,84,bot4,fein_margin,0.02,BUTTON_BURNED,35,40,14,
0.3,85,bot4,fein_margin,0.02,SUCCESS,29,29,47,
0.3,86,bot4,fein_margin,0.02,SUCCESS,16,16,47,
0.3,87,bot4,fein_margin,0.02,SUCCESS,40,40,38,
0.3,96,bot4,fein_margin,0.02,GAVE_UP,35,53,20,18
0.3,97,bot4,fein_margin,0.02,SUCCESS,13,13,14,
0.3,98,bot4,fein_margin,0.02,SUCCESS,28,28,27,
0.3,99,bot4,fein_margin,0.02,SUCCESS,26,26,52,
0.3,76,bot4,fein_margin,0.02,SUCCESS,39,39,50,
0.3,77,bot4,fein_margin,0.02,BUTTON_BURNED,12,34,6,
0.3,78,bot4,fein_margin,0.02,SUCCESS,55,51,48,
0.3,79,bot4,fein_margin,0.02,SUCCESS,18,18,10,
0.3,92,bot4,fein_margin,0.02,SUCCESS,46,46,37,
0.3,93,bot4,fein_margin,0.02,SUCCESS,38,38,42,
0.3,94,bot4,fein_margin,0.02,SUCCESS,21,21,30,
0.3,95,bot4,fein_margin,0.02,SUCCESS,46,46,38,
0.3,80,bot4,fein_margin,0.02,SUCCESS,57,57,31,
0.3,81,bot4,fein_margin,0.02,SUCCESS,43,43,56,
0.3,82,bot4,fein_margin,0.02,SUCCESS,43,43,19,
0.3,83,bot4,fein_margin,0.02,SUCCESS,43,43,39,
0.3,112,bot4,fein_margin,0.02,SUCCESS,7,7,9,
0.3,113,bot4,fein_margin,0.02,SUCCESS,23,23,13,
0.3,114,bot4,fein_margin,0.02,SUCCESS,27,27,31,
0.3,115,bot4,fein_margin,0.02,SUCCESS,48,48,49,
0.3,108,bot4,fein_margin,0.02,SUCCESS,47,47,45,
0.3,109,bot4,fein_margin,0.02,SUCCESS,5,5,18,
0.3,110,bot4,fein_margin,0.02,SUCCESS,28,28,39,
0.3,111,bot4,fein_margin,0.02,BURNED,41,57,31,19
0.3,88,bot4,fein_margin,0.02,BUTTON_BURNED,40,55,13,19
0.3,89,bot4,fein_margin,0.02,SUCCESS,58,50,32,
0.3,90,bot4,fein_margin,0.02,SUCCESS,51,51,40,
0.3,91,bot4,fein_margin,0.02,SUCCESS,23,23,48,
0.3,100,bot4,fein_margin,0.02,SUCCESS,56,36,16,23
0.3,101,bot4,fein_margin,0.02,SUCCESS,46,46,47,
0.3,102,bot4,fein_margin,0.02,SUCCESS,48,48,38,
0.3,103,bot4,fein_margin,0.02,GAVE_UP,20,68,9,1
0.3,116,bot4,fein_margin,0.02,SUCCESS,9,9,34,
0.3,117,bot4,fein_margin,0.02,SUCCESS,31,31,39,
0.3,118,bot4,fein_margin,0.02,SUCCESS,37,37,31,
0.3,119,bot4,fein_margin,0.02,SUCCESS,65,65,59,
0.3,128,bot4,fein_margin,0.02,SUCCESS,39,39,35,
0.3,129,bot4,fein_margin,0.02,BUTTON_BURNED,6,56,4,6
0.3,130,bot4,fein_margin,0.02,SUCCESS,41,41,46,
0.3,131,bot4,fein_margin,0.02,SUCCESS,34,34,22,
0.3,120,bot4,fein_margin,0.02,SUCCESS,48,46,32,
0.3,121,bot4,fein_margin,0.02,SUCCESS,27,27,19,
0.3,122,bot4,fein_margin,0.02,SUCCESS,7,7,56,
0.3,123,bot4,fein_margin,0.02,SUCCESS,31,31,35,
0.3,104,bot4,fein_margin,0.02,SUCCESS,24,24,32,
0.3,105,bot4,fein_margin,0.02,SUCCESS,47,47,33,
0.3,106,bot4,fein_margin,0.02,BUTTON_BURNED,34,41,10,7
0.3,107,bot4,fein_margin,0.02,GAVE_UP,68,40,24,44
0.3,132,bot4,fein_margin,0.02,SUCCESS,44,44,35,
0.3,133,bot4,fein_margin,0.02,SUCCESS,53,53,49,
0.3,134,bot4,fein_margin,0.02,SUCCESS,15,15,39,
0.3,135,bot4,fein_margin,0.02,SUCCESS,9,9,29,
0.3,124,bot4,fein_margin,0.02,SUCCESS,17,17,36,
0.3,125,bot4,fein_margin,0.02,SUCCESS,31,31,28,
0.3,126,bot4,fein_margin,0.02,SUCCESS,39,39,37,
0.3,127,bot4,fein_margin,0.02,BURNED,27,28,11,
0.3,160,bot4,fein_margin,0.02,SUCCESS,19,19,38,
0.3,161,bot4,fein_margin,0.02,BUTTON_BURNED,14,16,10,
0.3,162,bot4,fein_margin,0.02,SUCCESS,3,3,15,
0.3,163,bot4,fein_margin,0.02,SUCCESS,11,11,55,
0.3,148,bot4,fein_margin,0.02,SUCCESS,33,33,29,
0.3,149,bot4,fein_margin,0.02,SUCCESS,1,1,30,
0.3,150,bot4,fein_margin,0.02,SUCCESS,9,9,39,
0.3,151,bot4,fein_margin,0.02,SUCCESS,22,22,32,
0.3,140,bot4,fein_margin,0.02,GAVE_UP,47,35,19,25
0.3,141,bot4,fein_margin,0.02,SUCCESS,20,20,29,
0.3,142,bot4,fein_margin,0.02,SUCCESS,6,6,10,
0.3,143,bot4,fein_margin,0.02,SUCCESS,32,32,37,
0.3,164,bot4,fein_margin,0.02,SUCCESS,30,30,35,
0.3,165,bot4,fein_margin,0.02,SUCCESS,23,23,42,
0.3,166,bot4,fein_margin,0.02,SUCCESS,6,6,18,
0.3,167,bot4,fein_margin,0.02,SUCCESS,30,30,32,
0.3,136,bot4,fein_margin,0.02,SUCCESS,47,47,47,
0.3,137,bot4,fein_margin,0.02,SUCCESS,39,33,15,
0.3,138,bot4,fein_margin,0.02,SUCCESS,20,20,57,
0.3,139,bot4,fein_margin,0.02,SUCCESS,41,41,45,
0.3,144,bot4,fein_margin,0.02,BUTTON_BURNED,22,29,5,1
0.3,145,bot4,fein_margin,0.02,SUCCESS,49,49,37,
0.3,146,bot4,fein_margin,0.02,SUCCESS,29,29,51,
0.3,147,bot4,fein_margin,0.02,SUCCESS,11,11,33,
0.3,168,bot4,fein_margin,0.02,SUCCESS,9,9,19,
0.3,169,bot4,fein_margin,0.02,SUCCESS,30,30,20,
0.3,170,bot4,fein_margin,0.02,SUCCESS,11,11,33,
0.3,171,bot4,fein_margin,0.02,SUCCESS,42,42,40,
0.3,156,bot4,fein_margin,0.02,BUTTON_BURNED,14,28,7,1
0.3,157,bot4,fein_margin,0.02,SUCCESS,12,12,40,
0.3,158,bot4,fein_margin,0.02,SUCCESS,33,33,31,
0.3,159,bot4,fein_margin,0.02,GAVE_UP,58,40,25,15
0.3,152,bot4,fein_margin,0.02,SUCCESS,83,63,36,
0.3,153,bot4,fein_margin,0.02,GAVE_UP,18,30,5,
0.3,154,bot4,fein_margin,0.02,GAVE_UP,16,56,8,1
0.3,155,bot4,fein_margin,0.02,SUCCESS,15,15,20,
0.3,176,bot4,fein_margin,0.02,GAVE_UP,39,46,12,1
0.3,177,bot4,fein_margin,0.02,SUCCESS,29,29,28,
0.3,178,bot4,fein_margin,0.02,SUCCESS,1,1,30,
0.3,179,bot4,fein_margin,0.02,SUCCESS,19,19,42,
0.3,184,bot4,fein_margin,0.02,SUCCESS,51,47,27,10
0.3,185,bot4,fein_margin,0.02,SUCCESS,12,10,9,
0.3,186,bot4,fein_margin,0.02,GAVE_UP,17,46,3,1
0.3,187,bot4,fein_margin,0.02,SUCCESS,32,32,48,
0.3,200,bot4,fein_margin,0.02,SUCCESS,31,31,44,
0.3,201,bot4,fein_margin,0.02,SUCCESS,24,24,23,
0.3,202,bot4,fein_margin,0.02,SUCCESS,10,10,28,
0.3,203,bot4,fein_margin,0.02,SUCCESS,28,28,38,
0.3,188,bot4,fein_margin,0.02,SUCCESS,23,23,45,
0.3,189,bot4,fein_margin,0.02,SUCCESS,25,25,54,
0.3,190,bot4,fein_margin,0.02,SUCCESS,48,48,55,
0.3,191,bot4,fein_margin,0.02,SUCCESS,40,40,31,
0.3,172,bot4,fein_margin,0.02,SUCCESS,45,43,30,
0.3,173,bot4,fein_margin,0.02,SUCCESS,51,43,27,
0.3,174,bot4,fein_margin,0.02,SUCCESS,12,12,23,
0.3,175,bot4,fein_margin,0.02,SUCCESS,18,18,19,
0.3,180,bot4,fein_margin,0.02,SUCCESS,49,49,45,
0.3,181,bot4,fein_margin,0.02,SUCCESS,24,24,27,
0.3,182,bot4,fein_margin,0.02,SUCCESS,40,40,45,
0.3,183,bot4,fein_margin,0.02,SUCCESS,56,56,48,
0.3,208,bot4,fein_margin,0.02,SUCCESS,43,43,34,
0.3,209,bot4,fein_margin,0.02,SUCCESS,35,35,61,
0.3,210,bot4,fein_margin,0.02,SUCCESS,31,31,36,
0.3,211,bot4,fein_margin,0.02,SUCCESS,6,6,30,
0.3,204,bot4,fein_margin,0.02,SUCCESS,22,22,18,
0.3,205,bot4,fein_margin,0.02,SUCCESS,55,55,33,
0.3,206,bot4,fein_margin,0.02,SUCCESS,29,29,54,
0.3,207,bot4,fein_margin,0.02,SUCCESS,14,14,27,
0.3,212,bot4,fein_margin,0.02,SUCCESS,39,39,50,
0.3,213,bot4,fein_margin,0.02,SUCCESS,35,35,55,
0.3,214,bot4,fein_margin,0.02,SUCCESS,12,12,42,
0.3,215,bot4,fein_margin,0.02,SUCCESS,38,38,21,
0.3,192,bot4,fein_margin,0.02,SUCCESS,18,18,45,
0.3,193,bot4,fein_margin,0.02,BUTTON_BURNED,51,35,17,
0.3,194,bot4,fein_margin,0.02,SUCCESS,55,55,64,
0.3,195,bot4,fein_margin,0.02,SUCCESS,40,40,23,
0.3,220,bot4,fein_margin,0.02,SUCCESS,26,26,48,
0.3,221,bot4,fein_margin,0.02,SUCCESS,43,43,40,
0.3,222,bot4,fein_margin,0.02,SUCCESS,17,17,40,
0.3,223,bot4,fein_margin,0.02,SUCCESS,46,46,42,
0.3,196,bot4,fein_margin,0.02,SUCCESS,15,15,30,
0.3,197,bot4,fein_margin,0.02,SUCCESS,57,51,38,
0.3,198,bot4,fein_margin,0.02,SUCCESS,65,65,25,
0.3,199,bot4,fein_margin,0.02,SUCCESS,52,52,24,
0.3,216,bot4,fein_margin,0.02,SUCCESS,45,45,24,
0.3,217,bot4,fein_margin,0.02,SUCCESS,21,21,26,
0.3,218,bot4,fein_margin,0.02,SUCCESS,17,17,54,
0.3,219,bot4,fein_margin,0.02,BURNED,69,56,28,55
0.3,224,bot4,fein_margin,0.02,SUCCESS,48,48,54,
0.3,225,bot4,fein_margin,0.02,SUCCESS,24,24,30,
0.3,226,bot4,fein_margin,0.02,SUCCESS,54,54,35,
0.3,227,bot4,fein_margin,0.02,SUCCESS,44,44,42,
0.3,228,bot4,fein_margin,0.02,SUCCESS,37,37,28,
0.3,229,bot4,fein_margin,0.02,SUCCESS,20,20,22,
0.3,230,bot4,fein_margin,0.02,SUCCESS,35,35,43,
0.3,231,bot4,fein_margin,0.02,SUCCESS,26,26,30,
0.3,240,bot4,fein_margin,0.02,SUCCESS,10,10,39,
0.3,241,bot4,fein_margin,0.02,SUCCESS,28,28,17,
0.3,242,bot4,fein_margin,0.02,SUCCESS,30,30,23,
0.3,243,bot4,fein_margin,0.02,BUTTON_BURNED,48,65,19,24
0.3,256,bot4,fein_margin,0.02,GAVE_UP,8,28,13,
0.3,257,bot4,fein_margin,0.02,SUCCESS,10,10,27,
0.3,258,bot4,fein_margin,0.02,SUCCESS,43,43,45,
0.3,259,bot4,fein_margin,0.02,SUCCESS,5,5,15,
0.3,236,bot4,fein_margin,0.02,SUCCESS,28,28,58,
0.3,237,bot4,fein_margin,0.02,SUCCESS,53,51,48,
0.3,238,bot4,fein_margin,0.02,SUCCESS,24,24,37,
0.3,239,bot4,fein_margin,0.02,SUCCESS,43,43,52,
0.3,248,bot4,fein_margin,0.02,SUCCESS,40,40,45,
0.3,249,bot4,fein_margin,0.02,SUCCESS,23,23,34,
0.3,250,bot4,fein_margin,0.02,SUCCESS,30,30,20,
0.3,251,bot4,fein_margin,0.02,SUCCESS,9,9,43,
0.3,244,bot4,fein_margin,0.02,SUCCESS,61,61,35,
0.3,245,bot4,fein_margin,0.02,SUCCESS,19,19,70,
0.3,246,bot4,fein_margin,0.02,GAVE_UP,23,24,11,1
0.3,247,bot4,fein_margin,0.02,SUCCESS,32,32,26,
0.3,260,bot4,fein_margin,0.02,SUCCESS,35,35,59,
0.3,261,bot4,fein_margin,0.02,SUCCESS,34,34,40,
0.3,262,bot4,fein_margin,0.02,SUCCESS,36,36,58,
0.3,263,bot4,fein_margin,0.02,SUCCESS,7,7,51,
0.3,232,bot4,fein_margin,0.02,SUCCESS,42,42,48,
0.3,233,bot4,fein_margin,0.02,SUCCESS,45,45,41,
0.3,234,bot4,fein_margin,0.02,SUCCESS,57,39,35,
0.3,235,bot4,fein_margin,0.02,SUCCESS,29,29,52,
0.3,268,bot4,fein_margin,0.02,SUCCESS,18,18,25,
0.3,269,bot4,fein_margin,0.02,SUCCESS,16,16,52,
0.3,270,bot4,fein_margin,0.02,SUCCESS,58,58,55,
0.3,271,bot4,fein_margin,0.02,SUCCESS,32,32,41,
0.3,252,bot4,fein_margin,0.02,SUCCESS,34,34,46,
0.3,253,bot4,fein_margin,0.02,SUCCESS,55,55,18,
0.3,254,bot4,fein_margin,0.02,SUCCESS,46,32,19,
0.3,255,bot4,fein_margin,0.02,SUCCESS,16,16,23,
0.3,272,bot4,fein_margin,0.02,SUCCESS,41,41,32,
0.3,273,bot4,fein_margin,0.02,SUCCESS,19,19,45,
0.3,274,bot4,fein_margin,0.02,SUCCESS,41,41,40,
0.3,275,bot4,fein_margin,0.02,SUCCESS,10,10,12,
0.3,276,bot4,fein_margin,0.02,SUCCESS,42,42,47,
0.3,277,bot4,fein_margin,0.02,SUCCESS,18,18,15,
0.3,278,bot4,fein_margin,0.02,SUCCESS,38,38,27,
0.3,279,bot4,fein_margin,0.02,SUCCESS,20,20,32,
0.3,284,bot4,fein_margin,0.02,SUCCESS,4,4,41,
0.3,285,bot4,fein_margin,0.02,SUCCESS,39,39,33,
0.3,286,bot4,fein_margin,0.02,SUCCESS,33,33,40,
0.3,287,bot4,fein_margin,0.02,SUCCESS,19,19,18,
0.3,264,bot4,fein_margin,0.02,SUCCESS,51,49,33,
0.3,265,bot4,fein_margin,0.02,SUCCESS,44,42,27,
0.3,266,bot4,fein_margin,0.02,SUCCESS,34,34,15,
0.3,267,bot4,fein_margin,0.02,SUCCESS,42,42,38,
0.3,288,bot4,fein_margin,0.02,SUCCESS,5,5,12,
0.3,289,bot4,fein_margin,0.02,SUCCESS,19,19,51,
0.3,290,bot4,fein_margin,0.02,SUCCESS,63,63,67,
0.3,291,bot4,fein_margin,0.02,SUCCESS,28,28,45,
0.3,300,bot4,fein_margin,0.02,SUCCESS,38,38,51,
0.3,301,bot4,fein_margin,0.02,SUCCESS,36,36,29,
0.3,302,bot4,fein_margin,0.02,SUCCESS,7,7,48,
0.3,303,bot4,fein_margin,0.02,SUCCESS,17,17,48,
0.3,292,bot4,fein_margin,0.02,SUCCESS,18,18,15,
0.3,293,bot4,fein_margin,0.02,SUCCESS,25,25,53,
0.3,294,bot4,fein_margin,0.02,SUCCESS,46,46,34,
0.3,295,bot4,fein_margin,0.02,SUCCESS,32,32,30,
0.3,312,bot4,fein_margin,0.02,SUCCESS,13,13,14,
0.3,313,bot4,fein_margin,0.02,SUCCESS,30,30,53,
0.3,314,bot4,fein_margin,0.02,SUCCESS,18,18,40,
0.3,315,bot4,fein_margin,0.02,BUTTON_BURNED,16,23,7,
0.3,316,bot4,fein_margin,0.02,SUCCESS,9,9,37,
0.3,317,bot4,fein_margin,0.02,SUCCESS,6,6,42,
0.3,318,bot4,fein_margin,0.02,SUCCESS,17,17,39,
0.3,319,bot4,fein_margin,0.02,BUTTON_BURNED,28,36,12,6
0.3,296,bot4,fein_margin,0.02,SUCCESS,62,56,45,
0.3,297,bot4,fein_margin,0.02,SUCCESS,49,49,32,
0.3,298,bot4,fein_margin,0.02,SUCCESS,16,16,49,
0.3,299,bot4,fein_margin,0.02,SUCCESS,22,22,17,
0.3,280,bot4,fein_margin,0.02,SUCCESS,36,36,30,
0.3,281,bot4,fein_margin,0.02,SUCCESS,32,32,35,
0.3,282,bot4,fein_margin,0.02,SUCCESS,51,51,25,
0.3,283,bot4,fein_margin,0.02,SUCCESS,29,29,18,
0.3,324,bot4,fein_margin,0.02,SUCCESS,37,37,30,
0.3,325,bot4,fein_margin,0.02,SUCCESS,23,23,40,
0.3,326,bot4,fein_margin,0.02,SUCCESS,9,9,50,
0.3,327,bot4,fein_margin,0.02,SUCCESS,38,38,28,
0.3,320,bot4,fein_margin,0.02,SUCCESS,34,34,44,
0.3,321,bot4,fein_margin,0.02,BUTTON_BURNED,1,41,1,1
0.3,322,bot4,fein_margin,0.02,GAVE_UP,28,46,12,5
0.3,323,bot4,fein_margin,0.02,SUCCESS,44,42,33,
0.3,304,bot4,fein_margin,0.02,SUCCESS,51,49,21,
0.3,305,bot4,fein_margin,0.02,SUCCESS,20,20,16,
0.3,306,bot4,fein_margin,0.02,SUCCESS,47,47,38,
0.3,307,bot4,fein_margin,0.02,GAVE_UP,21,54,12,1
0.3,328,bot4,fein_margin,0.02,SUCCESS,38,38,37,
0.3,329,bot4,fein_margin,0.02,SUCCESS,34,34,45,
0.3,330,bot4,fein_margin,0.02,SUCCESS,42,42,17,
0.3,331,bot4,fein_margin,0.02,SUCCESS,50,50,31,
0.3,308,bot4,fein_margin,0.02,BUTTON_BURNED,45,54,11,13
0.3,309,bot4,fein_margin,0.02,SUCCESS,50,50,39,
0.3,310,bot4,fein_margin,0.02,SUCCESS,22,22,8,
0.3,311,bot4,fein_margin,0.02,SUCCESS,51,51,49,
0.3,336,bot4,fein_margin,0.02,SUCCESS,33,33,10,
0.3,337,bot4,fein_margin,0.02,SUCCESS,56,56,30,
0.3,338,bot4,fein_margin,0.02,SUCCESS,24,24,51,
0.3,339,bot4,fein_margin,0.02,SUCCESS,13,13,29,
0.3,344,bot4,fein_margin,0.02,SUCCESS,40,40,50,
0.3,345,bot4,fein_margin,0.02,SUCCESS,25,25,23,
0.3,346,bot4,fein_margin,0.02,SUCCESS,21,21,43,
0.3,347,bot4,fein_margin,0.02,SUCCESS,34,34,15,
0.3,352,bot4,fein_margin,0.02,SUCCESS,52,52,56,
0.3,353,bot4,fein_margin,0.02,SUCCESS,31,31,42,
0.3,354,bot4,fein_margin,0.02,SUCCESS,11,11,31,
0.3,355,bot4,fein_margin,0.02,SUCCESS,30,30,39,
0.3,332,bot4,fein_margin,0.02,SUCCESS,49,49,52,
0.3,333,bot4,fein_margin,0.02,SUCCESS,6,6,53,
0.3,334,bot4,fein_margin,0.02,SUCCESS,62,56,36,
0.3,335,bot4,fein_margin,0.02,SUCCESS,43,43,23,
0.3,348,bot4,fein_margin,0.02,SUCCESS,11,11,25,
0.3,349,bot4,fein_margin,0.02,BUTTON_BURNED,14,24,4,
0.3,350,bot4,fein_margin,0.02,SUCCESS,52,52,51,
0.3,351,bot4,fein_margin,0.02,BUTTON_BURNED,36,47,17,
0.3,360,bot4,fein_margin,0.02,SUCCESS,29,29,29,
0.3,361,bot4,fein_margin,0.02,SUCCESS,37,37,55,
0.3,362,bot4,fein_margin,0.02,SUCCESS,21,21,41,
0.3,363,bot4,fein_margin,0.02,SUCCESS,23,23,11,4
0.3,340,bot4,fein_margin,0.02,SUCCESS,50,38,20,27
0.3,341,bot4,fein_margin,0.02,GAVE_UP,21,47,8,1
0.3,342,bot4,fein_margin,0.02,SUCCESS,53,53,22,
0.3,343,bot4,fein_margin,0.02,SUCCESS,31,31,24,
0.3,356,bot4,fein_margin,0.02,SUCCESS,20,20,39,
0.3,357,bot4,fein_margin,0.02,SUCCESS,27,27,28,
0.3,358,bot4,fein_margin,0.02,SUCCESS,46,44,24,17
0.3,359,bot4,fein_margin,0.02,BUTTON_BURNED,34,46,9,16
0.3,388,bot4,fein_margin,0.02,SUCCESS,25,25,46,
0.3,389,bot4,fein_margin,0.02,SUCCESS,12,12,25,
0.3,390,bot4,fein_margin,0.02,SUCCESS,10,10,36,
0.3,391,bot4,fein_margin,0.02,SUCCESS,25,25,41,
0.3,376,bot4,fein_margin,0.02,BUTTON_BURNED,7,30,5,
0.3,377,bot4,fein_margin,0.02,SUCCESS,8,8,19,
0.3,378,bot4,fein_margin,0.02,GAVE_UP,16,39,18,2
0.3,379,bot4,fein_margin,0.02,SUCCESS,52,52,42,
0.3,380,bot4,fein_margin,0.02,SUCCESS,45,45,20,
0.3,381,bot4,fein_margin,0.02,SUCCESS,13,13,24,
0.3,382,bot4,fein_margin,0.02,SUCCESS,31,31,33,
0.3,383,bot4,fein_margin,0.02,SUCCESS,9,9,40,
0.3,368,bot4,fein_margin,0.02,SUCCESS,48,48,32,
0.3,369,bot4,fein_margin,0.02,SUCCESS,32,32,31,
0.3,370,bot4,fein_margin,0.02,SUCCESS,23,23,23,
0.3,371,bot4,fein_margin,0.02,SUCCESS,37,37,43,
0.3,372,bot4,fein_margin,0.02,SUCCESS,35,35,35,
0.3,373,bot4,fein_margin,0.02,SUCCESS,53,53,41,
0.3,374,bot4,fein_margin,0.02,SUCCESS,24,24,44,
0.3,375,bot4,fein_margin,0.02,SUCCESS,8,8,46,
0.3,364,bot4,fein_margin,0.02,SUCCESS,2,2,9,
0.3,365,bot4,fein_margin,0.02,SUCCESS,67,57,32,
0.3,366,bot4,fein_margin,0.02,SUCCESS,49,49,27,
0.3,367,bot4,fein_margin,0.02,SUCCESS,13,13,52,
0.3,396,bot4,fein_margin,0.02,SUCCESS,10,10,44,
0.3,397,bot4,fein_margin,0.02,SUCCESS,9,9,27,
0.3,398,bot4,fein_margin,0.02,SUCCESS,55,55,40,
0.3,399,bot4,fein_margin,0.02,SUCCESS,9,9,49,
0.3,392,bot4,fein_margin,0.02,SUCCESS,23,23,16,
0.3,393,bot4,fein_margin,0.02,SUCCESS,49,49,34,
0.3,394,bot4,fein_margin,0.02,SUCCESS,33,33,46,
0.3,395,bot4,fein_margin,0.02,SUCCESS,26,26,66,
0.3,412,bot4,fein_margin,0.02,SUCCESS,21,21,43,
0.3,413,bot4,fein_margin,0.02,SUCCESS,13,13,31,
0.3,414,bot4,fein_margin,0.02,SUCCESS,34,34,21,
0.3,415,bot4,fein_margin,0.02,SUCCESS,13,13,40,
0.3,416,bot4,fein_margin,0.02,SUCCESS,18,18,40,
0.3,417,bot4,fein_margin,0.02,SUCCESS,5,5,18,
0.3,418,bot4,fein_margin,0.02,SUCCESS,13,13,42,
0.3,419,bot4,fein_margin,0.02,SUCCESS,10,10,43,
0.3,400,bot4,fein_margin,0.02,SUCCESS,39,39,37,
0.3,401,bot4,fein_margin,0.02,SUCCESS,37,37,48,
0.3,402,bot4,fein_margin,0.02,SUCCESS,25,25,16,
0.3,403,bot4,fein_margin,0.02,BUTTON_BURNED,19,37,7,1
0.3,404,bot4,fein_margin,0.02,SUCCESS,41,41,43,
0.3,405,bot4,fein_margin,0.02,SUCCESS,35,35,32,
0.3,406,bot4,fein_margin,0.02,SUCCESS,45,45,51,
0.3,407,bot4,fein_margin,0.02,SUCCESS,30,30,46,
0.3,384,bot4,fein_margin,0.02,SUCCESS,6,6,28,
0.3,385,bot4,fein_margin,0.02,SUCCESS,48,48,48,
0.3,386,bot4,fein_margin,0.02,SUCCESS,47,47,34,
0.3,387,bot4,fein_margin,0.02,GAVE_UP,50,60,25,
0.3,428,bot4,fein_margin,0.02,SUCCESS,5,5,65,
0.3,429,bot4,fein_margin,0.02,SUCCESS,20,20,21,
0.3,430,bot4,fein_margin,0.02,BURNED,20,22,12,
0.3,431,bot4,fein_margin,0.02,SUCCESS,5,5,40,
0.3,420,bot4,fein_margin,0.02,SUCCESS,28,28,30,
0.3,421,bot4,fein_margin,0.02,BURNED,39,47,10,15
0.3,422,bot4,fein_margin,0.02,SUCCESS,7,7,24,
0.3,423,bot4,fein_margin,0.02,SUCCESS,42,42,42,
0.3,408,bot4,fein_margin,0.02,SUCCESS,58,58,52,
0.3,409,bot4,fein_margin,0.02,SUCCESS,26,26,19,
0.3,410,bot4,fein_margin,0.02,SUCCESS,46,46,54,
0.3,411,bot4,fein_margin,0.02,GAVE_UP,27,28,13,4
0.3,440,bot4,fein_margin,0.02,SUCCESS,12,12,36,
0.3,441,bot4,fein_margin,0.02,SUCCESS,23,23,24,
0.3,442,bot4,fein_margin,0.02,BURNED,37,40,17,6
0.3,443,bot4,fein_margin,0.02,SUCCESS,28,28,16,
0.3,436,bot4,fein_margin,0.02,SUCCESS,23,23,31,
0.3,437,bot4,fein_margin,0.02,SUCCESS,20,20,62,
0.3,438,bot4,fein_margin,0.02,SUCCESS,30,30,25,
0.3,439,bot4,fein_margin,0.02,SUCCESS,61,61,49,
0.3,448,bot4,fein_margin,0.02,SUCCESS,53,53,61,
0.3,449,bot4,fein_margin,0.02,SUCCESS,38,38,48,
0.3,450,bot4,fein_margin,0.02,SUCCESS,18,18,14,
0.3,451,bot4,fein_margin,0.02,SUCCESS,30,30,56,
0.3,444,bot4,fein_margin,0.02,SUCCESS,24,24,48,
0.3,445,bot4,fein_margin,0.02,SUCCESS,14,14,21,
0.3,446,bot4,fein_margin,0.02,SUCCESS,35,35,63,
0.3,447,bot4,fein_margin,0.02,GAVE_UP,40,45,16,18
0.3,464,bot4,fein_margin,0.02,SUCCESS,49,49,42,
0.3,465,bot4,fein_margin,0.02,SUCCESS,15,15,51,
0.3,466,bot4,fein_margin,0.02,SUCCESS,31,31,12,
0.3,467,bot4,fein_margin,0.02,SUCCESS,17,17,13,
0.3,432,bot4,fein_margin,0.02,SUCCESS,55,49,21,
0.3,433,bot4,fein_margin,0.02,SUCCESS,19,19,16,
0.3,434,bot4,fein_margin,0.02,SUCCESS,31,31,25,
0.3,435,bot4,fein_margin,0.02,BUTTON_BURNED,58,52,16,35
0.3,456,bot4,fein_margin,0.02,SUCCESS,17,17,13,
0.3,457,bot4,fein_margin,0.02,SUCCESS,37,37,18,9
0.3,458,bot4,fein_margin,0.02,SUCCESS,36,36,40,
0.3,459,bot4,fein_margin,0.02,SUCCESS,34,34,22,
0.3,452,bot4,fein_margin,0.02,SUCCESS,39,39,17,
0.3,453,bot4,fein_margin,0.02,SUCCESS,26,26,17,
0.3,454,bot4,fein_margin,0.02,SUCCESS,36,36,40,
0.3,455,bot4,fein_margin,0.02,SUCCESS,54,54,41,
0.3,424,bot4,fein_margin,0.02,SUCCESS,60,60,39,
0.3,425,bot4,fein_margin,0.02,SUCCESS,37,37,33,
0.3,426,bot4,fein_margin,0.02,SUCCESS,42,42,16,
0.3,427,bot4,fein_margin,0.02,SUCCESS,55,55,40,
0.3,468,bot4,fein_margin,0.02,SUCCESS,37,37,12,
0.3,469,bot4,fein_margin,0.02,SUCCESS,37,37,20,
0.3,470,bot4,fein_margin,0.02,SUCCESS,20,20,25,
0.3,471,bot4,fein_margin,0.02,SUCCESS,46,46,30,
0.3,460,bot4,fein_margin,0.02,SUCCESS,24,24,34,
0.3,461,bot4,fein_margin,0.02,SUCCESS,40,40,19,
0.3,462,bot4,fein_margin,0.02,BUTTON_BURNED,55,46,17,18
0.3,463,bot4,fein_margin,0.02,GAVE_UP,7,15,5,1
0.3,472,bot4,fein_margin,0.02,SUCCESS,24,24,18,
0.3,473,bot4,fein_margin,0.02,SUCCESS,23,23,24,
0.3,474,bot4,fein_margin,0.02,SUCCESS,35,35,28,
0.3,475,bot4,fein_margin,0.02,SUCCESS,49,49,48,
0.3,484,bot4,fein_margin,0.02,SUCCESS,41,41,53,
0.3,485,bot4,fein_margin,0.02,SUCCESS,19,19,32,
0.3,486,bot4,fein_margin,0.02,SUCCESS,19,19,13,
0.3,487,bot4,fein_margin,0.02,SUCCESS,31,31,29,
0.3,476,bot4,fein_margin,0.02,SUCCESS,28,28,34,
0.3,477,bot4,fein_margin,0.02,SUCCESS,21,21,32,
0.3,478,bot4,fein_margin,0.02,SUCCESS,29,29,27,
0.3,479,bot4,fein_margin,0.02,SUCCESS,46,46,60,
0.3,488,bot4,fein_margin,0.02,GAVE_UP,29,45,15,5
0.3,489,bot4,fein_margin,0.02,SUCCESS,30,30,55,
0.3,490,bot4,fein_margin,0.02,SUCCESS,19,19,19,
0.3,491,bot4,fein_margin,0.02,SUCCESS,8,8,13,
0.3,480,bot4,fein_margin,0.02,SUCCESS,43,43,29,
0.3,481,bot4,fein_margin,0.02,SUCCESS,39,39,40,
0.3,482,bot4,fein_margin,0.02,SUCCESS,16,16,53,
0.3,483,bot4,fein_margin,0.02,SUCCESS,25,25,48,
0.4,0,bot4,fein_margin,0.02,SUCCESS,17,17,39,
0.4,1,bot4,fein_margin,0.02,SUCCESS,14,14,68,
0.4,2,bot4,fein_margin,0.02,SUCCESS,35,35,29,
0.4,3,bot4,fein_margin,0.02,SUCCESS,24,24,22,
0.4,4,bot4,fein_margin,0.02,GAVE_UP,16,41,26,1
0.4,5,bot4,fein_margin,0.02,SUCCESS,24,24,19,
0.4,6,bot4,fein_margin,0.02,SUCCESS,5,5,19,
0.4,7,bot4,fein_margin,0.02,SUCCESS,29,27,20,
0.3,492,bot4,fein_margin,0.02,SUCCESS,47,47,58,
0.3,493,bot4,fein_margin,0.02,SUCCESS,44,44,48,
0.3,494,bot4,fein_margin,0.02,SUCCESS,15,15,31,
0.3,495,bot4,fein_margin,0.02,SUCCESS,15,15,23,
0.4,12,bot4,fein_margin,0.02,SUCCESS,30,30,24,
0.4,13,bot4,fein_margin,0.02,SUCCESS,16,16,62,
0.4,14,bot4,fein_margin,0.02,SUCCESS,28,28,49,
0.4,15,bot4,fein_margin,0.02,SUCCESS,13,13,30,
0.4,20,bot4,fein_margin,0.02,BUTTON_BURNED,35,43,16,11
0.4,21,bot4,fein_margin,0.02,SUCCESS,17,17,55,
0.4,22,bot4,fein_margin,0.02,SUCCESS,15,15,33,
0.4,23,bot4,fein_margin,0.02,SUCCESS,33,33,41,
0.4,32,bot4,fein_margin,0.02,SUCCESS,13,13,24,
0.4,33,bot4,fein_margin,0.02,BUTTON_BURNED,17,31,7,1
0.4,34,bot4,fein_margin,0.02,GAVE_UP,22,39,9,7
0.4,35,bot4,fein_margin,0.02,SUCCESS,38,38,45,
0.3,496,bot4,fein_margin,0.02,SUCCESS,43,43,28,
0.3,497,bot4,fein_margin,0.02,SUCCESS,24,24,39,
0.3,498,bot4,fein_margin,0.02,GAVE_UP,47,54,20,24
0.3,499,bot4,fein_margin,0.02,SUCCESS,53,53,47,
0.4,8,bot4,fein_margin,0.02,SUCCESS,25,25,43,
0.4,9,bot4,fein_margin,0.02,GAVE_UP,18,39,20,1
0.4,10,bot4,fein_margin,0.02,SUCCESS,41,41,33,
0.4,11,bot4,fein_margin,0.02,SUCCESS,52,48,31,
0.4,16,bot4,fein_margin,0.02,SUCCESS,35,35,57,
0.4,17,bot4,fein_margin,0.02,SUCCESS,19,19,22,
0.4,18,bot4,fein_margin,0.02,SUCCESS,64,64,58,
0.4,19,bot4,fein_margin,0.02,SUCCESS,49,49,33,
0.4,24,bot4,fein_margin,0.02,BUTTON_BURNED,65,65,27,35
0.4,25,bot4,fein_margin,0.02,SUCCESS,36,36,49,
0.4,26,bot4,fein_margin,0.02,SUCCESS,22,22,59,
0.4,27,bot4,fein_margin,0.02,SUCCESS,23,23,41,
0.4,48,bot4,fein_margin,0.02,SUCCESS,17,17,37,
0.4,49,bot4,fein_margin,0.02,SUCCESS,3,3,29,
0.4,50,bot4,fein_margin,0.02,SUCCESS,32,32,48,
0.4,51,bot4,fein_margin,0.02,SUCCESS,31,31,40,
0.4,28,bot4,fein_margin,0.02,SUCCESS,20,20,23,
0.4,29,bot4,fein_margin,0.02,GAVE_UP,7,41,7,1
0.4,30,bot4,fein_margin,0.02,BUTTON_BURNED,32,41,14,
0.4,31,bot4,fein_margin,0.02,SUCCESS,68,68,44,
0.4,68,bot4,fein_margin,0.02,SUCCESS,3,3,13,
0.4,69,bot4,fein_margin,0.02,SUCCESS,24,24,24,
0.4,70,bot4,fein_margin,0.02,SUCCESS,24,24,23,
0.4,71,bot4,fein_margin,0.02,GAVE_UP,23,46,13,1
0.4,60,bot4,fein_margin,0.02,SUCCESS,38,38,48,
0.4,61,bot4,fein_margin,0.02,SUCCESS,11,11,36,
0.4,62,bot4,fein_margin,0.02,SUCCESS,26,24,14,
0.4,63,bot4,fein_margin,0.02,BUTTON_BURNED,7,28,3,1
0.4,36,bot4,fein_margin,0.02,SUCCESS,19,19,39,
0.4,37,bot4,fein_margin,0.02,SUCCESS,54,54,26,22
0.4,38,bot4,fein_margin,0.02,SUCCESS,37,37,35,
0.4,39,bot4,fein_margin,0.02,SUCCESS,60,60,46,
0.4,52,bot4,fein_margin,0.02,SUCCESS,25,25,27,
0.4,53,bot4,fein_margin,0.02,SUCCESS,36,36,39,
0.4,54,bot4,fein_margin,0.02,SUCCESS,51,51,39,
0.4,55,bot4,fein_margin,0.02,SUCCESS,5,5,31,
0.4,40,bot4,fein_margin,0.02,SUCCESS,54,54,34,
0.4,41,bot4,fein_margin,0.02,SUCCESS,26,26,18,
0.4,42,bot4,fein_margin,0.02,SUCCESS,27,27,73,
0.4,43,bot4,fein_margin,0.02,SUCCESS,49,49,26,
0.4,44,bot4,fein_margin,0.02,SUCCESS,49,49,51,
0.4,45,bot4,fein_margin,0.02,SUCCESS,34,34,37,
0.4,46,bot4,fein_margin,0.02,SUCCESS,22,22,33,
0.4,47,bot4,fein_margin,0.02,SUCCESS,48,48,25,9
0.4,56,bot4,fein_margin,0.02,BUTTON_BURNED,16,54,7,1
0.4,57,bot4,fein_margin,0.02,SUCCESS,20,20,26,
0.4,58,bot4,fein_margin,0.02,GAVE_UP,23,47,12,
0.4,59,bot4,fein_margin,0.02,SUCCESS,56,52,44,
0.4,64,bot4,fein_margin,0.02,SUCCESS,56,56,60,
0.4,65,bot4,fein_margin,0.02,SUCCESS,2,2,58,
0.4,66,bot4,fein_margin,0.02,SUCCESS,48,48,28,25
0.4,67,bot4,fein_margin,0.02,SUCCESS,27,27,61,
0.4,84,bot4,fein_margin,0.02,BUTTON_BURNED,28,40,14,
0.4,85,bot4,fein_margin,0.02,SUCCESS,29,29,47,
0.4,86,bot4,fein_margin,0.02,SUCCESS,16,16,47,
0.4,87,bot4,fein_margin,0.02,SUCCESS,40,40,38,
0.4,72,bot4,fein_margin,0.02,SUCCESS,30,30,22,
0.4,73,bot4,fein_margin,0.02,SUCCESS,45,45,62,
0.4,74,bot4,fein_margin,0.02,SUCCESS,30,30,43,
0.4,75,bot4,fein_margin,0.02,SUCCESS,31,31,21,
0.4,76,bot4,fein_margin,0.02,SUCCESS,39,39,50,
0.4,77,bot4,fein_margin,0.02,BUTTON_BURNED,8,34,6,4
0.4,78,bot4,fein_margin,0.02,SUCCESS,53,51,48,
0.4,79,bot4,fein_margin,0.02,SUCCESS,18,18,10,
0.4,96,bot4,fein_margin,0.02,GAVE_UP,30,53,20,5
0.4,97,bot4,fein_margin,0.02,SUCCESS,13,13,14,
0.4,98,bot4,fein_margin,0.02,SUCCESS,28,28,27,
0.4,99,bot4,fein_margin,0.02,SUCCESS,26,26,52,
0.4,88,bot4,fein_margin,0.02,GAVE_UP,26,55,13,7
0.4,89,bot4,fein_margin,0.02,SUCCESS,58,50,32,
0.4,90,bot4,fein_margin,0.02,BURNED,23,51,40,2
0.4,91,bot4,fein_margin,0.02,SUCCESS,23,23,48,
0.4,92,bot4,fein_margin,0.02,SUCCESS,50,46,37,
0.4,93,bot4,fein_margin,0.02,SUCCESS,38,38,42,
0.4,94,bot4,fein_margin,0.02,SUCCESS,21,21,30,
0.4,95,bot4,fein_margin,0.02,SUCCESS,46,46,38,
0.4,112,bot4,fein_margin,0.02,SUCCESS,7,7,9,
0.4,113,bot4,fein_margin,0.02,SUCCESS,23,23,13,
0.4,114,bot4,fein_margin,0.02,SUCCESS,27,27,31,
0.4,115,bot4,fein_margin,0.02,SUCCESS,48,48,49,
0.4,80,bot4,fein_margin,0.02,SUCCESS,65,57,31,
0.4,81,bot4,fein_margin,0.02,SUCCESS,43,43,56,
0.4,82,bot4,fein_margin,0.02,SUCCESS,43,43,19,
0.4,83,bot4,fein_margin,0.02,SUCCESS,45,43,39,
0.4,104,bot4,fein_margin,0.02,SUCCESS,24,24,32,
0.4,105,bot4,fein_margin,0.02,SUCCESS,47,47,33,
0.4,106,bot4,fein_margin,0.02,BUTTON_BURNED,35,41,10,1
0.4,107,bot4,fein_margin,0.02,GAVE_UP,50,40,24,14
0.4,120,bot4,fein_margin,0.02,SUCCESS,50,46,32,
0.4,121,bot4,fein_margin,0.02,SUCCESS,27,27,19,
0.4,122,bot4,fein_margin,0.02,SUCCESS,7,7,56,
0.4,123,bot4,fein_margin,0.02,SUCCESS,31,31,35,
0.4,100,bot4,fein_margin,0.02,BUTTON_BURNED,47,36,16,22
0.4,101,bot4,fein_margin,0.02,SUCCESS,46,46,47,
0.4,102,bot4,fein_margin,0.02,SUCCESS,48,48,38,
0.4,103,bot4,fein_margin,0.02,GAVE_UP,17,68,9,1
0.4,116,bot4,fein_margin,0.02,SUCCESS,9,9,34,
0.4,117,bot4,fein_margin,0.02,SUCCESS,31,31,39,
0.4,118,bot4,fein_margin,0.02,SUCCESS,37,37,31,
0.4,119,bot4,fein_margin,0.02,SUCCESS,65,65,59,
0.4,128,bot4,fein_margin,0.02,SUCCESS,39,39,35,
0.4,129,bot4,fein_margin,0.02,BUTTON_BURNED,6,56,4,2
0.4,130,bot4,fein_margin,0.02,SUCCESS,41,41,46,
0.4,131,bot4,fein_margin,0.02,SUCCESS,34,34,22,
0.4,124,bot4,fein_margin,0.02,SUCCESS,17,17,36,
0.4,125,bot4,fein_margin,0.02,SUCCESS,31,31,28,
0.4,126,bot4,fein_margin,0.02,SUCCESS,39,39,37,1
0.4,127,bot4,fein_margin,0.02,GAVE_UP,17,28,11,
0.4,108,bot4,fein_margin,0.02,SUCCESS,47,47,45,
0.4,109,bot4,fein_margin,0.02,SUCCESS,5,5,18,
0.4,110,bot4,fein_margin,0.02,SUCCESS,28,28,39,
0.4,111,bot4,fein_margin,0.02,GAVE_UP,65,57,31,25
0.4,140,bot4,fein_margin,0.02,BURNED,10,35,19,1
0.4,141,bot4,fein_margin,0.02,SUCCESS,20,20,29,
0.4,142,bot4,fein_margin,0.02,SUCCESS,6,6,10,
0.4,143,bot4,fein_margin,0.02,SUCCESS,32,32,37,
0.4,132,bot4,fein_margin,0.02,SUCCESS,44,44,35,
0.4,133,bot4,fein_margin,0.02,SUCCESS,53,53,49,
0.4,134,bot4,fein_margin,0.02,SUCCESS,15,15,39,
0.4,135,bot4,fein_margin,0.02,SUCCESS,9,9,29,
0.4,160,bot4,fein_margin,0.02,SUCCESS,19,19,38,
0.4,161,bot4,fein_margin,0.02,SUCCESS,16,16,10,
0.4,162,bot4,fein_margin,0.02,SUCCESS,3,3,15,
0.4,163,bot4,fein_margin,0.02,SUCCESS,11,11,55,
0.4,148,bot4,fein_margin,0.02,SUCCESS,33,33,29,
0.4,149,bot4,fein_margin,0.02,SUCCESS,1,1,30,
0.4,150,bot4,fein_margin,0.02,SUCCESS,9,9,39,
0.4,151,bot4,fein_margin,0.02,SUCCESS,22,22,32,
0.4,144,bot4,fein_margin,0.02,BUTTON_BURNED,12,29,5,1
0.4,145,bot4,fein_margin,0.02,SUCCESS,49,49,37,
0.4,146,bot4,fein_margin,0.02,SUCCESS,29,29,51,
0.4,147,bot4,fein_margin,0.02,SUCCESS,11,11,33,
0.4,164,bot4,fein_margin,0.02,SUCCESS,30,30,35,
0.4,165,bot4,fein_margin,0.02,SUCCESS,23,23,42,
0.4,166,bot4,fein_margin,0.02,SUCCESS,6,6,18,
0.4,167,bot4,fein_margin,0.02,SUCCESS,30,30,32,
0.4,156,bot4,fein_margin,0.02,GAVE_UP,10,28,7,1
0.4,157,bot4,fein_margin,0.02,SUCCESS,12,12,40,
0.4,158,bot4,fein_margin,0.02,SUCCESS,33,33,31,
0.4,159,bot4,fein_margin,0.02,GAVE_UP,38,40,25,
0.4,168,bot4,fein_margin,0.02,SUCCESS,9,9,19,
0.4,169,bot4,fein_margin,0.02,SUCCESS,30,30,20,
0.4,170,bot4,fein_margin,0.02,SUCCESS,11,11,33,
0.4,171,bot4,fein_margin,0.02,SUCCESS,42,42,40,
0.4,176,bot4,fein_margin,0.02,GAVE_UP,18,46,12,1
0.4,177,bot4,fein_margin,0.02,SUCCESS,29,29,28,
0.4,178,bot4,fein_margin,0.02,SUCCESS,1,1,30,
0.4,179,bot4,fein_margin,0.02,SUCCESS,19,19,42,
0.4,152,bot4,fein_margin,0.02,SUCCESS,65,63,36,
0.4,153,bot4,fein_margin,0.02,BUTTON_BURNED,10,30,5,
0.4,154,bot4,fein_margin,0.02,GAVE_UP,17,56,8,1
0.4,155,bot4,fein_margin,0.02,SUCCESS,15,15,20,
0.4,136,bot4,fein_margin,0.02,SUCCESS,47,47,47,
0.4,137,bot4,fein_margin,0.02,BUTTON_BURNED,36,33,15,14
0.4,138,bot4,fein_margin,0.02,SUCCESS,20,20,57,
0.4,139,bot4,fein_margin,0.02,SUCCESS,41,41,45,
0.4,184,bot4,fein_margin,0.02,GAVE_UP,34,47,27,1
0.4,185,bot4,fein_margin,0.02,SUCCESS,12,10,9,
0.4,186,bot4,fein_margin,0.02,GAVE_UP,5,46,3,1
0.4,187,bot4,fein_margin,0.02,SUCCESS,32,32,48,
0.4,200,bot4,fein_margin,0.02,SUCCESS,31,31,44,
0.4,201,bot4,fein_margin,0.02,SUCCESS,24,24,23,
0.4,202,bot4,fein_margin,0.02,SUCCESS,10,10,28,
0.4,203,bot4,fein_margin,0.02,SUCCESS,28,28,38,
0.4,188,bot4,fein_margin,0.02,SUCCESS,23,23,45,
0.4,189,bot4,fein_margin,0.02,SUCCESS,25,25,54,
0.4,190,bot4,fein_margin,0.02,SUCCESS,48,48,55,
0.4,191,bot4,fein_margin,0.02,SUCCESS,40,40,31,
0.4,172,bot4,fein_margin,0.02,SUCCESS,45,43,30,
0.4,173,bot4,fein_margin,0.02,SUCCESS,51,43,27,
0.4,174,bot4,fein_margin,0.02,SUCCESS,12,12,23,
0.4,175,bot4,fein_margin,0.02,SUCCESS,18,18,19,
0.4,180,bot4,fein_margin,0.02,SUCCESS,49,49,45,
0.4,181,bot4,fein_margin,0.02,SUCCESS,24,24,27,
0.4,182,bot4,fein_margin,0.02,SUCCESS,40,40,45,
0.4,183,bot4,fein_margin,0.02,SUCCESS,56,56,48,
0.4,192,bot4,fein_margin,0.02,SUCCESS,18,18,45,
0.4,193,bot4,fein_margin,0.02,BUTTON_BURNED,36,35,17,15
0.4,194,bot4,fein_margin,0.02,SUCCESS,55,55,64,
0.4,195,bot4,fein_margin,0.02,SUCCESS,40,40,23,
0.4,208,bot4,fein_margin,0.02,SUCCESS,43,43,34,
0.4,209,bot4,fein_margin,0.02,SUCCESS,35,35,61,
0.4,210,bot4,fein_margin,0.02,SUCCESS,31,31,36,
0.4,211,bot4,fein_margin,0.02,SUCCESS,6,6,30,
0.4,212,bot4,fein_margin,0.02,SUCCESS,39,39,50,
0.4,213,bot4,fein_margin,0.02,SUCCESS,35,35,55,
0.4,214,bot4,fein_margin,0.02,SUCCESS,12,12,42,
0.4,215,bot4,fein_margin,0.02,SUCCESS,38,38,21,
0.4,204,bot4,fein_margin,0.02,SUCCESS,22,22,18,
0.4,205,bot4,fein_margin,0.02,SUCCESS,59,55,33,
0.4,206,bot4,fein_margin,0.02,SUCCESS,29,29,54,
0.4,207,bot4,fein_margin,0.02,SUCCESS,14,14,27,
0.4,196,bot4,fein_margin,0.02,SUCCESS,15,15,30,
0.4,197,bot4,fein_margin,0.02,SUCCESS,57,51,38,
0.4,198,bot4,fein_margin,0.02,GAVE_UP,49,65,25,
0.4,199,bot4,fein_margin,0.02,SUCCESS,52,52,24,
0.4,220,bot4,fein_margin,0.02,SUCCESS,26,26,48,
0.4,221,bot4,fein_margin,0.02,SUCCESS,51,43,40,
0.4,222,bot4,fein_margin,0.02,SUCCESS,17,17,40,
0.4,223,bot4,fein_margin,0.02,SUCCESS,46,46,42,
0.4,216,bot4,fein_margin,0.02,SUCCESS,45,45,24,
0.4,217,bot4,fein_margin,0.02,SUCCESS,21,21,26,
0.4,218,bot4,fein_margin,0.02,SUCCESS,17,17,54,
0.4,219,bot4,fein_margin,0.02,BUTTON_BURNED,63,56,28,39
0.4,224,bot4,fein_margin,0.02,SUCCESS,48,48,54,
0.4,225,bot4,fein_margin,0.02,SUCCESS,24,24,30,
0.4,226,bot4,fein_margin,0.02,SUCCESS,54,54,35,
0.4,227,bot4,fein_margin,0.02,SUCCESS,44,44,42,
0.4,228,bot4,fein_margin,0.02,SUCCESS,37,37,28,
0.4,229,bot4,fein_margin,0.02,SUCCESS,20,20,22,
0.4,230,bot4,fein_margin,0.02,SUCCESS,35,35,43,
0.4,231,bot4,fein_margin,0.02,SUCCESS,26,26,30,
0.4,240,bot4,fein_margin,0.02,SUCCESS,10,10,39,
0.4,241,bot4,fein_margin,0.02,SUCCESS,28,28,17,
0.4,242,bot4,fein_margin,0.02,SUCCESS,30,30,23,
0.4,243,bot4,fein_margin,0.02,GAVE_UP,42,65,19,24
0.4,236,bot4,fein_margin,0.02,SUCCESS,28,28,58,
0.4,237,bot4,fein_margin,0.02,SUCCESS,53,51,48,
0.4,238,bot4,fein_margin,0.02,SUCCESS,24,24,37,
0.4,239,bot4,fein_margin,0.02,SUCCESS,43,43,52,
0.4,256,bot4,fein_margin,0.02,GAVE_UP,9,28,13,
0.4,257,bot4,fein_margin,0.02,SUCCESS,10,10,27,
0.4,258,bot4,fein_margin,0.02,SUCCESS,43,43,45,
0.4,259,bot4,fein_margin,0.02,SUCCESS,5,5,15,
0.4,248,bot4,fein_margin,0.02,SUCCESS,40,40,45,
0.4,249,bot4,fein_margin,0.02,SUCCESS,23,23,34,
0.4,250,bot4,fein_margin,0.02,SUCCESS,30,30,20,
0.4,251,bot4,fein_margin,0.02,SUCCESS,9,9,43,
0.4,244,bot4,fein_margin,0.02,SUCCESS,61,61,35,
0.4,245,bot4,fein_margin,0.02,SUCCESS,19,19,70,
0.4,246,bot4,fein_margin,0.02,GAVE_UP,11,24,11,1
0.4,247,bot4,fein_margin,0.02,SUCCESS,32,32,26,
0.4,260,bot4,fein_margin,0.02,SUCCESS,35,35,59,
0.4,261,bot4,fein_margin,0.02,SUCCESS,34,34,40,
0.4,262,bot4,fein_margin,0.02,SUCCESS,36,36,58,
0.4,263,bot4,fein_margin,0.02,SUCCESS,7,7,51,
0.4,252,bot4,fein_margin,0.02,SUCCESS,34,34,46,
0.4,253,bot4,fein_margin,0.02,BUTTON_BURNED,33,55,18,
0.4,254,bot4,fein_margin,0.02,BUTTON_BURNED,42,32,19,
0.4,255,bot4,fein_margin,0.02,SUCCESS,16,16,23,
0.4,232,bot4,fein_margin,0.02,SUCCESS,42,42,48,
0.4,233,bot4,fein_margin,0.02,SUCCESS,45,45,41,
0.4,234,bot4,fein_margin,0.02,SUCCESS,71,39,35,53
0.4,235,bot4,fein_margin,0.02,SUCCESS,29,29,52,
0.4,268,bot4,fein_margin,0.02,SUCCESS,18,18,25,
0.4,269,bot4,fein_margin,0.02,SUCCESS,16,16,52,
0.4,270,bot4,fein_margin,0.02,SUCCESS,58,58,55,
0.4,271,bot4,fein_margin,0.02,SUCCESS,32,32,41,
0.4,272,bot4,fein_margin,0.02,SUCCESS,41,41,32,
0.4,273,bot4,fein_margin,0.02,SUCCESS,19,19,45,
0.4,274,bot4,fein_margin,0.02,SUCCESS,41,41,40,
0.4,275,bot4,fein_margin,0.02,SUCCESS,10,10,12,
0.4,276,bot4,fein_margin,0.02,SUCCESS,42,42,47,
0.4,277,bot4,fein_margin,0.02,SUCCESS,18,18,15,
0.4,278,bot4,fein_margin,0.02,SUCCESS,38,38,27,
0.4,279,bot4,fein_margin,0.02,SUCCESS,20,20,32,
0.4,284,bot4,fein_margin,0.02,SUCCESS,4,4,41,
0.4,285,bot4,fein_margin,0.02,SUCCESS,39,39,33,
0.4,286,bot4,fein_margin,0.02,SUCCESS,33,33,40,
0.4,287,bot4,fein_margin,0.02,SUCCESS,19,19,18,
0.4,288,bot4,fein_margin,0.02,SUCCESS,5,5,12,
0.4,289,bot4,fein_margin,0.02,SUCCESS,19,19,51,
0.4,290,bot4,fein_margin,0.02,SUCCESS,63,63,67,
0.4,291,bot4,fein_margin,0.02,SUCCESS,28,28,45,
0.4,292,bot4,fein_margin,0.02,SUCCESS,18,18,15,
0.4,293,bot4,fein_margin,0.02,SUCCESS,25,25,53,
0.4,294,bot4,fein_margin,0.02,SUCCESS,46,46,34,
0.4,295,bot4,fein_margin,0.02,SUCCESS,32,32,30,
0.4,300,bot4,fein_margin,0.02,SUCCESS,38,38,51,
0.4,301,bot4,fein_margin,0.02,SUCCESS,36,36,29,
0.4,302,bot4,fein_margin,0.02,SUCCESS,7,7,48,
0.4,303,bot4,fein_margin,0.02,SUCCESS,17,17,48,
0.4,280,bot4,fein_margin,0.02,SUCCESS,36,36,30,
0.4,281,bot4,fein_margin,0.02,SUCCESS,32,32,35,
0.4,282,bot4,fein_margin,0.02,SUCCESS,51,51,25,30
0.4,283,bot4,fein_margin,0.02,SUCCESS,29,29,18,
0.4,312,bot4,fein_margin,0.02,SUCCESS,13,13,14,
0.4,313,bot4,fein_margin,0.02,SUCCESS,30,30,53,
0.4,314,bot4,fein_margin,0.02,SUCCESS,18,18,40,
0.4,315,bot4,fein_margin,0.02,BUTTON_BURNED,17,23,7,
0.4,316,bot4,fein_margin,0.02,SUCCESS,9,9,37,
0.4,317,bot4,fein_margin,0.02,SUCCESS,6,6,42,
0.4,318,bot4,fein_margin,0.02,SUCCESS,17,17,39,
0.4,319,bot4,fein_margin,0.02,BUTTON_BURNED,23,36,12,1
0.4,264,bot4,fein_margin,0.02,SUCCESS,55,49,33,18
0.4,265,bot4,fein_margin,0.02,BUTTON_BURNED,64,42,27,37
0.4,266,bot4,fein_margin,0.02,SUCCESS,34,34,15,
0.4,267,bot4,fein_margin,0.02,SUCCESS,42,42,38,
0.4,324,bot4,fein_margin,0.02,SUCCESS,37,37,30,
0.4,325,bot4,fein_margin,0.02,SUCCESS,23,23,40,
0.4,326,bot4,fein_margin,0.02,SUCCESS,9,9,50,
0.4,327,bot4,fein_margin,0.02,SUCCESS,38,38,28,
0.4,296,bot4,fein_margin,0.02,SUCCESS,78,56,45,58
0.4,297,bot4,fein_margin,0.02,SUCCESS,49,49,32,
0.4,298,bot4,fein_margin,0.02,SUCCESS,16,16,49,
0.4,299,bot4,fein_margin,0.02,SUCCESS,22,22,17,
0.4,304,bot4,fein_margin,0.02,BUTTON_BURNED,42,49,21,
0.4,305,bot4,fein_margin,0.02,SUCCESS,20,20,16,
0.4,306,bot4,fein_margin,0.02,SUCCESS,47,47,38,
0.4,307,bot4,fein_margin,0.02,GAVE_UP,16,54,12,1
0.4,320,bot4,fein_margin,0.02,SUCCESS,34,34,44,
0.4,321,bot4,fein_margin,0.02,BUTTON_BURNED,1,41,1,1
0.4,322,bot4,fein_margin,0.02,GAVE_UP,21,46,12,1
0.4,323,bot4,fein_margin,0.02,SUCCESS,44,42,33,
0.4,308,bot4,fein_margin,0.02,BUTTON_BURNED,22,54,11,2
0.4,309,bot4,fein_margin,0.02,SUCCESS,50,50,39,
0.4,310,bot4,fein_margin,0.02,SUCCESS,22,22,8,
0.4,311,bot4,fein_margin,0.02,SUCCESS,51,51,49,
0.4,336,bot4,fein_margin,0.02,BUTTON_BURNED,18,33,10,
0.4,337,bot4,fein_margin,0.02,BURNED,45,56,30,27
0.4,338,bot4,fein_margin,0.02,SUCCESS,24,24,51,
0.4,339,bot4,fein_margin,0.02,SUCCESS,13,13,29,
0.4,328,bot4,fein_margin,0.02,SUCCESS,38,38,37,
0.4,329,bot4,fein_margin,0.02,SUCCESS,34,34,45,
0.4,330,bot4,fein_margin,0.02,SUCCESS,42,42,17,
0.4,331,bot4,fein_margin,0.02,SUCCESS,50,50,31,
0.4,352,bot4,fein_margin,0.02,SUCCESS,52,52,56,
0.4,353,bot4,fein_margin,0.02,SUCCESS,31,31,42,
0.4,354,bot4,fein_margin,0.02,SUCCESS,11,11,31,
0.4,355,bot4,fein_margin,0.02,SUCCESS,30,30,39,
0.4,332,bot4,fein_margin,0.02,SUCCESS,49,49,52,
0.4,333,bot4,fein_margin,0.02,SUCCESS,6,6,53,
0.4,334,bot4,fein_margin,0.02,SUCCESS,62,56,36,
0.4,335,bot4,fein_margin,0.02,BURNED,36,43,23,17
0.4,348,bot4,fein_margin,0.02,SUCCESS,11,11,25,
0.4,349,bot4,fein_margin,0.02,BUTTON_BURNED,10,24,4,
0.4,350,bot4,fein_margin,0.02,SUCCESS,52,52,51,
0.4,351,bot4,fein_margin,0.02,BUTTON_BURNED,34,47,17,
0.4,356,bot4,fein_margin,0.02,SUCCESS,20,20,39,
0.4,357,bot4,fein_margin,0.02,SUCCESS,27,27,28,
0.4,358,bot4,fein_margin,0.02,SUCCESS,46,44,24,14
0.4,359,bot4,fein_margin,0.02,BUTTON_BURNED,18,46,9,7
0.4,360,bot4,fein_margin,0.02,SUCCESS,29,29,29,
0.4,361,bot4,fein_margin,0.02,SUCCESS,37,37,55,
0.4,362,bot4,fein_margin,0.02,SUCCESS,21,21,41,
0.4,363,bot4,fein_margin,0.02,BUTTON_BURNED,24,23,11,1
0.4,344,bot4,fein_margin,0.02,SUCCESS,40,40,50,
0.4,345,bot4,fein_margin,0.02,SUCCESS,25,25,23,
0.4,346,bot4,fein_margin,0.02,SUCCESS,21,21,43,
0.4,347,bot4,fein_margin,0.02,GAVE_UP,32,34,15,
0.4,388,bot4,fein_margin,0.02,SUCCESS,25,25,46,
0.4,389,bot4,fein_margin,0.02,SUCCESS,12,12,25,
0.4,390,bot4,fein_margin,0.02,SUCCESS,10,10,36,
0.4,391,bot4,fein_margin,0.02,SUCCESS,25,25,41,
0.4,340,bot4,fein_margin,0.02,GAVE_UP,40,38,20,10
0.4,341,bot4,fein_margin,0.02,GAVE_UP,15,47,8,
0.4,342,bot4,fein_margin,0.02,SUCCESS,53,53,22,
0.4,343,bot4,fein_margin,0.02,SUCCESS,31,31,24,
0.4,380,bot4,fein_margin,0.02,SUCCESS,45,45,20,
0.4,381,bot4,fein_margin,0.02,SUCCESS,13,13,24,
0.4,382,bot4,fein_margin,0.02,SUCCESS,31,31,33,
0.4,383,bot4,fein_margin,0.02,SUCCESS,9,9,40,
0.4,376,bot4,fein_margin,0.02,BUTTON_BURNED,9,30,5,1
0.4,377,bot4,fein_margin,0.02,SUCCESS,8,8,19,
0.4,378,bot4,fein_margin,0.02,GAVE_UP,16,39,18,
0.4,379,bot4,fein_margin,0.02,SUCCESS,52,52,42,
0.4,364,bot4,fein_margin,0.02,SUCCESS,2,2,9,
0.4,365,bot4,fein_margin,0.02,SUCCESS,67,57,32,31
0.4,366,bot4,fein_margin,0.02,GAVE_UP,42,49,27,
0.4,367,bot4,fein_margin,0.02,SUCCESS,13,13,52,
0.4,368,bot4,fein_margin,0.02,SUCCESS,48,48,32,
0.4,369,bot4,fein_margin,0.02,SUCCESS,32,32,31,
0.4,370,bot4,fein_margin,0.02,SUCCESS,23,23,23,
0.4,371,bot4,fein_margin,0.02,SUCCESS,37,37,43,
0.4,384,bot4,fein_margin,0.02,SUCCESS,6,6,28,
0.4,385,bot4,fein_margin,0.02,SUCCESS,48,48,48,
0.4,386,bot4,fein_margin,0.02,GAVE_UP,38,47,34,
0.4,387,bot4,fein_margin,0.02,GAVE_UP,36,60,25,17
0.4,372,bot4,fein_margin,0.02,SUCCESS,35,35,35,
0.4,373,bot4,fein_margin,0.02,SUCCESS,53,53,41,
0.4,374,bot4,fein_margin,0.02,SUCCESS,24,24,44,
0.4,375,bot4,fein_margin,0.02,SUCCESS,8,8,46,
0.4,396,bot4,fein_margin,0.02,SUCCESS,10,10,44,
0.4,397,bot4,fein_margin,0.02,SUCCESS,9,9,27,
0.4,398,bot4,fein_margin,0.02,SUCCESS,55,55,40,
0.4,399,bot4,fein_margin,0.02,SUCCESS,9,9,49,
0.4,416,bot4,fein_margin,0.02,SUCCESS,18,18,40,
0.4,417,bot4,fein_margin,0.02,SUCCESS,5,5,18,
0.4,418,bot4,fein_margin,0.02,SUCCESS,13,13,42,
0.4,419,bot4,fein_margin,0.02,SUCCESS,10,10,43,
0.4,412,bot4,fein_margin,0.02,SUCCESS,21,21,43,
0.4,413,bot4,fein_margin,0.02,SUCCESS,13,13,31,
0.4,414,bot4,fein_margin,0.02,BUTTON_BURNED,34,34,21,18
0.4,415,bot4,fein_margin,0.02,SUCCESS,13,13,40,
0.4,392,bot4,fein_margin,0.02,SUCCESS,31,23,16,
0.4,393,bot4,fein_margin,0.02,SUCCESS,49,49,34,
0.4,394,bot4,fein_margin,0.02,SUCCESS,33,33,46,
0.4,395,bot4,fein_margin,0.02,SUCCESS,26,26,66,
0.4,400,bot4,fein_margin,0.02,SUCCESS,39,39,37,
0.4,401,bot4,fein_margin,0.02,SUCCESS,37,37,48,
0.4,402,bot4,fein_margin,0.02,SUCCESS,25,25,16,
0.4,403,bot4,fein_margin,0.02,GAVE_UP,21,37,7,1
0.4,404,bot4,fein_margin,0.02,SUCCESS,41,41,43,
0.4,405,bot4,fein_margin,0.02,SUCCESS,35,35,32,
0.4,406,bot4,fein_margin,0.02,SUCCESS,45,45,51,
0.4,407,bot4,fein_margin,0.02,SUCCESS,30,30,46,
0.4,428,bot4,fein_margin,0.02,SUCCESS,5,5,65,
0.4,429,bot4,fein_margin,0.02,SUCCESS,20,20,21,
0.4,430,bot4,fein_margin,0.02,SUCCESS,22,22,12,3
0.4,431,bot4,fein_margin,0.02,SUCCESS,5,5,40,
0.4,420,bot4,fein_margin,0.02,SUCCESS,28,28,30,
0.4,421,bot4,fein_margin,0.02,BUTTON_BURNED,32,47,10,1
0.4,422,bot4,fein_margin,0.02,SUCCESS,7,7,24,
0.4,423,bot4,fein_margin,0.02,SUCCESS,42,42,42,
0.4,408,bot4,fein_margin,0.02,SUCCESS,58,58,52,
0.4,409,bot4,fein_margin,0.02,SUCCESS,26,26,19,
0.4,410,bot4,fein_margin,0.02,SUCCESS,46,46,54,
0.4,411,bot4,fein_margin,0.02,GAVE_UP,19,28,13,1
0.4,440,bot4,fein_margin,0.02,SUCCESS,12,12,36,
0.4,441,bot4,fein_margin,0.02,SUCCESS,23,23,24,
0.4,442,bot4,fein_margin,0.02,GAVE_UP,21,40,17,1
0.4,443,bot4,fein_margin,0.02,BURNED,27,28,16,
0.4,436,bot4,fein_margin,0.02,SUCCESS,23,23,31,
0.4,437,bot4,fein_margin,0.02,SUCCESS,20,20,62,
0.4,438,bot4,fein_margin,0.02,SUCCESS,30,30,25,
0.4,439,bot4,fein_margin,0.02,SUCCESS,61,61,49,
0.4,444,bot4,fein_margin,0.02,SUCCESS,24,24,48,
0.4,445,bot4,fein_margin,0.02,SUCCESS,14,14,21,
0.4,446,bot4,fein_margin,0.02,SUCCESS,35,35,63,
0.4,447,bot4,fein_margin,0.02,BUTTON_BURNED,30,45,16,8
0.4,448,bot4,fein_margin,0.02,SUCCESS,53,53,61,
0.4,449,bot4,fein_margin,0.02,SUCCESS,38,38,48,
0.4,450,bot4,fein_margin,0.02,SUCCESS,18,18,14,
0.4,451,bot4,fein_margin,0.02,SUCCESS,30,30,56,
0.4,432,bot4,fein_margin,0.02,GAVE_UP,37,49,21,
0.4,433,bot4,fein_margin,0.02,SUCCESS,19,19,16,
0.4,434,bot4,fein_margin,0.02,SUCCESS,35,31,25,7
0.4,435,bot4,fein_margin,0.02,BUTTON_BURNED,44,52,16,17
0.4,456,bot4,fein_margin,0.02,SUCCESS,17,17,13,
0.4,457,bot4,fein_margin,0.02,GAVE_UP,37,37,18,5
0.4,458,bot4,fein_margin,0.02,SUCCESS,36,36,40,
0.4,459,bot4,fein_margin,0.02,BURNED,23,34,22,
0.4,424,bot4,fein_margin,0.02,SUCCESS,60,60,39,
0.4,425,bot4,fein_margin,0.02,SUCCESS,37,37,33,
0.4,426,bot4,fein_margin,0.02,GAVE_UP,26,42,16,11
0.4,427,bot4,fein_margin,0.02,SUCCESS,55,55,40,
0.4,464,bot4,fein_margin,0.02,SUCCESS,49,49,42,
0.4,465,bot4,fein_margin,0.02,SUCCESS,15,15,51,
0.4,466,bot4,fein_margin,0.02,GAVE_UP,27,31,12,
0.4,467,bot4,fein_margin,0.02,SUCCESS,17,17,13,
0.4,452,bot4,fein_margin,0.02,BUTTON_BURNED,34,39,17,
0.4,453,bot4,fein_margin,0.02,SUCCESS,26,26,17,
0.4,454,bot4,fein_margin,0.02,SUCCESS,36,36,40,
0.4,455,bot4,fein_margin,0.02,SUCCESS,56,54,41,
0.4,460,bot4,fein_margin,0.02,SUCCESS,24,24,34,
0.4,461,bot4,fein_margin,0.02,BUTTON_BURNED,37,40,19,18
0.4,462,bot4,fein_margin,0.02,BUTTON_BURNED,46,46,17,19
0.4,463,bot4,fein_margin,0.02,GAVE_UP,2,15,5,1
0.4,468,bot4,fein_margin,0.02,BUTTON_BURNED,25,37,12,
0.4,469,bot4,fein_margin,0.02,SUCCESS,37,37,20,
0.4,470,bot4,fein_margin,0.02,SUCCESS,20,20,25,
0.4,471,bot4,fein_margin,0.02,SUCCESS,46,46,30,
0.4,476,bot4,fein_margin,0.02,SUCCESS,28,28,34,
0.4,477,bot4,fein_margin,0.02,SUCCESS,21,21,32,
0.4,478,bot4,fein_margin,0.02,SUCCESS,29,29,27,
0.4,479,bot4,fein_margin,0.02,SUCCESS,46,46,60,
0.4,484,bot4,fein_margin,0.02,SUCCESS,41,41,53,
0.4,485,bot4,fein_margin,0.02,SUCCESS,19,19,32,
0.4,486,bot4,fein_margin,0.02,SUCCESS,19,19,13,
0.4,487,bot4,fein_margin,0.02,SUCCESS,31,31,29,
0.5,0,bot4,fein_margin,0.02,SUCCESS,17,17,39,
0.5,1,bot4,fein_margin,0.02,SUCCESS,14,14,68,
0.5,2,bot4,fein_margin,0.02,SUCCESS,35,35,29,
0.5,3,bot4,fein_margin,0.02,SUCCESS,24,24,22,
0.4,488,bot4,fein_margin,0.02,GAVE_UP,31,45,15,3
0.4,489,bot4,fein_margin,0.02,SUCCESS,30,30,55,
0.4,490,bot4,fein_margin,0.02,SUCCESS,19,19,19,
0.4,491,bot4,fein_margin,0.02,SUCCESS,8,8,13,
0.4,472,bot4,fein_margin,0.02,GAVE_UP,38,24,18,
0.4,473,bot4,fein_margin,0.02,SUCCESS,23,23,24,
0.4,474,bot4,fein_margin,0.02,SUCCESS,35,35,28,
0.4,475,bot4,fein_margin,0.02,SUCCESS,49,49,48,
0.4,480,bot4,fein_margin,0.02,SUCCESS,45,43,29,
0.4,481,bot4,fein_margin,0.02,SUCCESS,39,39,40,
0.4,482,bot4,fein_margin,0.02,SUCCESS,16,16,53,
0.4,483,bot4,fein_margin,0.02,SUCCESS,25,25,48,
0.4,492,bot4,fein_margin,0.02,SUCCESS,47,47,58,
0.4,493,bot4,fein_margin,0.02,SUCCESS,44,44,48,
0.4,494,bot4,fein_margin,0.02,SUCCESS,15,15,31,
0.4,495,bot4,fein_margin,0.02,SUCCESS,15,15,23,
0.5,12,bot4,fein_margin,0.02,SUCCESS,30,30,24,
0.5,13,bot4,fein_margin,0.02,SUCCESS,16,16,62,
0.5,14,bot4,fein_margin,0.02,SUCCESS,28,28,49,
0.5,15,bot4,fein_margin,0.02,SUCCESS,13,13,30,
0.4,496,bot4,fein_margin,0.02,SUCCESS,43,43,28,
0.4,497,bot4,fein_margin,0.02,SUCCESS,24,24,39,
0.4,498,bot4,fein_margin,0.02,GAVE_UP,33,54,20,11
0.4,499,bot4,fein_margin,0.02,SUCCESS,53,53,47,
0.5,4,bot4,fein_margin,0.02,BURNED,28,41,26,1
0.5,5,bot4,fein_margin,0.02,SUCCESS,24,24,19,
0.5,6,bot4,fein_margin,0.02,SUCCESS,5,5,19,
0.5,7,bot4,fein_margin,0.02,SUCCESS,29,27,20,
0.5,20,bot4,fein_margin,0.02,BUTTON_BURNED,31,43,16,4
0.5,21,bot4,fein_margin,0.02,SUCCESS,17,17,55,
0.5,22,bot4,fein_margin,0.02,SUCCESS,15,15,33,
0.5,23,bot4,fein_margin,0.02,SUCCESS,33,33,41,
0.5,32,bot4,fein_margin,0.02,SUCCESS,13,13,24,
0.5,33,bot4,fein_margin,0.02,BUTTON_BURNED,12,31,7,1
0.5,34,bot4,fein_margin,0.02,BUTTON_BURNED,16,39,9,5
0.5,35,bot4,fein_margin,0.02,SUCCESS,38,38,45,
0.5,8,bot4,fein_margin,0.02,SUCCESS,25,25,43,
0.5,9,bot4,fein_margin,0.02,BURNED,15,39,20,1
0.5,10,bot4,fein_margin,0.02,SUCCESS,41,41,33,
0.5,11,bot4,fein_margin,0.02,SUCCESS,52,48,31,
0.5,24,bot4,fein_margin,0.02,GAVE_UP,54,65,27,37
0.5,25,bot4,fein_margin,0.02,SUCCESS,36,36,49,
0.5,26,bot4,fein_margin,0.02,SUCCESS,22,22,59,
0.5,27,bot4,fein_margin,0.02,SUCCESS,23,23,41,
0.5,16,bot4,fein_margin,0.02,SUCCESS,35,35,57,
0.5,17,bot4,fein_margin,0.02,SUCCESS,19,19,22,
0.5,18,bot4,fein_margin,0.02,SUCCESS,64,64,58,
0.5,19,bot4,fein_margin,0.02,SUCCESS,49,49,33,
0.5,28,bot4,fein_margin,0.02,SUCCESS,20,20,23,
0.5,29,bot4,fein_margin,0.02,GAVE_UP,6,41,7,1
0.5,30,bot4,fein_margin,0.02,BUTTON_BURNED,26,41,14,
0.5,31,bot4,fein_margin,0.02,SUCCESS,68,68,44,
0.5,48,bot4,fein_margin,0.02,SUCCESS,17,17,37,
0.5,49,bot4,fein_margin,0.02,SUCCESS,3,3,29,
0.5,50,bot4,fein_margin,0.02,SUCCESS,32,32,48,
0.5,51,bot4,fein_margin,0.02,SUCCESS,31,31,40,
0.5,60,bot4,fein_margin,0.02,SUCCESS,38,38,48,
0.5,61,bot4,fein_margin,0.02,SUCCESS,11,11,36,
0.5,62,bot4,fein_margin,0.02,GAVE_UP,17,24,14,5
0.5,63,bot4,fein_margin,0.02,BUTTON_BURNED,7,28,3,1
0.5,36,bot4,fein_margin,0.02,SUCCESS,19,19,39,
0.5,37,bot4,fein_margin,0.02,GAVE_UP,38,54,26,15
0.5,38,bot4,fein_margin,0.02,SUCCESS,37,37,35,
0.5,39,bot4,fein_margin,0.02,SUCCESS,60,60,46,
0.5,44,bot4,fein_margin,0.02,SUCCESS,49,49,51,
0.5,45,bot4,fein_margin,0.02,SUCCESS,34,34,37,
0.5,46,bot4,fein_margin,0.02,SUCCESS,22,22,33,
0.5,47,bot4,fein_margin,0.02,GAVE_UP,38,48,25,7
0.5,68,bot4,fein_margin,0.02,SUCCESS,3,3,13,
0.5,69,bot4,fein_margin,0.02,SUCCESS,24,24,24,
0.5,70,bot4,fein_margin,0.02,SUCCESS,24,24,23,
0.5,71,bot4,fein_margin,0.02,GAVE_UP,20,46,13,1
0.5,52,bot4,fein_margin,0.02,SUCCESS,25,25,27,
0.5,53,bot4,fein_margin,0.02,SUCCESS,36,36,39,
0.5,54,bot4,fein_margin,0.02,SUCCESS,51,51,39,
0.5,55,bot4,fein_margin,0.02,SUCCESS,5,5,31,
0.5,40,bot4,fein_margin,0.02,SUCCESS,54,54,34,
0.5,41,bot4,fein_margin,0.02,GAVE_UP,36,26,18,8
0.5,42,bot4,fein_margin,0.02,SUCCESS,27,27,73,
0.5,43,bot4,fein_margin,0.02,SUCCESS,49,49,26,27
0.5,56,bot4,fein_margin,0.02,BUTTON_BURNED,13,54,7,1
0.5,57,bot4,fein_margin,0.02,SUCCESS,20,20,26,
0.5,58,bot4,fein_margin,0.02,BUTTON_BURNED,17,47,12,
0.5,59,bot4,fein_margin,0.02,SUCCESS,56,52,44,
0.5,64,bot4,fein_margin,0.02,SUCCESS,56,56,60,
0.5,65,bot4,fein_margin,0.02,SUCCESS,2,2,58,
0.5,66,bot4,fein_margin,0.02,GAVE_UP,43,48,28,15
0.5,67,bot4,fein_margin,0.02,SUCCESS,27,27,61,
0.5,84,bot4,fein_margin,0.02,BUTTON_BURNED,32,40,14,
0.5,85,bot4,fein_margin,0.02,SUCCESS,29,29,47,
0.5,86,bot4,fein_margin,0.02,SUCCESS,16,16,47,
0.5,87,bot4,fein_margin,0.02,SUCCESS,40,40,38,
0.5,96,bot4,fein_margin,0.02,GAVE_UP,23,53,20,1
0.5,97,bot4,fein_margin,0.02,SUCCESS,13,13,14,
0.5,98,bot4,fein_margin,0.02,SUCCESS,28,28,27,
0.5,99,bot4,fein_margin,0.02,SUCCESS,26,26,52,
0.5,72,bot4,fein_margin,0.02,BUTTON_BURNED,29,30,22,
0.5,73,bot4,fein_margin,0.02,SUCCESS,45,45,62,
0.5,74,bot4,fein_margin,0.02,SUCCESS,30,30,43,
0.5,75,bot4,fein_margin,0.02,SUCCESS,31,31,21,
0.5,76,bot4,fein_margin,0.02,SUCCESS,39,39,50,
0.5,77,bot4,fein_margin,0.02,BUTTON_BURNED,8,34,6,1
0.5,78,bot4,fein_margin,0.02,SUCCESS,53,51,48,
0.5,79,bot4,fein_margin,0.02,BUTTON_BURNED,17,18,10,
0.5,92,bot4,fein_margin,0.02,GAVE_UP,23,46,37,10
0.5,93,bot4,fein_margin,0.02,SUCCESS,38,38,42,
0.5,94,bot4,fein_margin,0.02,SUCCESS,21,21,30,
0.5,95,bot4,fein_margin,0.02,SUCCESS,46,46,38,
0.5,88,bot4,fein_margin,0.02,BUTTON_BURNED,22,55,13,1
0.5,89,bot4,fein_margin,0.02,BUTTON_BURNED,53,50,32,2
0.5,90,bot4,fein_margin,0.02,GAVE_UP,32,51,40,1
0.5,91,bot4,fein_margin,0.02,SUCCESS,23,23,48,
0.5,80,bot4,fein_margin,0.02,BUTTON_BURNED,52,57,31,32
0.5,81,bot4,fein_margin,0.02,SUCCESS,43,43,56,
0.5,82,bot4,fein_margin,0.02,BURNED,33,43,19,
0.5,83,bot4,fein_margin,0.02,SUCCESS,45,43,39,
0.5,104,bot4,fein_margin,0.02,SUCCESS,24,24,32,
0.5,105,bot4,fein_margin,0.02,SUCCESS,47,47,33,
0.5,106,bot4,fein_margin,0.02,BUTTON_BURNED,16,41,10,1
0.5,107,bot4,fein_margin,0.02,GAVE_UP,30,40,24,1
0.5,112,bot4,fein_margin,0.02,SUCCESS,7,7,9,
0.5,113,bot4,fein_margin,0.02,BUTTON_BURNED,21,23,13,
0.5,114,bot4,fein_margin,0.02,SUCCESS,27,27,31,
0.5,115,bot4,fein_margin,0.02,SUCCESS,48,48,49,
0.5,108,bot4,fein_margin,0.02,SUCCESS,47,47,45,
0.5,109,bot4,fein_margin,0.02,SUCCESS,5,5,18,
0.5,110,bot4,fein_margin,0.02,SUCCESS,28,28,39,
0.5,111,bot4,fein_margin,0.02,GAVE_UP,43,57,31,17
0.5,100,bot4,fein_margin,0.02,BUTTON_BURNED,38,36,16,11
0.5,101,bot4,fein_margin,0.02,SUCCESS,46,46,47,
0.5,102,bot4,fein_margin,0.02,SUCCESS,48,48,38,
0.5,103,bot4,fein_margin,0.02,GAVE_UP,13,68,9,1
0.5,124,bot4,fein_margin,0.02,SUCCESS,17,17,36,
0.5,125,bot4,fein_margin,0.02,SUCCESS,31,31,28,
0.5,126,bot4,fein_margin,0.02,BURNED,10,39,37,5
0.5,127,bot4,fein_margin,0.02,GAVE_UP,23,28,11,1
0.5,116,bot4,fein_margin,0.02,SUCCESS,9,9,34,
0.5,117,bot4,fein_margin,0.02,SUCCESS,31,31,39,
0.5,118,bot4,fein_margin,0.02,SUCCESS,37,37,31,
0.5,119,bot4,fein_margin,0.02,SUCCESS,65,65,59,
0.5,120,bot4,fein_margin,0.02,SUCCESS,56,46,32,32
0.5,121,bot4,fein_margin,0.02,SUCCESS,27,27,19,
0.5,122,bot4,fein_margin,0.02,SUCCESS,7,7,56,
0.5,123,bot4,fein_margin,0.02,SUCCESS,31,31,35,
0.5,128,bot4,fein_margin,0.02,SUCCESS,39,39,35,
0.5,129,bot4,fein_margin,0.02,GAVE_UP,4,56,4,1
0.5,130,bot4,fein_margin,0.02,SUCCESS,41,41,46,
0.5,131,bot4,fein_margin,0.02,SUCCESS,34,34,22,
0.5,148,bot4,fein_margin,0.02,SUCCESS,33,33,29,
0.5,149,bot4,fein_margin,0.02,SUCCESS,1,1,30,
0.5,150,bot4,fein_margin,0.02,SUCCESS,9,9,39,
0.5,151,bot4,fein_margin,0.02,SUCCESS,22,22,32,
0.5,140,bot4,fein_margin,0.02,GAVE_UP,27,35,19,1
0.5,141,bot4,fein_margin,0.02,SUCCESS,20,20,29,
0.5,142,bot4,fein_margin,0.02,SUCCESS,6,6,10,
0.5,143,bot4,fein_margin,0.02,SUCCESS,32,32,37,
0.5,132,bot4,fein_margin,0.02,SUCCESS,44,44,35,
0.5,133,bot4,fein_margin,0.02,SUCCESS,53,53,49,
0.5,134,bot4,fein_margin,0.02,SUCCESS,15,15,39,
0.5,135,bot4,fein_margin,0.02,SUCCESS,9,9,29,
0.5,160,bot4,fein_margin,0.02,SUCCESS,19,19,38,
0.5,161,bot4,fein_margin,0.02,BUTTON_BURNED,15,16,10,
0.5,162,bot4,fein_margin,0.02,SUCCESS,3,3,15,
0.5,163,bot4,fein_margin,0.02,SUCCESS,11,11,55,
0.5,144,bot4,fein_margin,0.02,BUTTON_BURNED,9,29,5,1
0.5,145,bot4,fein_margin,0.02,SUCCESS,49,49,37,
0.5,146,bot4,fein_margin,0.02,SUCCESS,29,29,51,
0.5,147,bot4,fein_margin,0.02,SUCCESS,11,11,33,
0.5,164,bot4,fein_margin,0.02,SUCCESS,30,30,35,
0.5,165,bot4,fein_margin,0.02,SUCCESS,23,23,42,
0.5,166,bot4,fein_margin,0.02,SUCCESS,6,6,18,
0.5,167,bot4,fein_margin,0.02,SUCCESS,30,30,32,
0.5,152,bot4,fein_margin,0.02,GAVE_UP,53,63,36,
0.5,153,bot4,fein_margin,0.02,BUTTON_BURNED,9,30,5,
0.5,154,bot4,fein_margin,0.02,GAVE_UP,13,56,8,1
0.5,155,bot4,fein_margin,0.02,SUCCESS,15,15,20,
0.5,156,bot4,fein_margin,0.02,GAVE_UP,9,28,7,1
0.5,157,bot4,fein_margin,0.02,SUCCESS,12,12,40,
0.5,158,bot4,fein_margin,0.02,SUCCESS,33,33,31,
0.5,159,bot4,fein_margin,0.02,GAVE_UP,36,40,25,14
0.5,168,bot4,fein_margin,0.02,SUCCESS,9,9,19,
0.5,169,bot4,fein_margin,0.02,SUCCESS,30,30,20,
0.5,170,bot4,fein_margin,0.02,SUCCESS,11,11,33,
0.5,171,bot4,fein_margin,0.02,SUCCESS,42,42,40,
0.5,176,bot4,fein_margin,0.02,GAVE_UP,16,46,12,1
0.5,177,bot4,fein_margin,0.02,SUCCESS,29,29,28,
0.5,178,bot4,fein_margin,0.02,SUCCESS,1,1,30,
0.5,179,bot4,fein_margin,0.02,SUCCESS,19,19,42,
0.5,136,bot4,fein_margin,0.02,SUCCESS,47,47,47,
0.5,137,bot4,fein_margin,0.02,BUTTON_BURNED,38,33,15,1
0.5,138,bot4,fein_margin,0.02,SUCCESS,20,20,57,
0.5,139,bot4,fein_margin,0.02,SUCCESS,41,41,45,
0.5,184,bot4,fein_margin,0.02,GAVE_UP,32,47,27,1
0.5,185,bot4,fein_margin,0.02,BURNED,8,10,9,
0.5,186,bot4,fein_margin,0.02,GAVE_UP,4,46,3,1
0.5,187,bot4,fein_margin,0.02,SUCCESS,32,32,48,
0.5,200,bot4,fein_margin,0.02,SUCCESS,31,31,44,
0.5,201,bot4,fein_margin,0.02,SUCCESS,24,24,23,
0.5,202,bot4,fein_margin,0.02,SUCCESS,10,10,28,
0.5,203,bot4,fein_margin,0.02,SUCCESS,28,28,38,
0.5,188,bot4,fein_margin,0.02,SUCCESS,23,23,45,
0.5,189,bot4,fein_margin,0.02,SUCCESS,25,25,54,
0.5,190,bot4,fein_margin,0.02,SUCCESS,48,48,55,
0.5,191,bot4,fein_margin,0.02,SUCCESS,40,40,31,
0.5,172,bot4,fein_margin,0.02,GAVE_UP,44,43,30,17
0.5,173,bot4,fein_margin,0.02,BUTTON_BURNED,48,43,27,20
0.5,174,bot4,fein_margin,0.02,SUCCESS,12,12,23,
0.5,175,bot4,fein_margin,0.02,SUCCESS,18,18,19,
0.5,180,bot4,fein_margin,0.02,SUCCESS,49,49,45,
0.5,181,bot4,fein_margin,0.02,SUCCESS,24,24,27,
0.5,182,bot4,fein_margin,0.02,SUCCESS,40,40,45,
0.5,183,bot4,fein_margin,0.02,SUCCESS,56,56,48,
0.5,192,bot4,fein_margin,0.02,SUCCESS,18,18,45,
0.5,193,bot4,fein_margin,0.02,GAVE_UP,18,35,17,6
0.5,194,bot4,fein_margin,0.02,SUCCESS,55,55,64,
0.5,195,bot4,fein_margin,0.02,GAVE_UP,38,40,23,21
0.5,208,bot4,fein_margin,0.02,SUCCESS,43,43,34,
0.5,209,bot4,fein_margin,0.02,SUCCESS,35,35,61,
0.5,210,bot4,fein_margin,0.02,SUCCESS,31,31,36,
0.5,211,bot4,fein_margin,0.02,SUCCESS,6,6,30,
0.5,212,bot4,fein_margin,0.02,SUCCESS,39,39,50,
0.5,213,bot4,fein_margin,0.02,SUCCESS,35,35,55,
0.5,214,bot4,fein_margin,0.02,SUCCESS,12,12,42,
0.5,215,bot4,fein_margin,0.02,SUCCESS,38,38,21,
0.5,204,bot4,fein_margin,0.02,SUCCESS,22,22,18,
0.5,205,bot4,fein_margin,0.02,SUCCESS,59,55,33,
0.5,206,bot4,fein_margin,0.02,SUCCESS,29,29,54,
0.5,207,bot4,fein_margin,0.02,SUCCESS,14,14,27,
0.5,196,bot4,fein_margin,0.02,SUCCESS,15,15,30,
0.5,197,bot4,fein_margin,0.02,SUCCESS,57,51,38,
0.5,198,bot4,fein_margin,0.02,GAVE_UP,41,65,25,31
0.5,199,bot4,fein_margin,0.02,BUTTON_BURNED,50,52,24,
0.5,228,bot4,fein_margin,0.02,SUCCESS,37,37,28,15
0.5,229,bot4,fein_margin,0.02,SUCCESS,20,20,22,
0.5,230,bot4,fein_margin,0.02,SUCCESS,35,35,43,
0.5,231,bot4,fein_margin,0.02,SUCCESS,26,26,30,
0.5,216,bot4,fein_margin,0.02,BUTTON_BURNED,36,45,24,17
0.5,217,bot4,fein_margin,0.02,SUCCESS,21,21,26,
0.5,218,bot4,fein_margin,0.02,SUCCESS,17,17,54,
0.5,219,bot4,fein_margin,0.02,BUTTON_BURNED,44,56,28,23
0.5,220,bot4,fein_margin,0.02,SUCCESS,26,26,48,
0.5,221,bot4,fein_margin,0.02,SUCCESS,51,43,40,
0.5,222,bot4,fein_margin,0.02,SUCCESS,17,17,40,
0.5,223,bot4,fein_margin,0.02,SUCCESS,46,46,42,
0.5,240,bot4,fein_margin,0.02,SUCCESS,10,10,39,
0.5,241,bot4,fein_margin,0.02,BUTTON_BURNED,22,28,17,
0.5,242,bot4,fein_margin,0.02,SUCCESS,30,30,23,
0.5,243,bot4,fein_margin,0.02,BUTTON_BURNED,35,65,19,12
0.5,224,bot4,fein_margin,0.02,SUCCESS,48,48,54,
0.5,225,bot4,fein_margin,0.02,SUCCESS,24,24,30,
0.5,226,bot4,fein_margin,0.02,SUCCESS,54,54,35,
0.5,227,bot4,fein_margin,0.02,SUCCESS,44,44,42,
0.5,248,bot4,fein_margin,0.02,SUCCESS,40,40,45,
0.5,249,bot4,fein_margin,0.02,SUCCESS,23,23,34,
0.5,250,bot4,fein_margin,0.02,BUTTON_BURNED,30,30,20,8
0.5,251,bot4,fein_margin,0.02,SUCCESS,9,9,43,
0.5,236,bot4,fein_margin,0.02,SUCCESS,28,28,58,
0.5,237,bot4,fein_margin,0.02,SUCCESS,53,51,48,
0.5,238,bot4,fein_margin,0.02,SUCCESS,24,24,37,
0.5,239,bot4,fein_margin,0.02,SUCCESS,43,43,52,
0.5,256,bot4,fein_margin,0.02,GAVE_UP,9,28,13,
0.5,257,bot4,fein_margin,0.02,SUCCESS,10,10,27,
0.5,258,bot4,fein_margin,0.02,SUCCESS,43,43,45,
0.5,259,bot4,fein_margin,0.02,SUCCESS,5,5,15,
0.5,244,bot4,fein_margin,0.02,GAVE_UP,60,61,35,32
0.5,245,bot4,fein_margin,0.02,SUCCESS,19,19,70,
0.5,246,bot4,fein_margin,0.02,GAVE_UP,10,24,11,6
0.5,247,bot4,fein_margin,0.02,SUCCESS,32,32,26,
0.5,232,bot4,fein_margin,0.02,SUCCESS,42,42,48,
0.5,233,bot4,fein_margin,0.02,SUCCESS,45,45,41,
0.5,234,bot4,fein_margin,0.02,GAVE_UP,55,39,35,36
0.5,235,bot4,fein_margin,0.02,SUCCESS,29,29,52,
0.5,260,bot4,fein_margin,0.02,SUCCESS,35,35,59,
0.5,261,bot4,fein_margin,0.02,SUCCESS,34,34,40,
0.5,262,bot4,fein_margin,0.02,SUCCESS,36,36,58,
0.5,263,bot4,fein_margin,0.02,SUCCESS,7,7,51,
0.5,252,bot4,fein_margin,0.02,SUCCESS,34,34,46,
0.5,253,bot4,fein_margin,0.02,BUTTON_BURNED,41,55,18,
0.5,254,bot4,fein_margin,0.02,BUTTON_BURNED,30,32,19,12
0.5,255,bot4,fein_margin,0.02,SUCCESS,16,16,23,
0.5,268,bot4,fein_margin,0.02,SUCCESS,18,18,25,
0.5,269,bot4,fein_margin,0.02,SUCCESS,16,16,52,
0.5,270,bot4,fein_margin,0.02,SUCCESS,66,58,55,
0.5,271,bot4,fein_margin,0.02,SUCCESS,32,32,41,
0.5,272,bot4,fein_margin,0.02,SUCCESS,41,41,32,
0.5,273,bot4,fein_margin,0.02,SUCCESS,19,19,45,
0.5,274,bot4,fein_margin,0.02,SUCCESS,41,41,40,
0.5,275,bot4,fein_margin,0.02,SUCCESS,10,10,12,
0.5,288,bot4,fein_margin,0.02,SUCCESS,5,5,12,
0.5,289,bot4,fein_margin,0.02,SUCCESS,19,19,51,
0.5,290,bot4,fein_margin,0.02,SUCCESS,63,63,67,
0.5,291,bot4,fein_margin,0.02,SUCCESS,28,28,45,
0.5,276,bot4,fein_margin,0.02,SUCCESS,42,42,47,
0.5,277,bot4,fein_margin,0.02,SUCCESS,18,18,15,
0.5,278,bot4,fein_margin,0.02,BURNED,37,38,27,
0.5,279,bot4,fein_margin,0.02,SUCCESS,20,20,32,
0.5,292,bot4,fein_margin,0.02,SUCCESS,18,18,15,
0.5,293,bot4,fein_margin,0.02,SUCCESS,25,25,53,
0.5,294,bot4,fein_margin,0.02,SUCCESS,46,46,34,
0.5,295,bot4,fein_margin,0.02,SUCCESS,32,32,30,
0.5,280,bot4,fein_margin,0.02,BURNED,26,36,30,22
0.5,281,bot4,fein_margin,0.02,SUCCESS,32,32,35,
0.5,282,bot4,fein_margin,0.02,GAVE_UP,43,51,25,23
0.5,283,bot4,fein_margin,0.02,SUCCESS,29,29,18,
0.5,264,bot4,fein_margin,0.02,GAVE_UP,35,49,33,12
0.5,265,bot4,fein_margin,0.02,GAVE_UP,52,42,27,38
0.5,266,bot4,fein_margin,0.02,BUTTON_BURNED,31,34,15,
0.5,267,bot4,fein_margin,0.02,SUCCESS,42,42,38,
0.5,284,bot4,fein_margin,0.02,SUCCESS,4,4,41,
0.5,285,bot4,fein_margin,0.02,SUCCESS,47,39,33,
0.5,286,bot4,fein_margin,0.02,SUCCESS,33,33,40,
0.5,287,bot4,fein_margin,0.02,SUCCESS,19,19,18,
0.5,300,bot4,fein_margin,0.02,SUCCESS,38,38,51,
0.5,301,bot4,fein_margin,0.02,SUCCESS,36,36,29,
0.5,302,bot4,fein_margin,0.02,SUCCESS,7,7,48,
0.5,303,bot4,fein_margin,0.02,SUCCESS,17,17,48,
0.5,312,bot4,fein_margin,0.02,SUCCESS,13,13,14,
0.5,313,bot4,fein_margin,0.02,SUCCESS,30,30,53,
0.5,314,bot4,fein_margin,0.02,SUCCESS,18,18,40,
0.5,315,bot4,fein_margin,0.02,BUTTON_BURNED,13,23,7,
0.5,316,bot4,fein_margin,0.02,SUCCESS,9,9,37,
0.5,317,bot4,fein_margin,0.02,SUCCESS,6,6,42,
0.5,318,bot4,fein_margin,0.02,SUCCESS,17,17,39,
0.5,319,bot4,fein_margin,0.02,GAVE_UP,16,36,12,1
0.5,320,bot4,fein_margin,0.02,SUCCESS,34,34,44,
0.5,321,bot4,fein_margin,0.02,BUTTON_BURNED,1,41,1,1
0.5,322,bot4,fein_margin,0.02,GAVE_UP,19,46,12,1
0.5,323,bot4,fein_margin,0.02,SUCCESS,46,42,33,
0.5,324,bot4,fein_margin,0.02,SUCCESS,41,37,30,19
0.5,325,bot4,fein_margin,0.02,SUCCESS,23,23,40,
0.5,326,bot4,fein_margin,0.02,SUCCESS,9,9,50,
0.5,327,bot4,fein_margin,0.02,SUCCESS,44,38,28,23
0.5,296,bot4,fein_margin,0.02,SUCCESS,78,56,45,56
0.5,297,bot4,fein_margin,0.02,GAVE_UP,48,49,32,26
0.5,298,bot4,fein_margin,0.02,SUCCESS,16,16,49,
0.5,299,bot4,fein_margin,0.02,SUCCESS,22,22,17,
0.5,304,bot4,fein_margin,0.02,BUTTON_BURNED,39,49,21,14
0.5,305,bot4,fein_margin,0.02,SUCCESS,20,20,16,
0.5,306,bot4,fein_margin,0.02,SUCCESS,47,47,38,
0.5,307,bot4,fein_margin,0.02,GAVE_UP,10,54,12,1
0.5,308,bot4,fein_margin,0.02,BUTTON_BURNED,31,54,11,1
0.5,309,bot4,fein_margin,0.02,SUCCESS,50,50,39,
0.5,310,bot4,fein_margin,0.02,BUTTON_BURNED,18,22,8,
0.5,311,bot4,fein_margin,0.02,SUCCESS,51,51,49,
0.5,328,bot4,fein_margin,0.02,SUCCESS,38,38,37,
0.5,329,bot4,fein_margin,0.02,SUCCESS,34,34,45,
0.5,330,bot4,fein_margin,0.02,BUTTON_BURNED,34,42,17,
0.5,331,bot4,fein_margin,0.02,BURNED,46,50,31,
0.5,336,bot4,fein_margin,0.02,BUTTON_BURNED,20,33,10,4
0.5,337,bot4,fein_margin,0.02,GAVE_UP,60,56,30,24
0.5,338,bot4,fein_margin,0.02,SUCCESS,24,24,51,
0.5,339,bot4,fein_margin,0.02,SUCCESS,13,13,29,
0.5,332,bot4,fein_margin,0.02,SUCCESS,49,49,52,
0.5,333,bot4,fein_margin,0.02,SUCCESS,6,6,53,
0.5,334,bot4,fein_margin,0.02,GAVE_UP,49,56,36,
0.5,335,bot4,fein_margin,0.02,SUCCESS,43,43,23,12
0.5,352,bot4,fein_margin,0.02,SUCCESS,52,52,56,
0.5,353,bot4,fein_margin,0.02,SUCCESS,31,31,42,
0.5,354,bot4,fein_margin,0.02,SUCCESS,11,11,31,
0.5,355,bot4,fein_margin,0.02,SUCCESS,30,30,39,
0.5,360,bot4,fein_margin,0.02,SUCCESS,29,29,29,
0.5,361,bot4,fein_margin,0.02,SUCCESS,37,37,55,
0.5,362,bot4,fein_margin,0.02,SUCCESS,21,21,41,
0.5,363,bot4,fein_margin,0.02,GAVE_UP,21,23,11,1
0.5,340,bot4,fein_margin,0.02,GAVE_UP,29,38,20,8
0.5,341,bot4,fein_margin,0.02,BUTTON_BURNED,12,47,8,12
0.5,342,bot4,fein_margin,0.02,BUTTON_BURNED,35,53,22,15
0.5,343,bot4,fein_margin,0.02,SUCCESS,31,31,24,
0.5,348,bot4,fein_margin,0.02,SUCCESS,11,11,25,
0.5,349,bot4,fein_margin,0.02,BUTTON_BURNED,9,24,4,
0.5,350,bot4,fein_margin,0.02,SUCCESS,52,52,51,
0.5,351,bot4,fein_margin,0.02,BUTTON_BURNED,32,47,17,17
0.5,356,bot4,fein_margin,0.02,SUCCESS,20,20,39,
0.5,357,bot4,fein_margin,0.02,SUCCESS,27,27,28,
0.5,358,bot4,fein_margin,0.02,GAVE_UP,46,44,24,12
0.5,359,bot4,fein_margin,0.02,BUTTON_BURNED,20,46,9,1
0.5,344,bot4,fein_margin,0.02,SUCCESS,40,40,50,
0.5,345,bot4,fein_margin,0.02,SUCCESS,25,25,23,
0.5,346,bot4,fein_margin,0.02,SUCCESS,21,21,43,
0.5,347,bot4,fein_margin,0.02,GAVE_UP,29,34,15,
0.5,388,bot4,fein_margin,0.02,SUCCESS,25,25,46,
0.5,389,bot4,fein_margin,0.02,SUCCESS,12,12,25,
0.5,390,bot4,fein_margin,0.02,SUCCESS,10,10,36,
0.5,391,bot4,fein_margin,0.02,SUCCESS,25,25,41,
0.5,380,bot4,fein_margin,0.02,BUTTON_BURNED,31,45,20,
0.5,381,bot4,fein_margin,0.02,SUCCESS,13,13,24,
0.5,382,bot4,fein_margin,0.02,SUCCESS,31,31,33,
0.5,383,bot4,fein_margin,0.02,SUCCESS,9,9,40,
0.5,364,bot4,fein_margin,0.02,SUCCESS,2,2,9,
0.5,365,bot4,fein_margin,0.02,GAVE_UP,49,57,32,28
0.5,366,bot4,fein_margin,0.02,SUCCESS,49,49,27,
0.5,367,bot4,fein_margin,0.02,SUCCESS,13,13,52,
0.5,376,bot4,fein_margin,0.02,BUTTON_BURNED,6,30,5,
0.5,377,bot4,fein_margin,0.02,SUCCESS,8,8,19,
0.5,378,bot4,fein_margin,0.02,GAVE_UP,8,39,18,8
0.5,379,bot4,fein_margin,0.02,SUCCESS,54,52,42,
0.5,368,bot4,fein_margin,0.02,BUTTON_BURNED,57,48,32,37
0.5,369,bot4,fein_margin,0.02,SUCCESS,32,32,31,
0.5,370,bot4,fein_margin,0.02,SUCCESS,23,23,23,
0.5,371,bot4,fein_margin,0.02,SUCCESS,37,37,43,
0.5,400,bot4,fein_margin,0.02,SUCCESS,39,39,37,
0.5,401,bot4,fein_margin,0.02,SUCCESS,37,37,48,
0.5,402,bot4,fein_margin,0.02,SUCCESS,25,25,16,
0.5,403,bot4,fein_margin,0.02,BUTTON_BURNED,14,37,7,1
0.5,384,bot4,fein_margin,0.02,SUCCESS,6,6,28,
0.5,385,bot4,fein_margin,0.02,SUCCESS,48,48,48,
0.5,386,bot4,fein_margin,0.02,SUCCESS,47,47,34,
0.5,387,bot4,fein_margin,0.02,GAVE_UP,27,60,25,6
0.5,392,bot4,fein_margin,0.02,BUTTON_BURNED,35,23,16,4
0.5,393,bot4,fein_margin,0.02,GAVE_UP,62,49,34,35
0.5,394,bot4,fein_margin,0.02,SUCCESS,33,33,46,
0.5,395,bot4,fein_margin,0.02,SUCCESS,26,26,66,
0.5,396,bot4,fein_margin,0.02,SUCCESS,10,10,44,
0.5,397,bot4,fein_margin,0.02,SUCCESS,9,9,27,
0.5,398,bot4,fein_margin,0.02,SUCCESS,65,55,40,
0.5,399,bot4,fein_margin,0.02,SUCCESS,9,9,49,
0.5,404,bot4,fein_margin,0.02,SUCCESS,41,41,43,
0.5,405,bot4,fein_margin,0.02,SUCCESS,35,35,32,
0.5,406,bot4,fein_margin,0.02,SUCCESS,45,45,51,
0.5,407,bot4,fein_margin,0.02,SUCCESS,30,30,46,
0.5,416,bot4,fein_margin,0.02,SUCCESS,18,18,40,
0.5,417,bot4,fein_margin,0.02,SUCCESS,5,5,18,
0.5,418,bot4,fein_margin,0.02,SUCCESS,13,13,42,
0.5,419,bot4,fein_margin,0.02,SUCCESS,10,10,43,
0.5,412,bot4,fein_margin,0.02,SUCCESS,21,21,43,
0.5,413,bot4,fein_margin,0.02,SUCCESS,13,13,31,
0.5,414,bot4,fein_margin,0.02,BUTTON_BURNED,29,34,21,10
0.5,415,bot4,fein_margin,0.02,SUCCESS,13,13,40,
0.5,428,bot4,fein_margin,0.02,SUCCESS,5,5,65,
0.5,429,bot4,fein_margin,0.02,SUCCESS,20,20,21,
0.5,430,bot4,fein_margin,0.02,GAVE_UP,19,22,12,1
0.5,431,bot4,fein_margin,0.02,SUCCESS,5,5,40,
0.5,372,bot4,fein_margin,0.02,SUCCESS,35,35,35,
0.5,373,bot4,fein_margin,0.02,GAVE_UP,66,53,41,32
0.5,374,bot4,fein_margin,0.02,SUCCESS,24,24,44,
0.5,375,bot4,fein_margin,0.02,SUCCESS,8,8,46,
0.5,420,bot4,fein_margin,0.02,SUCCESS,28,28,30,
0.5,421,bot4,fein_margin,0.02,BUTTON_BURNED,26,47,10,1
0.5,422,bot4,fein_margin,0.02,SUCCESS,7,7,24,
0.5,423,bot4,fein_margin,0.02,SUCCESS,42,42,42,
0.5,440,bot4,fein_margin,0.02,SUCCESS,12,12,36,
0.5,441,bot4,fein_margin,0.02,SUCCESS,23,23,24,
0.5,442,bot4,fein_margin,0.02,GAVE_UP,22,40,17,1
0.5,443,bot4,fein_margin,0.02,BURNED,27,28,16,8
0.5,408,bot4,fein_margin,0.02,SUCCESS,58,58,52,
0.5,409,bot4,fein_margin,0.02,SUCCESS,26,26,19,
0.5,410,bot4,fein_margin,0.02,SUCCESS,46,46,54,
0.5,411,bot4,fein_margin,0.02,GAVE_UP,16,28,13,1
0.5,444,bot4,fein_margin,0.02,SUCCESS,24,24,48,
0.5,445,bot4,fein_margin,0.02,SUCCESS,14,14,21,
0.5,446,bot4,fein_margin,0.02,SUCCESS,35,35,63,
0.5,447,bot4,fein_margin,0.02,BUTTON_BURNED,23,45,16,4
0.5,432,bot4,fein_margin,0.02,GAVE_UP,29,49,21,5
0.5,433,bot4,fein_margin,0.02,SUCCESS,19,19,16,
0.5,434,bot4,fein_margin,0.02,BURNED,16,31,25,1
0.5,435,bot4,fein_margin,0.02,GAVE_UP,36,52,16,9
0.5,436,bot4,fein_margin,0.02,SUCCESS,23,23,31,
0.5,437,bot4,fein_margin,0.02,SUCCESS,20,20,62,
0.5,438,bot4,fein_margin,0.02,SUCCESS,30,30,25,
0.5,439,bot4,fein_margin,0.02,SUCCESS,61,61,49,
0.5,448,bot4,fein_margin,0.02,SUCCESS,53,53,61,
0.5,449,bot4,fein_margin,0.02,SUCCESS,38,38,48,
0.5,450,bot4,fein_margin,0.02,SUCCESS,18,18,14,
0.5,451,bot4,fein_margin,0.02,SUCCESS,30,30,56,
0.5,460,bot4,fein_margin,0.02,SUCCESS,24,24,34,
0.5,461,bot4,fein_margin,0.02,BUTTON_BURNED,35,40,19,9
0.5,462,bot4,fein_margin,0.02,BUTTON_BURNED,28,46,17,9
0.5,463,bot4,fein_margin,0.02,GAVE_UP,2,15,5,1
0.5,456,bot4,fein_margin,0.02,SUCCESS,17,17,13,
0.5,457,bot4,fein_margin,0.02,GAVE_UP,25,37,18,5
0.5,458,bot4,fein_margin,0.02,SUCCESS,36,36,40,
0.5,459,bot4,fein_margin,0.02,GAVE_UP,24,34,22,
0.5,468,bot4,fein_margin,0.02,BUTTON_BURNED,19,37,12,
0.5,469,bot4,fein_margin,0.02,SUCCESS,37,37,20,
0.5,470,bot4,fein_margin,0.02,SUCCESS,20,20,25,
0.5,471,bot4,fein_margin,0.02,SUCCESS,46,46,30,
0.5,464,bot4,fein_margin,0.02,SUCCESS,49,49,42,
0.5,465,bot4,fein_margin,0.02,SUCCESS,15,15,51,
0.5,466,bot4,fein_margin,0.02,BUTTON_BURNED,22,31,12,
0.5,467,bot4,fein_margin,0.02,BURNED,12,17,13,
0.5,424,bot4,fein_margin,0.02,SUCCESS,60,60,39,
0.5,425,bot4,fein_margin,0.02,SUCCESS,37,37,33,
0.5,426,bot4,fein_margin,0.02,GAVE_UP,34,42,16,4
0.5,427,bot4,fein_margin,0.02,SUCCESS,55,55,40,
0.5,452,bot4,fein_margin,0.02,BUTTON_BURNED,23,39,17,
0.5,453,bot4,fein_margin,0.02,BUTTON_BURNED,23,26,17,
0.5,454,bot4,fein_margin,0.02,SUCCESS,36,36,40,
0.5,455,bot4,fein_margin,0.02,SUCCESS,56,54,41,
0.5,472,bot4,fein_margin,0.02,GAVE_UP,40,24,18,14
0.5,473,bot4,fein_margin,0.02,SUCCESS,23,23,24,
0.5,474,bot4,fein_margin,0.02,SUCCESS,35,35,28,
0.5,475,bot4,fein_margin,0.02,SUCCESS,49,49,48,
0.5,488,bot4,fein_margin,0.02,GAVE_UP,21,45,15,3
0.5,489,bot4,fein_margin,0.02,SUCCESS,30,30,55,
0.5,490,bot4,fein_margin,0.02,SUCCESS,19,19,19,
0.5,491,bot4,fein_margin,0.02,SUCCESS,8,8,13,
0.5,476,bot4,fein_margin,0.02,SUCCESS,28,28,34,
0.5,477,bot4,fein_margin,0.02,SUCCESS,21,21,32,
0.5,478,bot4,fein_margin,0.02,SUCCESS,29,29,27,
0.5,479,bot4,fein_margin,0.02,SUCCESS,46,46,60,
0.5,484,bot4,fein_margin,0.02,SUCCESS,41,41,53,
0.5,485,bot4,fein_margin,0.02,SUCCESS,19,19,32,
0.5,486,bot4,fein_margin,0.02,SUCCESS,19,19,13,
0.5,487,bot4,fein_margin,0.02,SUCCESS,31,31,29,
0.5,480,bot4,fein_margin,0.02,GAVE_UP,38,43,29,
0.5,481,bot4,fein_margin,0.02,SUCCESS,39,39,40,
0.5,482,bot4,fein_margin,0.02,SUCCESS,16,16,53,
0.5,483,bot4,fein_margin,0.02,SUCCESS,25,25,48,
0.6,0,bot4,fein_margin,0.02,SUCCESS,17,17,39,
0.6,1,bot4,fein_margin,0.02,SUCCESS,14,14,68,
0.6,2,bot4,fein_margin,0.02,SUCCESS,35,35,29,
0.6,3,bot4,fein_margin,0.02,SUCCESS,24,24,22,
0.5,492,bot4,fein_margin,0.02,SUCCESS,47,47,58,
0.5,493,bot4,fein_margin,0.02,SUCCESS,44,44,48,
0.5,494,bot4,fein_margin,0.02,SUCCESS,15,15,31,
0.5,495,bot4,fein_margin,0.02,SUCCESS,15,15,23,
0.6,12,bot4,fein_margin,0.02,SUCCESS,30,30,24,
0.6,13,bot4,fein_margin,0.02,SUCCESS,16,16,62,
0.6,14,bot4,fein_margin,0.02,SUCCESS,28,28,49,
0.6,15,bot4,fein_margin,0.02,SUCCESS,13,13,30,
0.6,4,bot4,fein_margin,0.02,GAVE_UP,26,41,26,1
0.6,5,bot4,fein_margin,0.02,SUCCESS,24,24,19,
0.6,6,bot4,fein_margin,0.02,SUCCESS,5,5,19,
0.6,7,bot4,fein_margin,0.02,SUCCESS,29,27,20,6
0.6,20,bot4,fein_margin,0.02,BUTTON_BURNED,26,43,16,3
0.6,21,bot4,fein_margin,0.02,SUCCESS,17,17,55,
0.6,22,bot4,fein_margin,0.02,SUCCESS,15,15,33,
0.6,23,bot4,fein_margin,0.02,SUCCESS,33,33,41,
0.6,8,bot4,fein_margin,0.02,SUCCESS,25,25,43,
0.6,9,bot4,fein_margin,0.02,BURNED,17,39,20,1
0.6,10,bot4,fein_margin,0.02,GAVE_UP,34,41,33,
0.6,11,bot4,fein_margin,0.02,BUTTON_BURNED,49,48,31,
0.6,32,bot4,fein_margin,0.02,SUCCESS,13,13,24,
0.6,33,bot4,fein_margin,0.02,BUTTON_BURNED,10,31,7,1
0.6,34,bot4,fein_margin,0.02,BUTTON_BURNED,14,39,9,5
0.6,35,bot4,fein_margin,0.02,SUCCESS,38,38,45,
0.6,24,bot4,fein_margin,0.02,GAVE_UP,44,65,27,23
0.6,25,bot4,fein_margin,0.02,SUCCESS,36,36,49,
0.6,26,bot4,fein_margin,0.02,SUCCESS,22,22,59,
0.6,27,bot4,fein_margin,0.02,SUCCESS,23,23,41,
0.6,48,bot4,fein_margin,0.02,SUCCESS,17,17,37,
0.6,49,bot4,fein_margin,0.02,SUCCESS,3,3,29,
0.6,50,bot4,fein_margin,0.02,SUCCESS,32,32,48,
0.6,51,bot4,fein_margin,0.02,SUCCESS,31,31,40,
0.5,496,bot4,fein_margin,0.02,SUCCESS,43,43,28,23
0.5,497,bot4,fein_margin,0.02,SUCCESS,24,24,39,
0.5,498,bot4,fein_margin,0.02,GAVE_UP,31,54,20,8
0.5,499,bot4,fein_margin,0.02,GAVE_UP,74,53,47,60
0.6,16,bot4,fein_margin,0.02,SUCCESS,35,35,57,
0.6,17,bot4,fein_margin,0.02,SUCCESS,19,19,22,
0.6,18,bot4,fein_margin,0.02,SUCCESS,64,64,58,
0.6,19,bot4,fein_margin,0.02,GAVE_UP,47,49,33,30
0.6,36,bot4,fein_margin,0.02,SUCCESS,19,19,39,
0.6,37,bot4,fein_margin,0.02,GAVE_UP,29,54,26,9
0.6,38,bot4,fein_margin,0.02,SUCCESS,37,37,35,
0.6,39,bot4,fein_margin,0.02,BURNED,46,60,46,34
0.6,28,bot4,fein_margin,0.02,SUCCESS,20,20,23,
0.6,29,bot4,fein_margin,0.02,GAVE_UP,6,41,7,1
0.6,30,bot4,fein_margin,0.02,BUTTON_BURNED,24,41,14,
0.6,31,bot4,fein_margin,0.02,BUTTON_BURNED,64,68,44,45
0.6,40,bot4,fein_margin,0.02,GAVE_UP,51,54,34,19
0.6,41,bot4,fein_margin,0.02,BURNED,16,26,18,5
0.6,42,bot4,fein_margin,0.02,SUCCESS,27,27,73,
0.6,43,bot4,fein_margin,0.02,BUTTON_BURNED,34,49,26,17
0.6,60,bot4,fein_margin,0.02,SUCCESS,38,38,48,
0.6,61,bot4,fein_margin,0.02,SUCCESS,11,11,36,
0.6,62,bot4,fein_margin,0.02,BUTTON_BURNED,18,24,14,1
0.6,63,bot4,fein_margin,0.02,BUTTON_BURNED,6,28,3,1
0.6,68,bot4,fein_margin,0.02,SUCCESS,3,3,13,
0.6,69,bot4,fein_margin,0.02,SUCCESS,24,24,24,
0.6,70,bot4,fein_margin,0.02,SUCCESS,24,24,23,
0.6,71,bot4,fein_margin,0.02,GAVE_UP,18,46,13,1
0.6,52,bot4,fein_margin,0.02,SUCCESS,25,25,27,
0.6,53,bot4,fein_margin,0.02,SUCCESS,36,36,39,
0.6,54,bot4,fein_margin,0.02,SUCCESS,51,51,39,
0.6,55,bot4,fein_margin,0.02,SUCCESS,5,5,31,
0.6,44,bot4,fein_margin,0.02,SUCCESS,49,49,51,
0.6,45,bot4,fein_margin,0.02,SUCCESS,34,34,37,
0.6,46,bot4,fein_margin,0.02,SUCCESS,22,22,33,
0.6,47,bot4,fein_margin,0.02,GAVE_UP,33,48,25,2
0.6,56,bot4,fein_margin,0.02,BUTTON_BURNED,12,54,7,1
0.6,57,bot4,fein_margin,0.02,SUCCESS,20,20,26,
0.6,58,bot4,fein_margin,0.02,GAVE_UP,16,47,12,
0.6,59,bot4,fein_margin,0.02,BURNED,27,52,44,12
0.6,96,bot4,fein_margin,0.02,GAVE_UP,20,53,20,1
0.6,97,bot4,fein_margin,0.02,SUCCESS,13,13,14,
0.6,98,bot4,fein_margin,0.02,SUCCESS,28,28,27,
0.6,99,bot4,fein_margin,0.02,SUCCESS,26,26,52,
0.6,84,bot4,fein_margin,0.02,BUTTON_BURNED,19,40,14,
0.6,85,bot4,fein_margin,0.02,SUCCESS,29,29,47,
0.6,86,bot4,fein_margin,0.02,SUCCESS,16,16,47,
0.6,87,bot4,fein_margin,0.02,SUCCESS,40,40,38,
0.6,72,bot4,fein_margin,0.02,BUTTON_BURNED,27,30,22,
0.6,73,bot4,fein_margin,0.02,SUCCESS,45,45,62,
0.6,74,bot4,fein_margin,0.02,SUCCESS,30,30,43,
0.6,75,bot4,fein_margin,0.02,BUTTON_BURNED,28,31,21,10
0.6,64,bot4,fein_margin,0.02,SUCCESS,56,56,60,
0.6,65,bot4,fein_margin,0.02,SUCCESS,2,2,58,
0.6,66,bot4,fein_margin,0.02,GAVE_UP,36,48,28,11
0.6,67,bot4,fein_margin,0.02,SUCCESS,27,27,61,
0.6,76,bot4,fein_margin,0.02,SUCCESS,39,39,50,
0.6,77,bot4,fein_margin,0.02,BUTTON_BURNED,12,34,6,1
0.6,78,bot4,fein_margin,0.02,SUCCESS,55,51,48,
0.6,79,bot4,fein_margin,0.02,BUTTON_BURNED,17,18,10,
0.6,88,bot4,fein_margin,0.02,GAVE_UP,29,55,13,1
0.6,89,bot4,fein_margin,0.02,GAVE_UP,34,50,32,2
0.6,90,bot4,fein_margin,0.02,GAVE_UP,24,51,40,1
0.6,91,bot4,fein_margin,0.02,SUCCESS,23,23,48,
0.6,100,bot4,fein_margin,0.02,BUTTON_BURNED,27,36,16,6
0.6,101,bot4,fein_margin,0.02,SUCCESS,46,46,47,
0.6,102,bot4,fein_margin,0.02,BURNED,26,48,38,8
0.6,103,bot4,fein_margin,0.02,GAVE_UP,9,68,9,1
0.6,80,bot4,fein_margin,0.02,BUTTON_BURNED,42,57,31,26
0.6,81,bot4,fein_margin,0.02,SUCCESS,43,43,56,
0.6,82,bot4,fein_margin,0.02,GAVE_UP,26,43,19,
0.6,83,bot4,fein_margin,0.02,SUCCESS,45,43,39,
0.6,104,bot4,fein_margin,0.02,SUCCESS,24,24,32,
0.6,105,bot4,fein_margin,0.02,BUTTON_BURNED,46,47,33,28
0.6,106,bot4,fein_margin,0.02,BUTTON_BURNED,16,41,10,1
0.6,107,bot4,fein_margin,0.02,GAVE_UP,20,40,24,1
0.6,112,bot4,fein_margin,0.02,SUCCESS,7,7,9,
0.6,113,bot4,fein_margin,0.02,SUCCESS,23,23,13,
0.6,114,bot4,fein_margin,0.02,SUCCESS,27,27,31,
0.6,115,bot4,fein_margin,0.02,SUCCESS,48,48,49,
0.6,108,bot4,fein_margin,0.02,SUCCESS,47,47,45,
0.6,109,bot4,fein_margin,0.02,SUCCESS,5,5,18,
0.6,110,bot4,fein_margin,0.02,SUCCESS,28,28,39,
0.6,111,bot4,fein_margin,0.02,GAVE_UP,34,57,31,16
0.6,92,bot4,fein_margin,0.02,GAVE_UP,49,46,37,27
0.6,93,bot4,fein_margin,0.02,SUCCESS,38,38,42,
0.6,94,bot4,fein_margin,0.02,SUCCESS,21,21,30,
0.6,95,bot4,fein_margin,0.02,SUCCESS,46,46,38,
0.6,120,bot4,fein_margin,0.02,GAVE_UP,51,46,32,32
0.6,121,bot4,fein_margin,0.02,SUCCESS,27,27,19,
0.6,122,bot4,fein_margin,0.02,SUCCESS,7,7,56,
0.6,123,bot4,fein_margin,0.02,SUCCESS,31,31,35,
0.6,124,bot4,fein_margin,0.02,SUCCESS,17,17,36,
0.6,125,bot4,fein_margin,0.02,SUCCESS,31,31,28,
0.6,126,bot4,fein_margin,0.02,SUCCESS,39,39,37,6
0.6,127,bot4,fein_margin,0.02,GAVE_UP,13,28,11,1
0.6,128,bot4,fein_margin,0.02,SUCCESS,39,39,35,
0.6,129,bot4,fein_margin,0.02,BUTTON_BURNED,4,56,4,1
0.6,130,bot4,fein_margin,0.02,SUCCESS,41,41,46,
0.6,131,bot4,fein_margin,0.02,SUCCESS,34,34,22,
0.6,140,bot4,fein_margin,0.02,GAVE_UP,26,35,19,1
0.6,141,bot4,fein_margin,0.02,SUCCESS,20,20,29,
0.6,142,bot4,fein_margin,0.02,SUCCESS,6,6,10,
0.6,143,bot4,fein_margin,0.02,SUCCESS,32,32,37,
0.6,116,bot4,fein_margin,0.02,SUCCESS,9,9,34,
0.6,117,bot4,fein_margin,0.02,SUCCESS,31,31,39,
0.6,118,bot4,fein_margin,0.02,SUCCESS,37,37,31,
0.6,119,bot4,fein_margin,0.02,SUCCESS,65,65,59,
0.6,132,bot4,fein_margin,0.02,SUCCESS,44,44,35,
0.6,133,bot4,fein_margin,0.02,SUCCESS,53,53,49,
0.6,134,bot4,fein_margin,0.02,SUCCESS,15,15,39,
0.6,135,bot4,fein_margin,0.02,SUCCESS,9,9,29,
0.6,148,bot4,fein_margin,0.02,SUCCESS,33,33,29,
0.6,149,bot4,fein_margin,0.02,SUCCESS,1,1,30,
0.6,150,bot4,fein_margin,0.02,SUCCESS,9,9,39,
0.6,151,bot4,fein_margin,0.02,SUCCESS,22,22,32,
0.6,160,bot4,fein_margin,0.02,SUCCESS,19,19,38,
0.6,161,bot4,fein_margin,0.02,BUTTON_BURNED,13,16,10,
0.6,162,bot4,fein_margin,0.02,SUCCESS,3,3,15,
0.6,163,bot4,fein_margin,0.02,SUCCESS,11,11,55,
0.6,144,bot4,fein_margin,0.02,BUTTON_BURNED,10,29,5,1
0.6,145,bot4,fein_margin,0.02,SUCCESS,49,49,37,
0.6,146,bot4,fein_margin,0.02,SUCCESS,29,29,51,
0.6,147,bot4,fein_margin,0.02,SUCCESS,11,11,33,
0.6,152,bot4,fein_margin,0.02,GAVE_UP,45,63,36,26
0.6,153,bot4,fein_margin,0.02,BUTTON_BURNED,8,30,5,
0.6,154,bot4,fein_margin,0.02,GAVE_UP,10,56,8,1
0.6,155,bot4,fein_margin,0.02,SUCCESS,15,15,20,
0.6,156,bot4,fein_margin,0.02,GAVE_UP,9,28,7,1
0.6,157,bot4,fein_margin,0.02,SUCCESS,12,12,40,
0.6,158,bot4,fein_margin,0.02,GAVE_UP,41,33,31,13
0.6,159,bot4,fein_margin,0.02,GAVE_UP,32,40,25,13
0.6,164,bot4,fein_margin,0.02,SUCCESS,30,30,35,
0.6,165,bot4,fein_margin,0.02,SUCCESS,23,23,42,
0.6,166,bot4,fein_margin,0.02,SUCCESS,6,6,18,
0.6,167,bot4,fein_margin,0.02,SUCCESS,30,30,32,
0.6,136,bot4,fein_margin,0.02,SUCCESS,67,47,47,36
0.6,137,bot4,fein_margin,0.02,GAVE_UP,22,33,15,1
0.6,138,bot4,fein_margin,0.02,SUCCESS,20,20,57,
0.6,139,bot4,fein_margin,0.02,SUCCESS,41,41,45,
0.6,176,bot4,fein_margin,0.02,GAVE_UP,15,46,12,1
0.6,177,bot4,fein_margin,0.02,SUCCESS,29,29,28,
0.6,178,bot4,fein_margin,0.02,SUCCESS,1,1,30,
0.6,179,bot4,fein_margin,0.02,SUCCESS,19,19,42,
0.6,168,bot4,fein_margin,0.02,SUCCESS,9,9,19,
0.6,169,bot4,fein_margin,0.02,SUCCESS,30,30,20,
0.6,170,bot4,fein_margin,0.02,SUCCESS,11,11,33,
0.6,171,bot4,fein_margin,0.02,SUCCESS,42,42,40,
0.6,184,bot4,fein_margin,0.02,GAVE_UP,27,47,27,1
0.6,185,bot4,fein_margin,0.02,GAVE_UP,6,10,9,
0.6,186,bot4,fein_margin,0.02,GAVE_UP,4,46,3,1
0.6,187,bot4,fein_margin,0.02,SUCCESS,32,32,48,
0.6,172,bot4,fein_margin,0.02,GAVE_UP,30,43,30,3
0.6,173,bot4,fein_margin,0.02,BURNED,31,43,27,13
0.6,174,bot4,fein_margin,0.02,SUCCESS,12,12,23,
0.6,175,bot4,fein_margin,0.02,SUCCESS,18,18,19,
0.6,200,bot4,fein_margin,0.02,SUCCESS,31,31,44,
0.6,201,bot4,fein_margin,0.02,SUCCESS,24,24,23,
0.6,202,bot4,fein_margin,0.02,SUCCESS,10,10,28,
0.6,203,bot4,fein_margin,0.02,SUCCESS,28,28,38,
0.6,180,bot4,fein_margin,0.02,GAVE_UP,12,49,45,3
0.6,181,bot4,fein_margin,0.02,SUCCESS,24,24,27,
0.6,182,bot4,fein_margin,0.02,SUCCESS,40,40,45,
0.6,183,bot4,fein_margin,0.02,SUCCESS,60,56,48,
0.6,192,bot4,fein_margin,0.02,SUCCESS,18,18,45,
0.6,193,bot4,fein_margin,0.02,GAVE_UP,15,35,17,3
0.6,194,bot4,fein_margin,0.02,SUCCESS,55,55,64,
0.6,195,bot4,fein_margin,0.02,BURNED,17,40,23,9
0.6,188,bot4,fein_margin,0.02,SUCCESS,23,23,45,
0.6,189,bot4,fein_margin,0.02,SUCCESS,25,25,54,
0.6,190,bot4,fein_margin,0.02,SUCCESS,48,48,55,
0.6,191,bot4,fein_margin,0.02,SUCCESS,40,40,31,
0.6,204,bot4,fein_margin,0.02,SUCCESS,22,22,18,1
0.6,205,bot4,fein_margin,0.02,BURNED,43,55,33,24
0.6,206,bot4,fein_margin,0.02,SUCCESS,29,29,54,
0.6,207,bot4,fein_margin,0.02,SUCCESS,14,14,27,
0.6,212,bot4,fein_margin,0.02,SUCCESS,39,39,50,
0.6,213,bot4,fein_margin,0.02,SUCCESS,35,35,55,
0.6,214,bot4,fein_margin,0.02,SUCCESS,12,12,42,
0.6,215,bot4,fein_margin,0.02,BURNED,33,38,21,13
0.6,208,bot4,fein_margin,0.02,SUCCESS,43,43,34,
0.6,209,bot4,fein_margin,0.02,SUCCESS,35,35,61,
0.6,210,bot4,fein_margin,0.02,SUCCESS,31,31,36,
0.6,211,bot4,fein_margin,0.02,SUCCESS,6,6,30,
0.6,196,bot4,fein_margin,0.02,SUCCESS,15,15,30,
0.6,197,bot4,fein_margin,0.02,BUTTON_BURNED,48,51,38,31
0.6,198,bot4,fein_margin,0.02,GAVE_UP,36,65,25,19
0.6,199,bot4,fein_margin,0.02,BUTTON_BURNED,36,52,24,
0.6,216,bot4,fein_margin,0.02,BUTTON_BURNED,39,45,24,19
0.6,217,bot4,fein_margin,0.02,SUCCESS,21,21,26,
0.6,218,bot4,fein_margin,0.02,SUCCESS,17,17,54,
0.6,219,bot4,fein_margin,0.02,BUTTON_BURNED,37,56,28,21
0.6,228,bot4,fein_margin,0.02,GAVE_UP,34,37,28,15
0.6,229,bot4,fein_margin,0.02,SUCCESS,20,20,22,
0.6,230,bot4,fein_margin,0.02,SUCCESS,35,35,43,
0.6,231,bot4,fein_margin,0.02,SUCCESS,26,26,30,
0.6,240,bot4,fein_margin,0.02,SUCCESS,10,10,39,
0.6,241,bot4,fein_margin,0.02,BUTTON_BURNED,26,28,17,
0.6,242,bot4,fein_margin,0.02,SUCCESS,30,30,23,
0.6,243,bot4,fein_margin,0.02,BUTTON_BURNED,28,65,19,9
0.6,244,bot4,fein_margin,0.02,GAVE_UP,44,61,35,24
0.6,245,bot4,fein_margin,0.02,SUCCESS,19,19,70,
0.6,246,bot4,fein_margin,0.02,GAVE_UP,8,24,11,6
0.6,247,bot4,fein_margin,0.02,BURNED,16,32,26,
0.6,220,bot4,fein_margin,0.02,SUCCESS,26,26,48,
0.6,221,bot4,fein_margin,0.02,SUCCESS,51,43,40,
0.6,222,bot4,fein_margin,0.02,SUCCESS,17,17,40,
0.6,223,bot4,fein_margin,0.02,SUCCESS,46,46,42,
0.6,248,bot4,fein_margin,0.02,SUCCESS,40,40,45,
0.6,249,bot4,fein_margin,0.02,SUCCESS,23,23,34,
0.6,250,bot4,fein_margin,0.02,BUTTON_BURNED,28,30,20,7
0.6,251,bot4,fein_margin,0.02,SUCCESS,9,9,43,
0.6,224,bot4,fein_margin,0.02,SUCCESS,48,48,54,
0.6,225,bot4,fein_margin,0.02,SUCCESS,24,24,30,
0.6,226,bot4,fein_margin,0.02,BUTTON_BURNED,45,54,35,
0.6,227,bot4,fein_margin,0.02,SUCCESS,44,44,42,
0.6,236,bot4,fein_margin,0.02,SUCCESS,28,28,58,
0.6,237,bot4,fein_margin,0.02,SUCCESS,53,51,48,
0.6,238,bot4,fein_margin,0.02,SUCCESS,24,24,37,
0.6,239,bot4,fein_margin,0.02,SUCCESS,43,43,52,
0.6,256,bot4,fein_margin,0.02,GAVE_UP,8,28,13,
0.6,257,bot4,fein_margin,0.02,SUCCESS,10,10,27,
0.6,258,bot4,fein_margin,0.02,SUCCESS,43,43,45,
0.6,259,bot4,fein_margin,0.02,SUCCESS,5,5,15,
0.6,232,bot4,fein_margin,0.02,SUCCESS,42,42,48,
0.6,233,bot4,fein_margin,0.02,SUCCESS,45,45,41,
0.6,234,bot4,fein_margin,0.02,BURNED,35,39,35,28
0.6,235,bot4,fein_margin,0.02,SUCCESS,29,29,52,
0.6,252,bot4,fein_margin,0.02,SUCCESS,34,34,46,
0.6,253,bot4,fein_margin,0.02,BUTTON_BURNED,36,55,18,
0.6,254,bot4,fein_margin,0.02,BUTTON_BURNED,26,32,19,7
0.6,255,bot4,fein_margin,0.02,SUCCESS,16,16,23,
0.6,260,bot4,fein_margin,0.02,SUCCESS,35,35,59,
0.6,261,bot4,fein_margin,0.02,SUCCESS,34,34,40,
0.6,262,bot4,fein_margin,0.02,SUCCESS,36,36,58,
0.6,263,bot4,fein_margin,0.02,SUCCESS,7,7,51,
0.6,268,bot4,fein_margin,0.02,SUCCESS,18,18,25,
0.6,269,bot4,fein_margin,0.02,SUCCESS,16,16,52,
0.6,270,bot4,fein_margin,0.02,SUCCESS,66,58,55,
0.6,271,bot4,fein_margin,0.02,SUCCESS,32,32,41,
0.6,272,bot4,fein_margin,0.02,SUCCESS,41,41,32,
0.6,273,bot4,fein_margin,0.02,SUCCESS,19,19,45,
0.6,274,bot4,fein_margin,0.02,SUCCESS,41,41,40,
0.6,275,bot4,fein_margin,0.02,SUCCESS,10,10,12,
0.6,264,bot4,fein_margin,0.02,GAVE_UP,30,49,33,7
0.6,265,bot4,fein_margin,0.02,GAVE_UP,36,42,27,17
0.6,266,bot4,fein_margin,0.02,BUTTON_BURNED,28,34,15,
0.6,267,bot4,fein_margin,0.02,SUCCESS,42,42,38,
0.6,276,bot4,fein_margin,0.02,SUCCESS,42,42,47,
0.6,277,bot4,fein_margin,0.02,SUCCESS,18,18,15,
0.6,278,bot4,fein_margin,0.02,SUCCESS,38,38,27,18
0.6,279,bot4,fein_margin,0.02,SUCCESS,20,20,32,
0.6,288,bot4,fein_margin,0.02,SUCCESS,5,5,12,
0.6,289,bot4,fein_margin,0.02,SUCCESS,19,19,51,
0.6,290,bot4,fein_margin,0.02,SUCCESS,63,63,67,
0.6,291,bot4,fein_margin,0.02,SUCCESS,28,28,45,
0.6,292,bot4,fein_margin,0.02,SUCCESS,18,18,15,
0.6,293,bot4,fein_margin,0.02,SUCCESS,25,25,53,
0.6,294,bot4,fein_margin,0.02,SUCCESS,46,46,34,
0.6,295,bot4,fein_margin,0.02,SUCCESS,32,32,30,
0.6,284,bot4,fein_margin,0.02,SUCCESS,4,4,41,
0.6,285,bot4,fein_margin,0.02,SUCCESS,47,39,33,
0.6,286,bot4,fein_margin,0.02,SUCCESS,33,33,40,
0.6,287,bot4,fein_margin,0.02,SUCCESS,19,19,18,
0.6,280,bot4,fein_margin,0.02,SUCCESS,36,36,30,
0.6,281,bot4,fein_margin,0.02,SUCCESS,32,32,35,
0.6,282,bot4,fein_margin,0.02,GAVE_UP,44,51,25,18
0.6,283,bot4,fein_margin,0.02,BURNED,28,29,18,
0.6,316,bot4,fein_margin,0.02,SUCCESS,9,9,37,
0.6,317,bot4,fein_margin,0.02,SUCCESS,6,6,42,
0.6,318,bot4,fein_margin,0.02,SUCCESS,17,17,39,
0.6,319,bot4,fein_margin,0.02,BUTTON_BURNED,15,36,12,1
0.6,312,bot4,fein_margin,0.02,SUCCESS,13,13,14,
0.6,313,bot4,fein_margin,0.02,SUCCESS,30,30,53,
0.6,314,bot4,fein_margin,0.02,SUCCESS,18,18,40,
0.6,315,bot4,fein_margin,0.02,BUTTON_BURNED,10,23,7,
0.6,300,bot4,fein_margin,0.02,SUCCESS,38,38,51,
0.6,301,bot4,fein_margin,0.02,SUCCESS,36,36,29,7
0.6,302,bot4,fein_margin,0.02,SUCCESS,7,7,48,
0.6,303,bot4,fein_margin,0.02,SUCCESS,17,17,48,
0.6,304,bot4,fein_margin,0.02,BUTTON_BURNED,31,49,21,9
0.6,305,bot4,fein_margin,0.02,SUCCESS,20,20,16,3
0.6,306,bot4,fein_margin,0.02,BURNED,36,47,38,26
0.6,307,bot4,fein_margin,0.02,GAVE_UP,9,54,12,1
0.6,296,bot4,fein_margin,0.02,GAVE_UP,58,56,45,36
0.6,297,bot4,fein_margin,0.02,BURNED,44,49,32,20
0.6,298,bot4,fein_margin,0.02,SUCCESS,16,16,49,
0.6,299,bot4,fein_margin,0.02,SUCCESS,22,22,17,
0.6,320,bot4,fein_margin,0.02,SUCCESS,34,34,44,
0.6,321,bot4,fein_margin,0.02,BUTTON_BURNED,1,41,1,1
0.6,322,bot4,fein_margin,0.02,GAVE_UP,17,46,12,1
0.6,323,bot4,fein_margin,0.02,SUCCESS,46,42,33,
0.6,324,bot4,fein_margin,0.02,BURNED,30,37,30,13
0.6,325,bot4,fein_margin,0.02,SUCCESS,23,23,40,
0.6,326,bot4,fein_margin,0.02,SUCCESS,9,9,50,
0.6,327,bot4,fein_margin,0.02,SUCCESS,42,38,28,
0.6,336,bot4,fein_margin,0.02,BUTTON_BURNED,17,33,10,2
0.6,337,bot4,fein_margin,0.02,BURNED,35,56,30,20
0.6,338,bot4,fein_margin,0.02,SUCCESS,24,24,51,
0.6,339,bot4,fein_margin,0.02,SUCCESS,13,13,29,
0.6,308,bot4,fein_margin,0.02,BUTTON_BURNED,20,54,11,1
0.6,309,bot4,fein_margin,0.02,SUCCESS,50,50,39,
0.6,310,bot4,fein_margin,0.02,BUTTON_BURNED,15,22,8,
0.6,311,bot4,fein_margin,0.02,SUCCESS,51,51,49,
0.6,328,bot4,fein_margin,0.02,SUCCESS,38,38,37,
0.6,329,bot4,fein_margin,0.02,SUCCESS,34,34,45,
0.6,330,bot4,fein_margin,0.02,BUTTON_BURNED,27,42,17,
0.6,331,bot4,fein_margin,0.02,GAVE_UP,41,50,31,19
0.6,332,bot4,fein_margin,0.02,SUCCESS,49,49,52,
0.6,333,bot4,fein_margin,0.02,SUCCESS,6,6,53,
0.6,334,bot4,fein_margin,0.02,GAVE_UP,45,56,36,
0.6,335,bot4,fein_margin,0.02,GAVE_UP,26,43,23,5
0.6,340,bot4,fein_margin,0.02,GAVE_UP,23,38,20,1
0.6,341,bot4,fein_margin,0.02,BUTTON_BURNED,10,47,8,8
0.6,342,bot4,fein_margin,0.02,GAVE_UP,26,53,22,8
0.6,343,bot4,fein_margin,0.02,SUCCESS,31,31,24,
0.6,344,bot4,fein_margin,0.02,SUCCESS,40,40,50,
0.6,345,bot4,fein_margin,0.02,SUCCESS,25,25,23,
0.6,346,bot4,fein_margin,0.02,SUCCESS,21,21,43,
0.6,347,bot4,fein_margin,0.02,GAVE_UP,25,34,15,
0.6,356,bot4,fein_margin,0.02,SUCCESS,20,20,39,
0.6,357,bot4,fein_margin,0.02,SUCCESS,27,27,28,
0.6,358,bot4,fein_margin,0.02,BURNED,37,44,24,12
0.6,359,bot4,fein_margin,0.02,BUTTON_BURNED,12,46,9,1
0.6,360,bot4,fein_margin,0.02,SUCCESS,29,29,29,
0.6,361,bot4,fein_margin,0.02,SUCCESS,37,37,55,
0.6,362,bot4,fein_margin,0.02,SUCCESS,21,21,41,
0.6,363,bot4,fein_margin,0.02,BUTTON_BURNED,20,23,11,1
0.6,348,bot4,fein_margin,0.02,SUCCESS,11,11,25,
0.6,349,bot4,fein_margin,0.02,BUTTON_BURNED,6,24,4,
0.6,350,bot4,fein_margin,0.02,SUCCESS,52,52,51,
0.6,351,bot4,fein_margin,0.02,BUTTON_BURNED,27,47,17,13
0.6,352,bot4,fein_margin,0.02,SUCCESS,52,52,56,
0.6,353,bot4,fein_margin,0.02,SUCCESS,31,31,42,
0.6,354,bot4,fein_margin,0.02,SUCCESS,11,11,31,
0.6,355,bot4,fein_margin,0.02,SUCCESS,30,30,39,
0.6,364,bot4,fein_margin,0.02,SUCCESS,2,2,9,
0.6,365,bot4,fein_margin,0.02,GAVE_UP,34,57,32,12
0.6,366,bot4,fein_margin,0.02,GAVE_UP,37,49,27,
0.6,367,bot4,fein_margin,0.02,SUCCESS,13,13,52,
0.6,388,bot4,fein_margin,0.02,SUCCESS,25,25,46,
0.6,389,bot4,fein_margin,0.02,SUCCESS,12,12,25,
0.6,390,bot4,fein_margin,0.02,SUCCESS,10,10,36,
0.6,391,bot4,fein_margin,0.02,SUCCESS,25,25,41,
0.6,380,bot4,fein_margin,0.02,BUTTON_BURNED,32,45,20,
0.6,381,bot4,fein_margin,0.02,SUCCESS,13,13,24,
0.6,382,bot4,fein_margin,0.02,SUCCESS,31,31,33,
0.6,383,bot4,fein_margin,0.02,SUCCESS,9,9,40,
0.6,376,bot4,fein_margin,0.02,BUTTON_BURNED,5,30,5,
0.6,377,bot4,fein_margin,0.02,SUCCESS,8,8,19,
0.6,378,bot4,fein_margin,0.02,GAVE_UP,7,39,18,
0.6,379,bot4,fein_margin,0.02,BUTTON_BURNED,60,52,42,
0.6,372,bot4,fein_margin,0.02,SUCCESS,35,35,35,
0.6,373,bot4,fein_margin,0.02,GAVE_UP,45,53,41,27
0.6,374,bot4,fein_margin,0.02,SUCCESS,24,24,44,
0.6,375,bot4,fein_margin,0.02,SUCCESS,8,8,46,
0.6,396,bot4,fein_margin,0.02,SUCCESS,10,10,44,
0.6,397,bot4,fein_margin,0.02,SUCCESS,9,9,27,
0.6,398,bot4,fein_margin,0.02,GAVE_UP,49,55,40,31
0.6,399,bot4,fein_margin,0.02,SUCCESS,9,9,49,
0.6,368,bot4,fein_margin,0.02,BUTTON_BURNED,47,48,32,26
0.6,369,bot4,fein_margin,0.02,SUCCESS,32,32,31,
0.6,370,bot4,fein_margin,0.02,SUCCESS,23,23,23,
0.6,371,bot4,fein_margin,0.02,SUCCESS,37,37,43,
0.6,392,bot4,fein_margin,0.02,GAVE_UP,20,23,16,2
0.6,393,bot4,fein_margin,0.02,GAVE_UP,45,49,34,28
0.6,394,bot4,fein_margin,0.02,SUCCESS,33,33,46,
0.6,395,bot4,fein_margin,0.02,SUCCESS,26,26,66,
0.6,416,bot4,fein_margin,0.02,SUCCESS,18,18,40,
0.6,417,bot4,fein_margin,0.02,SUCCESS,5,5,18,
0.6,418,bot4,fein_margin,0.02,SUCCESS,13,13,42,
0.6,419,bot4,fein_margin,0.02,SUCCESS,10,10,43,
0.6,400,bot4,fein_margin,0.02,SUCCESS,39,39,37,
0.6,401,bot4,fein_margin,0.02,SUCCESS,37,37,48,
0.6,402,bot4,fein_margin,0.02,SUCCESS,25,25,16,
0.6,403,bot4,fein_margin,0.02,BUTTON_BURNED,9,37,7,1
0.6,412,bot4,fein_margin,0.02,SUCCESS,21,21,43,
0.6,413,bot4,fein_margin,0.02,SUCCESS,13,13,31,
0.6,414,bot4,fein_margin,0.02,BUTTON_BURNED,26,34,21,10
0.6,415,bot4,fein_margin,0.02,SUCCESS,13,13,40,
0.6,384,bot4,fein_margin,0.02,SUCCESS,6,6,28,
0.6,385,bot4,fein_margin,0.02,SUCCESS,48,48,48,
0.6,386,bot4,fein_margin,0.02,SUCCESS,47,47,34,19
0.6,387,bot4,fein_margin,0.02,GAVE_UP,22,60,25,4
0.6,404,bot4,fein_margin,0.02,SUCCESS,41,41,43,
0.6,405,bot4,fein_margin,0.02,SUCCESS,35,35,32,
0.6,406,bot4,fein_margin,0.02,SUCCESS,45,45,51,
0.6,407,bot4,fein_margin,0.02,SUCCESS,30,30,46,
0.6,428,bot4,fein_margin,0.02,SUCCESS,5,5,65,
0.6,429,bot4,fein_margin,0.02,SUCCESS,20,20,21,
0.6,430,bot4,fein_margin,0.02,GAVE_UP,18,22,12,1
0.6,431,bot4,fein_margin,0.02,SUCCESS,5,5,40,
0.6,420,bot4,fein_margin,0.02,SUCCESS,28,28,30,
0.6,421,bot4,fein_margin,0.02,BUTTON_BURNED,22,47,10,1
0.6,422,bot4,fein_margin,0.02,SUCCESS,7,7,24,
0.6,423,bot4,fein_margin,0.02,SUCCESS,42,42,42,
0.6,440,bot4,fein_margin,0.02,SUCCESS,12,12,36,
0.6,441,bot4,fein_margin,0.02,SUCCESS,23,23,24,
0.6,442,bot4,fein_margin,0.02,GAVE_UP,18,40,17,1
0.6,443,bot4,fein_margin,0.02,BUTTON_BURNED,29,28,16,2
0.6,432,bot4,fein_margin,0.02,GAVE_UP,27,49,21,3
0.6,433,bot4,fein_margin,0.02,SUCCESS,19,19,16,
0.6,434,bot4,fein_margin,0.02,GAVE_UP,32,31,25,1
0.6,435,bot4,fein_margin,0.02,BUTTON_BURNED,29,52,16,6
0.6,444,bot4,fein_margin,0.02,SUCCESS,24,24,48,
0.6,445,bot4,fein_margin,0.02,SUCCESS,14,14,21,
0.6,446,bot4,fein_margin,0.02,SUCCESS,35,35,63,
0.6,447,bot4,fein_margin,0.02,GAVE_UP,21,45,16,2
0.6,408,bot4,fein_margin,0.02,SUCCESS,58,58,52,
0.6,409,bot4,fein_margin,0.02,SUCCESS,26,26,19,
0.6,410,bot4,fein_margin,0.02,SUCCESS,46,46,54,
0.6,411,bot4,fein_margin,0.02,GAVE_UP,13,28,13,1
0.6,436,bot4,fein_margin,0.02,SUCCESS,23,23,31,
0.6,437,bot4,fein_margin,0.02,SUCCESS,20,20,62,
0.6,438,bot4,fein_margin,0.02,SUCCESS,30,30,25,
0.6,439,bot4,fein_margin,0.02,SUCCESS,61,61,49,
0.6,424,bot4,fein_margin,0.02,BURNED,50,60,39,23
0.6,425,bot4,fein_margin,0.02,SUCCESS,37,37,33,
0.6,426,bot4,fein_margin,0.02,BUTTON_BURNED,22,42,16,3
0.6,427,bot4,fein_margin,0.02,BURNED,34,55,40,
0.6,448,bot4,fein_margin,0.02,SUCCESS,53,53,61,
0.6,449,bot4,fein_margin,0.02,SUCCESS,38,38,48,
0.6,450,bot4,fein_margin,0.02,SUCCESS,18,18,14,
0.6,451,bot4,fein_margin,0.02,SUCCESS,30,30,56,
0.6,456,bot4,fein_margin,0.02,SUCCESS,17,17,13,
0.6,457,bot4,fein_margin,0.02,GAVE_UP,19,37,18,3
0.6,458,bot4,fein_margin,0.02,SUCCESS,36,36,40,
0.6,459,bot4,fein_margin,0.02,GAVE_UP,17,34,22,
0.6,460,bot4,fein_margin,0.02,SUCCESS,24,24,34,
0.6,461,bot4,fein_margin,0.02,BUTTON_BURNED,29,40,19,6
0.6,462,bot4,fein_margin,0.02,BURNED,31,46,17,5
0.6,463,bot4,fein_margin,0.02,GAVE_UP,2,15,5,1
0.6,452,bot4,fein_margin,0.02,BUTTON_BURNED,28,39,17,
0.6,453,bot4,fein_margin,0.02,SUCCESS,26,26,17,
0.6,454,bot4,fein_margin,0.02,SUCCESS,36,36,40,
0.6,455,bot4,fein_margin,0.02,BURNED,48,54,41,33
0.6,464,bot4,fein_margin,0.02,SUCCESS,49,49,42,
0.6,465,bot4,fein_margin,0.02,SUCCESS,15,15,51,
0.6,466,bot4,fein_margin,0.02,BUTTON_BURNED,16,31,12,
0.6,467,bot4,fein_margin,0.02,SUCCESS,17,17,13,
0.6,468,bot4,fein_margin,0.02,BUTTON_BURNED,14,37,12,1
0.6,469,bot4,fein_margin,0.02,GAVE_UP,30,37,20,
0.6,470,bot4,fein_margin,0.02,SUCCESS,20,20,25,
0.6,471,bot4,fein_margin,0.02,SUCCESS,46,46,30,
0.6,472,bot4,fein_margin,0.02,GAVE_UP,32,24,18,4
0.6,473,bot4,fein_margin,0.02,SUCCESS,23,23,24,
0.6,474,bot4,fein_margin,0.02,SUCCESS,35,35,28,
0.6,475,bot4,fein_margin,0.02,SUCCESS,49,49,48,
0.6,480,bot4,fein_margin,0.02,GAVE_UP,29,43,29,11
0.6,481,bot4,fein_margin,0.02,SUCCESS,39,39,40,
0.6,482,bot4,fein_margin,0.02,SUCCESS,16,16,53,
0.6,483,bot4,fein_margin,0.02,SUCCESS,25,25,48,
0.6,476,bot4,fein_margin,0.02,SUCCESS,28,28,34,
0.6,477,bot4,fein_margin,0.02,SUCCESS,21,21,32,
0.6,478,bot4,fein_margin,0.02,SUCCESS,29,29,27,
0.6,479,bot4,fein_margin,0.02,SUCCESS,46,46,60,
0.1,0,bot4,fein_margin,0.05,SUCCESS,17,17,39,
0.1,1,bot4,fein_margin,0.05,SUCCESS,14,14,68,
0.1,2,bot4,fein_margin,0.05,SUCCESS,35,35,29,
0.1,3,bot4,fein_margin,0.05,SUCCESS,24,24,22,
0.6,484,bot4,fein_margin,0.02,SUCCESS,41,41,53,
0.6,485,bot4,fein_margin,0.02,SUCCESS,19,19,32,
0.6,486,bot4,fein_margin,0.02,SUCCESS,19,19,13,
0.6,487,bot4,fein_margin,0.02,SUCCESS,31,31,29,
0.6,488,bot4,fein_margin,0.02,BUTTON_BURNED,19,45,15,1
0.6,489,bot4,fein_margin,0.02,SUCCESS,30,30,55,
0.6,490,bot4,fein_margin,0.02,SUCCESS,27,19,19,
0.6,491,bot4,fein_margin,0.02,SUCCESS,8,8,13,
0.1,4,bot4,fein_margin,0.05,SUCCESS,41,41,26,
0.1,5,bot4,fein_margin,0.05,SUCCESS,24,24,19,
0.1,6,bot4,fein_margin,0.05,SUCCESS,5,5,19,
0.1,7,bot4,fein_margin,0.05,SUCCESS,29,27,20,
0.1,12,bot4,fein_margin,0.05,SUCCESS,30,30,24,
0.1,13,bot4,fein_margin,0.05,SUCCESS,16,16,62,
0.1,14,bot4,fein_margin,0.05,SUCCESS,28,28,49,
0.1,15,bot4,fein_margin,0.05,SUCCESS,13,13,30,
0.6,492,bot4,fein_margin,0.02,SUCCESS,47,47,58,
0.6,493,bot4,fein_margin,0.02,SUCCESS,44,44,48,
0.6,494,bot4,fein_margin,0.02,SUCCESS,15,15,31,
0.6,495,bot4,fein_margin,0.02,SUCCESS,15,15,23,
0.1,20,bot4,fein_margin,0.05,SUCCESS,43,43,16,
0.1,21,bot4,fein_margin,0.05,SUCCESS,17,17,55,
0.1,22,bot4,fein_margin,0.05,SUCCESS,15,15,33,
0.1,23,bot4,fein_margin,0.05,SUCCESS,33,33,41,
0.1,8,bot4,fein_margin,0.05,SUCCESS,25,25,43,
0.1,9,bot4,fein_margin,0.05,SUCCESS,39,39,20,
0.1,10,bot4,fein_margin,0.05,SUCCESS,41,41,33,
0.1,11,bot4,fein_margin,0.05,SUCCESS,48,48,31,
0.1,16,bot4,fein_margin,0.05,SUCCESS,35,35,57,
0.1,17,bot4,fein_margin,0.05,SUCCESS,19,19,22,
0.1,18,bot4,fein_margin,0.05,SUCCESS,64,64,58,
0.1,19,bot4,fein_margin,0.05,SUCCESS,49,49,33,
0.1,24,bot4,fein_margin,0.05,SUCCESS,65,65,27,
0.1,25,bot4,fein_margin,0.05,SUCCESS,36,36,49,
0.1,26,bot4,fein_margin,0.05,SUCCESS,22,22,59,
0.1,27,bot4,fein_margin,0.05,SUCCESS,23,23,41,
0.1,32,bot4,fein_margin,0.05,SUCCESS,13,13,24,
0.1,33,bot4,fein_margin,0.05,SUCCESS,37,31,7,
0.1,34,bot4,fein_margin,0.05,SUCCESS,39,39,9,
0.1,35,bot4,fein_margin,0.05,SUCCESS,38,38,45,
0.6,496,bot4,fein_margin,0.02,BUTTON_BURNED,35,43,28,17
0.6,497,bot4,fein_margin,0.02,SUCCESS,24,24,39,
0.6,498,bot4,fein_margin,0.02,GAVE_UP,29,54,20,4
0.6,499,bot4,fein_margin,0.02,GAVE_UP,53,53,47,34
0.1,48,bot4,fein_margin,0.05,SUCCESS,17,17,37,
0.1,49,bot4,fein_margin,0.05,SUCCESS,3,3,29,
0.1,50,bot4,fein_margin,0.05,SUCCESS,32,32,48,
0.1,51,bot4,fein_margin,0.05,SUCCESS,31,31,40,
0.1,28,bot4,fein_margin,0.05,SUCCESS,20,20,23,
0.1,29,bot4,fein_margin,0.05,GAVE_UP,34,41,7,1
0.1,30,bot4,fein_margin,0.05,SUCCESS,41,41,14,
0.1,31,bot4,fein_margin,0.05,SUCCESS,68,68,44,
0.1,44,bot4,fein_margin,0.05,SUCCESS,49,49,51,
0.1,45,bot4,fein_margin,0.05,SUCCESS,34,34,37,
0.1,46,bot4,fein_margin,0.05,SUCCESS,22,22,33,
0.1,47,bot4,fein_margin,0.05,SUCCESS,48,48,25,
0.1,36,bot4,fein_margin,0.05,SUCCESS,19,19,39,
0.1,37,bot4,fein_margin,0.05,SUCCESS,54,54,26,
0.1,38,bot4,fein_margin,0.05,SUCCESS,37,37,35,
0.1,39,bot4,fein_margin,0.05,SUCCESS,60,60,46,
0.1,60,bot4,fein_margin,0.05,SUCCESS,38,38,48,
0.1,61,bot4,fein_margin,0.05,SUCCESS,11,11,36,
0.1,62,bot4,fein_margin,0.05,SUCCESS,24,24,14,
0.1,63,bot4,fein_margin,0.05,BUTTON_BURNED,20,28,3,1
0.1,52,bot4,fein_margin,0.05,SUCCESS,25,25,27,
0.1,53,bot4,fein_margin,0.05,SUCCESS,36,36,39,
0.1,54,bot4,fein_margin,0.05,SUCCESS,51,51,39,
0.1,55,bot4,fein_margin,0.05,SUCCESS,5,5,31,
0.1,40,bot4,fein_margin,0.05,SUCCESS,54,54,34,
0.1,41,bot4,fein_margin,0.05,SUCCESS,26,26,18,
0.1,42,bot4,fein_margin,0.05,SUCCESS,27,27,73,
0.1,43,bot4,fein_margin,0.05,SUCCESS,49,49,26,
0.1,68,bot4,fein_margin,0.05,SUCCESS,3,3,13,
0.1,69,bot4,fein_margin,0.05,SUCCESS,24,24,24,
0.1,70,bot4,fein_margin,0.05,SUCCESS,24,24,23,
0.1,71,bot4,fein_margin,0.05,SUCCESS,46,46,13,
0.1,64,bot4,fein_margin,0.05,SUCCESS,56,56,60,
0.1,65,bot4,fein_margin,0.05,SUCCESS,2,2,58,
0.1,66,bot4,fein_margin,0.05,SUCCESS,48,48,28,
0.1,67,bot4,fein_margin,0.05,SUCCESS,27,27,61,
0.1,84,bot4,fein_margin,0.05,SUCCESS,40,40,14,
0.1,85,bot4,fein_margin,0.05,SUCCESS,29,29,47,
0.1,86,bot4,fein_margin,0.05,SUCCESS,16,16,47,
0.1,87,bot4,fein_margin,0.05,SUCCESS,40,40,38,
0.1,72,bot4,fein_margin,0.05,SUCCESS,30,30,22,
0.1,73,bot4,fein_margin,0.05,SUCCESS,45,45,62,
0.1,74,bot4,fein_margin,0.05,SUCCESS,30,30,43,
0.1,75,bot4,fein_margin,0.05,SUCCESS,31,31,21,
0.1,56,bot4,fein_margin,0.05,BUTTON_BURNED,47,54,7,
0.1,57,bot4,fein_margin,0.05,SUCCESS,20,20,26,
0.1,58,bot4,fein_margin,0.05,SUCCESS,47,47,12,
0.1,59,bot4,fein_margin,0.05,SUCCESS,52,52,44,
0.1,76,bot4,fein_margin,0.05,SUCCESS,39,39,50,
0.1,77,bot4,fein_margin,0.05,SUCCESS,34,34,6,
0.1,78,bot4,fein_margin,0.05,SUCCESS,51,51,48,
0.1,79,bot4,fein_margin,0.05,SUCCESS,18,18,10,
0.1,96,bot4,fein_margin,0.05,SUCCESS,53,53,20,
0.1,97,bot4,fein_margin,0.05,SUCCESS,13,13,14,
0.1,98,bot4,fein_margin,0.05,SUCCESS,28,28,27,
0.1,99,bot4,fein_margin,0.05,SUCCESS,26,26,52,
0.1,80,bot4,fein_margin,0.05,SUCCESS,57,57,31,
0.1,81,bot4,fein_margin,0.05,SUCCESS,43,43,56,
0.1,82,bot4,fein_margin,0.05,SUCCESS,43,43,19,
0.1,83,bot4,fein_margin,0.05,SUCCESS,43,43,39,
0.1,112,bot4,fein_margin,0.05,SUCCESS,7,7,9,
0.1,113,bot4,fein_margin,0.05,SUCCESS,23,23,13,
0.1,114,bot4,fein_margin,0.05,SUCCESS,27,27,31,
0.1,115,bot4,fein_margin,0.05,SUCCESS,48,48,49,
0.1,92,bot4,fein_margin,0.05,SUCCESS,46,46,37,
0.1,93,bot4,fein_margin,0.05,SUCCESS,38,38,42,
0.1,94,bot4,fein_margin,0.05,SUCCESS,21,21,30,
0.1,95,bot4,fein_margin,0.05,SUCCESS,46,46,38,
0.1,88,bot4,fein_margin,0.05,SUCCESS,65,55,13,
0.1,89,bot4,fein_margin,0.05,SUCCESS,50,50,32,
0.1,90,bot4,fein_margin,0.05,SUCCESS,51,51,40,
0.1,91,bot4,fein_margin,0.05,SUCCESS,23,23,48,
0.1,108,bot4,fein_margin,0.05,SUCCESS,47,47,45,
0.1,109,bot4,fein_margin,0.05,SUCCESS,5,5,18,
0.1,110,bot4,fein_margin,0.05,SUCCESS,28,28,39,
0.1,111,bot4,fein_margin,0.05,SUCCESS,59,57,31,
0.1,120,bot4,fein_margin,0.05,SUCCESS,46,46,32,
0.1,121,bot4,fein_margin,0.05,SUCCESS,27,27,19,
0.1,122,bot4,fein_margin,0.05,SUCCESS,7,7,56,
0.1,123,bot4,fein_margin,0.05,SUCCESS,31,31,35,
0.1,104,bot4,fein_margin,0.05,SUCCESS,24,24,32,
0.1,105,bot4,fein_margin,0.05,SUCCESS,47,47,33,
0.1,106,bot4,fein_margin,0.05,SUCCESS,41,41,10,
0.1,107,bot4,fein_margin,0.05,SUCCESS,44,40,24,
0.1,128,bot4,fein_margin,0.05,SUCCESS,39,39,35,
0.1,129,bot4,fein_margin,0.05,BUTTON_BURNED,14,56,4,6
0.1,130,bot4,fein_margin,0.05,SUCCESS,41,41,46,
0.1,131,bot4,fein_margin,0.05,SUCCESS,34,34,22,
0.1,100,bot4,fein_margin,0.05,SUCCESS,38,36,16,
0.1,101,bot4,fein_margin,0.05,SUCCESS,46,46,47,
0.1,102,bot4,fein_margin,0.05,SUCCESS,48,48,38,
0.1,103,bot4,fein_margin,0.05,GAVE_UP,74,68,9,
0.1,116,bot4,fein_margin,0.05,SUCCESS,9,9,34,
0.1,117,bot4,fein_margin,0.05,SUCCESS,31,31,39,
0.1,118,bot4,fein_margin,0.05,SUCCESS,37,37,31,
0.1,119,bot4,fein_margin,0.05,SUCCESS,65,65,59,
0.1,124,bot4,fein_margin,0.05,SUCCESS,17,17,36,
0.1,125,bot4,fein_margin,0.05,SUCCESS,31,31,28,
0.1,126,bot4,fein_margin,0.05,SUCCESS,39,39,37,
0.1,127,bot4,fein_margin,0.05,SUCCESS,28,28,11,
0.1,160,bot4,fein_margin,0.05,SUCCESS,19,19,38,
0.1,161,bot4,fein_margin,0.05,SUCCESS,16,16,10,
0.1,162,bot4,fein_margin,0.05,SUCCESS,3,3,15,
0.1,163,bot4,fein_margin,0.05,SUCCESS,11,11,55,
0.1,140,bot4,fein_margin,0.05,SUCCESS,35,35,19,
0.1,141,bot4,fein_margin,0.05,SUCCESS,20,20,29,
0.1,142,bot4,fein_margin,0.05,SUCCESS,6,6,10,
0.1,143,bot4,fein_margin,0.05,SUCCESS,32,32,37,
0.1,148,bot4,fein_margin,0.05,SUCCESS,33,33,29,
0.1,149,bot4,fein_margin,0.05,SUCCESS,1,1,30,
0.1,150,bot4,fein_margin,0.05,SUCCESS,9,9,39,
0.1,151,bot4,fein_margin,0.05,SUCCESS,22,22,32,
0.1,132,bot4,fein_margin,0.05,SUCCESS,44,44,35,
0.1,133,bot4,fein_margin,0.05,SUCCESS,53,53,49,
0.1,134,bot4,fein_margin,0.05,SUCCESS,15,15,39,
0.1,135,bot4,fein_margin,0.05,SUCCESS,9,9,29,
0.1,144,bot4,fein_margin,0.05,SUCCESS,39,29,5,
0.1,145,bot4,fein_margin,0.05,SUCCESS,49,49,37,
0.1,146,bot4,fein_margin,0.05,SUCCESS,29,29,51,
0.1,147,bot4,fein_margin,0.05,SUCCESS,11,11,33,
0.1,136,bot4,fein_margin,0.05,SUCCESS,47,47,47,
0.1,137,bot4,fein_margin,0.05,SUCCESS,33,33,15,
0.1,138,bot4,fein_margin,0.05,SUCCESS,20,20,57,
0.1,139,bot4,fein_margin,0.05,SUCCESS,41,41,45,
0.1,164,bot4,fein_margin,0.05,SUCCESS,30,30,35,
0.1,165,bot4,fein_margin,0.05,SUCCESS,23,23,42,
0.1,166,bot4,fein_margin,0.05,SUCCESS,6,6,18,
0.1,167,bot4,fein_margin,0.05,SUCCESS,30,30,32,
0.1,168,bot4,fein_margin,0.05,SUCCESS,9,9,19,
0.1,169,bot4,fein_margin,0.05,SUCCESS,30,30,20,
0.1,170,bot4,fein_margin,0.05,SUCCESS,11,11,33,
0.1,171,bot4,fein_margin,0.05,SUCCESS,42,42,40,
0.1,156,bot4,fein_margin,0.05,SUCCESS,30,28,7,6
0.1,157,bot4,fein_margin,0.05,SUCCESS,12,12,40,
0.1,158,bot4,fein_margin,0.05,SUCCESS,33,33,31,
0.1,159,bot4,fein_margin,0.05,SUCCESS,52,40,25,
0.1,172,bot4,fein_margin,0.05,SUCCESS,45,43,30,
0.1,173,bot4,fein_margin,0.05,SUCCESS,43,43,27,
0.1,174,bot4,fein_margin,0.05,SUCCESS,12,12,23,
0.1,175,bot4,fein_margin,0.05,SUCCESS,18,18,19,
0.1,188,bot4,fein_margin,0.05,SUCCESS,23,23,45,
0.1,189,bot4,fein_margin,0.05,SUCCESS,25,25,54,
0.1,190,bot4,fein_margin,0.05,SUCCESS,48,48,55,
0.1,191,bot4,fein_margin,0.05,SUCCESS,40,40,31,
0.1,184,bot4,fein_margin,0.05,SUCCESS,47,47,27,
0.1,185,bot4,fein_margin,0.05,SUCCESS,12,10,9,
0.1,186,bot4,fein_margin,0.05,GAVE_UP,48,46,3,1
0.1,187,bot4,fein_margin,0.05,SUCCESS,32,32,48,
0.1,152,bot4,fein_margin,0.05,SUCCESS,63,63,36,
0.1,153,bot4,fein_margin,0.05,SUCCESS,30,30,5,
0.1,154,bot4,fein_margin,0.05,GAVE_UP,64,56,8,
0.1,155,bot4,fein_margin,0.05,SUCCESS,15,15,20,
0.1,180,bot4,fein_margin,0.05,SUCCESS,49,49,45,
0.1,181,bot4,fein_margin,0.05,SUCCESS,24,24,27,
0.1,182,bot4,fein_margin,0.05,SUCCESS,40,40,45,
0.1,183,bot4,fein_margin,0.05,SUCCESS,56,56,48,
0.1,176,bot4,fein_margin,0.05,SUCCESS,60,46,12,40
0.1,177,bot4,fein_margin,0.05,SUCCESS,29,29,28,
0.1,178,bot4,fein_margin,0.05,SUCCESS,1,1,30,
0.1,179,bot4,fein_margin,0.05,SUCCESS,19,19,42,
0.1,200,bot4,fein_margin,0.05,SUCCESS,31,31,44,
0.1,201,bot4,fein_margin,0.05,SUCCESS,24,24,23,
0.1,202,bot4,fein_margin,0.05,SUCCESS,10,10,28,
0.1,203,bot4,fein_margin,0.05,SUCCESS,28,28,38,
0.1,192,bot4,fein_margin,0.05,SUCCESS,18,18,45,
0.1,193,bot4,fein_margin,0.05,SUCCESS,35,35,17,
0.1,194,bot4,fein_margin,0.05,SUCCESS,55,55,64,
0.1,195,bot4,fein_margin,0.05,SUCCESS,40,40,23,
0.1,196,bot4,fein_margin,0.05,SUCCESS,15,15,30,
0.1,197,bot4,fein_margin,0.05,SUCCESS,51,51,38,
0.1,198,bot4,fein_margin,0.05,SUCCESS,65,65,25,
0.1,199,bot4,fein_margin,0.05,SUCCESS,52,52,24,
0.1,208,bot4,fein_margin,0.05,SUCCESS,43,43,34,
0.1,209,bot4,fein_margin,0.05,SUCCESS,35,35,61,
0.1,210,bot4,fein_margin,0.05,SUCCESS,31,31,36,
0.1,211,bot4,fein_margin,0.05,SUCCESS,6,6,30,
0.1,212,bot4,fein_margin,0.05,SUCCESS,39,39,50,
0.1,213,bot4,fein_margin,0.05,SUCCESS,35,35,55,
0.1,214,bot4,fein_margin,0.05,SUCCESS,12,12,42,
0.1,215,bot4,fein_margin,0.05,SUCCESS,38,38,21,
0.1,204,bot4,fein_margin,0.05,SUCCESS,22,22,18,
0.1,205,bot4,fein_margin,0.05,SUCCESS,55,55,33,
0.1,206,bot4,fein_margin,0.05,SUCCESS,29,29,54,
0.1,207,bot4,fein_margin,0.05,SUCCESS,14,14,27,
0.1,216,bot4,fein_margin,0.05,SUCCESS,45,45,24,
0.1,217,bot4,fein_margin,0.05,SUCCESS,21,21,26,
0.1,218,bot4,fein_margin,0.05,SUCCESS,17,17,54,
0.1,219,bot4,fein_margin,0.05,SUCCESS,56,56,28,
0.1,220,bot4,fein_margin,0.05,SUCCESS,26,26,48,
0.1,221,bot4,fein_margin,0.05,SUCCESS,43,43,40,
0.1,222,bot4,fein_margin,0.05,SUCCESS,17,17,40,
0.1,223,bot4,fein_margin,0.05,SUCCESS,46,46,42,
0.1,228,bot4,fein_margin,0.05,SUCCESS,37,37,28,
0.1,229,bot4,fein_margin,0.05,SUCCESS,20,20,22,
0.1,230,bot4,fein_margin,0.05,SUCCESS,35,35,43,
0.1,231,bot4,fein_margin,0.05,SUCCESS,26,26,30,
0.1,224,bot4,fein_margin,0.05,SUCCESS,48,48,54,
0.1,225,bot4,fein_margin,0.05,SUCCESS,24,24,30,
0.1,226,bot4,fein_margin,0.05,SUCCESS,54,54,35,
0.1,227,bot4,fein_margin,0.05,SUCCESS,44,44,42,
0.1,248,bot4,fein_margin,0.05,SUCCESS,40,40,45,
0.1,249,bot4,fein_margin,0.05,SUCCESS,23,23,34,
0.1,250,bot4,fein_margin,0.05,SUCCESS,30,30,20,
0.1,251,bot4,fein_margin,0.05,SUCCESS,9,9,43,
0.1,236,bot4,fein_margin,0.05,SUCCESS,28,28,58,
0.1,237,bot4,fein_margin,0.05,SUCCESS,51,51,48,
0.1,238,bot4,fein_margin,0.05,SUCCESS,24,24,37,
0.1,239,bot4,fein_margin,0.05,SUCCESS,43,43,52,
0.1,232,bot4,fein_margin,0.05,SUCCESS,42,42,48,
0.1,233,bot4,fein_margin,0.05,SUCCESS,45,45,41,
0.1,234,bot4,fein_margin,0.05,SUCCESS,39,39,35,
0.1,235,bot4,fein_margin,0.05,SUCCESS,29,29,52,
0.1,244,bot4,fein_margin,0.05,SUCCESS,61,61,35,
0.1,245,bot4,fein_margin,0.05,SUCCESS,19,19,70,
0.1,246,bot4,fein_margin,0.05,SUCCESS,24,24,11,
0.1,247,bot4,fein_margin,0.05,SUCCESS,32,32,26,
0.1,252,bot4,fein_margin,0.05,SUCCESS,34,34,46,
0.1,253,bot4,fein_margin,0.05,SUCCESS,55,55,18,
0.1,254,bot4,fein_margin,0.05,SUCCESS,32,32,19,
0.1,255,bot4,fein_margin,0.05,SUCCESS,16,16,23,
0.1,240,bot4,fein_margin,0.05,SUCCESS,10,10,39,
0.1,241,bot4,fein_margin,0.05,SUCCESS,28,28,17,
0.1,242,bot4,fein_margin,0.05,SUCCESS,30,30,23,
0.1,243,bot4,fein_margin,0.05,SUCCESS,71,65,19,
0.1,256,bot4,fein_margin,0.05,BURNED,32,28,13,
0.1,257,bot4,fein_margin,0.05,SUCCESS,10,10,27,
0.1,258,bot4,fein_margin,0.05,SUCCESS,43,43,45,
0.1,259,bot4,fein_margin,0.05,SUCCESS,5,5,15,
0.1,268,bot4,fein_margin,0.05,SUCCESS,18,18,25,
0.1,269,bot4,fein_margin,0.05,SUCCESS,16,16,52,
0.1,270,bot4,fein_margin,0.05,SUCCESS,58,58,55,
0.1,271,bot4,fein_margin,0.05,SUCCESS,32,32,41,
0.1,260,bot4,fein_margin,0.05,SUCCESS,35,35,59,
0.1,261,bot4,fein_margin,0.05,SUCCESS,34,34,40,
0.1,262,bot4,fein_margin,0.05,SUCCESS,36,36,58,
0.1,263,bot4,fein_margin,0.05,SUCCESS,7,7,51,
0.1,272,bot4,fein_margin,0.05,SUCCESS,41,41,32,
0.1,273,bot4,fein_margin,0.05,SUCCESS,19,19,45,
0.1,274,bot4,fein_margin,0.05,SUCCESS,41,41,40,
0.1,275,bot4,fein_margin,0.05,SUCCESS,10,10,12,
0.1,288,bot4,fein_margin,0.05,SUCCESS,5,5,12,
0.1,289,bot4,fein_margin,0.05,SUCCESS,19,19,51,
0.1,290,bot4,fein_margin,0.05,SUCCESS,63,63,67,
0.1,291,bot4,fein_margin,0.05,SUCCESS,28,28,45,
0.1,276,bot4,fein_margin,0.05,SUCCESS,42,42,47,
0.1,277,bot4,fein_margin,0.05,SUCCESS,18,18,15,
0.1,278,bot4,fein_margin,0.05,SUCCESS,38,38,27,
0.1,279,bot4,fein_margin,0.05,SUCCESS,20,20,32,
0.1,284,bot4,fein_margin,0.05,SUCCESS,4,4,41,
0.1,285,bot4,fein_margin,0.05,SUCCESS,39,39,33,
0.1,286,bot4,fein_margin,0.05,SUCCESS,33,33,40,
0.1,287,bot4,fein_margin,0.05,SUCCESS,19,19,18,
0.1,264,bot4,fein_margin,0.05,SUCCESS,51,49,33,
0.1,265,bot4,fein_margin,0.05,SUCCESS,42,42,27,
0.1,266,bot4,fein_margin,0.05,SUCCESS,34,34,15,
0.1,267,bot4,fein_margin,0.05,SUCCESS,42,42,38,
0.1,292,bot4,fein_margin,0.05,SUCCESS,18,18,15,
0.1,293,bot4,fein_margin,0.05,SUCCESS,25,25,53,
0.1,294,bot4,fein_margin,0.05,SUCCESS,46,46,34,
0.1,295,bot4,fein_margin,0.05,SUCCESS,32,32,30,
0.1,300,bot4,fein_margin,0.05,SUCCESS,38,38,51,
0.1,301,bot4,fein_margin,0.05,SUCCESS,36,36,29,
0.1,302,bot4,fein_margin,0.05,SUCCESS,7,7,48,
0.1,303,bot4,fein_margin,0.05,SUCCESS,17,17,48,
0.1,312,bot4,fein_margin,0.05,SUCCESS,13,13,14,
0.1,313,bot4,fein_margin,0.05,SUCCESS,30,30,53,
0.1,314,bot4,fein_margin,0.05,SUCCESS,18,18,40,
0.1,315,bot4,fein_margin,0.05,SUCCESS,23,23,7,
0.1,316,bot4,fein_margin,0.05,SUCCESS,9,9,37,
0.1,317,bot4,fein_margin,0.05,SUCCESS,6,6,42,
0.1,318,bot4,fein_margin,0.05,SUCCESS,17,17,39,
0.1,319,bot4,fein_margin,0.05,SUCCESS,36,36,12,
0.1,296,bot4,fein_margin,0.05,SUCCESS,56,56,45,
0.1,297,bot4,fein_margin,0.05,SUCCESS,49,49,32,
0.1,298,bot4,fein_margin,0.05,SUCCESS,16,16,49,
0.1,299,bot4,fein_margin,0.05,SUCCESS,22,22,17,
0.1,280,bot4,fein_margin,0.05,SUCCESS,36,36,30,
0.1,281,bot4,fein_margin,0.05,SUCCESS,32,32,35,
0.1,282,bot4,fein_margin,0.05,SUCCESS,51,51,25,
0.1,283,bot4,fein_margin,0.05,SUCCESS,29,29,18,
0.1,324,bot4,fein_margin,0.05,SUCCESS,37,37,30,
0.1,325,bot4,fein_margin,0.05,SUCCESS,23,23,40,
0.1,326,bot4,fein_margin,0.05,SUCCESS,9,9,50,
0.1,327,bot4,fein_margin,0.05,SUCCESS,38,38,28,
0.1,320,bot4,fein_margin,0.05,SUCCESS,34,34,44,
0.1,321,bot4,fein_margin,0.05,BUTTON_BURNED,19,41,1,1
0.1,322,bot4,fein_margin,0.05,SUCCESS,52,46,12,
0.1,323,bot4,fein_margin,0.05,SUCCESS,44,42,33,
0.1,308,bot4,fein_margin,0.05,SUCCESS,54,54,11,
0.1,309,bot4,fein_margin,0.05,SUCCESS,50,50,39,
0.1,310,bot4,fein_margin,0.05,SUCCESS,22,22,8,
0.1,311,bot4,fein_margin,0.05,SUCCESS,51,51,49,
0.1,304,bot4,fein_margin,0.05,SUCCESS,49,49,21,
0.1,305,bot4,fein_margin,0.05,SUCCESS,20,20,16,
0.1,306,bot4,fein_margin,0.05,SUCCESS,47,47,38,
0.1,307,bot4,fein_margin,0.05,SUCCESS,58,54,12,
0.1,328,bot4,fein_margin,0.05,SUCCESS,38,38,37,
0.1,329,bot4,fein_margin,0.05,SUCCESS,34,34,45,
0.1,330,bot4,fein_margin,0.05,SUCCESS,42,42,17,
0.1,331,bot4,fein_margin,0.05,SUCCESS,50,50,31,
0.1,336,bot4,fein_margin,0.05,SUCCESS,33,33,10,
0.1,337,bot4,fein_margin,0.05,SUCCESS,56,56,30,
0.1,338,bot4,fein_margin,0.05,SUCCESS,24,24,51,
0.1,339,bot4,fein_margin,0.05,SUCCESS,13,13,29,
0.1,332,bot4,fein_margin,0.05,SUCCESS,49,49,52,
0.1,333,bot4,fein_margin,0.05,SUCCESS,6,6,53,
0.1,334,bot4,fein_margin,0.05,SUCCESS,56,56,36,
0.1,335,bot4,fein_margin,0.05,SUCCESS,43,43,23,
0.1,344,bot4,fein_margin,0.05,SUCCESS,40,40,50,
0.1,345,bot4,fein_margin,0.05,SUCCESS,25,25,23,
0.1,346,bot4,fein_margin,0.05,SUCCESS,21,21,43,
0.1,347,bot4,fein_margin,0.05,SUCCESS,34,34,15,
0.1,348,bot4,fein_margin,0.05,SUCCESS,11,11,25,
0.1,349,bot4,fein_margin,0.05,SUCCESS,24,24,4,
0.1,350,bot4,fein_margin,0.05,SUCCESS,52,52,51,
0.1,351,bot4,fein_margin,0.05,SUCCESS,47,47,17,
0.1,360,bot4,fein_margin,0.05,SUCCESS,29,29,29,
0.1,361,bot4,fein_margin,0.05,SUCCESS,37,37,55,
0.1,362,bot4,fein_margin,0.05,SUCCESS,21,21,41,
0.1,363,bot4,fein_margin,0.05,SUCCESS,23,23,11,
0.1,352,bot4,fein_margin,0.05,SUCCESS,52,52,56,
0.1,353,bot4,fein_margin,0.05,SUCCESS,31,31,42,
0.1,354,bot4,fein_margin,0.05,SUCCESS,11,11,31,
0.1,355,bot4,fein_margin,0.05,SUCCESS,30,30,39,
0.1,340,bot4,fein_margin,0.05,SUCCESS,50,38,20,
0.1,341,bot4,fein_margin,0.05,SUCCESS,49,47,8,25
0.1,342,bot4,fein_margin,0.05,SUCCESS,53,53,22,
0.1,343,bot4,fein_margin,0.05,SUCCESS,31,31,24,
0.1,356,bot4,fein_margin,0.05,SUCCESS,20,20,39,
0.1,357,bot4,fein_margin,0.05,SUCCESS,27,27,28,
0.1,358,bot4,fein_margin,0.05,SUCCESS,46,44,24,
0.1,359,bot4,fein_margin,0.05,BUTTON_BURNED,29,46,9,
0.1,364,bot4,fein_margin,0.05,SUCCESS,2,2,9,
0.1,365,bot4,fein_margin,0.05,SUCCESS,57,57,32,
0.1,366,bot4,fein_margin,0.05,SUCCESS,49,49,27,
0.1,367,bot4,fein_margin,0.05,SUCCESS,13,13,52,
0.1,368,bot4,fein_margin,0.05,SUCCESS,48,48,32,
0.1,369,bot4,fein_margin,0.05,SUCCESS,32,32,31,
0.1,370,bot4,fein_margin,0.05,SUCCESS,23,23,23,
0.1,371,bot4,fein_margin,0.05,SUCCESS,37,37,43,
0.1,388,bot4,fein_margin,0.05,SUCCESS,25,25,46,
0.1,389,bot4,fein_margin,0.05,SUCCESS,12,12,25,
0.1,390,bot4,fein_margin,0.05,SUCCESS,10,10,36,
0.1,391,bot4,fein_margin,0.05,SUCCESS,25,25,41,
0.1,380,bot4,fein_margin,0.05,SUCCESS,45,45,20,
0.1,381,bot4,fein_margin,0.05,SUCCESS,13,13,24,
0.1,382,bot4,fein_margin,0.05,SUCCESS,31,31,33,
0.1,383,bot4,fein_margin,0.05,SUCCESS,9,9,40,
0.1,372,bot4,fein_margin,0.05,SUCCESS,35,35,35,
0.1,373,bot4,fein_margin,0.05,SUCCESS,53,53,41,
0.1,374,bot4,fein_margin,0.05,SUCCESS,24,24,44,
0.1,375,bot4,fein_margin,0.05,SUCCESS,8,8,46,
0.1,376,bot4,fein_margin,0.05,SUCCESS,30,30,5,
0.1,377,bot4,fein_margin,0.05,SUCCESS,8,8,19,
0.1,378,bot4,fein_margin,0.05,SUCCESS,39,39,18,
0.1,379,bot4,fein_margin,0.05,SUCCESS,52,52,42,
0.1,412,bot4,fein_margin,0.05,SUCCESS,21,21,43,
0.1,413,bot4,fein_margin,0.05,SUCCESS,13,13,31,
0.1,414,bot4,fein_margin,0.05,SUCCESS,34,34,21,
0.1,415,bot4,fein_margin,0.05,SUCCESS,13,13,40,
0.1,392,bot4,fein_margin,0.05,SUCCESS,23,23,16,
0.1,393,bot4,fein_margin,0.05,SUCCESS,49,49,34,
0.1,394,bot4,fein_margin,0.05,SUCCESS,33,33,46,
0.1,395,bot4,fein_margin,0.05,SUCCESS,26,26,66,
0.1,396,bot4,fein_margin,0.05,SUCCESS,10,10,44,
0.1,397,bot4,fein_margin,0.05,SUCCESS,9,9,27,
0.1,398,bot4,fein_margin,0.05,SUCCESS,55,55,40,
0.1,399,bot4,fein_margin,0.05,SUCCESS,9,9,49,
0.1,416,bot4,fein_margin,0.05,SUCCESS,18,18,40,
0.1,417,bot4,fein_margin,0.05,SUCCESS,5,5,18,
0.1,418,bot4,fein_margin,0.05,SUCCESS,13,13,42,
0.1,419,bot4,fein_margin,0.05,SUCCESS,10,10,43,
0.1,404,bot4,fein_margin,0.05,SUCCESS,41,41,43,
0.1,405,bot4,fein_margin,0.05,SUCCESS,35,35,32,
0.1,406,bot4,fein_margin,0.05,SUCCESS,45,45,51,
0.1,407,bot4,fein_margin,0.05,SUCCESS,30,30,46,
0.1,384,bot4,fein_margin,0.05,SUCCESS,6,6,28,
0.1,385,bot4,fein_margin,0.05,SUCCESS,48,48,48,
0.1,386,bot4,fein_margin,0.05,SUCCESS,47,47,34,
0.1,387,bot4,fein_margin,0.05,SUCCESS,60,60,25,
0.1,400,bot4,fein_margin,0.05,SUCCESS,39,39,37,
0.1,401,bot4,fein_margin,0.05,SUCCESS,37,37,48,
0.1,402,bot4,fein_margin,0.05,SUCCESS,25,25,16,
0.1,403,bot4,fein_margin,0.05,BUTTON_BURNED,25,37,7,
0.1,428,bot4,fein_margin,0.05,SUCCESS,5,5,65,
0.1,429,bot4,fein_margin,0.05,SUCCESS,20,20,21,
0.1,430,bot4,fein_margin,0.05,SUCCESS,22,22,12,
0.1,431,bot4,fein_margin,0.05,SUCCESS,5,5,40,
0.1,408,bot4,fein_margin,0.05,SUCCESS,58,58,52,
0.1,409,bot4,fein_margin,0.05,SUCCESS,26,26,19,
0.1,410,bot4,fein_margin,0.05,SUCCESS,46,46,54,
0.1,411,bot4,fein_margin,0.05,SUCCESS,28,28,13,
0.1,420,bot4,fein_margin,0.05,SUCCESS,28,28,30,
0.1,421,bot4,fein_margin,0.05,SUCCESS,47,47,10,
0.1,422,bot4,fein_margin,0.05,SUCCESS,7,7,24,
0.1,423,bot4,fein_margin,0.05,SUCCESS,42,42,42,
0.1,440,bot4,fein_margin,0.05,SUCCESS,12,12,36,
0.1,441,bot4,fein_margin,0.05,SUCCESS,23,23,24,
0.1,442,bot4,fein_margin,0.05,SUCCESS,40,40,17,
0.1,443,bot4,fein_margin,0.05,SUCCESS,28,28,16,
0.1,436,bot4,fein_margin,0.05,SUCCESS,23,23,31,
0.1,437,bot4,fein_margin,0.05,SUCCESS,20,20,62,
0.1,438,bot4,fein_margin,0.05,SUCCESS,30,30,25,
0.1,439,bot4,fein_margin,0.05,SUCCESS,61,61,49,
0.1,448,bot4,fein_margin,0.05,SUCCESS,53,53,61,
0.1,449,bot4,fein_margin,0.05,SUCCESS,38,38,48,
0.1,450,bot4,fein_margin,0.05,SUCCESS,18,18,14,
0.1,451,bot4,fein_margin,0.05,SUCCESS,30,30,56,
0.1,452,bot4,fein_margin,0.05,SUCCESS,39,39,17,
0.1,453,bot4,fein_margin,0.05,SUCCESS,26,26,17,
0.1,454,bot4,fein_margin,0.05,SUCCESS,36,36,40,
0.1,455,bot4,fein_margin,0.05,SUCCESS,54,54,41,
0.1,424,bot4,fein_margin,0.05,SUCCESS,60,60,39,
0.1,425,bot4,fein_margin,0.05,SUCCESS,37,37,33,
0.1,426,bot4,fein_margin,0.05,SUCCESS,42,42,16,
0.1,427,bot4,fein_margin,0.05,SUCCESS,55,55,40,
0.1,464,bot4,fein_margin,0.05,SUCCESS,49,49,42,
0.1,465,bot4,fein_margin,0.05,SUCCESS,15,15,51,
0.1,466,bot4,fein_margin,0.05,SUCCESS,31,31,12,
0.1,467,bot4,fein_margin,0.05,SUCCESS,17,17,13,
0.1,456,bot4,fein_margin,0.05,SUCCESS,17,17,13,
0.1,457,bot4,fein_margin,0.05,SUCCESS,37,37,18,
0.1,458,bot4,fein_margin,0.05,SUCCESS,36,36,40,
0.1,459,bot4,fein_margin,0.05,SUCCESS,34,34,22,
0.1,432,bot4,fein_margin,0.05,SUCCESS,49,49,21,
0.1,433,bot4,fein_margin,0.05,SUCCESS,19,19,16,
0.1,434,bot4,fein_margin,0.05,SUCCESS,31,31,25,
0.1,435,bot4,fein_margin,0.05,SUCCESS,70,52,16,
0.1,444,bot4,fein_margin,0.05,SUCCESS,24,24,48,
0.1,445,bot4,fein_margin,0.05,SUCCESS,14,14,21,
0.1,446,bot4,fein_margin,0.05,SUCCESS,35,35,63,
0.1,447,bot4,fein_margin,0.05,SUCCESS,79,45,16,
0.1,460,bot4,fein_margin,0.05,SUCCESS,24,24,34,
0.1,461,bot4,fein_margin,0.05,SUCCESS,40,40,19,
0.1,462,bot4,fein_margin,0.05,SUCCESS,46,46,17,
0.1,463,bot4,fein_margin,0.05,GAVE_UP,37,15,5,1
0.1,468,bot4,fein_margin,0.05,SUCCESS,37,37,12,
0.1,469,bot4,fein_margin,0.05,SUCCESS,37,37,20,
0.1,470,bot4,fein_margin,0.05,SUCCESS,20,20,25,
0.1,471,bot4,fein_margin,0.05,SUCCESS,46,46,30,
0.1,472,bot4,fein_margin,0.05,SUCCESS,24,24,18,
0.1,473,bot4,fein_margin,0.05,SUCCESS,23,23,24,
0.1,474,bot4,fein_margin,0.05,SUCCESS,35,35,28,
0.1,475,bot4,fein_margin,0.05,SUCCESS,49,49,48,
0.1,484,bot4,fein_margin,0.05,SUCCESS,41,41,53,
0.1,485,bot4,fein_margin,0.05,SUCCESS,19,19,32,
0.1,486,bot4,fein_margin,0.05,SUCCESS,19,19,13,
0.1,487,bot4,fein_margin,0.05,SUCCESS,31,31,29,
0.1,476,bot4,fein_margin,0.05,SUCCESS,28,28,34,
0.1,477,bot4,fein_margin,0.05,SUCCESS,21,21,32,
0.1,478,bot4,fein_margin,0.05,SUCCESS,29,29,27,
0.1,479,bot4,fein_margin,0.05,SUCCESS,46,46,60,
0.1,480,bot4,fein_margin,0.05,SUCCESS,43,43,29,
0.1,481,bot4,fein_margin,0.05,SUCCESS,39,39,40,
0.1,482,bot4,fein_margin,0.05,SUCCESS,16,16,53,
0.1,483,bot4,fein_margin,0.05,SUCCESS,25,25,48,
0.1,492,bot4,fein_margin,0.05,SUCCESS,47,47,58,
0.1,493,bot4,fein_margin,0.05,SUCCESS,44,44,48,
0.1,494,bot4,fein_margin,0.05,SUCCESS,15,15,31,
0.1,495,bot4,fein_margin,0.05,SUCCESS,15,15,23,
0.2,0,bot4,fein_margin,0.05,SUCCESS,17,17,39,
0.2,1,bot4,fein_margin,0.05,SUCCESS,14,14,68,
0.2,2,bot4,fein_margin,0.05,SUCCESS,35,35,29,
0.2,3,bot4,fein_margin,0.05,SUCCESS,24,24,22,
0.1,488,bot4,fein_margin,0.05,SUCCESS,47,45,15,
0.1,489,bot4,fein_margin,0.05,SUCCESS,30,30,55,
0.1,490,bot4,fein_margin,0.05,SUCCESS,19,19,19,
0.1,491,bot4,fein_margin,0.05,SUCCESS,8,8,13,
0.2,12,bot4,fein_margin,0.05,SUCCESS,30,30,24,
0.2,13,bot4,fein_margin,0.05,SUCCESS,16,16,62,
0.2,14,bot4,fein_margin,0.05,SUCCESS,28,28,49,
0.2,15,bot4,fein_margin,0.05,SUCCESS,13,13,30,
0.2,4,bot4,fein_margin,0.05,SUCCESS,41,41,26,4
0.2,5,bot4,fein_margin,0.05,SUCCESS,24,24,19,
0.2,6,bot4,fein_margin,0.05,SUCCESS,5,5,19,
0.2,7,bot4,fein_margin,0.05,SUCCESS,29,27,20,
0.1,496,bot4,fein_margin,0.05,SUCCESS,43,43,28,
0.1,497,bot4,fein_margin,0.05,SUCCESS,24,24,39,
0.1,498,bot4,fein_margin,0.05,SUCCESS,64,54,20,
0.1,499,bot4,fein_margin,0.05,SUCCESS,53,53,47,
0.2,20,bot4,fein_margin,0.05,SUCCESS,43,43,16,
0.2,21,bot4,fein_margin,0.05,SUCCESS,17,17,55,
0.2,22,bot4,fein_margin,0.05,SUCCESS,15,15,33,
0.2,23,bot4,fein_margin,0.05,SUCCESS,33,33,41,
0.2,8,bot4,fein_margin,0.05,SUCCESS,25,25,43,
0.2,9,bot4,fein_margin,0.05,SUCCESS,39,39,20,
0.2,10,bot4,fein_margin,0.05,SUCCESS,41,41,33,
0.2,11,bot4,fein_margin,0.05,SUCCESS,48,48,31,
0.2,32,bot4,fein_margin,0.05,SUCCESS,13,13,24,
0.2,33,bot4,fein_margin,0.05,BUTTON_BURNED,28,31,7,11
0.2,34,bot4,fein_margin,0.05,BUTTON_BURNED,38,39,9,
0.2,35,bot4,fein_margin,0.05,SUCCESS,38,38,45,
0.2,24,bot4,fein_margin,0.05,SUCCESS,65,65,27,
0.2,25,bot4,fein_margin,0.05,SUCCESS,36,36,49,
0.2,26,bot4,fein_margin,0.05,SUCCESS,22,22,59,
0.2,27,bot4,fein_margin,0.05,SUCCESS,23,23,41,
0.2,16,bot4,fein_margin,0.05,SUCCESS,35,35,57,
0.2,17,bot4,fein_margin,0.05,SUCCESS,19,19,22,
0.2,18,bot4,fein_margin,0.05,SUCCESS,64,64,58,
0.2,19,bot4,fein_margin,0.05,SUCCESS,49,49,33,
0.2,28,bot4,fein_margin,0.05,SUCCESS,20,20,23,
0.2,29,bot4,fein_margin,0.05,GAVE_UP,9,41,7,1
0.2,30,bot4,fein_margin,0.05,SUCCESS,41,41,14,
0.2,31,bot4,fein_margin,0.05,SUCCESS,68,68,44,
0.2,48,bot4,fein_margin,0.05,SUCCESS,17,17,37,
0.2,49,bot4,fein_margin,0.05,SUCCESS,3,3,29,
0.2,50,bot4,fein_margin,0.05,SUCCESS,32,32,48,
0.2,51,bot4,fein_margin,0.05,SUCCESS,31,31,40,
0.2,60,bot4,fein_margin,0.05,SUCCESS,38,38,48,
0.2,61,bot4,fein_margin,0.05,SUCCESS,11,11,36,
0.2,62,bot4,fein_margin,0.05,SUCCESS,24,24,14,
0.2,63,bot4,fein_margin,0.05,BUTTON_BURNED,9,28,3,1
0.2,44,bot4,fein_margin,0.05,SUCCESS,49,49,51,
0.2,45,bot4,fein_margin,0.05,SUCCESS,34,34,37,
0.2,46,bot4,fein_margin,0.05,SUCCESS,22,22,33,
0.2,47,bot4,fein_margin,0.05,SUCCESS,48,48,25,
0.2,40,bot4,fein_margin,0.05,SUCCESS,54,54,34,
0.2,41,bot4,fein_margin,0.05,SUCCESS,26,26,18,
0.2,42,bot4,fein_margin,0.05,SUCCESS,27,27,73,
0.2,43,bot4,fein_margin,0.05,SUCCESS,49,49,26,
0.2,52,bot4,fein_margin,0.05,SUCCESS,25,25,27,
0.2,53,bot4,fein_margin,0.05,SUCCESS,36,36,39,
0.2,54,bot4,fein_margin,0.05,SUCCESS,51,51,39,
0.2,55,bot4,fein_margin,0.05,SUCCESS,5,5,31,
0.2,36,bot4,fein_margin,0.05,SUCCESS,19,19,39,
0.2,37,bot4,fein_margin,0.05,SUCCESS,54,54,26,
0.2,38,bot4,fein_margin,0.05,SUCCESS,37,37,35,
0.2,39,bot4,fein_margin,0.05,SUCCESS,60,60,46,
0.2,68,bot4,fein_margin,0.05,SUCCESS,3,3,13,
0.2,69,bot4,fein_margin,0.05,SUCCESS,24,24,24,
0.2,70,bot4,fein_margin,0.05,SUCCESS,24,24,23,
0.2,71,bot4,fein_margin,0.05,GAVE_UP,51,46,13,21
0.2,64,bot4,fein_margin,0.05,SUCCESS,56,56,60,
0.2,65,bot4,fein_margin,0.05,SUCCESS,2,2,58,
0.2,66,bot4,fein_margin,0.05,SUCCESS,48,48,28,
0.2,67,bot4,fein_margin,0.05,SUCCESS,27,27,61,
0.2,56,bot4,fein_margin,0.05,BUTTON_BURNED,28,54,7,8
0.2,57,bot4,fein_margin,0.05,SUCCESS,20,20,26,
0.2,58,bot4,fein_margin,0.05,SUCCESS,47,47,12,
0.2,59,bot4,fein_margin,0.05,SUCCESS,52,52,44,
0.2,72,bot4,fein_margin,0.05,SUCCESS,30,30,22,
0.2,73,bot4,fein_margin,0.05,SUCCESS,45,45,62,
0.2,74,bot4,fein_margin,0.05,SUCCESS,30,30,43,
0.2,75,bot4,fein_margin,0.05,SUCCESS,31,31,21,
0.2,84,bot4,fein_margin,0.05,SUCCESS,40,40,14,
0.2,85,bot4,fein_margin,0.05,SUCCESS,29,29,47,
0.2,86,bot4,fein_margin,0.05,SUCCESS,16,16,47,
0.2,87,bot4,fein_margin,0.05,SUCCESS,40,40,38,
0.2,76,bot4,fein_margin,0.05,SUCCESS,39,39,50,
0.2,77,bot4,fein_margin,0.05,BUTTON_BURNED,29,34,6,
0.2,78,bot4,fein_margin,0.05,SUCCESS,51,51,48,
0.2,79,bot4,fein_margin,0.05,SUCCESS,18,18,10,
0.2,96,bot4,fein_margin,0.05,SUCCESS,53,53,20,
0.2,97,bot4,fein_margin,0.05,SUCCESS,13,13,14,
0.2,98,bot4,fein_margin,0.05,SUCCESS,28,28,27,
0.2,99,bot4,fein_margin,0.05,SUCCESS,26,26,52,
0.2,80,bot4,fein_margin,0.05,SUCCESS,57,57,31,
0.2,81,bot4,fein_margin,0.05,SUCCESS,43,43,56,
0.2,82,bot4,fein_margin,0.05,SUCCESS,43,43,19,
0.2,83,bot4,fein_margin,0.05,SUCCESS,43,43,39,
0.2,112,bot4,fein_margin,0.05,SUCCESS,7,7,9,
0.2,113,bot4,fein_margin,0.05,SUCCESS,23,23,13,
0.2,114,bot4,fein_margin,0.05,SUCCESS,27,27,31,
0.2,115,bot4,fein_margin,0.05,SUCCESS,48,48,49,
0.2,92,bot4,fein_margin,0.05,SUCCESS,46,46,37,
0.2,93,bot4,fein_margin,0.05,SUCCESS,38,38,42,
0.2,94,bot4,fein_margin,0.05,SUCCESS,21,21,30,
0.2,95,bot4,fein_margin,0.05,SUCCESS,46,46,38,
0.2,100,bot4,fein_margin,0.05,SUCCESS,56,36,16,
0.2,101,bot4,fein_margin,0.05,SUCCESS,46,46,47,
0.2,102,bot4,fein_margin,0.05,SUCCESS,48,48,38,
0.2,103,bot4,fein_margin,0.05,GAVE_UP,23,68,9,5
0.2,108,bot4,fein_margin,0.05,SUCCESS,47,47,45,
0.2,109,bot4,fein_margin,0.05,SUCCESS,5,5,18,
0.2,110,bot4,fein_margin,0.05,SUCCESS,28,28,39,
0.2,111,bot4,fein_margin,0.05,SUCCESS,59,57,31,
0.2,120,bot4,fein_margin,0.05,SUCCESS,48,46,32,
0.2,121,bot4,fein_margin,0.05,SUCCESS,27,27,19,
0.2,122,bot4,fein_margin,0.05,SUCCESS,7,7,56,
0.2,123,bot4,fein_margin,0.05,SUCCESS,31,31,35,
0.2,88,bot4,fein_margin,0.05,GAVE_UP,57,55,13,
0.2,89,bot4,fein_margin,0.05,SUCCESS,58,50,32,
0.2,90,bot4,fein_margin,0.05,SUCCESS,51,51,40,
0.2,91,bot4,fein_margin,0.05,SUCCESS,23,23,48,
0.2,116,bot4,fein_margin,0.05,SUCCESS,9,9,34,
0.2,117,bot4,fein_margin,0.05,SUCCESS,31,31,39,
0.2,118,bot4,fein_margin,0.05,SUCCESS,37,37,31,
0.2,119,bot4,fein_margin,0.05,SUCCESS,65,65,59,
0.2,128,bot4,fein_margin,0.05,SUCCESS,39,39,35,
0.2,129,bot4,fein_margin,0.05,BUTTON_BURNED,6,56,4,
0.2,130,bot4,fein_margin,0.05,SUCCESS,41,41,46,
0.2,131,bot4,fein_margin,0.05,SUCCESS,34,34,22,
0.2,124,bot4,fein_margin,0.05,SUCCESS,17,17,36,
0.2,125,bot4,fein_margin,0.05,SUCCESS,31,31,28,
0.2,126,bot4,fein_margin,0.05,SUCCESS,39,39,37,
0.2,127,bot4,fein_margin,0.05,SUCCESS,28,28,11,
0.2,104,bot4,fein_margin,0.05,SUCCESS,24,24,32,
0.2,105,bot4,fein_margin,0.05,SUCCESS,47,47,33,
0.2,106,bot4,fein_margin,0.05,BUTTON_BURNED,47,41,10,21
0.2,107,bot4,fein_margin,0.05,SUCCESS,62,40,24,
0.2,132,bot4,fein_margin,0.05,SUCCESS,44,44,35,
0.2,133,bot4,fein_margin,0.05,SUCCESS,53,53,49,
0.2,134,bot4,fein_margin,0.05,SUCCESS,15,15,39,
0.2,135,bot4,fein_margin,0.05,SUCCESS,9,9,29,
0.2,148,bot4,fein_margin,0.05,SUCCESS,33,33,29,
0.2,149,bot4,fein_margin,0.05,SUCCESS,1,1,30,
0.2,150,bot4,fein_margin,0.05,SUCCESS,9,9,39,
0.2,151,bot4,fein_margin,0.05,SUCCESS,22,22,32,
0.2,160,bot4,fein_margin,0.05,SUCCESS,19,19,38,
0.2,161,bot4,fein_margin,0.05,SUCCESS,16,16,10,
0.2,162,bot4,fein_margin,0.05,SUCCESS,3,3,15,
0.2,163,bot4,fein_margin,0.05,SUCCESS,11,11,55,
0.2,144,bot4,fein_margin,0.05,BUTTON_BURNED,22,29,5,1
0.2,145,bot4,fein_margin,0.05,SUCCESS,49,49,37,
0.2,146,bot4,fein_margin,0.05,SUCCESS,29,29,51,
0.2,147,bot4,fein_margin,0.05,SUCCESS,11,11,33,
0.2,140,bot4,fein_margin,0.05,SUCCESS,49,35,19,28
0.2,141,bot4,fein_margin,0.05,SUCCESS,20,20,29,
0.2,142,bot4,fein_margin,0.05,SUCCESS,6,6,10,
0.2,143,bot4,fein_margin,0.05,SUCCESS,32,32,37,
0.2,136,bot4,fein_margin,0.05,SUCCESS,47,47,47,
0.2,137,bot4,fein_margin,0.05,SUCCESS,33,33,15,
0.2,138,bot4,fein_margin,0.05,SUCCESS,20,20,57,
0.2,139,bot4,fein_margin,0.05,SUCCESS,41,41,45,
0.2,164,bot4,fein_margin,0.05,SUCCESS,30,30,35,
0.2,165,bot4,fein_margin,0.05,SUCCESS,23,23,42,
0.2,166,bot4,fein_margin,0.05,SUCCESS,6,6,18,
0.2,167,bot4,fein_margin,0.05,SUCCESS,30,30,32,
0.2,152,bot4,fein_margin,0.05,SUCCESS,63,63,36,
0.2,153,bot4,fein_margin,0.05,BUTTON_BURNED,17,30,5,
0.2,154,bot4,fein_margin,0.05,GAVE_UP,43,56,8,3
0.2,155,bot4,fein_margin,0.05,SUCCESS,15,15,20,
0.2,168,bot4,fein_margin,0.05,SUCCESS,9,9,19,
0.2,169,bot4,fein_margin,0.05,SUCCESS,30,30,20,
0.2,170,bot4,fein_margin,0.05,SUCCESS,11,11,33,
0.2,171,bot4,fein_margin,0.05,SUCCESS,42,42,40,
0.2,156,bot4,fein_margin,0.05,GAVE_UP,33,28,7,5
0.2,157,bot4,fein_margin,0.05,SUCCESS,12,12,40,
0.2,158,bot4,fein_margin,0.05,SUCCESS,33,33,31,
0.2,159,bot4,fein_margin,0.05,SUCCESS,68,40,25,
0.2,176,bot4,fein_margin,0.05,GAVE_UP,29,46,12,9
0.2,177,bot4,fein_margin,0.05,SUCCESS,29,29,28,
0.2,178,bot4,fein_margin,0.05,SUCCESS,1,1,30,
0.2,179,bot4,fein_margin,0.05,SUCCESS,19,19,42,
0.2,184,bot4,fein_margin,0.05,SUCCESS,51,47,27,
0.2,185,bot4,fein_margin,0.05,SUCCESS,12,10,9,
0.2,186,bot4,fein_margin,0.05,GAVE_UP,23,46,3,1
0.2,187,bot4,fein_margin,0.05,SUCCESS,32,32,48,
0.2,172,bot4,fein_margin,0.05,SUCCESS,45,43,30,
0.2,173,bot4,fein_margin,0.05,SUCCESS,43,43,27,
0.2,174,bot4,fein_margin,0.05,SUCCESS,12,12,23,
0.2,175,bot4,fein_margin,0.05,SUCCESS,18,18,19,
0.2,200,bot4,fein_margin,0.05,SUCCESS,31,31,44,
0.2,201,bot4,fein_margin,0.05,SUCCESS,24,24,23,
0.2,202,bot4,fein_margin,0.05,SUCCESS,10,10,28,
0.2,203,bot4,fein_margin,0.05,SUCCESS,28,28,38,
0.2,188,bot4,fein_margin,0.05,SUCCESS,23,23,45,
0.2,189,bot4,fein_margin,0.05,SUCCESS,25,25,54,
0.2,190,bot4,fein_margin,0.05,SUCCESS,48,48,55,
0.2,191,bot4,fein_margin,0.05,SUCCESS,40,40,31,
0.2,180,bot4,fein_margin,0.05,SUCCESS,49,49,45,
0.2,181,bot4,fein_margin,0.05,SUCCESS,24,24,27,
0.2,182,bot4,fein_margin,0.05,SUCCESS,40,40,45,
0.2,183,bot4,fein_margin,0.05,SUCCESS,56,56,48,
0.2,192,bot4,fein_margin,0.05,SUCCESS,18,18,45,
0.2,193,bot4,fein_margin,0.05,SUCCESS,35,35,17,
0.2,194,bot4,fein_margin,0.05,SUCCESS,55,55,64,
0.2,195,bot4,fein_margin,0.05,SUCCESS,40,40,23,
0.2,204,bot4,fein_margin,0.05,SUCCESS,22,22,18,
0.2,205,bot4,fein_margin,0.05,SUCCESS,55,55,33,
0.2,206,bot4,fein_margin,0.05,SUCCESS,29,29,54,
0.2,207,bot4,fein_margin,0.05,SUCCESS,14,14,27,
0.2,196,bot4,fein_margin,0.05,SUCCESS,15,15,30,
0.2,197,bot4,fein_margin,0.05,SUCCESS,51,51,38,2
0.2,198,bot4,fein_margin,0.05,SUCCESS,65,65,25,
0.2,199,bot4,fein_margin,0.05,SUCCESS,52,52,24,
0.2,208,bot4,fein_margin,0.05,SUCCESS,43,43,34,
0.2,209,bot4,fein_margin,0.05,SUCCESS,35,35,61,
0.2,210,bot4,fein_margin,0.05,SUCCESS,31,31,36,
0.2,211,bot4,fein_margin,0.05,SUCCESS,6,6,30,
0.2,212,bot4,fein_margin,0.05,SUCCESS,39,39,50,
0.2,213,bot4,fein_margin,0.05,SUCCESS,35,35,55,
0.2,214,bot4,fein_margin,0.05,SUCCESS,12,12,42,
0.2,215,bot4,fein_margin,0.05,SUCCESS,38,38,21,
0.2,216,bot4,fein_margin,0.05,SUCCESS,45,45,24,
0.2,217,bot4,fein_margin,0.05,SUCCESS,21,21,26,
0.2,218,bot4,fein_margin,0.05,SUCCESS,17,17,54,
0.2,219,bot4,fein_margin,0.05,SUCCESS,56,56,28,
0.2,228,bot4,fein_margin,0.05,SUCCESS,37,37,28,
0.2,229,bot4,fein_margin,0.05,SUCCESS,20,20,22,
0.2,230,bot4,fein_margin,0.05,SUCCESS,35,35,43,
0.2,231,bot4,fein_margin,0.05,SUCCESS,26,26,30,
0.2,224,bot4,fein_margin,0.05,SUCCESS,48,48,54,
0.2,225,bot4,fein_margin,0.05,SUCCESS,24,24,30,
0.2,226,bot4,fein_margin,0.05,SUCCESS,54,54,35,
0.2,227,bot4,fein_margin,0.05,SUCCESS,44,44,42,
0.2,220,bot4,fein_margin,0.05,SUCCESS,26,26,48,
0.2,221,bot4,fein_margin,0.05,SUCCESS,43,43,40,
0.2,222,bot4,fein_margin,0.05,SUCCESS,17,17,40,
0.2,223,bot4,fein_margin,0.05,SUCCESS,46,46,42,
0.2,236,bot4,fein_margin,0.05,SUCCESS,28,28,58,
0.2,237,bot4,fein_margin,0.05,SUCCESS,53,51,48,
0.2,238,bot4,fein_margin,0.05,SUCCESS,24,24,37,
0.2,239,bot4,fein_margin,0.05,SUCCESS,43,43,52,
0.2,248,bot4,fein_margin,0.05,SUCCESS,40,40,45,
0.2,249,bot4,fein_margin,0.05,SUCCESS,23,23,34,
0.2,250,bot4,fein_margin,0.05,SUCCESS,30,30,20,
0.2,251,bot4,fein_margin,0.05,SUCCESS,9,9,43,
0.2,232,bot4,fein_margin,0.05,SUCCESS,42,42,48,
0.2,233,bot4,fein_margin,0.05,SUCCESS,45,45,41,
0.2,234,bot4,fein_margin,0.05,SUCCESS,45,39,35,
0.2,235,bot4,fein_margin,0.05,SUCCESS,29,29,52,
0.2,244,bot4,fein_margin,0.05,SUCCESS,61,61,35,
0.2,245,bot4,fein_margin,0.05,SUCCESS,19,19,70,
0.2,246,bot4,fein_margin,0.05,GAVE_UP,31,24,11,1
0.2,247,bot4,fein_margin,0.05,SUCCESS,32,32,26,
0.2,256,bot4,fein_margin,0.05,GAVE_UP,21,28,13,
0.2,257,bot4,fein_margin,0.05,SUCCESS,10,10,27,
0.2,258,bot4,fein_margin,0.05,SUCCESS,43,43,45,
0.2,259,bot4,fein_margin,0.05,SUCCESS,5,5,15,
0.2,252,bot4,fein_margin,0.05,SUCCESS,34,34,46,
0.2,253,bot4,fein_margin,0.05,SUCCESS,55,55,18,
0.2,254,bot4,fein_margin,0.05,SUCCESS,32,32,19,
0.2,255,bot4,fein_margin,0.05,SUCCESS,16,16,23,
0.2,260,bot4,fein_margin,0.05,SUCCESS,35,35,59,
0.2,261,bot4,fein_margin,0.05,SUCCESS,34,34,40,
0.2,262,bot4,fein_margin,0.05,SUCCESS,36,36,58,
0.2,263,bot4,fein_margin,0.05,SUCCESS,7,7,51,
0.2,240,bot4,fein_margin,0.05,SUCCESS,10,10,39,
0.2,241,bot4,fein_margin,0.05,SUCCESS,28,28,17,
0.2,242,bot4,fein_margin,0.05,SUCCESS,30,30,23,
0.2,243,bot4,fein_margin,0.05,BUTTON_BURNED,75,65,19,
0.2,268,bot4,fein_margin,0.05,SUCCESS,18,18,25,
0.2,269,bot4,fein_margin,0.05,SUCCESS,16,16,52,
0.2,270,bot4,fein_margin,0.05,SUCCESS,58,58,55,
0.2,271,bot4,fein_margin,0.05,SUCCESS,32,32,41,
0.2,272,bot4,fein_margin,0.05,SUCCESS,41,41,32,
0.2,273,bot4,fein_margin,0.05,SUCCESS,19,19,45,
0.2,274,bot4,fein_margin,0.05,SUCCESS,41,41,40,
0.2,275,bot4,fein_margin,0.05,SUCCESS,10,10,12,
0.2,284,bot4,fein_margin,0.05,SUCCESS,4,4,41,
0.2,285,bot4,fein_margin,0.05,SUCCESS,39,39,33,
0.2,286,bot4,fein_margin,0.05,SUCCESS,33,33,40,
0.2,287,bot4,fein_margin,0.05,SUCCESS,19,19,18,
0.2,276,bot4,fein_margin,0.05,SUCCESS,42,42,47,
0.2,277,bot4,fein_margin,0.05,SUCCESS,18,18,15,
0.2,278,bot4,fein_margin,0.05,SUCCESS,38,38,27,
0.2,279,bot4,fein_margin,0.05,SUCCESS,20,20,32,
0.2,288,bot4,fein_margin,0.05,SUCCESS,5,5,12,
0.2,289,bot4,fein_margin,0.05,SUCCESS,19,19,51,
0.2,290,bot4,fein_margin,0.05,SUCCESS,63,63,67,
0.2,291,bot4,fein_margin,0.05,SUCCESS,28,28,45,
0.2,264,bot4,fein_margin,0.05,SUCCESS,51,49,33,
0.2,265,bot4,fein_margin,0.05,SUCCESS,44,42,27,
0.2,266,bot4,fein_margin,0.05,SUCCESS,34,34,15,
0.2,267,bot4,fein_margin,0.05,SUCCESS,42,42,38,
0.2,292,bot4,fein_margin,0.05,SUCCESS,18,18,15,
0.2,293,bot4,fein_margin,0.05,SUCCESS,25,25,53,
0.2,294,bot4,fein_margin,0.05,SUCCESS,46,46,34,
0.2,295,bot4,fein_margin,0.05,SUCCESS,32,32,30,
0.2,300,bot4,fein_margin,0.05,SUCCESS,38,38,51,
0.2,301,bot4,fein_margin,0.05,SUCCESS,36,36,29,
0.2,302,bot4,fein_margin,0.05,SUCCESS,7,7,48,
0.2,303,bot4,fein_margin,0.05,SUCCESS,17,17,48,
0.2,312,bot4,fein_margin,0.05,SUCCESS,13,13,14,
0.2,313,bot4,fein_margin,0.05,SUCCESS,30,30,53,
0.2,314,bot4,fein_margin,0.05,SUCCESS,18,18,40,
0.2,315,bot4,fein_margin,0.05,SUCCESS,23,23,7,
0.2,280,bot4,fein_margin,0.05,SUCCESS,36,36,30,
0.2,281,bot4,fein_margin,0.05,SUCCESS,32,32,35,
0.2,282,bot4,fein_margin,0.05,SUCCESS,51,51,25,
0.2,283,bot4,fein_margin,0.05,SUCCESS,29,29,18,
0.2,316,bot4,fein_margin,0.05,SUCCESS,9,9,37,
0.2,317,bot4,fein_margin,0.05,SUCCESS,6,6,42,
0.2,318,bot4,fein_margin,0.05,SUCCESS,17,17,39,
0.2,319,bot4,fein_margin,0.05,SUCCESS,36,36,12,
0.2,296,bot4,fein_margin,0.05,SUCCESS,62,56,45,
0.2,297,bot4,fein_margin,0.05,SUCCESS,49,49,32,
0.2,298,bot4,fein_margin,0.05,SUCCESS,16,16,49,
0.2,299,bot4,fein_margin,0.05,SUCCESS,22,22,17,
0.2,324,bot4,fein_margin,0.05,SUCCESS,37,37,30,
0.2,325,bot4,fein_margin,0.05,SUCCESS,23,23,40,
0.2,326,bot4,fein_margin,0.05,SUCCESS,9,9,50,
0.2,327,bot4,fein_margin,0.05,SUCCESS,38,38,28,
0.2,320,bot4,fein_margin,0.05,SUCCESS,34,34,44,
0.2,321,bot4,fein_margin,0.05,BUTTON_BURNED,5,41,1,1
0.2,322,bot4,fein_margin,0.05,GAVE_UP,40,46,12,12
0.2,323,bot4,fein_margin,0.05,SUCCESS,44,42,33,
0.2,304,bot4,fein_margin,0.05,SUCCESS,51,49,21,
0.2,305,bot4,fein_margin,0.05,SUCCESS,20,20,16,
0.2,306,bot4,fein_margin,0.05,SUCCESS,47,47,38,
0.2,307,bot4,fein_margin,0.05,GAVE_UP,37,54,12,1
0.2,328,bot4,fein_margin,0.05,SUCCESS,38,38,37,
0.2,329,bot4,fein_margin,0.05,SUCCESS,34,34,45,
0.2,330,bot4,fein_margin,0.05,SUCCESS,42,42,17,
0.2,331,bot4,fein_margin,0.05,SUCCESS,50,50,31,
0.2,308,bot4,fein_margin,0.05,BUTTON_BURNED,54,54,11,29
0.2,309,bot4,fein_margin,0.05,SUCCESS,50,50,39,
0.2,310,bot4,fein_margin,0.05,SUCCESS,22,22,8,
0.2,311,bot4,fein_margin,0.05,SUCCESS,51,51,49,
0.2,344,bot4,fein_margin,0.05,SUCCESS,40,40,50,
0.2,345,bot4,fein_margin,0.05,SUCCESS,25,25,23,
0.2,346,bot4,fein_margin,0.05,SUCCESS,21,21,43,
0.2,347,bot4,fein_margin,0.05,SUCCESS,34,34,15,
0.2,336,bot4,fein_margin,0.05,SUCCESS,33,33,10,
0.2,337,bot4,fein_margin,0.05,SUCCESS,56,56,30,
0.2,338,bot4,fein_margin,0.05,SUCCESS,24,24,51,
0.2,339,bot4,fein_margin,0.05,SUCCESS,13,13,29,
0.2,332,bot4,fein_margin,0.05,SUCCESS,49,49,52,
0.2,333,bot4,fein_margin,0.05,SUCCESS,6,6,53,
0.2,334,bot4,fein_margin,0.05,SUCCESS,60,56,36,
0.2,335,bot4,fein_margin,0.05,SUCCESS,43,43,23,
0.2,352,bot4,fein_margin,0.05,SUCCESS,52,52,56,
0.2,353,bot4,fein_margin,0.05,SUCCESS,31,31,42,
0.2,354,bot4,fein_margin,0.05,SUCCESS,11,11,31,
0.2,355,bot4,fein_margin,0.05,SUCCESS,30,30,39,
0.2,348,bot4,fein_margin,0.05,SUCCESS,11,11,25,
0.2,349,bot4,fein_margin,0.05,BUTTON_BURNED,17,24,4,
0.2,350,bot4,fein_margin,0.05,SUCCESS,52,52,51,
0.2,351,bot4,fein_margin,0.05,SUCCESS,47,47,17,
0.2,360,bot4,fein_margin,0.05,SUCCESS,29,29,29,
0.2,361,bot4,fein_margin,0.05,SUCCESS,37,37,55,
0.2,362,bot4,fein_margin,0.05,SUCCESS,21,21,41,
0.2,363,bot4,fein_margin,0.05,GAVE_UP,27,23,11,
0.2,356,bot4,fein_margin,0.05,SUCCESS,20,20,39,
0.2,357,bot4,fein_margin,0.05,SUCCESS,27,27,28,
0.2,358,bot4,fein_margin,0.05,SUCCESS,46,44,24,
0.2,359,bot4,fein_margin,0.05,BUTTON_BURNED,30,46,9,
0.2,340,bot4,fein_margin,0.05,SUCCESS,50,38,20,20
0.2,341,bot4,fein_margin,0.05,BUTTON_BURNED,29,47,8,3
0.2,342,bot4,fein_margin,0.05,SUCCESS,53,53,22,
0.2,343,bot4,fein_margin,0.05,SUCCESS,31,31,24,
0.2,380,bot4,fein_margin,0.05,SUCCESS,45,45,20,
0.2,381,bot4,fein_margin,0.05,SUCCESS,13,13,24,
0.2,382,bot4,fein_margin,0.05,SUCCESS,31,31,33,
0.2,383,bot4,fein_margin,0.05,SUCCESS,9,9,40,
0.2,388,bot4,fein_margin,0.05,SUCCESS,25,25,46,
0.2,389,bot4,fein_margin,0.05,SUCCESS,12,12,25,
0.2,390,bot4,fein_margin,0.05,SUCCESS,10,10,36,
0.2,391,bot4,fein_margin,0.05,SUCCESS,25,25,41,
0.2,364,bot4,fein_margin,0.05,SUCCESS,2,2,9,
0.2,365,bot4,fein_margin,0.05,SUCCESS,57,57,32,
0.2,366,bot4,fein_margin,0.05,SUCCESS,49,49,27,
0.2,367,bot4,fein_margin,0.05,SUCCESS,13,13,52,
0.2,368,bot4,fein_margin,0.05,SUCCESS,48,48,32,
0.2,369,bot4,fein_margin,0.05,SUCCESS,32,32,31,
0.2,370,bot4,fein_margin,0.05,SUCCESS,23,23,23,
0.2,371,bot4,fein_margin,0.05,SUCCESS,37,37,43,
0.2,376,bot4,fein_margin,0.05,BUTTON_BURNED,14,30,5,
0.2,377,bot4,fein_margin,0.05,SUCCESS,8,8,19,
0.2,378,bot4,fein_margin,0.05,SUCCESS,39,39,18,3
0.2,379,bot4,fein_margin,0.05,SUCCESS,52,52,42,
0.2,372,bot4,fein_margin,0.05,SUCCESS,35,35,35,
0.2,373,bot4,fein_margin,0.05,SUCCESS,53,53,41,
0.2,374,bot4,fein_margin,0.05,SUCCESS,24,24,44,
0.2,375,bot4,fein_margin,0.05,SUCCESS,8,8,46,
0.2,412,bot4,fein_margin,0.05,SUCCESS,21,21,43,
0.2,413,bot4,fein_margin,0.05,SUCCESS,13,13,31,
0.2,414,bot4,fein_margin,0.05,SUCCESS,34,34,21,
0.2,415,bot4,fein_margin,0.05,SUCCESS,13,13,40,
0.2,416,bot4,fein_margin,0.05,SUCCESS,18,18,40,
0.2,417,bot4,fein_margin,0.05,SUCCESS,5,5,18,
0.2,418,bot4,fein_margin,0.05,SUCCESS,13,13,42,
0.2,419,bot4,fein_margin,0.05,SUCCESS,10,10,43,
0.2,396,bot4,fein_margin,0.05,SUCCESS,10,10,44,
0.2,397,bot4,fein_margin,0.05,SUCCESS,9,9,27,
0.2,398,bot4,fein_margin,0.05,SUCCESS,55,55,40,
0.2,399,bot4,fein_margin,0.05,SUCCESS,9,9,49,
0.2,400,bot4,fein_margin,0.05,SUCCESS,39,39,37,
0.2,401,bot4,fein_margin,0.05,SUCCESS,37,37,48,
0.2,402,bot4,fein_margin,0.05,SUCCESS,25,25,16,
0.2,403,bot4,fein_margin,0.05,BUTTON_BURNED,18,37,7,3
0.2,392,bot4,fein_margin,0.05,SUCCESS,23,23,16,
0.2,393,bot4,fein_margin,0.05,SUCCESS,49,49,34,
0.2,394,bot4,fein_margin,0.05,SUCCESS,33,33,46,
0.2,395,bot4,fein_margin,0.05,SUCCESS,26,26,66,
0.2,428,bot4,fein_margin,0.05,SUCCESS,5,5,65,
0.2,429,bot4,fein_margin,0.05,SUCCESS,20,20,21,
0.2,430,bot4,fein_margin,0.05,SUCCESS,22,22,12,
0.2,431,bot4,fein_margin,0.05,SUCCESS,5,5,40,
0.2,404,bot4,fein_margin,0.05,SUCCESS,41,41,43,
0.2,405,bot4,fein_margin,0.05,SUCCESS,35,35,32,
0.2,406,bot4,fein_margin,0.05,SUCCESS,45,45,51,
0.2,407,bot4,fein_margin,0.05,SUCCESS,30,30,46,
0.2,384,bot4,fein_margin,0.05,SUCCESS,6,6,28,
0.2,385,bot4,fein_margin,0.05,SUCCESS,48,48,48,
0.2,386,bot4,fein_margin,0.05,SUCCESS,47,47,34,
0.2,387,bot4,fein_margin,0.05,SUCCESS,60,60,25,
0.2,408,bot4,fein_margin,0.05,SUCCESS,58,58,52,
0.2,409,bot4,fein_margin,0.05,SUCCESS,26,26,19,
0.2,410,bot4,fein_margin,0.05,SUCCESS,46,46,54,
0.2,411,bot4,fein_margin,0.05,SUCCESS,28,28,13,12
0.2,420,bot4,fein_margin,0.05,SUCCESS,28,28,30,
0.2,421,bot4,fein_margin,0.05,BUTTON_BURNED,49,47,10,27
0.2,422,bot4,fein_margin,0.05,SUCCESS,7,7,24,
0.2,423,bot4,fein_margin,0.05,SUCCESS,42,42,42,
0.2,436,bot4,fein_margin,0.05,SUCCESS,23,23,31,
0.2,437,bot4,fein_margin,0.05,SUCCESS,20,20,62,
0.2,438,bot4,fein_margin,0.05,SUCCESS,30,30,25,
0.2,439,bot4,fein_margin,0.05,SUCCESS,61,61,49,
0.2,440,bot4,fein_margin,0.05,SUCCESS,12,12,36,
0.2,441,bot4,fein_margin,0.05,SUCCESS,23,23,24,
0.2,442,bot4,fein_margin,0.05,SUCCESS,40,40,17,
0.2,443,bot4,fein_margin,0.05,SUCCESS,28,28,16,
0.2,448,bot4,fein_margin,0.05,SUCCESS,53,53,61,
0.2,449,bot4,fein_margin,0.05,SUCCESS,38,38,48,
0.2,450,bot4,fein_margin,0.05,SUCCESS,18,18,14,
0.2,451,bot4,fein_margin,0.05,SUCCESS,30,30,56,
0.2,464,bot4,fein_margin,0.05,SUCCESS,49,49,42,
0.2,465,bot4,fein_margin,0.05,SUCCESS,15,15,51,
0.2,466,bot4,fein_margin,0.05,SUCCESS,31,31,12,
0.2,467,bot4,fein_margin,0.05,SUCCESS,17,17,13,
0.2,444,bot4,fein_margin,0.05,SUCCESS,24,24,48,
0.2,445,bot4,fein_margin,0.05,SUCCESS,14,14,21,
0.2,446,bot4,fein_margin,0.05,SUCCESS,35,35,63,
0.2,447,bot4,fein_margin,0.05,BUTTON_BURNED,55,45,16,30
0.2,452,bot4,fein_margin,0.05,SUCCESS,39,39,17,
0.2,453,bot4,fein_margin,0.05,SUCCESS,26,26,17,
0.2,454,bot4,fein_margin,0.05,SUCCESS,36,36,40,
0.2,455,bot4,fein_margin,0.05,SUCCESS,54,54,41,
0.2,456,bot4,fein_margin,0.05,SUCCESS,17,17,13,
0.2,457,bot4,fein_margin,0.05,SUCCESS,37,37,18,
0.2,458,bot4,fein_margin,0.05,SUCCESS,36,36,40,
0.2,459,bot4,fein_margin,0.05,SUCCESS,34,34,22,
0.2,424,bot4,fein_margin,0.05,SUCCESS,60,60,39,
0.2,425,bot4,fein_margin,0.05,SUCCESS,37,37,33,
0.2,426,bot4,fein_margin,0.05,SUCCESS,42,42,16,
0.2,427,bot4,fein_margin,0.05,SUCCESS,55,55,40,
0.2,432,bot4,fein_margin,0.05,SUCCESS,57,49,21,
0.2,433,bot4,fein_margin,0.05,SUCCESS,19,19,16,
0.2,434,bot4,fein_margin,0.05,SUCCESS,31,31,25,
0.2,435,bot4,fein_margin,0.05,SUCCESS,70,52,16,
0.2,468,bot4,fein_margin,0.05,SUCCESS,37,37,12,
0.2,469,bot4,fein_margin,0.05,SUCCESS,37,37,20,
0.2,470,bot4,fein_margin,0.05,SUCCESS,20,20,25,
0.2,471,bot4,fein_margin,0.05,SUCCESS,46,46,30,
0.2,460,bot4,fein_margin,0.05,SUCCESS,24,24,34,
0.2,461,bot4,fein_margin,0.05,SUCCESS,40,40,19,
0.2,462,bot4,fein_margin,0.05,SUCCESS,64,46,17,
0.2,463,bot4,fein_margin,0.05,GAVE_UP,5,15,5,1
0.2,472,bot4,fein_margin,0.05,SUCCESS,24,24,18,
0.2,473,bot4,fein_margin,0.05,SUCCESS,23,23,24,
0.2,474,bot4,fein_margin,0.05,SUCCESS,35,35,28,
0.2,475,bot4,fein_margin,0.05,SUCCESS,49,49,48,
0.2,480,bot4,fein_margin,0.05,SUCCESS,43,43,29,
0.2,481,bot4,fein_margin,0.05,SUCCESS,39,39,40,
0.2,482,bot4,fein_margin,0.05,SUCCESS,16,16,53,
0.2,483,bot4,fein_margin,0.05,SUCCESS,25,25,48,
0.2,476,bot4,fein_margin,0.05,SUCCESS,28,28,34,
0.2,477,bot4,fein_margin,0.05,SUCCESS,21,21,32,
0.2,478,bot4,fein_margin,0.05,SUCCESS,29,29,27,
0.2,479,bot4,fein_margin,0.05,SUCCESS,46,46,60,
0.2,484,bot4,fein_margin,0.05,SUCCESS,41,41,53,
0.2,485,bot4,fein_margin,0.05,SUCCESS,19,19,32,
0.2,486,bot4,fein_margin,0.05,SUCCESS,19,19,13,
0.2,487,bot4,fein_margin,0.05,SUCCESS,31,31,29,
0.3,4,bot4,fein_margin,0.05,GAVE_UP,19,41,26,1
0.3,5,bot4,fein_margin,0.05,SUCCESS,24,24,19,
0.3,6,bot4,fein_margin,0.05,SUCCESS,5,5,19,
0.3,7,bot4,fein_margin,0.05,SUCCESS,29,27,20,
0.3,0,bot4,fein_margin,0.05,SUCCESS,17,17,39,
0.3,1,bot4,fein_margin,0.05,SUCCESS,14,14,68,
0.3,2,bot4,fein_margin,0.05,SUCCESS,35,35,29,
0.3,3,bot4,fein_margin,0.05,SUCCESS,24,24,22,
0.2,492,bot4,fein_margin,0.05,SUCCESS,47,47,58,
0.2,493,bot4,fein_margin,0.05,SUCCESS,44,44,48,
0.2,494,bot4,fein_margin,0.05,SUCCESS,15,15,31,
0.2,495,bot4,fein_margin,0.05,SUCCESS,15,15,23,
0.3,12,bot4,fein_margin,0.05,SUCCESS,30,30,24,
0.3,13,bot4,fein_margin,0.05,SUCCESS,16,16,62,
0.3,14,bot4,fein_margin,0.05,SUCCESS,28,28,49,
0.3,15,bot4,fein_margin,0.05,SUCCESS,13,13,30,
0.2,488,bot4,fein_margin,0.05,SUCCESS,61,45,15,38
0.2,489,bot4,fein_margin,0.05,SUCCESS,30,30,55,
0.2,490,bot4,fein_margin,0.05,SUCCESS,19,19,19,
0.2,491,bot4,fein_margin,0.05,SUCCESS,8,8,13,
0.3,20,bot4,fein_margin,0.05,SUCCESS,43,43,16,22
0.3,21,bot4,fein_margin,0.05,SUCCESS,17,17,55,
0.3,22,bot4,fein_margin,0.05,SUCCESS,15,15,33,
0.3,23,bot4,fein_margin,0.05,SUCCESS,33,33,41,
0.2,496,bot4,fein_margin,0.05,SUCCESS,43,43,28,
0.2,497,bot4,fein_margin,0.05,SUCCESS,24,24,39,
0.2,498,bot4,fein_margin,0.05,BURNED,58,54,20,41
0.2,499,bot4,fein_margin,0.05,SUCCESS,53,53,47,
0.3,32,bot4,fein_margin,0.05,SUCCESS,13,13,24,
0.3,33,bot4,fein_margin,0.05,BUTTON_BURNED,19,31,7,1
0.3,34,bot4,fein_margin,0.05,BUTTON_BURNED,23,39,9,
0.3,35,bot4,fein_margin,0.05,SUCCESS,38,38,45,
0.3,8,bot4,fein_margin,0.05,SUCCESS,25,25,43,
0.3,9,bot4,fein_margin,0.05,SUCCESS,39,39,20,1
0.3,10,bot4,fein_margin,0.05,SUCCESS,41,41,33,
0.3,11,bot4,fein_margin,0.05,SUCCESS,48,48,31,
0.3,16,bot4,fein_margin,0.05,SUCCESS,35,35,57,
0.3,17,bot4,fein_margin,0.05,SUCCESS,19,19,22,
0.3,18,bot4,fein_margin,0.05,SUCCESS,64,64,58,
0.3,19,bot4,fein_margin,0.05,SUCCESS,49,49,33,
0.3,24,bot4,fein_margin,0.05,SUCCESS,65,65,27,
0.3,25,bot4,fein_margin,0.05,SUCCESS,36,36,49,
0.3,26,bot4,fein_margin,0.05,SUCCESS,22,22,59,
0.3,27,bot4,fein_margin,0.05,SUCCESS,23,23,41,
0.3,48,bot4,fein_margin,0.05,SUCCESS,17,17,37,
0.3,49,bot4,fein_margin,0.05,SUCCESS,3,3,29,
0.3,50,bot4,fein_margin,0.05,SUCCESS,32,32,48,
0.3,51,bot4,fein_margin,0.05,SUCCESS,31,31,40,
0.3,28,bot4,fein_margin,0.05,SUCCESS,20,20,23,
0.3,29,bot4,fein_margin,0.05,GAVE_UP,14,41,7,1
0.3,30,bot4,fein_margin,0.05,BUTTON_BURNED,34,41,14,
0.3,31,bot4,fein_margin,0.05,SUCCESS,68,68,44,
0.3,60,bot4,fein_margin,0.05,SUCCESS,38,38,48,
0.3,61,bot4,fein_margin,0.05,SUCCESS,11,11,36,
0.3,62,bot4,fein_margin,0.05,SUCCESS,26,24,14,
0.3,63,bot4,fein_margin,0.05,BUTTON_BURNED,7,28,3,1
0.3,52,bot4,fein_margin,0.05,SUCCESS,25,25,27,
0.3,53,bot4,fein_margin,0.05,SUCCESS,36,36,39,
0.3,54,bot4,fein_margin,0.05,SUCCESS,51,51,39,
0.3,55,bot4,fein_margin,0.05,SUCCESS,5,5,31,
0.3,36,bot4,fein_margin,0.05,SUCCESS,19,19,39,
0.3,37,bot4,fein_margin,0.05,SUCCESS,54,54,26,31
0.3,38,bot4,fein_margin,0.05,SUCCESS,37,37,35,
0.3,39,bot4,fein_margin,0.05,SUCCESS,60,60,46,
0.3,68,bot4,fein_margin,0.05,SUCCESS,3,3,13,
0.3,69,bot4,fein_margin,0.05,SUCCESS,24,24,24,
0.3,70,bot4,fein_margin,0.05,SUCCESS,24,24,23,
0.3,71,bot4,fein_margin,0.05,GAVE_UP,35,46,13,6
0.3,40,bot4,fein_margin,0.05,SUCCESS,54,54,34,
0.3,41,bot4,fein_margin,0.05,SUCCESS,26,26,18,
0.3,42,bot4,fein_margin,0.05,SUCCESS,27,27,73,
0.3,43,bot4,fein_margin,0.05,SUCCESS,49,49,26,
0.3,44,bot4,fein_margin,0.05,SUCCESS,49,49,51,
0.3,45,bot4,fein_margin,0.05,SUCCESS,34,34,37,
0.3,46,bot4,fein_margin,0.05,SUCCESS,22,22,33,
0.3,47,bot4,fein_margin,0.05,SUCCESS,48,48,25,
0.3,56,bot4,fein_margin,0.05,BUTTON_BURNED,17,54,7,1
0.3,57,bot4,fein_margin,0.05,SUCCESS,20,20,26,
0.3,58,bot4,fein_margin,0.05,BUTTON_BURNED,33,47,12,
0.3,59,bot4,fein_margin,0.05,SUCCESS,52,52,44,
0.3,64,bot4,fein_margin,0.05,SUCCESS,56,56,60,
0.3,65,bot4,fein_margin,0.05,SUCCESS,2,2,58,
0.3,66,bot4,fein_margin,0.05,SUCCESS,48,48,28,
0.3,67,bot4,fein_margin,0.05,SUCCESS,27,27,61,
0.3,84,bot4,fein_margin,0.05,BUTTON_BURNED,35,40,14,
0.3,85,bot4,fein_margin,0.05,SUCCESS,29,29,47,
0.3,86,bot4,fein_margin,0.05,SUCCESS,16,16,47,
0.3,87,bot4,fein_margin,0.05,SUCCESS,40,40,38,
0.3,96,bot4,fein_margin,0.05,GAVE_UP,35,53,20,18
0.3,97,bot4,fein_margin,0.05,SUCCESS,13,13,14,
0.3,98,bot4,fein_margin,0.05,SUCCESS,28,28,27,
0.3,99,bot4,fein_margin,0.05,SUCCESS,26,26,52,
0.3,72,bot4,fein_margin,0.05,SUCCESS,30,30,22,
0.3,73,bot4,fein_margin,0.05,SUCCESS,45,45,62,
0.3,74,bot4,fein_margin,0.05,SUCCESS,30,30,43,
0.3,75,bot4,fein_margin,0.05,SUCCESS,31,31,21,
0.3,76,bot4,fein_margin,0.05,SUCCESS,39,39,50,
0.3,77,bot4,fein_margin,0.05,BUTTON_BURNED,12,34,6,
0.3,78,bot4,fein_margin,0.05,SUCCESS,55,51,48,
0.3,79,bot4,fein_margin,0.05,SUCCESS,18,18,10,
0.3,112,bot4,fein_margin,0.05,SUCCESS,7,7,9,
0.3,113,bot4,fein_margin,0.05,SUCCESS,23,23,13,
0.3,114,bot4,fein_margin,0.05,SUCCESS,27,27,31,
0.3,115,bot4,fein_margin,0.05,SUCCESS,48,48,49,
0.3,92,bot4,fein_margin,0.05,SUCCESS,46,46,37,
0.3,93,bot4,fein_margin,0.05,SUCCESS,38,38,42,
0.3,94,bot4,fein_margin,0.05,SUCCESS,21,21,30,
0.3,95,bot4,fein_margin,0.05,SUCCESS,46,46,38,
0.3,80,bot4,fein_margin,0.05,SUCCESS,57,57,31,
0.3,81,bot4,fein_margin,0.05,SUCCESS,43,43,56,
0.3,82,bot4,fein_margin,0.05,SUCCESS,43,43,19,
0.3,83,bot4,fein_margin,0.05,SUCCESS,43,43,39,
0.3,88,bot4,fein_margin,0.05,BUTTON_BURNED,40,55,13,14
0.3,89,bot4,fein_margin,0.05,SUCCESS,58,50,32,
0.3,90,bot4,fein_margin,0.05,SUCCESS,51,51,40,
0.3,91,bot4,fein_margin,0.05,SUCCESS,23,23,48,
0.3,100,bot4,fein_margin,0.05,SUCCESS,56,36,16,21
0.3,101,bot4,fein_margin,0.05,SUCCESS,46,46,47,
0.3,102,bot4,fein_margin,0.05,SUCCESS,48,48,38,
0.3,103,bot4,fein_margin,0.05,GAVE_UP,20,68,9,1
0.3,108,bot4,fein_margin,0.05,SUCCESS,47,47,45,
0.3,109,bot4,fein_margin,0.05,SUCCESS,5,5,18,
0.3,110,bot4,fein_margin,0.05,SUCCESS,28,28,39,
0.3,111,bot4,fein_margin,0.05,BURNED,41,57,31,19
0.3,116,bot4,fein_margin,0.05,SUCCESS,9,9,34,
0.3,117,bot4,fein_margin,0.05,SUCCESS,31,31,39,
0.3,118,bot4,fein_margin,0.05,SUCCESS,37,37,31,
0.3,119,bot4,fein_margin,0.05,SUCCESS,65,65,59,
0.3,120,bot4,fein_margin,0.05,SUCCESS,48,46,32,
0.3,121,bot4,fein_margin,0.05,SUCCESS,27,27,19,
0.3,122,bot4,fein_margin,0.05,SUCCESS,7,7,56,
0.3,123,bot4,fein_margin,0.05,SUCCESS,31,31,35,
0.3,128,bot4,fein_margin,0.05,SUCCESS,39,39,35,
0.3,129,bot4,fein_margin,0.05,BUTTON_BURNED,6,56,4,6
0.3,130,bot4,fein_margin,0.05,SUCCESS,41,41,46,
0.3,131,bot4,fein_margin,0.05,SUCCESS,34,34,22,
0.3,104,bot4,fein_margin,0.05,SUCCESS,24,24,32,
0.3,105,bot4,fein_margin,0.05,SUCCESS,47,47,33,
0.3,106,bot4,fein_margin,0.05,BUTTON_BURNED,34,41,10,7
0.3,107,bot4,fein_margin,0.05,GAVE_UP,68,40,24,44
0.3,132,bot4,fein_margin,0.05,SUCCESS,44,44,35,
0.3,133,bot4,fein_margin,0.05,SUCCESS,53,53,49,
0.3,134,bot4,fein_margin,0.05,SUCCESS,15,15,39,
0.3,135,bot4,fein_margin,0.05,SUCCESS,9,9,29,
0.3,124,bot4,fein_margin,0.05,SUCCESS,17,17,36,
0.3,125,bot4,fein_margin,0.05,SUCCESS,31,31,28,
0.3,126,bot4,fein_margin,0.05,SUCCESS,39,39,37,
0.3,127,bot4,fein_margin,0.05,BURNED,27,28,11,
0.3,160,bot4,fein_margin,0.05,SUCCESS,19,19,38,
0.3,161,bot4,fein_margin,0.05,BUTTON_BURNED,14,16,10,
0.3,162,bot4,fein_margin,0.05,SUCCESS,3,3,15,
0.3,163,bot4,fein_margin,0.05,SUCCESS,11,11,55,
0.3,148,bot4,fein_margin,0.05,SUCCESS,33,33,29,
0.3,149,bot4,fein_margin,0.05,SUCCESS,1,1,30,
0.3,150,bot4,fein_margin,0.05,SUCCESS,9,9,39,
0.3,151,bot4,fein_margin,0.05,SUCCESS,22,22,32,
0.3,140,bot4,fein_margin,0.05,GAVE_UP,47,35,19,25
0.3,141,bot4,fein_margin,0.05,SUCCESS,20,20,29,
0.3,142,bot4,fein_margin,0.05,SUCCESS,6,6,10,
0.3,143,bot4,fein_margin,0.05,SUCCESS,32,32,37,
0.3,144,bot4,fein_margin,0.05,BUTTON_BURNED,22,29,5,1
0.3,145,bot4,fein_margin,0.05,SUCCESS,49,49,37,
0.3,146,bot4,fein_margin,0.05,SUCCESS,29,29,51,
0.3,147,bot4,fein_margin,0.05,SUCCESS,11,11,33,
0.3,136,bot4,fein_margin,0.05,SUCCESS,47,47,47,
0.3,137,bot4,fein_margin,0.05,SUCCESS,39,33,15,
0.3,138,bot4,fein_margin,0.05,SUCCESS,20,20,57,
0.3,139,bot4,fein_margin,0.05,SUCCESS,41,41,45,
0.3,164,bot4,fein_margin,0.05,SUCCESS,30,30,35,
0.3,165,bot4,fein_margin,0.05,SUCCESS,23,23,42,
0.3,166,bot4,fein_margin,0.05,SUCCESS,6,6,18,
0.3,167,bot4,fein_margin,0.05,SUCCESS,30,30,32,
0.3,168,bot4,fein_margin,0.05,SUCCESS,9,9,19,
0.3,169,bot4,fein_margin,0.05,SUCCESS,30,30,20,
0.3,170,bot4,fein_margin,0.05,SUCCESS,11,11,33,
0.3,171,bot4,fein_margin,0.05,SUCCESS,42,42,40,
0.3,156,bot4,fein_margin,0.05,BUTTON_BURNED,14,28,7,1
0.3,157,bot4,fein_margin,0.05,SUCCESS,12,12,40,
0.3,158,bot4,fein_margin,0.05,SUCCESS,33,33,31,
0.3,159,bot4,fein_margin,0.05,GAVE_UP,58,40,25,15
0.3,152,bot4,fein_margin,0.05,SUCCESS,83,63,36,
0.3,153,bot4,fein_margin,0.05,GAVE_UP,18,30,5,
0.3,154,bot4,fein_margin,0.05,GAVE_UP,16,56,8,1
0.3,155,bot4,fein_margin,0.05,SUCCESS,15,15,20,
0.3,176,bot4,fein_margin,0.05,GAVE_UP,39,46,12,1
0.3,177,bot4,fein_margin,0.05,SUCCESS,29,29,28,
0.3,178,bot4,fein_margin,0.05,SUCCESS,1,1,30,
0.3,179,bot4,fein_margin,0.05,SUCCESS,19,19,42,
0.3,184,bot4,fein_margin,0.05,SUCCESS,51,47,27,10
0.3,185,bot4,fein_margin,0.05,SUCCESS,12,10,9,
0.3,186,bot4,fein_margin,0.05,GAVE_UP,17,46,3,1
0.3,187,bot4,fein_margin,0.05,SUCCESS,32,32,48,
0.3,180,bot4,fein_margin,0.05,SUCCESS,49,49,45,
0.3,181,bot4,fein_margin,0.05,SUCCESS,24,24,27,
0.3,182,bot4,fein_margin,0.05,SUCCESS,40,40,45,
0.3,183,bot4,fein_margin,0.05,SUCCESS,56,56,48,
0.3,172,bot4,fein_margin,0.05,SUCCESS,45,43,30,
0.3,173,bot4,fein_margin,0.05,SUCCESS,51,43,27,
0.3,174,bot4,fein_margin,0.05,SUCCESS,12,12,23,
0.3,175,bot4,fein_margin,0.05,SUCCESS,18,18,19,
0.3,188,bot4,fein_margin,0.05,SUCCESS,23,23,45,
0.3,189,bot4,fein_margin,0.05,SUCCESS,25,25,54,
0.3,190,bot4,fein_margin,0.05,SUCCESS,48,48,55,
0.3,191,bot4,fein_margin,0.05,SUCCESS,40,40,31,
0.3,200,bot4,fein_margin,0.05,SUCCESS,31,31,44,
0.3,201,bot4,fein_margin,0.05,SUCCESS,24,24,23,
0.3,202,bot4,fein_margin,0.05,SUCCESS,10,10,28,
0.3,203,bot4,fein_margin,0.05,SUCCESS,28,28,38,
0.3,208,bot4,fein_margin,0.05,SUCCESS,43,43,34,
0.3,209,bot4,fein_margin,0.05,SUCCESS,35,35,61,
0.3,210,bot4,fein_margin,0.05,SUCCESS,31,31,36,
0.3,211,bot4,fein_margin,0.05,SUCCESS,6,6,30,
0.3,212,bot4,fein_margin,0.05,SUCCESS,39,39,50,
0.3,213,bot4,fein_margin,0.05,SUCCESS,35,35,55,
0.3,214,bot4,fein_margin,0.05,SUCCESS,12,12,42,
0.3,215,bot4,fein_margin,0.05,SUCCESS,38,38,21,
0.3,204,bot4,fein_margin,0.05,SUCCESS,22,22,18,
0.3,205,bot4,fein_margin,0.05,SUCCESS,55,55,33,
0.3,206,bot4,fein_margin,0.05,SUCCESS,29,29,54,
0.3,207,bot4,fein_margin,0.05,SUCCESS,14,14,27,
0.3,192,bot4,fein_margin,0.05,SUCCESS,18,18,45,
0.3,193,bot4,fein_margin,0.05,BUTTON_BURNED,51,35,17,
0.3,194,bot4,fein_margin,0.05,SUCCESS,55,55,64,
0.3,195,bot4,fein_margin,0.05,SUCCESS,40,40,23,
0.3,220,bot4,fein_margin,0.05,SUCCESS,26,26,48,
0.3,221,bot4,fein_margin,0.05,SUCCESS,43,43,40,
0.3,222,bot4,fein_margin,0.05,SUCCESS,17,17,40,
0.3,223,bot4,fein_margin,0.05,SUCCESS,46,46,42,
0.3,196,bot4,fein_margin,0.05,SUCCESS,15,15,30,
0.3,197,bot4,fein_margin,0.05,SUCCESS,57,51,38,
0.3,198,bot4,fein_margin,0.05,SUCCESS,65,65,25,
0.3,199,bot4,fein_margin,0.05,SUCCESS,52,52,24,
0.3,224,bot4,fein_margin,0.05,SUCCESS,48,48,54,
0.3,225,bot4,fein_margin,0.05,SUCCESS,24,24,30,
0.3,226,bot4,fein_margin,0.05,SUCCESS,54,54,35,
0.3,227,bot4,fein_margin,0.05,SUCCESS,44,44,42,
0.3,228,bot4,fein_margin,0.05,SUCCESS,37,37,28,
0.3,229,bot4,fein_margin,0.05,SUCCESS,20,20,22,
0.3,230,bot4,fein_margin,0.05,SUCCESS,35,35,43,
0.3,231,bot4,fein_margin,0.05,SUCCESS,26,26,30,
0.3,216,bot4,fein_margin,0.05,SUCCESS,45,45,24,
0.3,217,bot4,fein_margin,0.05,SUCCESS,21,21,26,
0.3,218,bot4,fein_margin,0.05,SUCCESS,17,17,54,
0.3,219,bot4,fein_margin,0.05,BURNED,69,56,28,54
0.3,248,bot4,fein_margin,0.05,SUCCESS,40,40,45,
0.3,249,bot4,fein_margin,0.05,SUCCESS,23,23,34,
0.3,250,bot4,fein_margin,0.05,SUCCESS,30,30,20,
0.3,251,bot4,fein_margin,0.05,SUCCESS,9,9,43,
0.3,236,bot4,fein_margin,0.05,SUCCESS,28,28,58,
0.3,237,bot4,fein_margin,0.05,SUCCESS,53,51,48,
0.3,238,bot4,fein_margin,0.05,SUCCESS,24,24,37,
0.3,239,bot4,fein_margin,0.05,SUCCESS,43,43,52,
0.3,240,bot4,fein_margin,0.05,SUCCESS,10,10,39,
0.3,241,bot4,fein_margin,0.05,SUCCESS,28,28,17,
0.3,242,bot4,fein_margin,0.05,SUCCESS,30,30,23,
0.3,243,bot4,fein_margin,0.05,BUTTON_BURNED,48,65,19,23
0.3,256,bot4,fein_margin,0.05,GAVE_UP,8,28,13,
0.3,257,bot4,fein_margin,0.05,SUCCESS,10,10,27,
0.3,258,bot4,fein_margin,0.05,SUCCESS,43,43,45,
0.3,259,bot4,fein_margin,0.05,SUCCESS,5,5,15,
0.3,232,bot4,fein_margin,0.05,SUCCESS,42,42,48,
0.3,233,bot4,fein_margin,0.05,SUCCESS,45,45,41,
0.3,234,bot4,fein_margin,0.05,SUCCESS,57,39,35,
0.3,235,bot4,fein_margin,0.05,SUCCESS,29,29,52,
0.3,244,bot4,fein_margin,0.05,SUCCESS,61,61,35,
0.3,245,bot4,fein_margin,0.05,SUCCESS,19,19,70,
0.3,246,bot4,fein_margin,0.05,GAVE_UP,23,24,11,1
0.3,247,bot4,fein_margin,0.05,SUCCESS,32,32,26,
0.3,260,bot4,fein_margin,0.05,SUCCESS,35,35,59,
0.3,261,bot4,fein_margin,0.05,SUCCESS,34,34,40,
0.3,262,bot4,fein_margin,0.05,SUCCESS,36,36,58,
0.3,263,bot4,fein_margin,0.05,SUCCESS,7,7,51,
0.3,252,bot4,fein_margin,0.05,SUCCESS,34,34,46,
0.3,253,bot4,fein_margin,0.05,SUCCESS,55,55,18,
0.3,254,bot4,fein_margin,0.05,SUCCESS,46,32,19,
0.3,255,bot4,fein_margin,0.05,SUCCESS,16,16,23,
0.3,268,bot4,fein_margin,0.05,SUCCESS,18,18,25,
0.3,269,bot4,fein_margin,0.05,SUCCESS,16,16,52,
0.3,270,bot4,fein_margin,0.05,SUCCESS,58,58,55,
0.3,271,bot4,fein_margin,0.05,SUCCESS,32,32,41,
0.3,272,bot4,fein_margin,0.05,SUCCESS,41,41,32,
0.3,273,bot4,fein_margin,0.05,SUCCESS,19,19,45,
0.3,274,bot4,fein_margin,0.05,SUCCESS,41,41,40,
0.3,275,bot4,fein_margin,0.05,SUCCESS,10,10,12,
0.3,276,bot4,fein_margin,0.05,SUCCESS,42,42,47,
0.3,277,bot4,fein_margin,0.05,SUCCESS,18,18,15,
0.3,278,bot4,fein_margin,0.05,SUCCESS,38,38,27,
0.3,279,bot4,fein_margin,0.05,SUCCESS,20,20,32,
0.3,284,bot4,fein_margin,0.05,SUCCESS,4,4,41,
0.3,285,bot4,fein_margin,0.05,SUCCESS,39,39,33,
0.3,286,bot4,fein_margin,0.05,SUCCESS,33,33,40,
0.3,287,bot4,fein_margin,0.05,SUCCESS,19,19,18,
0.3,288,bot4,fein_margin,0.05,SUCCESS,5,5,12,
0.3,289,bot4,fein_margin,0.05,SUCCESS,19,19,51,
0.3,290,bot4,fein_margin,0.05,SUCCESS,63,63,67,
0.3,291,bot4,fein_margin,0.05,SUCCESS,28,28,45,
0.3,264,bot4,fein_margin,0.05,SUCCESS,51,49,33,
0.3,265,bot4,fein_margin,0.05,SUCCESS,44,42,27,
0.3,266,bot4,fein_margin,0.05,SUCCESS,34,34,15,
0.3,267,bot4,fein_margin,0.05,SUCCESS,42,42,38,
0.3,292,bot4,fein_margin,0.05,SUCCESS,18,18,15,
0.3,293,bot4,fein_margin,0.05,SUCCESS,25,25,53,
0.3,294,bot4,fein_margin,0.05,SUCCESS,46,46,34,
0.3,295,bot4,fein_margin,0.05,SUCCESS,32,32,30,
0.3,280,bot4,fein_margin,0.05,SUCCESS,36,36,30,
0.3,281,bot4,fein_margin,0.05,SUCCESS,32,32,35,
0.3,282,bot4,fein_margin,0.05,SUCCESS,51,51,25,
0.3,283,bot4,fein_margin,0.05,SUCCESS,29,29,18,
0.3,312,bot4,fein_margin,0.05,SUCCESS,13,13,14,
0.3,313,bot4,fein_margin,0.05,SUCCESS,30,30,53,
0.3,314,bot4,fein_margin,0.05,SUCCESS,18,18,40,
0.3,315,bot4,fein_margin,0.05,BUTTON_BURNED,16,23,7,
0.3,300,bot4,fein_margin,0.05,SUCCESS,38,38,51,
0.3,301,bot4,fein_margin,0.05,SUCCESS,36,36,29,
0.3,302,bot4,fein_margin,0.05,SUCCESS,7,7,48,
0.3,303,bot4,fein_margin,0.05,SUCCESS,17,17,48,
0.3,296,bot4,fein_margin,0.05,SUCCESS,62,56,45,
0.3,297,bot4,fein_margin,0.05,SUCCESS,49,49,32,
0.3,298,bot4,fein_margin,0.05,SUCCESS,16,16,49,
0.3,299,bot4,fein_margin,0.05,SUCCESS,22,22,17,
0.3,316,bot4,fein_margin,0.05,SUCCESS,9,9,37,
0.3,317,bot4,fein_margin,0.05,SUCCESS,6,6,42,
0.3,318,bot4,fein_margin,0.05,SUCCESS,17,17,39,
0.3,319,bot4,fein_margin,0.05,BUTTON_BURNED,28,36,12,6
0.3,324,bot4,fein_margin,0.05,SUCCESS,37,37,30,
0.3,325,bot4,fein_margin,0.05,SUCCESS,23,23,40,
0.3,326,bot4,fein_margin,0.05,SUCCESS,9,9,50,
0.3,327,bot4,fein_margin,0.05,SUCCESS,38,38,28,
0.3,320,bot4,fein_margin,0.05,SUCCESS,34,34,44,
0.3,321,bot4,fein_margin,0.05,BUTTON_BURNED,1,41,1,1
0.3,322,bot4,fein_margin,0.05,GAVE_UP,28,46,12,5
0.3,323,bot4,fein_margin,0.05,SUCCESS,44,42,33,
0.3,304,bot4,fein_margin,0.05,SUCCESS,51,49,21,
0.3,305,bot4,fein_margin,0.05,SUCCESS,20,20,16,
0.3,306,bot4,fein_margin,0.05,SUCCESS,47,47,38,
0.3,307,bot4,fein_margin,0.05,GAVE_UP,21,54,12,1
0.3,328,bot4,fein_margin,0.05,SUCCESS,38,38,37,
0.3,329,bot4,fein_margin,0.05,SUCCESS,34,34,45,
0.3,330,bot4,fein_margin,0.05,SUCCESS,42,42,17,
0.3,331,bot4,fein_margin,0.05,SUCCESS,50,50,31,
0.3,308,bot4,fein_margin,0.05,BUTTON_BURNED,45,54,11,13
0.3,309,bot4,fein_margin,0.05,SUCCESS,50,50,39,
0.3,310,bot4,fein_margin,0.05,SUCCESS,22,22,8,
0.3,311,bot4,fein_margin,0.05,SUCCESS,51,51,49,
0.3,332,bot4,fein_margin,0.05,SUCCESS,49,49,52,
0.3,333,bot4,fein_margin,0.05,SUCCESS,6,6,53,
0.3,334,bot4,fein_margin,0.05,SUCCESS,62,56,36,
0.3,335,bot4,fein_margin,0.05,SUCCESS,43,43,23,
0.3,336,bot4,fein_margin,0.05,SUCCESS,33,33,10,
0.3,337,bot4,fein_margin,0.05,SUCCESS,56,56,30,
0.3,338,bot4,fein_margin,0.05,SUCCESS,24,24,51,
0.3,339,bot4,fein_margin,0.05,SUCCESS,13,13,29,
0.3,344,bot4,fein_margin,0.05,SUCCESS,40,40,50,
0.3,345,bot4,fein_margin,0.05,SUCCESS,25,25,23,
0.3,346,bot4,fein_margin,0.05,SUCCESS,21,21,43,
0.3,347,bot4,fein_margin,0.05,SUCCESS,34,34,15,
0.3,348,bot4,fein_margin,0.05,SUCCESS,11,11,25,
0.3,349,bot4,fein_margin,0.05,BUTTON_BURNED,14,24,4,
0.3,350,bot4,fein_margin,0.05,SUCCESS,52,52,51,
0.3,351,bot4,fein_margin,0.05,BUTTON_BURNED,36,47,17,
0.3,360,bot4,fein_margin,0.05,SUCCESS,29,29,29,
0.3,361,bot4,fein_margin,0.05,SUCCESS,37,37,55,
0.3,362,bot4,fein_margin,0.05,SUCCESS,21,21,41,
0.3,363,bot4,fein_margin,0.05,SUCCESS,23,23,11,4
0.3,352,bot4,fein_margin,0.05,SUCCESS,52,52,56,
0.3,353,bot4,fein_margin,0.05,SUCCESS,31,31,42,
0.3,354,bot4,fein_margin,0.05,SUCCESS,11,11,31,
0.3,355,bot4,fein_margin,0.05,SUCCESS,30,30,39,
0.3,356,bot4,fein_margin,0.05,SUCCESS,20,20,39,
0.3,357,bot4,fein_margin,0.05,SUCCESS,27,27,28,
0.3,358,bot4,fein_margin,0.05,SUCCESS,46,44,24,17
0.3,359,bot4,fein_margin,0.05,BUTTON_BURNED,34,46,9,16
0.3,340,bot4,fein_margin,0.05,SUCCESS,50,38,20,27
0.3,341,bot4,fein_margin,0.05,GAVE_UP,21,47,8,1
0.3,342,bot4,fein_margin,0.05,SUCCESS,53,53,22,
0.3,343,bot4,fein_margin,0.05,SUCCESS,31,31,24,
0.3,376,bot4,fein_margin,0.05,BUTTON_BURNED,7,30,5,
0.3,377,bot4,fein_margin,0.05,SUCCESS,8,8,19,
0.3,378,bot4,fein_margin,0.05,GAVE_UP,16,39,18,2
0.3,379,bot4,fein_margin,0.05,SUCCESS,52,52,42,
0.3,380,bot4,fein_margin,0.05,SUCCESS,45,45,20,
0.3,381,bot4,fein_margin,0.05,SUCCESS,13,13,24,
0.3,382,bot4,fein_margin,0.05,SUCCESS,31,31,33,
0.3,383,bot4,fein_margin,0.05,SUCCESS,9,9,40,
0.3,388,bot4,fein_margin,0.05,SUCCESS,25,25,46,
0.3,389,bot4,fein_margin,0.05,SUCCESS,12,12,25,
0.3,390,bot4,fein_margin,0.05,SUCCESS,10,10,36,
0.3,391,bot4,fein_margin,0.05,SUCCESS,25,25,41,
0.3,368,bot4,fein_margin,0.05,SUCCESS,48,48,32,
0.3,369,bot4,fein_margin,0.05,SUCCESS,32,32,31,
0.3,370,bot4,fein_margin,0.05,SUCCESS,23,23,23,
0.3,371,bot4,fein_margin,0.05,SUCCESS,37,37,43,
0.3,372,bot4,fein_margin,0.05,SUCCESS,35,35,35,
0.3,373,bot4,fein_margin,0.05,SUCCESS,53,53,41,
0.3,374,bot4,fein_margin,0.05,SUCCESS,24,24,44,
0.3,375,bot4,fein_margin,0.05,SUCCESS,8,8,46,
0.3,364,bot4,fein_margin,0.05,SUCCESS,2,2,9,
0.3,365,bot4,fein_margin,0.05,SUCCESS,67,57,32,
0.3,366,bot4,fein_margin,0.05,SUCCESS,49,49,27,
0.3,367,bot4,fein_margin,0.05,SUCCESS,13,13,52,
0.3,396,bot4,fein_margin,0.05,SUCCESS,10,10,44,
0.3,397,bot4,fein_margin,0.05,SUCCESS,9,9,27,
0.3,398,bot4,fein_margin,0.05,SUCCESS,55,55,40,
0.3,399,bot4,fein_margin,0.05,SUCCESS,9,9,49,
0.3,392,bot4,fein_margin,0.05,SUCCESS,23,23,16,
0.3,393,bot4,fein_margin,0.05,SUCCESS,49,49,34,
0.3,394,bot4,fein_margin,0.05,SUCCESS,33,33,46,
0.3,395,bot4,fein_margin,0.05,SUCCESS,26,26,66,
0.3,384,bot4,fein_margin,0.05,SUCCESS,6,6,28,
0.3,385,bot4,fein_margin,0.05,SUCCESS,48,48,48,
0.3,386,bot4,fein_margin,0.05,SUCCESS,47,47,34,
0.3,387,bot4,fein_margin,0.05,GAVE_UP,50,60,25,
0.3,400,bot4,fein_margin,0.05,SUCCESS,39,39,37,
0.3,401,bot4,fein_margin,0.05,SUCCESS,37,37,48,
0.3,402,bot4,fein_margin,0.05,SUCCESS,25,25,16,
0.3,403,bot4,fein_margin,0.05,BUTTON_BURNED,19,37,7,1
0.3,412,bot4,fein_margin,0.05,SUCCESS,21,21,43,
0.3,413,bot4,fein_margin,0.05,SUCCESS,13,13,31,
0.3,414,bot4,fein_margin,0.05,SUCCESS,34,34,21,
0.3,415,bot4,fein_margin,0.05,SUCCESS,13,13,40,
0.3,416,bot4,fein_margin,0.05,SUCCESS,18,18,40,
0.3,417,bot4,fein_margin,0.05,SUCCESS,5,5,18,
0.3,418,bot4,fein_margin,0.05,SUCCESS,13,13,42,
0.3,419,bot4,fein_margin,0.05,SUCCESS,10,10,43,
0.3,404,bot4,fein_margin,0.05,SUCCESS,41,41,43,
0.3,405,bot4,fein_margin,0.05,SUCCESS,35,35,32,
0.3,406,bot4,fein_margin,0.05,SUCCESS,45,45,51,
0.3,407,bot4,fein_margin,0.05,SUCCESS,30,30,46,
0.3,428,bot4,fein_margin,0.05,SUCCESS,5,5,65,
0.3,429,bot4,fein_margin,0.05,SUCCESS,20,20,21,
0.3,430,bot4,fein_margin,0.05,BURNED,20,22,12,
0.3,431,bot4,fein_margin,0.05,SUCCESS,5,5,40,
0.3,420,bot4,fein_margin,0.05,SUCCESS,28,28,30,
0.3,421,bot4,fein_margin,0.05,BURNED,39,47,10,15
0.3,422,bot4,fein_margin,0.05,SUCCESS,7,7,24,
0.3,423,bot4,fein_margin,0.05,SUCCESS,42,42,42,
0.3,440,bot4,fein_margin,0.05,SUCCESS,12,12,36,
0.3,441,bot4,fein_margin,0.05,SUCCESS,23,23,24,
0.3,442,bot4,fein_margin,0.05,BURNED,32,40,17,5
0.3,443,bot4,fein_margin,0.05,SUCCESS,28,28,16,
0.3,408,bot4,fein_margin,0.05,SUCCESS,58,58,52,
0.3,409,bot4,fein_margin,0.05,SUCCESS,26,26,19,
0.3,410,bot4,fein_margin,0.05,SUCCESS,46,46,54,
0.3,411,bot4,fein_margin,0.05,GAVE_UP,27,28,13,4
0.3,436,bot4,fein_margin,0.05,SUCCESS,23,23,31,
0.3,437,bot4,fein_margin,0.05,SUCCESS,20,20,62,
0.3,438,bot4,fein_margin,0.05,SUCCESS,30,30,25,
0.3,439,bot4,fein_margin,0.05,SUCCESS,61,61,49,
0.3,444,bot4,fein_margin,0.05,SUCCESS,24,24,48,
0.3,445,bot4,fein_margin,0.05,SUCCESS,14,14,21,
0.3,446,bot4,fein_margin,0.05,SUCCESS,35,35,63,
0.3,447,bot4,fein_margin,0.05,GAVE_UP,40,45,16,17
0.3,448,bot4,fein_margin,0.05,SUCCESS,53,53,61,
0.3,449,bot4,fein_margin,0.05,SUCCESS,38,38,48,
0.3,450,bot4,fein_margin,0.05,SUCCESS,18,18,14,
0.3,451,bot4,fein_margin,0.05,SUCCESS,30,30,56,
0.3,464,bot4,fein_margin,0.05,SUCCESS,49,49,42,
0.3,465,bot4,fein_margin,0.05,SUCCESS,15,15,51,
0.3,466,bot4,fein_margin,0.05,SUCCESS,31,31,12,
0.3,467,bot4,fein_margin,0.05,SUCCESS,17,17,13,
0.3,432,bot4,fein_margin,0.05,SUCCESS,55,49,21,
0.3,433,bot4,fein_margin,0.05,SUCCESS,19,19,16,
0.3,434,bot4,fein_margin,0.05,SUCCESS,31,31,25,
0.3,435,bot4,fein_margin,0.05,BUTTON_BURNED,58,52,16,34
0.3,452,bot4,fein_margin,0.05,SUCCESS,39,39,17,
0.3,453,bot4,fein_margin,0.05,SUCCESS,26,26,17,
0.3,454,bot4,fein_margin,0.05,SUCCESS,36,36,40,
0.3,455,bot4,fein_margin,0.05,SUCCESS,54,54,41,
0.3,424,bot4,fein_margin,0.05,SUCCESS,60,60,39,
0.3,425,bot4,fein_margin,0.05,SUCCESS,37,37,33,
0.3,426,bot4,fein_margin,0.05,SUCCESS,42,42,16,
0.3,427,bot4,fein_margin,0.05,SUCCESS,55,55,40,
0.3,456,bot4,fein_margin,0.05,SUCCESS,17,17,13,
0.3,457,bot4,fein_margin,0.05,SUCCESS,37,37,18,9
0.3,458,bot4,fein_margin,0.05,SUCCESS,36,36,40,
0.3,459,bot4,fein_margin,0.05,SUCCESS,34,34,22,
0.3,460,bot4,fein_margin,0.05,SUCCESS,24,24,34,
0.3,461,bot4,fein_margin,0.05,SUCCESS,40,40,19,
0.3,462,bot4,fein_margin,0.05,BUTTON_BURNED,55,46,17,18
0.3,463,bot4,fein_margin,0.05,GAVE_UP,7,15,5,1
0.3,468,bot4,fein_margin,0.05,SUCCESS,37,37,12,
0.3,469,bot4,fein_margin,0.05,SUCCESS,37,37,20,
0.3,470,bot4,fein_margin,0.05,SUCCESS,20,20,25,
0.3,471,bot4,fein_margin,0.05,SUCCESS,46,46,30,
0.3,472,bot4,fein_margin,0.05,SUCCESS,24,24,18,
0.3,473,bot4,fein_margin,0.05,SUCCESS,23,23,24,
0.3,474,bot4,fein_margin,0.05,SUCCESS,35,35,28,
0.3,475,bot4,fein_margin,0.05,SUCCESS,49,49,48,
0.3,476,bot4,fein_margin,0.05,SUCCESS,28,28,34,
0.3,477,bot4,fein_margin,0.05,SUCCESS,21,21,32,
0.3,478,bot4,fein_margin,0.05,SUCCESS,29,29,27,
0.3,479,bot4,fein_margin,0.05,SUCCESS,46,46,60,
0.3,484,bot4,fein_margin,0.05,SUCCESS,41,41,53,
0.3,485,bot4,fein_margin,0.05,SUCCESS,19,19,32,
0.3,486,bot4,fein_margin,0.05,SUCCESS,19,19,13,
0.3,487,bot4,fein_margin,0.05,SUCCESS,31,31,29,
0.3,488,bot4,fein_margin,0.05,GAVE_UP,29,45,15,5
0.3,489,bot4,fein_margin,0.05,SUCCESS,30,30,55,
0.3,490,bot4,fein_margin,0.05,SUCCESS,19,19,19,
0.3,491,bot4,fein_margin,0.05,SUCCESS,8,8,13,
0.3,480,bot4,fein_margin,0.05,SUCCESS,43,43,29,
0.3,481,bot4,fein_margin,0.05,SUCCESS,39,39,40,
0.3,482,bot4,fein_margin,0.05,SUCCESS,16,16,53,
0.3,483,bot4,fein_margin,0.05,SUCCESS,25,25,48,
0.4,0,bot4,fein_margin,0.05,SUCCESS,17,17,39,
0.4,1,bot4,fein_margin,0.05,SUCCESS,14,14,68,
0.4,2,bot4,fein_margin,0.05,SUCCESS,35,35,29,
0.4,3,bot4,fein_margin,0.05,SUCCESS,24,24,22,
0.3,492,bot4,fein_margin,0.05,SUCCESS,47,47,58,
0.3,493,bot4,fein_margin,0.05,SUCCESS,44,44,48,
0.3,494,bot4,fein_margin,0.05,SUCCESS,15,15,31,
0.3,495,bot4,fein_margin,0.05,SUCCESS,15,15,23,
0.4,4,bot4,fein_margin,0.05,GAVE_UP,16,41,26,1
0.4,5,bot4,fein_margin,0.05,SUCCESS,24,24,19,
0.4,6,bot4,fein_margin,0.05,SUCCESS,5,5,19,
0.4,7,bot4,fein_margin,0.05,SUCCESS,29,27,20,
0.4,12,bot4,fein_margin,0.05,SUCCESS,30,30,24,
0.4,13,bot4,fein_margin,0.05,SUCCESS,16,16,62,
0.4,14,bot4,fein_margin,0.05,SUCCESS,28,28,49,
0.4,15,bot4,fein_margin,0.05,SUCCESS,13,13,30,
0.4,32,bot4,fein_margin,0.05,SUCCESS,13,13,24,
0.4,33,bot4,fein_margin,0.05,BUTTON_BURNED,17,31,7,1
0.4,34,bot4,fein_margin,0.05,GAVE_UP,22,39,9,7
0.4,35,bot4,fein_margin,0.05,SUCCESS,38,38,45,
0.4,20,bot4,fein_margin,0.05,BUTTON_BURNED,35,43,16,11
0.4,21,bot4,fein_margin,0.05,SUCCESS,17,17,55,
0.4,22,bot4,fein_margin,0.05,SUCCESS,15,15,33,
0.4,23,bot4,fein_margin,0.05,SUCCESS,33,33,41,
0.3,496,bot4,fein_margin,0.05,SUCCESS,43,43,28,
0.3,497,bot4,fein_margin,0.05,SUCCESS,24,24,39,
0.3,498,bot4,fein_margin,0.05,GAVE_UP,47,54,20,24
0.3,499,bot4,fein_margin,0.05,SUCCESS,53,53,47,
0.4,8,bot4,fein_margin,0.05,SUCCESS,25,25,43,
0.4,9,bot4,fein_margin,0.05,GAVE_UP,18,39,20,1
0.4,10,bot4,fein_margin,0.05,SUCCESS,41,41,33,
0.4,11,bot4,fein_margin,0.05,SUCCESS,52,48,31,
0.4,16,bot4,fein_margin,0.05,SUCCESS,35,35,57,
0.4,17,bot4,fein_margin,0.05,SUCCESS,19,19,22,
0.4,18,bot4,fein_margin,0.05,SUCCESS,64,64,58,
0.4,19,bot4,fein_margin,0.05,SUCCESS,49,49,33,
0.4,24,bot4,fein_margin,0.05,BUTTON_BURNED,65,65,27,35
0.4,25,bot4,fein_margin,0.05,SUCCESS,36,36,49,
0.4,26,bot4,fein_margin,0.05,SUCCESS,22,22,59,
0.4,27,bot4,fein_margin,0.05,SUCCESS,23,23,41,
0.4,48,bot4,fein_margin,0.05,SUCCESS,17,17,37,
0.4,49,bot4,fein_margin,0.05,SUCCESS,3,3,29,
0.4,50,bot4,fein_margin,0.05,SUCCESS,32,32,48,
0.4,51,bot4,fein_margin,0.05,SUCCESS,31,31,40,
0.4,28,bot4,fein_margin,0.05,SUCCESS,20,20,23,
0.4,29,bot4,fein_margin,0.05,GAVE_UP,7,41,7,1
0.4,30,bot4,fein_margin,0.05,BUTTON_BURNED,32,41,14,
0.4,31,bot4,fein_margin,0.05,SUCCESS,68,68,44,
0.4,36,bot4,fein_margin,0.05,SUCCESS,19,19,39,
0.4,37,bot4,fein_margin,0.05,SUCCESS,54,54,26,22
0.4,38,bot4,fein_margin,0.05,SUCCESS,37,37,35,
0.4,39,bot4,fein_margin,0.05,SUCCESS,60,60,46,
0.4,44,bot4,fein_margin,0.05,SUCCESS,49,49,51,
0.4,45,bot4,fein_margin,0.05,SUCCESS,34,34,37,
0.4,46,bot4,fein_margin,0.05,SUCCESS,22,22,33,
0.4,47,bot4,fein_margin,0.05,SUCCESS,48,48,25,9
0.4,60,bot4,fein_margin,0.05,SUCCESS,38,38,48,
0.4,61,bot4,fein_margin,0.05,SUCCESS,11,11,36,
0.4,62,bot4,fein_margin,0.05,SUCCESS,26,24,14,
0.4,63,bot4,fein_margin,0.05,BUTTON_BURNED,7,28,3,1
0.4,68,bot4,fein_margin,0.05,SUCCESS,3,3,13,
0.4,69,bot4,fein_margin,0.05,SUCCESS,24,24,24,
0.4,70,bot4,fein_margin,0.05,SUCCESS,24,24,23,
0.4,71,bot4,fein_margin,0.05,GAVE_UP,23,46,13,1
0.4,52,bot4,fein_margin,0.05,SUCCESS,25,25,27,
0.4,53,bot4,fein_margin,0.05,SUCCESS,36,36,39,
0.4,54,bot4,fein_margin,0.05,SUCCESS,51,51,39,
0.4,55,bot4,fein_margin,0.05,SUCCESS,5,5,31,
0.4,40,bot4,fein_margin,0.05,SUCCESS,54,54,34,
0.4,41,bot4,fein_margin,0.05,SUCCESS,26,26,18,
0.4,42,bot4,fein_margin,0.05,SUCCESS,27,27,73,
0.4,43,bot4,fein_margin,0.05,SUCCESS,49,49,26,
0.4,56,bot4,fein_margin,0.05,BUTTON_BURNED,16,54,7,1
0.4,57,bot4,fein_margin,0.05,SUCCESS,20,20,26,
0.4,58,bot4,fein_margin,0.05,GAVE_UP,23,47,12,
0.4,59,bot4,fein_margin,0.05,SUCCESS,56,52,44,
0.4,64,bot4,fein_margin,0.05,SUCCESS,56,56,60,
0.4,65,bot4,fein_margin,0.05,SUCCESS,2,2,58,
0.4,66,bot4,fein_margin,0.05,SUCCESS,48,48,28,25
0.4,67,bot4,fein_margin,0.05,SUCCESS,27,27,61,
0.4,84,bot4,fein_margin,0.05,BUTTON_BURNED,28,40,14,
0.4,85,bot4,fein_margin,0.05,SUCCESS,29,29,47,
0.4,86,bot4,fein_margin,0.05,SUCCESS,16,16,47,
0.4,87,bot4,fein_margin,0.05,SUCCESS,40,40,38,
0.4,72,bot4,fein_margin,0.05,SUCCESS,30,30,22,
0.4,73,bot4,fein_margin,0.05,SUCCESS,45,45,62,
0.4,74,bot4,fein_margin,0.05,SUCCESS,30,30,43,
0.4,75,bot4,fein_margin,0.05,SUCCESS,31,31,21,
0.4,76,bot4,fein_margin,0.05,SUCCESS,39,39,50,
0.4,77,bot4,fein_margin,0.05,BUTTON_BURNED,8,34,6,4
0.4,78,bot4,fein_margin,0.05,SUCCESS,53,51,48,
0.4,79,bot4,fein_margin,0.05,SUCCESS,18,18,10,
0.4,96,bot4,fein_margin,0.05,GAVE_UP,30,53,20,5
0.4,97,bot4,fein_margin,0.05,SUCCESS,13,13,14,
0.4,98,bot4,fein_margin,0.05,SUCCESS,28,28,27,
0.4,99,bot4,fein_margin,0.05,SUCCESS,26,26,52,
0.4,88,bot4,fein_margin,0.05,GAVE_UP,26,55,13,7
0.4,89,bot4,fein_margin,0.05,SUCCESS,58,50,32,
0.4,90,bot4,fein_margin,0.05,BURNED,23,51,40,2
0.4,91,bot4,fein_margin,0.05,SUCCESS,23,23,48,
0.4,92,bot4,fein_margin,0.05,SUCCESS,50,46,37,
0.4,93,bot4,fein_margin,0.05,SUCCESS,38,38,42,
0.4,94,bot4,fein_margin,0.05,SUCCESS,21,21,30,
0.4,95,bot4,fein_margin,0.05,SUCCESS,46,46,38,
0.4,112,bot4,fein_margin,0.05,SUCCESS,7,7,9,
0.4,113,bot4,fein_margin,0.05,SUCCESS,23,23,13,
0.4,114,bot4,fein_margin,0.05,SUCCESS,27,27,31,
0.4,115,bot4,fein_margin,0.05,SUCCESS,48,48,49,
0.4,80,bot4,fein_margin,0.05,SUCCESS,65,57,31,
0.4,81,bot4,fein_margin,0.05,SUCCESS,43,43,56,
0.4,82,bot4,fein_margin,0.05,SUCCESS,43,43,19,
0.4,83,bot4,fein_margin,0.05,SUCCESS,45,43,39,
0.4,100,bot4,fein_margin,0.05,BUTTON_BURNED,47,36,16,22
0.4,101,bot4,fein_margin,0.05,SUCCESS,46,46,47,
0.4,102,bot4,fein_margin,0.05,SUCCESS,48,48,38,
0.4,103,bot4,fein_margin,0.05,GAVE_UP,17,68,9,1
0.4,104,bot4,fein_margin,0.05,SUCCESS,24,24,32,
0.4,105,bot4,fein_margin,0.05,SUCCESS,47,47,33,
0.4,106,bot4,fein_margin,0.05,BUTTON_BURNED,35,41,10,1
0.4,107,bot4,fein_margin,0.05,GAVE_UP,50,40,24,14
0.4,108,bot4,fein_margin,0.05,SUCCESS,47,47,45,
0.4,109,bot4,fein_margin,0.05,SUCCESS,5,5,18,
0.4,110,bot4,fein_margin,0.05,SUCCESS,28,28,39,
0.4,111,bot4,fein_margin,0.05,GAVE_UP,65,57,31,25
0.4,120,bot4,fein_margin,0.05,SUCCESS,50,46,32,
0.4,121,bot4,fein_margin,0.05,SUCCESS,27,27,19,
0.4,122,bot4,fein_margin,0.05,SUCCESS,7,7,56,
0.4,123,bot4,fein_margin,0.05,SUCCESS,31,31,35,
0.4,128,bot4,fein_margin,0.05,SUCCESS,39,39,35,
0.4,129,bot4,fein_margin,0.05,BUTTON_BURNED,6,56,4,2
0.4,130,bot4,fein_margin,0.05,SUCCESS,41,41,46,
0.4,131,bot4,fein_margin,0.05,SUCCESS,34,34,22,
0.4,116,bot4,fein_margin,0.05,SUCCESS,9,9,34,
0.4,117,bot4,fein_margin,0.05,SUCCESS,31,31,39,
0.4,118,bot4,fein_margin,0.05,SUCCESS,37,37,31,
0.4,119,bot4,fein_margin,0.05,SUCCESS,65,65,59,
0.4,124,bot4,fein_margin,0.05,SUCCESS,17,17,36,
0.4,125,bot4,fein_margin,0.05,SUCCESS,31,31,28,
0.4,126,bot4,fein_margin,0.05,SUCCESS,39,39,37,1
0.4,127,bot4,fein_margin,0.05,GAVE_UP,17,28,11,
0.4,140,bot4,fein_margin,0.05,BURNED,10,35,19,1
0.4,141,bot4,fein_margin,0.05,SUCCESS,20,20,29,
0.4,142,bot4,fein_margin,0.05,SUCCESS,6,6,10,
0.4,143,bot4,fein_margin,0.05,SUCCESS,32,32,37,
0.4,132,bot4,fein_margin,0.05,SUCCESS,44,44,35,
0.4,133,bot4,fein_margin,0.05,SUCCESS,53,53,49,
0.4,134,bot4,fein_margin,0.05,SUCCESS,15,15,39,
0.4,135,bot4,fein_margin,0.05,SUCCESS,9,9,29,
0.4,148,bot4,fein_margin,0.05,SUCCESS,33,33,29,
0.4,149,bot4,fein_margin,0.05,SUCCESS,1,1,30,
0.4,150,bot4,fein_margin,0.05,SUCCESS,9,9,39,
0.4,151,bot4,fein_margin,0.05,SUCCESS,22,22,32,
0.4,160,bot4,fein_margin,0.05,SUCCESS,19,19,38,
0.4,161,bot4,fein_margin,0.05,SUCCESS,16,16,10,
0.4,162,bot4,fein_margin,0.05,SUCCESS,3,3,15,
0.4,163,bot4,fein_margin,0.05,SUCCESS,11,11,55,
0.4,144,bot4,fein_margin,0.05,BUTTON_BURNED,12,29,5,1
0.4,145,bot4,fein_margin,0.05,SUCCESS,49,49,37,
0.4,146,bot4,fein_margin,0.05,SUCCESS,29,29,51,
0.4,147,bot4,fein_margin,0.05,SUCCESS,11,11,33,
0.4,156,bot4,fein_margin,0.05,GAVE_UP,10,28,7,1
0.4,157,bot4,fein_margin,0.05,SUCCESS,12,12,40,
0.4,158,bot4,fein_margin,0.05,SUCCESS,33,33,31,
0.4,159,bot4,fein_margin,0.05,GAVE_UP,38,40,25,
0.4,136,bot4,fein_margin,0.05,SUCCESS,47,47,47,
0.4,137,bot4,fein_margin,0.05,BUTTON_BURNED,36,33,15,13
0.4,138,bot4,fein_margin,0.05,SUCCESS,20,20,57,
0.4,139,bot4,fein_margin,0.05,SUCCESS,41,41,45,
0.4,164,bot4,fein_margin,0.05,SUCCESS,30,30,35,
0.4,165,bot4,fein_margin,0.05,SUCCESS,23,23,42,
0.4,166,bot4,fein_margin,0.05,SUCCESS,6,6,18,
0.4,167,bot4,fein_margin,0.05,SUCCESS,30,30,32,
0.4,152,bot4,fein_margin,0.05,SUCCESS,65,63,36,
0.4,153,bot4,fein_margin,0.05,BUTTON_BURNED,10,30,5,
0.4,154,bot4,fein_margin,0.05,GAVE_UP,17,56,8,1
0.4,155,bot4,fein_margin,0.05,SUCCESS,15,15,20,
0.4,168,bot4,fein_margin,0.05,SUCCESS,9,9,19,
0.4,169,bot4,fein_margin,0.05,SUCCESS,30,30,20,
0.4,170,bot4,fein_margin,0.05,SUCCESS,11,11,33,
0.4,171,bot4,fein_margin,0.05,SUCCESS,42,42,40,
0.4,176,bot4,fein_margin,0.05,GAVE_UP,18,46,12,1
0.4,177,bot4,fein_margin,0.05,SUCCESS,29,29,28,
0.4,178,bot4,fein_margin,0.05,SUCCESS,1,1,30,
0.4,179,bot4,fein_margin,0.05,SUCCESS,19,19,42,
0.4,184,bot4,fein_margin,0.05,GAVE_UP,34,47,27,1
0.4,185,bot4,fein_margin,0.05,SUCCESS,12,10,9,
0.4,186,bot4,fein_margin,0.05,GAVE_UP,5,46,3,1
0.4,187,bot4,fein_margin,0.05,SUCCESS,32,32,48,
0.4,200,bot4,fein_margin,0.05,SUCCESS,31,31,44,
0.4,201,bot4,fein_margin,0.05,SUCCESS,24,24,23,
0.4,202,bot4,fein_margin,0.05,SUCCESS,10,10,28,
0.4,203,bot4,fein_margin,0.05,SUCCESS,28,28,38,
0.4,188,bot4,fein_margin,0.05,SUCCESS,23,23,45,
0.4,189,bot4,fein_margin,0.05,SUCCESS,25,25,54,
0.4,190,bot4,fein_margin,0.05,SUCCESS,48,48,55,
0.4,191,bot4,fein_margin,0.05,SUCCESS,40,40,31,
0.4,172,bot4,fein_margin,0.05,SUCCESS,45,43,30,
0.4,173,bot4,fein_margin,0.05,SUCCESS,51,43,27,
0.4,174,bot4,fein_margin,0.05,SUCCESS,12,12,23,
0.4,175,bot4,fein_margin,0.05,SUCCESS,18,18,19,
0.4,180,bot4,fein_margin,0.05,SUCCESS,49,49,45,
0.4,181,bot4,fein_margin,0.05,SUCCESS,24,24,27,
0.4,182,bot4,fein_margin,0.05,SUCCESS,40,40,45,
0.4,183,bot4,fein_margin,0.05,SUCCESS,56,56,48,
0.4,192,bot4,fein_margin,0.05,SUCCESS,18,18,45,
0.4,193,bot4,fein_margin,0.05,BUTTON_BURNED,36,35,17,15
0.4,194,bot4,fein_margin,0.05,SUCCESS,55,55,64,
0.4,195,bot4,fein_margin,0.05,SUCCESS,40,40,23,
0.4,208,bot4,fein_margin,0.05,SUCCESS,43,43,34,
0.4,209,bot4,fein_margin,0.05,SUCCESS,35,35,61,
0.4,210,bot4,fein_margin,0.05,SUCCESS,31,31,36,
0.4,211,bot4,fein_margin,0.05,SUCCESS,6,6,30,
0.4,212,bot4,fein_margin,0.05,SUCCESS,39,39,50,
0.4,213,bot4,fein_margin,0.05,SUCCESS,35,35,55,
0.4,214,bot4,fein_margin,0.05,SUCCESS,12,12,42,
0.4,215,bot4,fein_margin,0.05,SUCCESS,38,38,21,
0.4,204,bot4,fein_margin,0.05,SUCCESS,22,22,18,
0.4,205,bot4,fein_margin,0.05,SUCCESS,59,55,33,
0.4,206,bot4,fein_margin,0.05,SUCCESS,29,29,54,
0.4,207,bot4,fein_margin,0.05,SUCCESS,14,14,27,
0.4,196,bot4,fein_margin,0.05,SUCCESS,15,15,30,
0.4,197,bot4,fein_margin,0.05,SUCCESS,57,51,38,
0.4,198,bot4,fein_margin,0.05,GAVE_UP,49,65,25,
0.4,199,bot4,fein_margin,0.05,SUCCESS,52,52,24,
0.4,220,bot4,fein_margin,0.05,SUCCESS,26,26,48,
0.4,221,bot4,fein_margin,0.05,SUCCESS,51,43,40,
0.4,222,bot4,fein_margin,0.05,SUCCESS,17,17,40,
0.4,223,bot4,fein_margin,0.05,SUCCESS,46,46,42,
0.4,216,bot4,fein_margin,0.05,SUCCESS,45,45,24,
0.4,217,bot4,fein_margin,0.05,SUCCESS,21,21,26,
0.4,218,bot4,fein_margin,0.05,SUCCESS,17,17,54,
0.4,219,bot4,fein_margin,0.05,BUTTON_BURNED,63,56,28,39
0.4,228,bot4,fein_margin,0.05,SUCCESS,37,37,28,
0.4,229,bot4,fein_margin,0.05,SUCCESS,20,20,22,
0.4,230,bot4,fein_margin,0.05,SUCCESS,35,35,43,
0.4,231,bot4,fein_margin,0.05,SUCCESS,26,26,30,
0.4,240,bot4,fein_margin,0.05,SUCCESS,10,10,39,
0.4,241,bot4,fein_margin,0.05,SUCCESS,28,28,17,
0.4,242,bot4,fein_margin,0.05,SUCCESS,30,30,23,
0.4,243,bot4,fein_margin,0.05,GAVE_UP,42,65,19,24
0.4,224,bot4,fein_margin,0.05,SUCCESS,48,48,54,
0.4,225,bot4,fein_margin,0.05,SUCCESS,24,24,30,
0.4,226,bot4,fein_margin,0.05,SUCCESS,54,54,35,
0.4,227,bot4,fein_margin,0.05,SUCCESS,44,44,42,
0.4,236,bot4,fein_margin,0.05,SUCCESS,28,28,58,
0.4,237,bot4,fein_margin,0.05,SUCCESS,53,51,48,
0.4,238,bot4,fein_margin,0.05,SUCCESS,24,24,37,
0.4,239,bot4,fein_margin,0.05,SUCCESS,43,43,52,
0.4,244,bot4,fein_margin,0.05,SUCCESS,61,61,35,
0.4,245,bot4,fein_margin,0.05,SUCCESS,19,19,70,
0.4,246,bot4,fein_margin,0.05,GAVE_UP,11,24,11,1
0.4,247,bot4,fein_margin,0.05,SUCCESS,32,32,26,
0.4,256,bot4,fein_margin,0.05,GAVE_UP,9,28,13,
0.4,257,bot4,fein_margin,0.05,SUCCESS,10,10,27,
0.4,258,bot4,fein_margin,0.05,SUCCESS,43,43,45,
0.4,259,bot4,fein_margin,0.05,SUCCESS,5,5,15,
0.4,248,bot4,fein_margin,0.05,SUCCESS,40,40,45,
0.4,249,bot4,fein_margin,0.05,SUCCESS,23,23,34,
0.4,250,bot4,fein_margin,0.05,SUCCESS,30,30,20,
0.4,251,bot4,fein_margin,0.05,SUCCESS,9,9,43,
0.4,252,bot4,fein_margin,0.05,SUCCESS,34,34,46,
0.4,253,bot4,fein_margin,0.05,BUTTON_BURNED,33,55,18,
0.4,254,bot4,fein_margin,0.05,BUTTON_BURNED,42,32,19,19
0.4,255,bot4,fein_margin,0.05,SUCCESS,16,16,23,
0.4,232,bot4,fein_margin,0.05,SUCCESS,42,42,48,
0.4,233,bot4,fein_margin,0.05,SUCCESS,45,45,41,
0.4,234,bot4,fein_margin,0.05,SUCCESS,71,39,35,50
0.4,235,bot4,fein_margin,0.05,SUCCESS,29,29,52,
0.4,260,bot4,fein_margin,0.05,SUCCESS,35,35,59,
0.4,261,bot4,fein_margin,0.05,SUCCESS,34,34,40,
0.4,262,bot4,fein_margin,0.05,SUCCESS,36,36,58,
0.4,263,bot4,fein_margin,0.05,SUCCESS,7,7,51,
0.4,268,bot4,fein_margin,0.05,SUCCESS,18,18,25,
0.4,269,bot4,fein_margin,0.05,SUCCESS,16,16,52,
0.4,270,bot4,fein_margin,0.05,SUCCESS,58,58,55,
0.4,271,bot4,fein_margin,0.05,SUCCESS,32,32,41,
0.4,272,bot4,fein_margin,0.05,SUCCESS,41,41,32,
0.4,273,bot4,fein_margin,0.05,SUCCESS,19,19,45,
0.4,274,bot4,fein_margin,0.05,SUCCESS,41,41,40,
0.4,275,bot4,fein_margin,0.05,SUCCESS,10,10,12,
0.4,276,bot4,fein_margin,0.05,SUCCESS,42,42,47,
0.4,277,bot4,fein_margin,0.05,SUCCESS,18,18,15,
0.4,278,bot4,fein_margin,0.05,SUCCESS,38,38,27,
0.4,279,bot4,fein_margin,0.05,SUCCESS,20,20,32,
0.4,284,bot4,fein_margin,0.05,SUCCESS,4,4,41,
0.4,285,bot4,fein_margin,0.05,SUCCESS,39,39,33,
0.4,286,bot4,fein_margin,0.05,SUCCESS,33,33,40,
0.4,287,bot4,fein_margin,0.05,SUCCESS,19,19,18,
0.4,288,bot4,fein_margin,0.05,SUCCESS,5,5,12,
0.4,289,bot4,fein_margin,0.05,SUCCESS,19,19,51,
0.4,290,bot4,fein_margin,0.05,SUCCESS,63,63,67,
0.4,291,bot4,fein_margin,0.05,SUCCESS,28,28,45,
0.4,300,bot4,fein_margin,0.05,SUCCESS,38,38,51,
0.4,301,bot4,fein_margin,0.05,SUCCESS,36,36,29,
0.4,302,bot4,fein_margin,0.05,SUCCESS,7,7,48,
0.4,303,bot4,fein_margin,0.05,SUCCESS,17,17,48,
0.4,292,bot4,fein_margin,0.05,SUCCESS,18,18,15,
0.4,293,bot4,fein_margin,0.05,SUCCESS,25,25,53,
0.4,294,bot4,fein_margin,0.05,SUCCESS,46,46,34,
0.4,295,bot4,fein_margin,0.05,SUCCESS,32,32,30,
0.4,312,bot4,fein_margin,0.05,SUCCESS,13,13,14,
0.4,313,bot4,fein_margin,0.05,SUCCESS,30,30,53,
0.4,314,bot4,fein_margin,0.05,SUCCESS,18,18,40,
0.4,315,bot4,fein_margin,0.05,BUTTON_BURNED,17,23,7,
0.4,280,bot4,fein_margin,0.05,SUCCESS,36,36,30,
0.4,281,bot4,fein_margin,0.05,SUCCESS,32,32,35,
0.4,282,bot4,fein_margin,0.05,SUCCESS,51,51,25,28
0.4,283,bot4,fein_margin,0.05,SUCCESS,29,29,18,
0.4,316,bot4,fein_margin,0.05,SUCCESS,9,9,37,
0.4,317,bot4,fein_margin,0.05,SUCCESS,6,6,42,
0.4,318,bot4,fein_margin,0.05,SUCCESS,17,17,39,
0.4,319,bot4,fein_margin,0.05,BUTTON_BURNED,23,36,12,1
0.4,264,bot4,fein_margin,0.05,SUCCESS,55,49,33,18
0.4,265,bot4,fein_margin,0.05,BUTTON_BURNED,64,42,27,37
0.4,266,bot4,fein_margin,0.05,SUCCESS,34,34,15,
0.4,267,bot4,fein_margin,0.05,SUCCESS,42,42,38,
0.4,320,bot4,fein_margin,0.05,SUCCESS,34,34,44,
0.4,321,bot4,fein_margin,0.05,BUTTON_BURNED,1,41,1,1
0.4,322,bot4,fein_margin,0.05,GAVE_UP,21,46,12,1
0.4,323,bot4,fein_margin,0.05,SUCCESS,44,42,33,
0.4,324,bot4,fein_margin,0.05,SUCCESS,37,37,30,
0.4,325,bot4,fein_margin,0.05,SUCCESS,23,23,40,
0.4,326,bot4,fein_margin,0.05,SUCCESS,9,9,50,
0.4,327,bot4,fein_margin,0.05,SUCCESS,38,38,28,
0.4,304,bot4,fein_margin,0.05,BUTTON_BURNED,42,49,21,
0.4,305,bot4,fein_margin,0.05,SUCCESS,20,20,16,
0.4,306,bot4,fein_margin,0.05,SUCCESS,47,47,38,
0.4,307,bot4,fein_margin,0.05,GAVE_UP,16,54,12,1
0.4,308,bot4,fein_margin,0.05,BUTTON_BURNED,22,54,11,1
0.4,309,bot4,fein_margin,0.05,SUCCESS,50,50,39,
0.4,310,bot4,fein_margin,0.05,SUCCESS,22,22,8,
0.4,311,bot4,fein_margin,0.05,SUCCESS,51,51,49,
0.4,296,bot4,fein_margin,0.05,SUCCESS,78,56,45,58
0.4,297,bot4,fein_margin,0.05,SUCCESS,49,49,32,
0.4,298,bot4,fein_margin,0.05,SUCCESS,16,16,49,
0.4,299,bot4,fein_margin,0.05,SUCCESS,22,22,17,
0.4,328,bot4,fein_margin,0.05,SUCCESS,38,38,37,
0.4,329,bot4,fein_margin,0.05,SUCCESS,34,34,45,
0.4,330,bot4,fein_margin,0.05,SUCCESS,42,42,17,
0.4,331,bot4,fein_margin,0.05,SUCCESS,50,50,31,
0.4,336,bot4,fein_margin,0.05,BUTTON_BURNED,18,33,10,
0.4,337,bot4,fein_margin,0.05,BURNED,45,56,30,27
0.4,338,bot4,fein_margin,0.05,SUCCESS,24,24,51,
0.4,339,bot4,fein_margin,0.05,SUCCESS,13,13,29,
0.4,352,bot4,fein_margin,0.05,SUCCESS,52,52,56,
0.4,353,bot4,fein_margin,0.05,SUCCESS,31,31,42,
0.4,354,bot4,fein_margin,0.05,SUCCESS,11,11,31,
0.4,355,bot4,fein_margin,0.05,SUCCESS,30,30,39,
0.4,356,bot4,fein_margin,0.05,SUCCESS,20,20,39,
0.4,357,bot4,fein_margin,0.05,SUCCESS,27,27,28,
0.4,358,bot4,fein_margin,0.05,SUCCESS,46,44,24,14
0.4,359,bot4,fein_margin,0.05,BUTTON_BURNED,18,46,9,7
0.4,344,bot4,fein_margin,0.05,SUCCESS,40,40,50,
0.4,345,bot4,fein_margin,0.05,SUCCESS,25,25,23,
0.4,346,bot4,fein_margin,0.05,SUCCESS,21,21,43,
0.4,347,bot4,fein_margin,0.05,GAVE_UP,32,34,15,
0.4,332,bot4,fein_margin,0.05,SUCCESS,49,49,52,
0.4,333,bot4,fein_margin,0.05,SUCCESS,6,6,53,
0.4,334,bot4,fein_margin,0.05,SUCCESS,62,56,36,
0.4,335,bot4,fein_margin,0.05,BURNED,36,43,23,15
0.4,348,bot4,fein_margin,0.05,SUCCESS,11,11,25,
0.4,349,bot4,fein_margin,0.05,BUTTON_BURNED,10,24,4,
0.4,350,bot4,fein_margin,0.05,SUCCESS,52,52,51,
0.4,351,bot4,fein_margin,0.05,BUTTON_BURNED,34,47,17,
0.4,360,bot4,fein_margin,0.05,SUCCESS,29,29,29,
0.4,361,bot4,fein_margin,0.05,SUCCESS,37,37,55,
0.4,362,bot4,fein_margin,0.05,SUCCESS,21,21,41,
0.4,363,bot4,fein_margin,0.05,BUTTON_BURNED,24,23,11,1
0.4,388,bot4,fein_margin,0.05,SUCCESS,25,25,46,
0.4,389,bot4,fein_margin,0.05,SUCCESS,12,12,25,
0.4,390,bot4,fein_margin,0.05,SUCCESS,10,10,36,
0.4,391,bot4,fein_margin,0.05,SUCCESS,25,25,41,
0.4,340,bot4,fein_margin,0.05,GAVE_UP,40,38,20,10
0.4,341,bot4,fein_margin,0.05,GAVE_UP,15,47,8,
0.4,342,bot4,fein_margin,0.05,SUCCESS,53,53,22,
0.4,343,bot4,fein_margin,0.05,SUCCESS,31,31,24,
0.4,380,bot4,fein_margin,0.05,SUCCESS,45,45,20,
0.4,381,bot4,fein_margin,0.05,SUCCESS,13,13,24,
0.4,382,bot4,fein_margin,0.05,SUCCESS,31,31,33,
0.4,383,bot4,fein_margin,0.05,SUCCESS,9,9,40,
0.4,376,bot4,fein_margin,0.05,BUTTON_BURNED,9,30,5,1
0.4,377,bot4,fein_margin,0.05,SUCCESS,8,8,19,
0.4,378,bot4,fein_margin,0.05,GAVE_UP,16,39,18,
0.4,379,bot4,fein_margin,0.05,SUCCESS,52,52,42,
0.4,364,bot4,fein_margin,0.05,SUCCESS,2,2,9,
0.4,365,bot4,fein_margin,0.05,SUCCESS,67,57,32,31
0.4,366,bot4,fein_margin,0.05,GAVE_UP,42,49,27,
0.4,367,bot4,fein_margin,0.05,SUCCESS,13,13,52,
0.4,368,bot4,fein_margin,0.05,SUCCESS,48,48,32,
0.4,369,bot4,fein_margin,0.05,SUCCESS,32,32,31,
0.4,370,bot4,fein_margin,0.05,SUCCESS,23,23,23,
0.4,371,bot4,fein_margin,0.05,SUCCESS,37,37,43,
0.4,384,bot4,fein_margin,0.05,SUCCESS,6,6,28,
0.4,385,bot4,fein_margin,0.05,SUCCESS,48,48,48,
0.4,386,bot4,fein_margin,0.05,GAVE_UP,38,47,34,21
0.4,387,bot4,fein_margin,0.05,GAVE_UP,36,60,25,17
0.4,396,bot4,fein_margin,0.05,SUCCESS,10,10,44,
0.4,397,bot4,fein_margin,0.05,SUCCESS,9,9,27,
0.4,398,bot4,fein_margin,0.05,SUCCESS,55,55,40,
0.4,399,bot4,fein_margin,0.05,SUCCESS,9,9,49,
0.4,372,bot4,fein_margin,0.05,SUCCESS,35,35,35,
0.4,373,bot4,fein_margin,0.05,SUCCESS,53,53,41,
0.4,374,bot4,fein_margin,0.05,SUCCESS,24,24,44,
0.4,375,bot4,fein_margin,0.05,SUCCESS,8,8,46,
0.4,392,bot4,fein_margin,0.05,SUCCESS,31,23,16,10
0.4,393,bot4,fein_margin,0.05,SUCCESS,49,49,34,
0.4,394,bot4,fein_margin,0.05,SUCCESS,33,33,46,
0.4,395,bot4,fein_margin,0.05,SUCCESS,26,26,66,
0.4,416,bot4,fein_margin,0.05,SUCCESS,18,18,40,
0.4,417,bot4,fein_margin,0.05,SUCCESS,5,5,18,
0.4,418,bot4,fein_margin,0.05,SUCCESS,13,13,42,
0.4,419,bot4,fein_margin,0.05,SUCCESS,10,10,43,
0.4,412,bot4,fein_margin,0.05,SUCCESS,21,21,43,
0.4,413,bot4,fein_margin,0.05,SUCCESS,13,13,31,
0.4,414,bot4,fein_margin,0.05,BUTTON_BURNED,34,34,21,18
0.4,415,bot4,fein_margin,0.05,SUCCESS,13,13,40,
0.4,400,bot4,fein_margin,0.05,SUCCESS,39,39,37,
0.4,401,bot4,fein_margin,0.05,SUCCESS,37,37,48,
0.4,402,bot4,fein_margin,0.05,SUCCESS,25,25,16,
0.4,403,bot4,fein_margin,0.05,GAVE_UP,21,37,7,1
0.4,428,bot4,fein_margin,0.05,SUCCESS,5,5,65,
0.4,429,bot4,fein_margin,0.05,SUCCESS,20,20,21,
0.4,430,bot4,fein_margin,0.05,SUCCESS,22,22,12,3
0.4,431,bot4,fein_margin,0.05,SUCCESS,5,5,40,
0.4,404,bot4,fein_margin,0.05,SUCCESS,41,41,43,
0.4,405,bot4,fein_margin,0.05,SUCCESS,35,35,32,
0.4,406,bot4,fein_margin,0.05,SUCCESS,45,45,51,
0.4,407,bot4,fein_margin,0.05,SUCCESS,30,30,46,
0.4,420,bot4,fein_margin,0.05,SUCCESS,28,28,30,
0.4,421,bot4,fein_margin,0.05,BUTTON_BURNED,32,47,10,1
0.4,422,bot4,fein_margin,0.05,SUCCESS,7,7,24,
0.4,423,bot4,fein_margin,0.05,SUCCESS,42,42,42,
0.4,440,bot4,fein_margin,0.05,SUCCESS,12,12,36,
0.4,441,bot4,fein_margin,0.05,SUCCESS,23,23,24,
0.4,442,bot4,fein_margin,0.05,GAVE_UP,21,40,17,1
0.4,443,bot4,fein_margin,0.05,BURNED,27,28,16,
0.4,408,bot4,fein_margin,0.05,SUCCESS,58,58,52,
0.4,409,bot4,fein_margin,0.05,SUCCESS,26,26,19,
0.4,410,bot4,fein_margin,0.05,SUCCESS,46,46,54,
0.4,411,bot4,fein_margin,0.05,GAVE_UP,19,28,13,1
0.4,436,bot4,fein_margin,0.05,SUCCESS,23,23,31,
0.4,437,bot4,fein_margin,0.05,SUCCESS,20,20,62,
0.4,438,bot4,fein_margin,0.05,SUCCESS,30,30,25,
0.4,439,bot4,fein_margin,0.05,SUCCESS,61,61,49,
0.4,444,bot4,fein_margin,0.05,SUCCESS,24,24,48,
0.4,445,bot4,fein_margin,0.05,SUCCESS,14,14,21,
0.4,446,bot4,fein_margin,0.05,SUCCESS,35,35,63,
0.4,447,bot4,fein_margin,0.05,BUTTON_BURNED,30,45,16,8
0.4,432,bot4,fein_margin,0.05,GAVE_UP,37,49,21,
0.4,433,bot4,fein_margin,0.05,SUCCESS,19,19,16,
0.4,434,bot4,fein_margin,0.05,SUCCESS,35,31,25,7
0.4,435,bot4,fein_margin,0.05,BUTTON_BURNED,44,52,16,16
0.4,448,bot4,fein_margin,0.05,SUCCESS,53,53,61,
0.4,449,bot4,fein_margin,0.05,SUCCESS,38,38,48,
0.4,450,bot4,fein_margin,0.05,SUCCESS,18,18,14,
0.4,451,bot4,fein_margin,0.05,SUCCESS,30,30,56,
0.4,464,bot4,fein_margin,0.05,SUCCESS,49,49,42,
0.4,465,bot4,fein_margin,0.05,SUCCESS,15,15,51,
0.4,466,bot4,fein_margin,0.05,GAVE_UP,27,31,12,
0.4,467,bot4,fein_margin,0.05,SUCCESS,17,17,13,
0.4,424,bot4,fein_margin,0.05,SUCCESS,60,60,39,
0.4,425,bot4,fein_margin,0.05,SUCCESS,37,37,33,
0.4,426,bot4,fein_margin,0.05,GAVE_UP,26,42,16,11
0.4,427,bot4,fein_margin,0.05,SUCCESS,55,55,40,
0.4,452,bot4,fein_margin,0.05,BUTTON_BURNED,34,39,17,
0.4,453,bot4,fein_margin,0.05,SUCCESS,26,26,17,
0.4,454,bot4,fein_margin,0.05,SUCCESS,36,36,40,
0.4,455,bot4,fein_margin,0.05,SUCCESS,56,54,41,
0.4,456,bot4,fein_margin,0.05,SUCCESS,17,17,13,
0.4,457,bot4,fein_margin,0.05,GAVE_UP,37,37,18,5
0.4,458,bot4,fein_margin,0.05,SUCCESS,36,36,40,
0.4,459,bot4,fein_margin,0.05,BURNED,23,34,22,
0.4,460,bot4,fein_margin,0.05,SUCCESS,24,24,34,
0.4,461,bot4,fein_margin,0.05,BURNED,35,40,19,17
0.4,462,bot4,fein_margin,0.05,BUTTON_BURNED,46,46,17,17
0.4,463,bot4,fein_margin,0.05,GAVE_UP,2,15,5,1
0.4,468,bot4,fein_margin,0.05,BUTTON_BURNED,25,37,12,
0.4,469,bot4,fein_margin,0.05,SUCCESS,37,37,20,
0.4,470,bot4,fein_margin,0.05,SUCCESS,20,20,25,
0.4,471,bot4,fein_margin,0.05,SUCCESS,46,46,30,
0.4,476,bot4,fein_margin,0.05,SUCCESS,28,28,34,
0.4,477,bot4,fein_margin,0.05,SUCCESS,21,21,32,
0.4,478,bot4,fein_margin,0.05,SUCCESS,29,29,27,
0.4,479,bot4,fein_margin,0.05,SUCCESS,46,46,60,
0.4,472,bot4,fein_margin,0.05,GAVE_UP,38,24,18,
0.4,473,bot4,fein_margin,0.05,SUCCESS,23,23,24,
0.4,474,bot4,fein_margin,0.05,SUCCESS,35,35,28,
0.4,475,bot4,fein_margin,0.05,SUCCESS,49,49,48,
0.4,484,bot4,fein_margin,0.05,SUCCESS,41,41,53,
0.4,485,bot4,fein_margin,0.05,SUCCESS,19,19,32,
0.4,486,bot4,fein_margin,0.05,SUCCESS,19,19,13,
0.4,487,bot4,fein_margin,0.05,SUCCESS,31,31,29,
0.4,488,bot4,fein_margin,0.05,GAVE_UP,31,45,15,3
0.4,489,bot4,fein_margin,0.05,SUCCESS,30,30,55,
0.4,490,bot4,fein_margin,0.05,SUCCESS,19,19,19,
0.4,491,bot4,fein_margin,0.05,SUCCESS,8,8,13,
0.4,480,bot4,fein_margin,0.05,SUCCESS,45,43,29,
0.4,481,bot4,fein_margin,0.05,SUCCESS,39,39,40,
0.4,482,bot4,fein_margin,0.05,SUCCESS,16,16,53,
0.4,483,bot4,fein_margin,0.05,SUCCESS,25,25,48,
0.5,0,bot4,fein_margin,0.05,SUCCESS,17,17,39,
0.5,1,bot4,fein_margin,0.05,SUCCESS,14,14,68,
0.5,2,bot4,fein_margin,0.05,SUCCESS,35,35,29,
0.5,3,bot4,fein_margin,0.05,SUCCESS,24,24,22,
0.4,492,bot4,fein_margin,0.05,SUCCESS,47,47,58,
0.4,493,bot4,fein_margin,0.05,SUCCESS,44,44,48,
0.4,494,bot4,fein_margin,0.05,SUCCESS,15,15,31,
0.4,495,bot4,fein_margin,0.05,SUCCESS,15,15,23,
0.5,12,bot4,fein_margin,0.05,SUCCESS,30,30,24,
0.5,13,bot4,fein_margin,0.05,SUCCESS,16,16,62,
0.5,14,bot4,fein_margin,0.05,SUCCESS,28,28,49,
0.5,15,bot4,fein_margin,0.05,SUCCESS,13,13,30,
0.5,4,bot4,fein_margin,0.05,BURNED,28,41,26,1
0.5,5,bot4,fein_margin,0.05,SUCCESS,24,24,19,
0.5,6,bot4,fein_margin,0.05,SUCCESS,5,5,19,
0.5,7,bot4,fein_margin,0.05,SUCCESS,29,27,20,8
0.4,496,bot4,fein_margin,0.05,SUCCESS,43,43,28,
0.4,497,bot4,fein_margin,0.05,SUCCESS,24,24,39,
0.4,498,bot4,fein_margin,0.05,GAVE_UP,33,54,20,11
0.4,499,bot4,fein_margin,0.05,SUCCESS,53,53,47,
0.5,20,bot4,fein_margin,0.05,BUTTON_BURNED,31,43,16,4
0.5,21,bot4,fein_margin,0.05,SUCCESS,17,17,55,
0.5,22,bot4,fein_margin,0.05,SUCCESS,15,15,33,
0.5,23,bot4,fein_margin,0.05,SUCCESS,33,33,41,
0.5,32,bot4,fein_margin,0.05,SUCCESS,13,13,24,
0.5,33,bot4,fein_margin,0.05,BUTTON_BURNED,12,31,7,1
0.5,34,bot4,fein_margin,0.05,BUTTON_BURNED,16,39,9,5
0.5,35,bot4,fein_margin,0.05,SUCCESS,38,38,45,
0.5,8,bot4,fein_margin,0.05,SUCCESS,25,25,43,
0.5,9,bot4,fein_margin,0.05,BURNED,15,39,20,1
0.5,10,bot4,fein_margin,0.05,SUCCESS,41,41,33,
0.5,11,bot4,fein_margin,0.05,SUCCESS,52,48,31,
0.5,24,bot4,fein_margin,0.05,GAVE_UP,54,65,27,37
0.5,25,bot4,fein_margin,0.05,SUCCESS,36,36,49,
0.5,26,bot4,fein_margin,0.05,SUCCESS,22,22,59,
0.5,27,bot4,fein_margin,0.05,SUCCESS,23,23,41,
0.5,16,bot4,fein_margin,0.05,SUCCESS,35,35,57,
0.5,17,bot4,fein_margin,0.05,SUCCESS,19,19,22,
0.5,18,bot4,fein_margin,0.05,SUCCESS,64,64,58,
0.5,19,bot4,fein_margin,0.05,SUCCESS,49,49,33,
0.5,28,bot4,fein_margin,0.05,SUCCESS,20,20,23,
0.5,29,bot4,fein_margin,0.05,GAVE_UP,6,41,7,1
0.5,30,bot4,fein_margin,0.05,BUTTON_BURNED,26,41,14,
0.5,31,bot4,fein_margin,0.05,SUCCESS,68,68,44,
0.5,48,bot4,fein_margin,0.05,SUCCESS,17,17,37,
0.5,49,bot4,fein_margin,0.05,SUCCESS,3,3,29,
0.5,50,bot4,fein_margin,0.05,SUCCESS,32,32,48,
0.5,51,bot4,fein_margin,0.05,SUCCESS,31,31,40,
0.5,36,bot4,fein_margin,0.05,SUCCESS,19,19,39,
0.5,37,bot4,fein_margin,0.05,GAVE_UP,38,54,26,15
0.5,38,bot4,fein_margin,0.05,SUCCESS,37,37,35,
0.5,39,bot4,fein_margin,0.05,SUCCESS,60,60,46,
0.5,52,bot4,fein_margin,0.05,SUCCESS,25,25,27,
0.5,53,bot4,fein_margin,0.05,SUCCESS,36,36,39,
0.5,54,bot4,fein_margin,0.05,SUCCESS,51,51,39,
0.5,55,bot4,fein_margin,0.05,SUCCESS,5,5,31,
0.5,60,bot4,fein_margin,0.05,SUCCESS,38,38,48,
0.5,61,bot4,fein_margin,0.05,SUCCESS,11,11,36,
0.5,62,bot4,fein_margin,0.05,GAVE_UP,17,24,14,5
0.5,63,bot4,fein_margin,0.05,BUTTON_BURNED,7,28,3,1
0.5,68,bot4,fein_margin,0.05,SUCCESS,3,3,13,
0.5,69,bot4,fein_margin,0.05,SUCCESS,24,24,24,
0.5,70,bot4,fein_margin,0.05,SUCCESS,24,24,23,
0.5,71,bot4,fein_margin,0.05,GAVE_UP,20,46,13,1
0.5,44,bot4,fein_margin,0.05,SUCCESS,49,49,51,
0.5,45,bot4,fein_margin,0.05,SUCCESS,34,34,37,
0.5,46,bot4,fein_margin,0.05,SUCCESS,22,22,33,
0.5,47,bot4,fein_margin,0.05,GAVE_UP,38,48,25,7
0.5,56,bot4,fein_margin,0.05,BUTTON_BURNED,13,54,7,1
0.5,57,bot4,fein_margin,0.05,SUCCESS,20,20,26,
0.5,58,bot4,fein_margin,0.05,BUTTON_BURNED,17,47,12,
0.5,59,bot4,fein_margin,0.05,SUCCESS,56,52,44,
0.5,40,bot4,fein_margin,0.05,SUCCESS,54,54,34,
0.5,41,bot4,fein_margin,0.05,GAVE_UP,36,26,18,8
0.5,42,bot4,fein_margin,0.05,SUCCESS,27,27,73,
0.5,43,bot4,fein_margin,0.05,SUCCESS,49,49,26,26
0.5,84,bot4,fein_margin,0.05,BUTTON_BURNED,32,40,14,
0.5,85,bot4,fein_margin,0.05,SUCCESS,29,29,47,
0.5,86,bot4,fein_margin,0.05,SUCCESS,16,16,47,
0.5,87,bot4,fein_margin,0.05,SUCCESS,40,40,38,
0.5,64,bot4,fein_margin,0.05,SUCCESS,56,56,60,
0.5,65,bot4,fein_margin,0.05,SUCCESS,2,2,58,
0.5,66,bot4,fein_margin,0.05,GAVE_UP,43,48,28,15
0.5,67,bot4,fein_margin,0.05,SUCCESS,27,27,61,
0.5,96,bot4,fein_margin,0.05,GAVE_UP,23,53,20,1
0.5,97,bot4,fein_margin,0.05,SUCCESS,13,13,14,
0.5,98,bot4,fein_margin,0.05,SUCCESS,28,28,27,
0.5,99,bot4,fein_margin,0.05,SUCCESS,26,26,52,
0.5,76,bot4,fein_margin,0.05,SUCCESS,39,39,50,
0.5,77,bot4,fein_margin,0.05,BUTTON_BURNED,8,34,6,1
0.5,78,bot4,fein_margin,0.05,SUCCESS,53,51,48,
0.5,79,bot4,fein_margin,0.05,BUTTON_BURNED,17,18,10,
0.5,72,bot4,fein_margin,0.05,BUTTON_BURNED,29,30,22,
0.5,73,bot4,fein_margin,0.05,SUCCESS,45,45,62,
0.5,74,bot4,fein_margin,0.05,SUCCESS,30,30,43,
0.5,75,bot4,fein_margin,0.05,SUCCESS,31,31,21,
0.5,92,bot4,fein_margin,0.05,GAVE_UP,23,46,37,10
0.5,93,bot4,fein_margin,0.05,SUCCESS,38,38,42,
0.5,94,bot4,fein_margin,0.05,SUCCESS,21,21,30,
0.5,95,bot4,fein_margin,0.05,SUCCESS,46,46,38,
0.5,88,bot4,fein_margin,0.05,BUTTON_BURNED,22,55,13,1
0.5,89,bot4,fein_margin,0.05,BUTTON_BURNED,53,50,32,2
0.5,90,bot4,fein_margin,0.05,GAVE_UP,32,51,40,1
0.5,91,bot4,fein_margin,0.05,SUCCESS,23,23,48,
0.5,80,bot4,fein_margin,0.05,BUTTON_BURNED,52,57,31,31
0.5,81,bot4,fein_margin,0.05,SUCCESS,43,43,56,
0.5,82,bot4,fein_margin,0.05,BURNED,33,43,19,
0.5,83,bot4,fein_margin,0.05,SUCCESS,45,43,39,
0.5,104,bot4,fein_margin,0.05,SUCCESS,24,24,32,
0.5,105,bot4,fein_margin,0.05,SUCCESS,47,47,33,
0.5,106,bot4,fein_margin,0.05,BUTTON_BURNED,16,41,10,1
0.5,107,bot4,fein_margin,0.05,GAVE_UP,30,40,24,1
0.5,108,bot4,fein_margin,0.05,SUCCESS,47,47,45,
0.5,109,bot4,fein_margin,0.05,SUCCESS,5,5,18,
0.5,110,bot4,fein_margin,0.05,SUCCESS,28,28,39,
0.5,111,bot4,fein_margin,0.05,GAVE_UP,43,57,31,17
0.5,112,bot4,fein_margin,0.05,SUCCESS,7,7,9,
0.5,113,bot4,fein_margin,0.05,BUTTON_BURNED,21,23,13,
0.5,114,bot4,fein_margin,0.05,SUCCESS,27,27,31,
0.5,115,bot4,fein_margin,0.05,SUCCESS,48,48,49,
0.5,100,bot4,fein_margin,0.05,BUTTON_BURNED,38,36,16,11
0.5,101,bot4,fein_margin,0.05,SUCCESS,46,46,47,
0.5,102,bot4,fein_margin,0.05,SUCCESS,48,48,38,
0.5,103,bot4,fein_margin,0.05,GAVE_UP,13,68,9,1
0.5,124,bot4,fein_margin,0.05,SUCCESS,17,17,36,
0.5,125,bot4,fein_margin,0.05,SUCCESS,31,31,28,
0.5,126,bot4,fein_margin,0.05,BURNED,10,39,37,5
0.5,127,bot4,fein_margin,0.05,GAVE_UP,23,28,11,1
0.5,128,bot4,fein_margin,0.05,SUCCESS,39,39,35,
0.5,129,bot4,fein_margin,0.05,GAVE_UP,4,56,4,1
0.5,130,bot4,fein_margin,0.05,SUCCESS,41,41,46,
0.5,131,bot4,fein_margin,0.05,SUCCESS,34,34,22,
0.5,116,bot4,fein_margin,0.05,SUCCESS,9,9,34,
0.5,117,bot4,fein_margin,0.05,SUCCESS,31,31,39,
0.5,118,bot4,fein_margin,0.05,SUCCESS,37,37,31,
0.5,119,bot4,fein_margin,0.05,SUCCESS,65,65,59,
0.5,120,bot4,fein_margin,0.05,SUCCESS,56,46,32,32
0.5,121,bot4,fein_margin,0.05,SUCCESS,27,27,19,
0.5,122,bot4,fein_margin,0.05,SUCCESS,7,7,56,
0.5,123,bot4,fein_margin,0.05,SUCCESS,31,31,35,
0.5,148,bot4,fein_margin,0.05,SUCCESS,33,33,29,
0.5,149,bot4,fein_margin,0.05,SUCCESS,1,1,30,
0.5,150,bot4,fein_margin,0.05,SUCCESS,9,9,39,
0.5,151,bot4,fein_margin,0.05,SUCCESS,22,22,32,
0.5,140,bot4,fein_margin,0.05,GAVE_UP,27,35,19,1
0.5,141,bot4,fein_margin,0.05,SUCCESS,20,20,29,
0.5,142,bot4,fein_margin,0.05,SUCCESS,6,6,10,
0.5,143,bot4,fein_margin,0.05,SUCCESS,32,32,37,
0.5,132,bot4,fein_margin,0.05,SUCCESS,44,44,35,
0.5,133,bot4,fein_margin,0.05,SUCCESS,53,53,49,
0.5,134,bot4,fein_margin,0.05,SUCCESS,15,15,39,
0.5,135,bot4,fein_margin,0.05,SUCCESS,9,9,29,
0.5,160,bot4,fein_margin,0.05,SUCCESS,19,19,38,
0.5,161,bot4,fein_margin,0.05,BUTTON_BURNED,15,16,10,
0.5,162,bot4,fein_margin,0.05,SUCCESS,3,3,15,
0.5,163,bot4,fein_margin,0.05,SUCCESS,11,11,55,
0.5,144,bot4,fein_margin,0.05,BUTTON_BURNED,9,29,5,1
0.5,145,bot4,fein_margin,0.05,SUCCESS,49,49,37,
0.5,146,bot4,fein_margin,0.05,SUCCESS,29,29,51,
0.5,147,bot4,fein_margin,0.05,SUCCESS,11,11,33,
0.5,156,bot4,fein_margin,0.05,GAVE_UP,9,28,7,1
0.5,157,bot4,fein_margin,0.05,SUCCESS,12,12,40,
0.5,158,bot4,fein_margin,0.05,SUCCESS,33,33,31,
0.5,159,bot4,fein_margin,0.05,GAVE_UP,36,40,25,14
0.5,164,bot4,fein_margin,0.05,SUCCESS,30,30,35,
0.5,165,bot4,fein_margin,0.05,SUCCESS,23,23,42,
0.5,166,bot4,fein_margin,0.05,SUCCESS,6,6,18,
0.5,167,bot4,fein_margin,0.05,SUCCESS,30,30,32,
0.5,152,bot4,fein_margin,0.05,GAVE_UP,53,63,36,
0.5,153,bot4,fein_margin,0.05,BUTTON_BURNED,9,30,5,
0.5,154,bot4,fein_margin,0.05,GAVE_UP,13,56,8,1
0.5,155,bot4,fein_margin,0.05,SUCCESS,15,15,20,
0.5,176,bot4,fein_margin,0.05,GAVE_UP,16,46,12,1
0.5,177,bot4,fein_margin,0.05,SUCCESS,29,29,28,
0.5,178,bot4,fein_margin,0.05,SUCCESS,1,1,30,
0.5,179,bot4,fein_margin,0.05,SUCCESS,19,19,42,
0.5,168,bot4,fein_margin,0.05,SUCCESS,9,9,19,
0.5,169,bot4,fein_margin,0.05,SUCCESS,30,30,20,
0.5,170,bot4,fein_margin,0.05,SUCCESS,11,11,33,
0.5,171,bot4,fein_margin,0.05,SUCCESS,42,42,40,
0.5,136,bot4,fein_margin,0.05,SUCCESS,47,47,47,
0.5,137,bot4,fein_margin,0.05,BUTTON_BURNED,38,33,15,1
0.5,138,bot4,fein_margin,0.05,SUCCESS,20,20,57,
0.5,139,bot4,fein_margin,0.05,SUCCESS,41,41,45,
0.5,184,bot4,fein_margin,0.05,GAVE_UP,32,47,27,1
0.5,185,bot4,fein_margin,0.05,BURNED,8,10,9,
0.5,186,bot4,fein_margin,0.05,GAVE_UP,4,46,3,1
0.5,187,bot4,fein_margin,0.05,SUCCESS,32,32,48,
0.5,200,bot4,fein_margin,0.05,SUCCESS,31,31,44,
0.5,201,bot4,fein_margin,0.05,SUCCESS,24,24,23,
0.5,202,bot4,fein_margin,0.05,SUCCESS,10,10,28,
0.5,203,bot4,fein_margin,0.05,SUCCESS,28,28,38,
0.5,172,bot4,fein_margin,0.05,GAVE_UP,44,43,30,17
0.5,173,bot4,fein_margin,0.05,BUTTON_BURNED,48,43,27,20
0.5,174,bot4,fein_margin,0.05,SUCCESS,12,12,23,
0.5,175,bot4,fein_margin,0.05,SUCCESS,18,18,19,
0.5,180,bot4,fein_margin,0.05,SUCCESS,49,49,45,
0.5,181,bot4,fein_margin,0.05,SUCCESS,24,24,27,
0.5,182,bot4,fein_margin,0.05,SUCCESS,40,40,45,
0.5,183,bot4,fein_margin,0.05,SUCCESS,56,56,48,
0.5,188,bot4,fein_margin,0.05,SUCCESS,23,23,45,
0.5,189,bot4,fein_margin,0.05,SUCCESS,25,25,54,
0.5,190,bot4,fein_margin,0.05,SUCCESS,48,48,55,
0.5,191,bot4,fein_margin,0.05,SUCCESS,40,40,31,
0.5,192,bot4,fein_margin,0.05,SUCCESS,18,18,45,
0.5,193,bot4,fein_margin,0.05,GAVE_UP,18,35,17,5
0.5,194,bot4,fein_margin,0.05,SUCCESS,55,55,64,
0.5,195,bot4,fein_margin,0.05,GAVE_UP,38,40,23,21
0.5,208,bot4,fein_margin,0.05,SUCCESS,43,43,34,
0.5,209,bot4,fein_margin,0.05,SUCCESS,35,35,61,
0.5,210,bot4,fein_margin,0.05,SUCCESS,31,31,36,
0.5,211,bot4,fein_margin,0.05,SUCCESS,6,6,30,
0.5,212,bot4,fein_margin,0.05,SUCCESS,39,39,50,
0.5,213,bot4,fein_margin,0.05,SUCCESS,35,35,55,
0.5,214,bot4,fein_margin,0.05,SUCCESS,12,12,42,
0.5,215,bot4,fein_margin,0.05,SUCCESS,38,38,21,
0.5,204,bot4,fein_margin,0.05,SUCCESS,22,22,18,3
0.5,205,bot4,fein_margin,0.05,SUCCESS,59,55,33,
0.5,206,bot4,fein_margin,0.05,SUCCESS,29,29,54,
0.5,207,bot4,fein_margin,0.05,SUCCESS,14,14,27,
0.5,196,bot4,fein_margin,0.05,SUCCESS,15,15,30,
0.5,197,bot4,fein_margin,0.05,SUCCESS,57,51,38,
0.5,198,bot4,fein_margin,0.05,GAVE_UP,41,65,25,31
0.5,199,bot4,fein_margin,0.05,BUTTON_BURNED,50,52,24,
0.5,216,bot4,fein_margin,0.05,BUTTON_BURNED,36,45,24,17
0.5,217,bot4,fein_margin,0.05,SUCCESS,21,21,26,
0.5,218,bot4,fein_margin,0.05,SUCCESS,17,17,54,
0.5,219,bot4,fein_margin,0.05,BUTTON_BURNED,44,56,28,22
0.5,228,bot4,fein_margin,0.05,SUCCESS,37,37,28,15
0.5,229,bot4,fein_margin,0.05,SUCCESS,20,20,22,
0.5,230,bot4,fein_margin,0.05,SUCCESS,35,35,43,
0.5,231,bot4,fein_margin,0.05,SUCCESS,26,26,30,
0.5,240,bot4,fein_margin,0.05,SUCCESS,10,10,39,
0.5,241,bot4,fein_margin,0.05,BUTTON_BURNED,22,28,17,
0.5,242,bot4,fein_margin,0.05,SUCCESS,30,30,23,
0.5,243,bot4,fein_margin,0.05,BUTTON_BURNED,35,65,19,12
0.5,220,bot4,fein_margin,0.05,SUCCESS,26,26,48,
0.5,221,bot4,fein_margin,0.05,SUCCESS,51,43,40,
0.5,222,bot4,fein_margin,0.05,SUCCESS,17,17,40,
0.5,223,bot4,fein_margin,0.05,SUCCESS,46,46,42,
0.5,248,bot4,fein_margin,0.05,SUCCESS,40,40,45,
0.5,249,bot4,fein_margin,0.05,SUCCESS,23,23,34,
0.5,250,bot4,fein_margin,0.05,BUTTON_BURNED,30,30,20,8
0.5,251,bot4,fein_margin,0.05,SUCCESS,9,9,43,
0.5,224,bot4,fein_margin,0.05,SUCCESS,48,48,54,
0.5,225,bot4,fein_margin,0.05,SUCCESS,24,24,30,
0.5,226,bot4,fein_margin,0.05,SUCCESS,54,54,35,
0.5,227,bot4,fein_margin,0.05,SUCCESS,44,44,42,
0.5,236,bot4,fein_margin,0.05,SUCCESS,28,28,58,
0.5,237,bot4,fein_margin,0.05,SUCCESS,53,51,48,
0.5,238,bot4,fein_margin,0.05,SUCCESS,24,24,37,
0.5,239,bot4,fein_margin,0.05,SUCCESS,43,43,52,
0.5,256,bot4,fein_margin,0.05,GAVE_UP,9,28,13,
0.5,257,bot4,fein_margin,0.05,SUCCESS,10,10,27,
0.5,258,bot4,fein_margin,0.05,SUCCESS,43,43,45,
0.5,259,bot4,fein_margin,0.05,SUCCESS,5,5,15,
0.5,244,bot4,fein_margin,0.05,GAVE_UP,60,61,35,32
0.5,245,bot4,fein_margin,0.05,SUCCESS,19,19,70,
0.5,246,bot4,fein_margin,0.05,GAVE_UP,10,24,11,6
0.5,247,bot4,fein_margin,0.05,SUCCESS,32,32,26,
0.5,232,bot4,fein_margin,0.05,SUCCESS,42,42,48,
0.5,233,bot4,fein_margin,0.05,SUCCESS,45,45,41,
0.5,234,bot4,fein_margin,0.05,GAVE_UP,55,39,35,34
0.5,235,bot4,fein_margin,0.05,SUCCESS,29,29,52,
0.5,252,bot4,fein_margin,0.05,SUCCESS,34,34,46,
0.5,253,bot4,fein_margin,0.05,BUTTON_BURNED,41,55,18,
0.5,254,bot4,fein_margin,0.05,BUTTON_BURNED,30,32,19,12
0.5,255,bot4,fein_margin,0.05,SUCCESS,16,16,23,
0.5,260,bot4,fein_margin,0.05,SUCCESS,35,35,59,
0.5,261,bot4,fein_margin,0.05,SUCCESS,34,34,40,
0.5,262,bot4,fein_margin,0.05,SUCCESS,36,36,58,
0.5,263,bot4,fein_margin,0.05,SUCCESS,7,7,51,
0.5,268,bot4,fein_margin,0.05,SUCCESS,18,18,25,
0.5,269,bot4,fein_margin,0.05,SUCCESS,16,16,52,
0.5,270,bot4,fein_margin,0.05,SUCCESS,66,58,55,
0.5,271,bot4,fein_margin,0.05,SUCCESS,32,32,41,
0.5,272,bot4,fein_margin,0.05,SUCCESS,41,41,32,
0.5,273,bot4,fein_margin,0.05,SUCCESS,19,19,45,
0.5,274,bot4,fein_margin,0.05,SUCCESS,41,41,40,
0.5,275,bot4,fein_margin,0.05,SUCCESS,10,10,12,
0.5,276,bot4,fein_margin,0.05,SUCCESS,42,42,47,
0.5,277,bot4,fein_margin,0.05,SUCCESS,18,18,15,
0.5,278,bot4,fein_margin,0.05,BURNED,37,38,27,
0.5,279,bot4,fein_margin,0.05,SUCCESS,20,20,32,
0.5,280,bot4,fein_margin,0.05,BURNED,26,36,30,21
0.5,281,bot4,fein_margin,0.05,SUCCESS,32,32,35,
0.5,282,bot4,fein_margin,0.05,GAVE_UP,43,51,25,23
0.5,283,bot4,fein_margin,0.05,SUCCESS,29,29,18,
0.5,288,bot4,fein_margin,0.05,SUCCESS,5,5,12,
0.5,289,bot4,fein_margin,0.05,SUCCESS,19,19,51,
0.5,290,bot4,fein_margin,0.05,SUCCESS,63,63,67,
0.5,291,bot4,fein_margin,0.05,SUCCESS,28,28,45,
0.5,292,bot4,fein_margin,0.05,SUCCESS,18,18,15,
0.5,293,bot4,fein_margin,0.05,SUCCESS,25,25,53,
0.5,294,bot4,fein_margin,0.05,SUCCESS,46,46,34,
0.5,295,bot4,fein_margin,0.05,SUCCESS,32,32,30,
0.5,264,bot4,fein_margin,0.05,GAVE_UP,35,49,33,12
0.5,265,bot4,fein_margin,0.05,GAVE_UP,52,42,27,38
0.5,266,bot4,fein_margin,0.05,BUTTON_BURNED,31,34,15,
0.5,267,bot4,fein_margin,0.05,SUCCESS,42,42,38,
0.5,300,bot4,fein_margin,0.05,SUCCESS,38,38,51,
0.5,301,bot4,fein_margin,0.05,SUCCESS,36,36,29,
0.5,302,bot4,fein_margin,0.05,SUCCESS,7,7,48,
0.5,303,bot4,fein_margin,0.05,SUCCESS,17,17,48,
0.5,284,bot4,fein_margin,0.05,SUCCESS,4,4,41,
0.5,285,bot4,fein_margin,0.05,SUCCESS,47,39,33,
0.5,286,bot4,fein_margin,0.05,SUCCESS,33,33,40,
0.5,287,bot4,fein_margin,0.05,SUCCESS,19,19,18,
0.5,316,bot4,fein_margin,0.05,SUCCESS,9,9,37,
0.5,317,bot4,fein_margin,0.05,SUCCESS,6,6,42,
0.5,318,bot4,fein_margin,0.05,SUCCESS,17,17,39,
0.5,319,bot4,fein_margin,0.05,GAVE_UP,16,36,12,1
0.5,312,bot4,fein_margin,0.05,SUCCESS,13,13,14,
0.5,313,bot4,fein_margin,0.05,SUCCESS,30,30,53,
0.5,314,bot4,fein_margin,0.05,SUCCESS,18,18,40,
0.5,315,bot4,fein_margin,0.05,BUTTON_BURNED,13,23,7,
0.5,296,bot4,fein_margin,0.05,SUCCESS,78,56,45,56
0.5,297,bot4,fein_margin,0.05,GAVE_UP,48,49,32,26
0.5,298,bot4,fein_margin,0.05,SUCCESS,16,16,49,
0.5,299,bot4,fein_margin,0.05,SUCCESS,22,22,17,
0.5,304,bot4,fein_margin,0.05,BUTTON_BURNED,39,49,21,14
0.5,305,bot4,fein_margin,0.05,SUCCESS,20,20,16,
0.5,306,bot4,fein_margin,0.05,SUCCESS,47,47,38,
0.5,307,bot4,fein_margin,0.05,GAVE_UP,10,54,12,1
0.5,320,bot4,fein_margin,0.05,SUCCESS,34,34,44,
0.5,321,bot4,fein_margin,0.05,BUTTON_BURNED,1,41,1,1
0.5,322,bot4,fein_margin,0.05,GAVE_UP,19,46,12,1
0.5,323,bot4,fein_margin,0.05,SUCCESS,46,42,33,
0.5,324,bot4,fein_margin,0.05,SUCCESS,41,37,30,19
0.5,325,bot4,fein_margin,0.05,SUCCESS,23,23,40,
0.5,326,bot4,fein_margin,0.05,SUCCESS,9,9,50,
0.5,327,bot4,fein_margin,0.05,SUCCESS,44,38,28,23
0.5,308,bot4,fein_margin,0.05,BUTTON_BURNED,31,54,11,1
0.5,309,bot4,fein_margin,0.05,SUCCESS,50,50,39,
0.5,310,bot4,fein_margin,0.05,BUTTON_BURNED,18,22,8,
0.5,311,bot4,fein_margin,0.05,SUCCESS,51,51,49,
0.5,328,bot4,fein_margin,0.05,SUCCESS,38,38,37,
0.5,329,bot4,fein_margin,0.05,SUCCESS,34,34,45,
0.5,330,bot4,fein_margin,0.05,BUTTON_BURNED,34,42,17,
0.5,331,bot4,fein_margin,0.05,BURNED,46,50,31,
0.5,336,bot4,fein_margin,0.05,BUTTON_BURNED,20,33,10,4
0.5,337,bot4,fein_margin,0.05,GAVE_UP,60,56,30,24
0.5,338,bot4,fein_margin,0.05,SUCCESS,24,24,51,
0.5,339,bot4,fein_margin,0.05,SUCCESS,13,13,29,
0.5,332,bot4,fein_margin,0.05,SUCCESS,49,49,52,
0.5,333,bot4,fein_margin,0.05,SUCCESS,6,6,53,
0.5,334,bot4,fein_margin,0.05,GAVE_UP,49,56,36,
0.5,335,bot4,fein_margin,0.05,SUCCESS,43,43,23,12
0.5,348,bot4,fein_margin,0.05,SUCCESS,11,11,25,
0.5,349,bot4,fein_margin,0.05,BUTTON_BURNED,9,24,4,
0.5,350,bot4,fein_margin,0.05,SUCCESS,52,52,51,
0.5,351,bot4,fein_margin,0.05,BUTTON_BURNED,32,47,17,17
0.5,340,bot4,fein_margin,0.05,GAVE_UP,29,38,20,8
0.5,341,bot4,fein_margin,0.05,BUTTON_BURNED,12,47,8,12
0.5,342,bot4,fein_margin,0.05,BUTTON_BURNED,35,53,22,15
0.5,343,bot4,fein_margin,0.05,SUCCESS,31,31,24,
0.5,344,bot4,fein_margin,0.05,SUCCESS,40,40,50,
0.5,345,bot4,fein_margin,0.05,SUCCESS,25,25,23,
0.5,346,bot4,fein_margin,0.05,SUCCESS,21,21,43,
0.5,347,bot4,fein_margin,0.05,GAVE_UP,29,34,15,
0.5,352,bot4,fein_margin,0.05,SUCCESS,52,52,56,
0.5,353,bot4,fein_margin,0.05,SUCCESS,31,31,42,
0.5,354,bot4,fein_margin,0.05,SUCCESS,11,11,31,
0.5,355,bot4,fein_margin,0.05,SUCCESS,30,30,39,
0.5,360,bot4,fein_margin,0.05,SUCCESS,29,29,29,
0.5,361,bot4,fein_margin,0.05,SUCCESS,37,37,55,
0.5,362,bot4,fein_margin,0.05,SUCCESS,21,21,41,
0.5,363,bot4,fein_margin,0.05,GAVE_UP,21,23,11,1
0.5,356,bot4,fein_margin,0.05,SUCCESS,20,20,39,
0.5,357,bot4,fein_margin,0.05,SUCCESS,27,27,28,
0.5,358,bot4,fein_margin,0.05,GAVE_UP,46,44,24,12
0.5,359,bot4,fein_margin,0.05,BUTTON_BURNED,20,46,9,1
0.5,388,bot4,fein_margin,0.05,SUCCESS,25,25,46,
0.5,389,bot4,fein_margin,0.05,SUCCESS,12,12,25,
0.5,390,bot4,fein_margin,0.05,SUCCESS,10,10,36,
0.5,391,bot4,fein_margin,0.05,SUCCESS,25,25,41,
0.5,380,bot4,fein_margin,0.05,BUTTON_BURNED,31,45,20,
0.5,381,bot4,fein_margin,0.05,SUCCESS,13,13,24,
0.5,382,bot4,fein_margin,0.05,SUCCESS,31,31,33,
0.5,383,bot4,fein_margin,0.05,SUCCESS,9,9,40,
0.5,364,bot4,fein_margin,0.05,SUCCESS,2,2,9,
0.5,365,bot4,fein_margin,0.05,GAVE_UP,49,57,32,28
0.5,366,bot4,fein_margin,0.05,SUCCESS,49,49,27,
0.5,367,bot4,fein_margin,0.05,SUCCESS,13,13,52,
0.5,376,bot4,fein_margin,0.05,BUTTON_BURNED,6,30,5,
0.5,377,bot4,fein_margin,0.05,SUCCESS,8,8,19,
0.5,378,bot4,fein_margin,0.05,GAVE_UP,8,39,18,8
0.5,379,bot4,fein_margin,0.05,SUCCESS,54,52,42,
0.5,384,bot4,fein_margin,0.05,SUCCESS,6,6,28,
0.5,385,bot4,fein_margin,0.05,SUCCESS,48,48,48,
0.5,386,bot4,fein_margin,0.05,SUCCESS,47,47,34,
0.5,387,bot4,fein_margin,0.05,GAVE_UP,27,60,25,6
0.5,368,bot4,fein_margin,0.05,BUTTON_BURNED,57,48,32,37
0.5,369,bot4,fein_margin,0.05,SUCCESS,32,32,31,
0.5,370,bot4,fein_margin,0.05,SUCCESS,23,23,23,
0.5,371,bot4,fein_margin,0.05,SUCCESS,37,37,43,
0.5,400,bot4,fein_margin,0.05,SUCCESS,39,39,37,
0.5,401,bot4,fein_margin,0.05,SUCCESS,37,37,48,
0.5,402,bot4,fein_margin,0.05,SUCCESS,25,25,16,
0.5,403,bot4,fein_margin,0.05,BUTTON_BURNED,14,37,7,1
0.5,396,bot4,fein_margin,0.05,SUCCESS,10,10,44,
0.5,397,bot4,fein_margin,0.05,SUCCESS,9,9,27,
0.5,398,bot4,fein_margin,0.05,SUCCESS,65,55,40,
0.5,399,bot4,fein_margin,0.05,SUCCESS,9,9,49,
0.5,372,bot4,fein_margin,0.05,SUCCESS,35,35,35,
0.5,373,bot4,fein_margin,0.05,GAVE_UP,66,53,41,32
0.5,374,bot4,fein_margin,0.05,SUCCESS,24,24,44,
0.5,375,bot4,fein_margin,0.05,SUCCESS,8,8,46,
0.5,392,bot4,fein_margin,0.05,BUTTON_BURNED,35,23,16,4
0.5,393,bot4,fein_margin,0.05,GAVE_UP,62,49,34,34
0.5,394,bot4,fein_margin,0.05,SUCCESS,33,33,46,
0.5,395,bot4,fein_margin,0.05,SUCCESS,26,26,66,
0.5,416,bot4,fein_margin,0.05,SUCCESS,18,18,40,
0.5,417,bot4,fein_margin,0.05,SUCCESS,5,5,18,
0.5,418,bot4,fein_margin,0.05,SUCCESS,13,13,42,
0.5,419,bot4,fein_margin,0.05,SUCCESS,10,10,43,
0.5,412,bot4,fein_margin,0.05,SUCCESS,21,21,43,
0.5,413,bot4,fein_margin,0.05,SUCCESS,13,13,31,
0.5,414,bot4,fein_margin,0.05,BUTTON_BURNED,29,34,21,10
0.5,415,bot4,fein_margin,0.05,SUCCESS,13,13,40,
0.5,404,bot4,fein_margin,0.05,SUCCESS,41,41,43,
0.5,405,bot4,fein_margin,0.05,SUCCESS,35,35,32,
0.5,406,bot4,fein_margin,0.05,SUCCESS,45,45,51,
0.5,407,bot4,fein_margin,0.05,SUCCESS,30,30,46,
0.5,428,bot4,fein_margin,0.05,SUCCESS,5,5,65,
0.5,429,bot4,fein_margin,0.05,SUCCESS,20,20,21,
0.5,430,bot4,fein_margin,0.05,GAVE_UP,19,22,12,1
0.5,431,bot4,fein_margin,0.05,SUCCESS,5,5,40,
0.5,420,bot4,fein_margin,0.05,SUCCESS,28,28,30,
0.5,421,bot4,fein_margin,0.05,BUTTON_BURNED,26,47,10,1
0.5,422,bot4,fein_margin,0.05,SUCCESS,7,7,24,
0.5,423,bot4,fein_margin,0.05,SUCCESS,42,42,42,
0.5,440,bot4,fein_margin,0.05,SUCCESS,12,12,36,
0.5,441,bot4,fein_margin,0.05,SUCCESS,23,23,24,
0.5,442,bot4,fein_margin,0.05,GAVE_UP,22,40,17,1
0.5,443,bot4,fein_margin,0.05,BURNED,27,28,16,8
0.5,408,bot4,fein_margin,0.05,SUCCESS,58,58,52,
0.5,409,bot4,fein_margin,0.05,SUCCESS,26,26,19,
0.5,410,bot4,fein_margin,0.05,SUCCESS,46,46,54,
0.5,411,bot4,fein_margin,0.05,GAVE_UP,16,28,13,1
0.5,432,bot4,fein_margin,0.05,GAVE_UP,29,49,21,5
0.5,433,bot4,fein_margin,0.05,SUCCESS,19,19,16,
0.5,434,bot4,fein_margin,0.05,BURNED,16,31,25,1
0.5,435,bot4,fein_margin,0.05,GAVE_UP,36,52,16,8
0.5,444,bot4,fein_margin,0.05,SUCCESS,24,24,48,
0.5,445,bot4,fein_margin,0.05,SUCCESS,14,14,21,
0.5,446,bot4,fein_margin,0.05,SUCCESS,35,35,63,
0.5,447,bot4,fein_margin,0.05,BUTTON_BURNED,23,45,16,4
0.5,436,bot4,fein_margin,0.05,SUCCESS,23,23,31,
0.5,437,bot4,fein_margin,0.05,SUCCESS,20,20,62,
0.5,438,bot4,fein_margin,0.05,SUCCESS,30,30,25,
0.5,439,bot4,fein_margin,0.05,SUCCESS,61,61,49,
0.5,448,bot4,fein_margin,0.05,SUCCESS,53,53,61,
0.5,449,bot4,fein_margin,0.05,SUCCESS,38,38,48,
0.5,450,bot4,fein_margin,0.05,SUCCESS,18,18,14,
0.5,451,bot4,fein_margin,0.05,SUCCESS,30,30,56,
0.5,460,bot4,fein_margin,0.05,SUCCESS,24,24,34,
0.5,461,bot4,fein_margin,0.05,BUTTON_BURNED,35,40,19,9
0.5,462,bot4,fein_margin,0.05,BUTTON_BURNED,28,46,17,9
0.5,463,bot4,fein_margin,0.05,GAVE_UP,2,15,5,1
0.5,456,bot4,fein_margin,0.05,SUCCESS,17,17,13,
0.5,457,bot4,fein_margin,0.05,GAVE_UP,25,37,18,5
0.5,458,bot4,fein_margin,0.05,SUCCESS,36,36,40,
0.5,459,bot4,fein_margin,0.05,GAVE_UP,24,34,22,
0.5,464,bot4,fein_margin,0.05,SUCCESS,49,49,42,
0.5,465,bot4,fein_margin,0.05,SUCCESS,15,15,51,
0.5,466,bot4,fein_margin,0.05,BUTTON_BURNED,22,31,12,
0.5,467,bot4,fein_margin,0.05,BURNED,12,17,13,
0.5,468,bot4,fein_margin,0.05,BUTTON_BURNED,19,37,12,
0.5,469,bot4,fein_margin,0.05,SUCCESS,37,37,20,
0.5,470,bot4,fein_margin,0.05,SUCCESS,20,20,25,
0.5,471,bot4,fein_margin,0.05,SUCCESS,46,46,30,
0.5,452,bot4,fein_margin,0.05,BUTTON_BURNED,23,39,17,
0.5,453,bot4,fein_margin,0.05,BUTTON_BURNED,23,26,17,
0.5,454,bot4,fein_margin,0.05,SUCCESS,36,36,40,
0.5,455,bot4,fein_margin,0.05,SUCCESS,56,54,41,
0.5,424,bot4,fein_margin,0.05,SUCCESS,60,60,39,
0.5,425,bot4,fein_margin,0.05,SUCCESS,37,37,33,
0.5,426,bot4,fein_margin,0.05,GAVE_UP,34,42,16,4
0.5,427,bot4,fein_margin,0.05,SUCCESS,55,55,40,
0.5,472,bot4,fein_margin,0.05,GAVE_UP,40,24,18,14
0.5,473,bot4,fein_margin,0.05,SUCCESS,23,23,24,
0.5,474,bot4,fein_margin,0.05,SUCCESS,35,35,28,
0.5,475,bot4,fein_margin,0.05,SUCCESS,49,49,48,
0.5,476,bot4,fein_margin,0.05,SUCCESS,28,28,34,
0.5,477,bot4,fein_margin,0.05,SUCCESS,21,21,32,
0.5,478,bot4,fein_margin,0.05,SUCCESS,29,29,27,
0.5,479,bot4,fein_margin,0.05,SUCCESS,46,46,60,
0.5,488,bot4,fein_margin,0.05,GAVE_UP,21,45,15,2
0.5,489,bot4,fein_margin,0.05,SUCCESS,30,30,55,
0.5,490,bot4,fein_margin,0.05,SUCCESS,19,19,19,
0.5,491,bot4,fein_margin,0.05,SUCCESS,8,8,13,
0.5,484,bot4,fein_margin,0.05,SUCCESS,41,41,53,
0.5,485,bot4,fein_margin,0.05,SUCCESS,19,19,32,
0.5,486,bot4,fein_margin,0.05,SUCCESS,19,19,13,
0.5,487,bot4,fein_margin,0.05,SUCCESS,31,31,29,
0.5,480,bot4,fein_margin,0.05,GAVE_UP,38,43,29,
0.5,481,bot4,fein_margin,0.05,SUCCESS,39,39,40,
0.5,482,bot4,fein_margin,0.05,SUCCESS,16,16,53,
0.5,483,bot4,fein_margin,0.05,SUCCESS,25,25,48,
0.6,0,bot4,fein_margin,0.05,SUCCESS,17,17,39,
0.6,1,bot4,fein_margin,0.05,SUCCESS,14,14,68,
0.6,2,bot4,fein_margin,0.05,SUCCESS,35,35,29,
0.6,3,bot4,fein_margin,0.05,SUCCESS,24,24,22,
0.6,4,bot4,fein_margin,0.05,GAVE_UP,26,41,26,1
0.6,5,bot4,fein_margin,0.05,SUCCESS,24,24,19,
0.6,6,bot4,fein_margin,0.05,SUCCESS,5,5,19,
0.6,7,bot4,fein_margin,0.05,SUCCESS,29,27,20,6
0.6,12,bot4,fein_margin,0.05,SUCCESS,30,30,24,
0.6,13,bot4,fein_margin,0.05,SUCCESS,16,16,62,
0.6,14,bot4,fein_margin,0.05,SUCCESS,28,28,49,
0.6,15,bot4,fein_margin,0.05,SUCCESS,13,13,30,
0.5,492,bot4,fein_margin,0.05,SUCCESS,47,47,58,
0.5,493,bot4,fein_margin,0.05,SUCCESS,44,44,48,
0.5,494,bot4,fein_margin,0.05,SUCCESS,15,15,31,
0.5,495,bot4,fein_margin,0.05,SUCCESS,15,15,23,
0.6,20,bot4,fein_margin,0.05,BUTTON_BURNED,26,43,16,3
0.6,21,bot4,fein_margin,0.05,SUCCESS,17,17,55,
0.6,22,bot4,fein_margin,0.05,SUCCESS,15,15,33,
0.6,23,bot4,fein_margin,0.05,SUCCESS,33,33,41,
0.6,32,bot4,fein_margin,0.05,SUCCESS,13,13,24,
0.6,33,bot4,fein_margin,0.05,BUTTON_BURNED,10,31,7,1
0.6,34,bot4,fein_margin,0.05,BUTTON_BURNED,14,39,9,5
0.6,35,bot4,fein_margin,0.05,SUCCESS,38,38,45,
0.6,8,bot4,fein_margin,0.05,SUCCESS,25,25,43,
0.6,9,bot4,fein_margin,0.05,BURNED,17,39,20,1
0.6,10,bot4,fein_margin,0.05,GAVE_UP,34,41,33,
0.6,11,bot4,fein_margin,0.05,BUTTON_BURNED,49,48,31,
0.6,24,bot4,fein_margin,0.05,GAVE_UP,44,65,27,23
0.6,25,bot4,fein_margin,0.05,SUCCESS,36,36,49,
0.6,26,bot4,fein_margin,0.05,SUCCESS,22,22,59,
0.6,27,bot4,fein_margin,0.05,SUCCESS,23,23,41,
0.6,28,bot4,fein_margin,0.05,SUCCESS,20,20,23,
0.6,29,bot4,fein_margin,0.05,GAVE_UP,6,41,7,1
0.6,30,bot4,fein_margin,0.05,BUTTON_BURNED,24,41,14,
0.6,31,bot4,fein_margin,0.05,BUTTON_BURNED,64,68,44,45
0.6,16,bot4,fein_margin,0.05,SUCCESS,35,35,57,
0.6,17,bot4,fein_margin,0.05,SUCCESS,19,19,22,
0.6,18,bot4,fein_margin,0.05,SUCCESS,64,64,58,
0.6,19,bot4,fein_margin,0.05,GAVE_UP,47,49,33,30
0.5,496,bot4,fein_margin,0.05,SUCCESS,43,43,28,23
0.5,497,bot4,fein_margin,0.05,SUCCESS,24,24,39,
0.5,498,bot4,fein_margin,0.05,GAVE_UP,31,54,20,8
0.5,499,bot4,fein_margin,0.05,GAVE_UP,74,53,47,60
0.6,48,bot4,fein_margin,0.05,SUCCESS,17,17,37,
0.6,49,bot4,fein_margin,0.05,SUCCESS,3,3,29,
0.6,50,bot4,fein_margin,0.05,SUCCESS,32,32,48,
0.6,51,bot4,fein_margin,0.05,SUCCESS,31,31,40,
0.6,36,bot4,fein_margin,0.05,SUCCESS,19,19,39,
0.6,37,bot4,fein_margin,0.05,GAVE_UP,29,54,26,9
0.6,38,bot4,fein_margin,0.05,SUCCESS,37,37,35,
0.6,39,bot4,fein_margin,0.05,BURNED,46,60,46,34
0.6,40,bot4,fein_margin,0.05,GAVE_UP,51,54,34,19
0.6,41,bot4,fein_margin,0.05,BURNED,15,26,18,4
0.6,42,bot4,fein_margin,0.05,SUCCESS,27,27,73,
0.6,43,bot4,fein_margin,0.05,BUTTON_BURNED,34,49,26,16
0.6,60,bot4,fein_margin,0.05,SUCCESS,38,38,48,
0.6,61,bot4,fein_margin,0.05,SUCCESS,11,11,36,
0.6,62,bot4,fein_margin,0.05,BUTTON_BURNED,18,24,14,1
0.6,63,bot4,fein_margin,0.05,BUTTON_BURNED,6,28,3,1
0.6,68,bot4,fein_margin,0.05,SUCCESS,3,3,13,
0.6,69,bot4,fein_margin,0.05,SUCCESS,24,24,24,
0.6,70,bot4,fein_margin,0.05,SUCCESS,24,24,23,
0.6,71,bot4,fein_margin,0.05,GAVE_UP,18,46,13,1
0.6,52,bot4,fein_margin,0.05,SUCCESS,25,25,27,
0.6,53,bot4,fein_margin,0.05,SUCCESS,36,36,39,
0.6,54,bot4,fein_margin,0.05,SUCCESS,51,51,39,
0.6,55,bot4,fein_margin,0.05,SUCCESS,5,5,31,
0.6,56,bot4,fein_margin,0.05,BUTTON_BURNED,12,54,7,1
0.6,57,bot4,fein_margin,0.05,SUCCESS,20,20,26,
0.6,58,bot4,fein_margin,0.05,GAVE_UP,16,47,12,
0.6,59,bot4,fein_margin,0.05,BURNED,27,52,44,12
0.6,44,bot4,fein_margin,0.05,SUCCESS,49,49,51,
0.6,45,bot4,fein_margin,0.05,SUCCESS,34,34,37,
0.6,46,bot4,fein_margin,0.05,SUCCESS,22,22,33,
0.6,47,bot4,fein_margin,0.05,GAVE_UP,33,48,25,2
0.6,84,bot4,fein_margin,0.05,BUTTON_BURNED,19,40,14,
0.6,85,bot4,fein_margin,0.05,SUCCESS,29,29,47,
0.6,86,bot4,fein_margin,0.05,SUCCESS,16,16,47,
0.6,87,bot4,fein_margin,0.05,SUCCESS,40,40,38,
0.6,64,bot4,fein_margin,0.05,SUCCESS,56,56,60,
0.6,65,bot4,fein_margin,0.05,SUCCESS,2,2,58,
0.6,66,bot4,fein_margin,0.05,GAVE_UP,36,48,28,11
0.6,67,bot4,fein_margin,0.05,SUCCESS,27,27,61,
0.6,72,bot4,fein_margin,0.05,BUTTON_BURNED,27,30,22,
0.6,73,bot4,fein_margin,0.05,SUCCESS,45,45,62,
0.6,74,bot4,fein_margin,0.05,SUCCESS,30,30,43,
0.6,75,bot4,fein_margin,0.05,BUTTON_BURNED,28,31,21,10
0.6,96,bot4,fein_margin,0.05,GAVE_UP,20,53,20,1
0.6,97,bot4,fein_margin,0.05,SUCCESS,13,13,14,
0.6,98,bot4,fein_margin,0.05,SUCCESS,28,28,27,
0.6,99,bot4,fein_margin,0.05,SUCCESS,26,26,52,
0.6,88,bot4,fein_margin,0.05,GAVE_UP,29,55,13,1
0.6,89,bot4,fein_margin,0.05,GAVE_UP,34,50,32,2
0.6,90,bot4,fein_margin,0.05,GAVE_UP,24,51,40,1
0.6,91,bot4,fein_margin,0.05,SUCCESS,23,23,48,
0.6,76,bot4,fein_margin,0.05,SUCCESS,39,39,50,
0.6,77,bot4,fein_margin,0.05,BUTTON_BURNED,12,34,6,1
0.6,78,bot4,fein_margin,0.05,SUCCESS,55,51,48,
0.6,79,bot4,fein_margin,0.05,BUTTON_BURNED,17,18,10,
0.6,80,bot4,fein_margin,0.05,BUTTON_BURNED,42,57,31,26
0.6,81,bot4,fein_margin,0.05,SUCCESS,43,43,56,
0.6,82,bot4,fein_margin,0.05,GAVE_UP,26,43,19,
0.6,83,bot4,fein_margin,0.05,SUCCESS,45,43,39,
0.6,100,bot4,fein_margin,0.05,BUTTON_BURNED,27,36,16,5
0.6,101,bot4,fein_margin,0.05,SUCCESS,46,46,47,
0.6,102,bot4,fein_margin,0.05,BURNED,26,48,38,8
0.6,103,bot4,fein_margin,0.05,GAVE_UP,9,68,9,1
0.6,112,bot4,fein_margin,0.05,SUCCESS,7,7,9,
0.6,113,bot4,fein_margin,0.05,SUCCESS,23,23,13,
0.6,114,bot4,fein_margin,0.05,SUCCESS,27,27,31,
0.6,115,bot4,fein_margin,0.05,SUCCESS,48,48,49,
0.6,104,bot4,fein_margin,0.05,SUCCESS,24,24,32,
0.6,105,bot4,fein_margin,0.05,BUTTON_BURNED,46,47,33,28
0.6,106,bot4,fein_margin,0.05,BUTTON_BURNED,16,41,10,1
0.6,107,bot4,fein_margin,0.05,GAVE_UP,20,40,24,1
0.6,92,bot4,fein_margin,0.05,GAVE_UP,49,46,37,27
0.6,93,bot4,fein_margin,0.05,SUCCESS,38,38,42,
0.6,94,bot4,fein_margin,0.05,SUCCESS,21,21,30,
0.6,95,bot4,fein_margin,0.05,SUCCESS,46,46,38,
0.6,108,bot4,fein_margin,0.05,SUCCESS,47,47,45,
0.6,109,bot4,fein_margin,0.05,SUCCESS,5,5,18,
0.6,110,bot4,fein_margin,0.05,SUCCESS,28,28,39,
0.6,111,bot4,fein_margin,0.05,GAVE_UP,34,57,31,16
0.6,124,bot4,fein_margin,0.05,SUCCESS,17,17,36,
0.6,125,bot4,fein_margin,0.05,SUCCESS,31,31,28,
0.6,126,bot4,fein_margin,0.05,SUCCESS,39,39,37,6
0.6,127,bot4,fein_margin,0.05,GAVE_UP,13,28,11,1
0.6,120,bot4,fein_margin,0.05,GAVE_UP,51,46,32,31
0.6,121,bot4,fein_margin,0.05,SUCCESS,27,27,19,
0.6,122,bot4,fein_margin,0.05,SUCCESS,7,7,56,
0.6,123,bot4,fein_margin,0.05,SUCCESS,31,31,35,
0.6,128,bot4,fein_margin,0.05,SUCCESS,39,39,35,
0.6,129,bot4,fein_margin,0.05,BUTTON_BURNED,4,56,4,1
0.6,130,bot4,fein_margin,0.05,SUCCESS,41,41,46,
0.6,131,bot4,fein_margin,0.05,SUCCESS,34,34,22,
0.6,140,bot4,fein_margin,0.05,GAVE_UP,26,35,19,1
0.6,141,bot4,fein_margin,0.05,SUCCESS,20,20,29,
0.6,142,bot4,fein_margin,0.05,SUCCESS,6,6,10,
0.6,143,bot4,fein_margin,0.05,SUCCESS,32,32,37,
0.6,116,bot4,fein_margin,0.05,SUCCESS,9,9,34,
0.6,117,bot4,fein_margin,0.05,SUCCESS,31,31,39,
0.6,118,bot4,fein_margin,0.05,SUCCESS,37,37,31,
0.6,119,bot4,fein_margin,0.05,SUCCESS,65,65,59,
0.6,132,bot4,fein_margin,0.05,SUCCESS,44,44,35,
0.6,133,bot4,fein_margin,0.05,SUCCESS,53,53,49,
0.6,134,bot4,fein_margin,0.05,SUCCESS,15,15,39,
0.6,135,bot4,fein_margin,0.05,SUCCESS,9,9,29,
0.6,160,bot4,fein_margin,0.05,SUCCESS,19,19,38,
0.6,161,bot4,fein_margin,0.05,BUTTON_BURNED,13,16,10,
0.6,162,bot4,fein_margin,0.05,SUCCESS,3,3,15,
0.6,163,bot4,fein_margin,0.05,SUCCESS,11,11,55,
0.6,148,bot4,fein_margin,0.05,SUCCESS,33,33,29,
0.6,149,bot4,fein_margin,0.05,SUCCESS,1,1,30,
0.6,150,bot4,fein_margin,0.05,SUCCESS,9,9,39,
0.6,151,bot4,fein_margin,0.05,SUCCESS,22,22,32,
0.6,144,bot4,fein_margin,0.05,BUTTON_BURNED,10,29,5,1
0.6,145,bot4,fein_margin,0.05,SUCCESS,49,49,37,
0.6,146,bot4,fein_margin,0.05,SUCCESS,29,29,51,
0.6,147,bot4,fein_margin,0.05,SUCCESS,11,11,33,
0.6,136,bot4,fein_margin,0.05,BURNED,39,47,47,35
0.6,137,bot4,fein_margin,0.05,GAVE_UP,22,33,15,1
0.6,138,bot4,fein_margin,0.05,SUCCESS,20,20,57,
0.6,139,bot4,fein_margin,0.05,SUCCESS,41,41,45,
0.6,152,bot4,fein_margin,0.05,GAVE_UP,45,63,36,26
0.6,153,bot4,fein_margin,0.05,BUTTON_BURNED,8,30,5,
0.6,154,bot4,fein_margin,0.05,GAVE_UP,10,56,8,1
0.6,155,bot4,fein_margin,0.05,SUCCESS,15,15,20,
0.6,164,bot4,fein_margin,0.05,SUCCESS,30,30,35,
0.6,165,bot4,fein_margin,0.05,SUCCESS,23,23,42,
0.6,166,bot4,fein_margin,0.05,SUCCESS,6,6,18,
0.6,167,bot4,fein_margin,0.05,SUCCESS,30,30,32,
0.6,156,bot4,fein_margin,0.05,GAVE_UP,9,28,7,1
0.6,157,bot4,fein_margin,0.05,SUCCESS,12,12,40,
0.6,158,bot4,fein_margin,0.05,GAVE_UP,41,33,31,13
0.6,159,bot4,fein_margin,0.05,GAVE_UP,32,40,25,11
0.6,184,bot4,fein_margin,0.05,GAVE_UP,27,47,27,1
0.6,185,bot4,fein_margin,0.05,GAVE_UP,6,10,9,
0.6,186,bot4,fein_margin,0.05,GAVE_UP,4,46,3,1
0.6,187,bot4,fein_margin,0.05,SUCCESS,32,32,48,
0.6,168,bot4,fein_margin,0.05,SUCCESS,9,9,19,
0.6,169,bot4,fein_margin,0.05,SUCCESS,30,30,20,
0.6,170,bot4,fein_margin,0.05,SUCCESS,11,11,33,
0.6,171,bot4,fein_margin,0.05,SUCCESS,42,42,40,
0.6,176,bot4,fein_margin,0.05,GAVE_UP,15,46,12,1
0.6,177,bot4,fein_margin,0.05,SUCCESS,29,29,28,
0.6,178,bot4,fein_margin,0.05,SUCCESS,1,1,30,
0.6,179,bot4,fein_margin,0.05,SUCCESS,19,19,42,
0.6,172,bot4,fein_margin,0.05,GAVE_UP,30,43,30,3
0.6,173,bot4,fein_margin,0.05,BURNED,31,43,27,13
0.6,174,bot4,fein_margin,0.05,SUCCESS,12,12,23,
0.6,175,bot4,fein_margin,0.05,SUCCESS,18,18,19,
0.6,180,bot4,fein_margin,0.05,GAVE_UP,12,49,45,3
0.6,181,bot4,fein_margin,0.05,SUCCESS,24,24,27,
0.6,182,bot4,fein_margin,0.05,SUCCESS,40,40,45,
0.6,183,bot4,fein_margin,0.05,SUCCESS,60,56,48,
0.6,200,bot4,fein_margin,0.05,SUCCESS,31,31,44,
0.6,201,bot4,fein_margin,0.05,SUCCESS,24,24,23,
0.6,202,bot4,fein_margin,0.05,SUCCESS,10,10,28,
0.6,203,bot4,fein_margin,0.05,SUCCESS,28,28,38,
0.6,192,bot4,fein_margin,0.05,SUCCESS,18,18,45,
0.6,193,bot4,fein_margin,0.05,GAVE_UP,15,35,17,3
0.6,194,bot4,fein_margin,0.05,SUCCESS,55,55,64,
0.6,195,bot4,fein_margin,0.05,BURNED,17,40,23,8
0.6,188,bot4,fein_margin,0.05,SUCCESS,23,23,45,
0.6,189,bot4,fein_margin,0.05,SUCCESS,25,25,54,
0.6,190,bot4,fein_margin,0.05,SUCCESS,48,48,55,
0.6,191,bot4,fein_margin,0.05,SUCCESS,40,40,31,
0.6,212,bot4,fein_margin,0.05,SUCCESS,39,39,50,
0.6,213,bot4,fein_margin,0.05,SUCCESS,35,35,55,
0.6,214,bot4,fein_margin,0.05,SUCCESS,12,12,42,
0.6,215,bot4,fein_margin,0.05,BURNED,33,38,21,13
0.6,208,bot4,fein_margin,0.05,SUCCESS,43,43,34,
0.6,209,bot4,fein_margin,0.05,SUCCESS,35,35,61,
0.6,210,bot4,fein_margin,0.05,SUCCESS,31,31,36,
0.6,211,bot4,fein_margin,0.05,SUCCESS,6,6,30,
0.6,204,bot4,fein_margin,0.05,SUCCESS,22,22,18,1
0.6,205,bot4,fein_margin,0.05,BURNED,43,55,33,23
0.6,206,bot4,fein_margin,0.05,SUCCESS,29,29,54,
0.6,207,bot4,fein_margin,0.05,SUCCESS,14,14,27,
0.6,196,bot4,fein_margin,0.05,SUCCESS,15,15,30,
0.6,197,bot4,fein_margin,0.05,BUTTON_BURNED,48,51,38,30
0.6,198,bot4,fein_margin,0.05,GAVE_UP,36,65,25,19
0.6,199,bot4,fein_margin,0.05,BUTTON_BURNED,36,52,24,
0.6,216,bot4,fein_margin,0.05,BUTTON_BURNED,39,45,24,18
0.6,217,bot4,fein_margin,0.05,SUCCESS,21,21,26,
0.6,218,bot4,fein_margin,0.05,SUCCESS,17,17,54,
0.6,219,bot4,fein_margin,0.05,BUTTON_BURNED,37,56,28,21
0.6,228,bot4,fein_margin,0.05,GAVE_UP,34,37,28,15
0.6,229,bot4,fein_margin,0.05,SUCCESS,20,20,22,
0.6,230,bot4,fein_margin,0.05,SUCCESS,35,35,43,
0.6,231,bot4,fein_margin,0.05,SUCCESS,26,26,30,
0.6,240,bot4,fein_margin,0.05,SUCCESS,10,10,39,
0.6,241,bot4,fein_margin,0.05,BUTTON_BURNED,26,28,17,
0.6,242,bot4,fein_margin,0.05,SUCCESS,30,30,23,
0.6,243,bot4,fein_margin,0.05,BUTTON_BURNED,28,65,19,9
0.6,244,bot4,fein_margin,0.05,GAVE_UP,44,61,35,24
0.6,245,bot4,fein_margin,0.05,SUCCESS,19,19,70,
0.6,246,bot4,fein_margin,0.05,GAVE_UP,8,24,11,6
0.6,247,bot4,fein_margin,0.05,BURNED,16,32,26,
0.6,248,bot4,fein_margin,0.05,SUCCESS,40,40,45,
0.6,249,bot4,fein_margin,0.05,SUCCESS,23,23,34,
0.6,250,bot4,fein_margin,0.05,GAVE_UP,27,30,20,6
0.6,251,bot4,fein_margin,0.05,SUCCESS,9,9,43,
0.6,220,bot4,fein_margin,0.05,SUCCESS,26,26,48,
0.6,221,bot4,fein_margin,0.05,SUCCESS,51,43,40,
0.6,222,bot4,fein_margin,0.05,SUCCESS,17,17,40,
0.6,223,bot4,fein_margin,0.05,SUCCESS,46,46,42,
0.6,224,bot4,fein_margin,0.05,SUCCESS,48,48,54,
0.6,225,bot4,fein_margin,0.05,SUCCESS,24,24,30,
0.6,226,bot4,fein_margin,0.05,BUTTON_BURNED,45,54,35,
0.6,227,bot4,fein_margin,0.05,SUCCESS,44,44,42,
0.6,236,bot4,fein_margin,0.05,SUCCESS,28,28,58,
0.6,237,bot4,fein_margin,0.05,SUCCESS,53,51,48,
0.6,238,bot4,fein_margin,0.05,SUCCESS,24,24,37,
0.6,239,bot4,fein_margin,0.05,SUCCESS,43,43,52,
0.6,256,bot4,fein_margin,0.05,GAVE_UP,8,28,13,
0.6,257,bot4,fein_margin,0.05,SUCCESS,10,10,27,
0.6,258,bot4,fein_margin,0.05,SUCCESS,43,43,45,
0.6,259,bot4,fein_margin,0.05,SUCCESS,5,5,15,
0.6,232,bot4,fein_margin,0.05,SUCCESS,42,42,48,
0.6,233,bot4,fein_margin,0.05,SUCCESS,45,45,41,
0.6,234,bot4,fein_margin,0.05,BURNED,35,39,35,28
0.6,235,bot4,fein_margin,0.05,SUCCESS,29,29,52,
0.6,260,bot4,fein_margin,0.05,SUCCESS,35,35,59,
0.6,261,bot4,fein_margin,0.05,SUCCESS,34,34,40,
0.6,262,bot4,fein_margin,0.05,SUCCESS,36,36,58,
0.6,263,bot4,fein_margin,0.05,SUCCESS,7,7,51,
0.6,252,bot4,fein_margin,0.05,SUCCESS,34,34,46,
0.6,253,bot4,fein_margin,0.05,BUTTON_BURNED,36,55,18,
0.6,254,bot4,fein_margin,0.05,BUTTON_BURNED,26,32,19,7
0.6,255,bot4,fein_margin,0.05,SUCCESS,16,16,23,
0.6,268,bot4,fein_margin,0.05,SUCCESS,18,18,25,
0.6,269,bot4,fein_margin,0.05,SUCCESS,16,16,52,
0.6,270,bot4,fein_margin,0.05,SUCCESS,66,58,55,
0.6,271,bot4,fein_margin,0.05,SUCCESS,32,32,41,
0.6,272,bot4,fein_margin,0.05,SUCCESS,41,41,32,
0.6,273,bot4,fein_margin,0.05,SUCCESS,19,19,45,
0.6,274,bot4,fein_margin,0.05,SUCCESS,41,41,40,
0.6,275,bot4,fein_margin,0.05,SUCCESS,10,10,12,
0.6,264,bot4,fein_margin,0.05,GAVE_UP,30,49,33,7
0.6,265,bot4,fein_margin,0.05,GAVE_UP,36,42,27,16
0.6,266,bot4,fein_margin,0.05,BUTTON_BURNED,28,34,15,
0.6,267,bot4,fein_margin,0.05,SUCCESS,42,42,38,
0.6,276,bot4,fein_margin,0.05,SUCCESS,42,42,47,
0.6,277,bot4,fein_margin,0.05,SUCCESS,18,18,15,
0.6,278,bot4,fein_margin,0.05,SUCCESS,38,38,27,17
0.6,279,bot4,fein_margin,0.05,SUCCESS,20,20,32,
0.6,288,bot4,fein_margin,0.05,SUCCESS,5,5,12,
0.6,289,bot4,fein_margin,0.05,SUCCESS,19,19,51,
0.6,290,bot4,fein_margin,0.05,SUCCESS,63,63,67,
0.6,291,bot4,fein_margin,0.05,SUCCESS,28,28,45,
0.6,284,bot4,fein_margin,0.05,SUCCESS,4,4,41,
0.6,285,bot4,fein_margin,0.05,SUCCESS,47,39,33,
0.6,286,bot4,fein_margin,0.05,SUCCESS,33,33,40,
0.6,287,bot4,fein_margin,0.05,SUCCESS,19,19,18,
0.6,292,bot4,fein_margin,0.05,SUCCESS,18,18,15,
0.6,293,bot4,fein_margin,0.05,SUCCESS,25,25,53,
0.6,294,bot4,fein_margin,0.05,SUCCESS,46,46,34,
0.6,295,bot4,fein_margin,0.05,SUCCESS,32,32,30,
0.6,280,bot4,fein_margin,0.05,SUCCESS,36,36,30,
0.6,281,bot4,fein_margin,0.05,SUCCESS,32,32,35,
0.6,282,bot4,fein_margin,0.05,GAVE_UP,44,51,25,17
0.6,283,bot4,fein_margin,0.05,BURNED,28,29,18,
0.6,316,bot4,fein_margin,0.05,SUCCESS,9,9,37,
0.6,317,bot4,fein_margin,0.05,SUCCESS,6,6,42,
0.6,318,bot4,fein_margin,0.05,SUCCESS,17,17,39,
0.6,319,bot4,fein_margin,0.05,BUTTON_BURNED,15,36,12,1
0.6,312,bot4,fein_margin,0.05,SUCCESS,13,13,14,
0.6,313,bot4,fein_margin,0.05,SUCCESS,30,30,53,
0.6,314,bot4,fein_margin,0.05,SUCCESS,18,18,40,
0.6,315,bot4,fein_margin,0.05,BUTTON_BURNED,10,23,7,
0.6,300,bot4,fein_margin,0.05,SUCCESS,38,38,51,
0.6,301,bot4,fein_margin,0.05,SUCCESS,36,36,29,7
0.6,302,bot4,fein_margin,0.05,SUCCESS,7,7,48,
0.6,303,bot4,fein_margin,0.05,SUCCESS,17,17,48,
0.6,304,bot4,fein_margin,0.05,BUTTON_BURNED,31,49,21,7
0.6,305,bot4,fein_margin,0.05,SUCCESS,20,20,16,3
0.6,306,bot4,fein_margin,0.05,BURNED,36,47,38,26
0.6,307,bot4,fein_margin,0.05,GAVE_UP,9,54,12,1
0.6,296,bot4,fein_margin,0.05,GAVE_UP,58,56,45,35
0.6,297,bot4,fein_margin,0.05,BURNED,44,49,32,20
0.6,298,bot4,fein_margin,0.05,SUCCESS,16,16,49,
0.6,299,bot4,fein_margin,0.05,SUCCESS,22,22,17,
0.6,324,bot4,fein_margin,0.05,BURNED,30,37,30,13
0.6,325,bot4,fein_margin,0.05,SUCCESS,23,23,40,
0.6,326,bot4,fein_margin,0.05,SUCCESS,9,9,50,
0.6,327,bot4,fein_margin,0.05,SUCCESS,42,38,28,
0.6,336,bot4,fein_margin,0.05,BUTTON_BURNED,17,33,10,2
0.6,337,bot4,fein_margin,0.05,BURNED,35,56,30,20
0.6,338,bot4,fein_margin,0.05,SUCCESS,24,24,51,
0.6,339,bot4,fein_margin,0.05,SUCCESS,13,13,29,
0.6,320,bot4,fein_margin,0.05,SUCCESS,34,34,44,
0.6,321,bot4,fein_margin,0.05,BUTTON_BURNED,1,41,1,1
0.6,322,bot4,fein_margin,0.05,GAVE_UP,17,46,12,1
0.6,323,bot4,fein_margin,0.05,SUCCESS,46,42,33,
0.6,328,bot4,fein_margin,0.05,SUCCESS,38,38,37,
0.6,329,bot4,fein_margin,0.05,SUCCESS,34,34,45,
0.6,330,bot4,fein_margin,0.05,BUTTON_BURNED,27,42,17,
0.6,331,bot4,fein_margin,0.05,GAVE_UP,41,50,31,18
0.6,308,bot4,fein_margin,0.05,BUTTON_BURNED,20,54,11,1
0.6,309,bot4,fein_margin,0.05,SUCCESS,50,50,39,
0.6,310,bot4,fein_margin,0.05,BUTTON_BURNED,15,22,8,
0.6,311,bot4,fein_margin,0.05,SUCCESS,51,51,49,
0.6,340,bot4,fein_margin,0.05,GAVE_UP,23,38,20,1
0.6,341,bot4,fein_margin,0.05,BUTTON_BURNED,10,47,8,8
0.6,342,bot4,fein_margin,0.05,GAVE_UP,26,53,22,8
0.6,343,bot4,fein_margin,0.05,SUCCESS,31,31,24,
0.6,332,bot4,fein_margin,0.05,SUCCESS,49,49,52,
0.6,333,bot4,fein_margin,0.05,SUCCESS,6,6,53,
0.6,334,bot4,fein_margin,0.05,GAVE_UP,45,56,36,
0.6,335,bot4,fein_margin,0.05,GAVE_UP,26,43,23,5
0.6,356,bot4,fein_margin,0.05,SUCCESS,20,20,39,
0.6,357,bot4,fein_margin,0.05,SUCCESS,27,27,28,
0.6,358,bot4,fein_margin,0.05,BURNED,37,44,24,12
0.6,359,bot4,fein_margin,0.05,BUTTON_BURNED,12,46,9,1
0.6,344,bot4,fein_margin,0.05,SUCCESS,40,40,50,
0.6,345,bot4,fein_margin,0.05,SUCCESS,25,25,23,
0.6,346,bot4,fein_margin,0.05,SUCCESS,21,21,43,
0.6,347,bot4,fein_margin,0.05,GAVE_UP,25,34,15,
0.6,348,bot4,fein_margin,0.05,SUCCESS,11,11,25,
0.6,349,bot4,fein_margin,0.05,BUTTON_BURNED,6,24,4,
0.6,350,bot4,fein_margin,0.05,SUCCESS,52,52,51,
0.6,351,bot4,fein_margin,0.05,BUTTON_BURNED,27,47,17,13
0.6,360,bot4,fein_margin,0.05,SUCCESS,29,29,29,
0.6,361,bot4,fein_margin,0.05,SUCCESS,37,37,55,
0.6,362,bot4,fein_margin,0.05,SUCCESS,21,21,41,
0.6,363,bot4,fein_margin,0.05,BUTTON_BURNED,20,23,11,1
0.6,352,bot4,fein_margin,0.05,SUCCESS,52,52,56,
0.6,353,bot4,fein_margin,0.05,SUCCESS,31,31,42,
0.6,354,bot4,fein_margin,0.05,SUCCESS,11,11,31,
0.6,355,bot4,fein_margin,0.05,SUCCESS,30,30,39,
0.6,364,bot4,fein_margin,0.05,SUCCESS,2,2,9,
0.6,365,bot4,fein_margin,0.05,GAVE_UP,34,57,32,12
0.6,366,bot4,fein_margin,0.05,GAVE_UP,37,49,27,
0.6,367,bot4,fein_margin,0.05,SUCCESS,13,13,52,
0.6,380,bot4,fein_margin,0.05,BUTTON_BURNED,32,45,20,
0.6,381,bot4,fein_margin,0.05,SUCCESS,13,13,24,
0.6,382,bot4,fein_margin,0.05,SUCCESS,31,31,33,
0.6,383,bot4,fein_margin,0.05,SUCCESS,9,9,40,
0.6,388,bot4,fein_margin,0.05,SUCCESS,25,25,46,
0.6,389,bot4,fein_margin,0.05,SUCCESS,12,12,25,
0.6,390,bot4,fein_margin,0.05,SUCCESS,10,10,36,
0.6,391,bot4,fein_margin,0.05,SUCCESS,25,25,41,
0.6,372,bot4,fein_margin,0.05,SUCCESS,35,35,35,
0.6,373,bot4,fein_margin,0.05,GAVE_UP,45,53,41,27
0.6,374,bot4,fein_margin,0.05,SUCCESS,24,24,44,
0.6,375,bot4,fein_margin,0.05,SUCCESS,8,8,46,
0.6,376,bot4,fein_margin,0.05,BUTTON_BURNED,5,30,5,
0.6,377,bot4,fein_margin,0.05,SUCCESS,8,8,19,
0.6,378,bot4,fein_margin,0.05,GAVE_UP,7,39,18,
0.6,379,bot4,fein_margin,0.05,BUTTON_BURNED,60,52,42,
0.6,368,bot4,fein_margin,0.05,BUTTON_BURNED,47,48,32,26
0.6,369,bot4,fein_margin,0.05,SUCCESS,32,32,31,
0.6,370,bot4,fein_margin,0.05,SUCCESS,23,23,23,
0.6,371,bot4,fein_margin,0.05,SUCCESS,37,37,43,
0.6,396,bot4,fein_margin,0.05,SUCCESS,10,10,44,
0.6,397,bot4,fein_margin,0.05,SUCCESS,9,9,27,
0.6,398,bot4,fein_margin,0.05,GAVE_UP,49,55,40,31
0.6,399,bot4,fein_margin,0.05,SUCCESS,9,9,49,
0.6,392,bot4,fein_margin,0.05,GAVE_UP,20,23,16,2
0.6,393,bot4,fein_margin,0.05,GAVE_UP,45,49,34,28
0.6,394,bot4,fein_margin,0.05,SUCCESS,33,33,46,
0.6,395,bot4,fein_margin,0.05,SUCCESS,26,26,66,
0.6,384,bot4,fein_margin,0.05,SUCCESS,6,6,28,
0.6,385,bot4,fein_margin,0.05,SUCCESS,48,48,48,
0.6,386,bot4,fein_margin,0.05,SUCCESS,47,47,34,19
0.6,387,bot4,fein_margin,0.05,GAVE_UP,22,60,25,4
0.6,416,bot4,fein_margin,0.05,SUCCESS,18,18,40,
0.6,417,bot4,fein_margin,0.05,SUCCESS,5,5,18,
0.6,418,bot4,fein_margin,0.05,SUCCESS,13,13,42,
0.6,419,bot4,fein_margin,0.05,SUCCESS,10,10,43,
0.6,412,bot4,fein_margin,0.05,SUCCESS,21,21,43,
0.6,413,bot4,fein_margin,0.05,SUCCESS,13,13,31,
0.6,414,bot4,fein_margin,0.05,BUTTON_BURNED,26,34,21,8
0.6,415,bot4,fein_margin,0.05,SUCCESS,13,13,40,
0.6,400,bot4,fein_margin,0.05,SUCCESS,39,39,37,
0.6,401,bot4,fein_margin,0.05,SUCCESS,37,37,48,
0.6,402,bot4,fein_margin,0.05,SUCCESS,25,25,16,
0.6,403,bot4,fein_margin,0.05,BUTTON_BURNED,9,37,7,1
0.6,428,bot4,fein_margin,0.05,SUCCESS,5,5,65,
0.6,429,bot4,fein_margin,0.05,SUCCESS,20,20,21,
0.6,430,bot4,fein_margin,0.05,GAVE_UP,18,22,12,1
0.6,431,bot4,fein_margin,0.05,SUCCESS,5,5,40,
0.6,404,bot4,fein_margin,0.05,SUCCESS,41,41,43,
0.6,405,bot4,fein_margin,0.05,SUCCESS,35,35,32,
0.6,406,bot4,fein_margin,0.05,SUCCESS,45,45,51,
0.6,407,bot4,fein_margin,0.05,SUCCESS,30,30,46,
0.6,420,bot4,fein_margin,0.05,SUCCESS,28,28,30,
0.6,421,bot4,fein_margin,0.05,BUTTON_BURNED,22,47,10,1
0.6,422,bot4,fein_margin,0.05,SUCCESS,7,7,24,
0.6,423,bot4,fein_margin,0.05,SUCCESS,42,42,42,
0.6,440,bot4,fein_margin,0.05,SUCCESS,12,12,36,
0.6,441,bot4,fein_margin,0.05,SUCCESS,23,23,24,
0.6,442,bot4,fein_margin,0.05,GAVE_UP,18,40,17,1
0.6,443,bot4,fein_margin,0.05,BUTTON_BURNED,29,28,16,2
0.6,408,bot4,fein_margin,0.05,SUCCESS,58,58,52,
0.6,409,bot4,fein_margin,0.05,SUCCESS,26,26,19,
0.6,410,bot4,fein_margin,0.05,SUCCESS,46,46,54,
0.6,411,bot4,fein_margin,0.05,GAVE_UP,13,28,13,1
0.6,432,bot4,fein_margin,0.05,GAVE_UP,27,49,21,3
0.6,433,bot4,fein_margin,0.05,SUCCESS,19,19,16,
0.6,434,bot4,fein_margin,0.05,GAVE_UP,32,31,25,1
0.6,435,bot4,fein_margin,0.05,BUTTON_BURNED,29,52,16,6
0.6,444,bot4,fein_margin,0.05,SUCCESS,24,24,48,
0.6,445,bot4,fein_margin,0.05,SUCCESS,14,14,21,
0.6,446,bot4,fein_margin,0.05,SUCCESS,35,35,63,
0.6,447,bot4,fein_margin,0.05,GAVE_UP,21,45,16,2
0.6,436,bot4,fein_margin,0.05,SUCCESS,23,23,31,
0.6,437,bot4,fein_margin,0.05,SUCCESS,20,20,62,
0.6,438,bot4,fein_margin,0.05,SUCCESS,30,30,25,
0.6,439,bot4,fein_margin,0.05,SUCCESS,61,61,49,
0.6,424,bot4,fein_margin,0.05,BURNED,50,60,39,23
0.6,425,bot4,fein_margin,0.05,SUCCESS,37,37,33,
0.6,426,bot4,fein_margin,0.05,BUTTON_BURNED,22,42,16,2
0.6,427,bot4,fein_margin,0.05,BURNED,34,55,40,
0.6,456,bot4,fein_margin,0.05,SUCCESS,17,17,13,
0.6,457,bot4,fein_margin,0.05,GAVE_UP,19,37,18,2
0.6,458,bot4,fein_margin,0.05,SUCCESS,36,36,40,
0.6,459,bot4,fein_margin,0.05,GAVE_UP,17,34,22,
0.6,448,bot4,fein_margin,0.05,SUCCESS,53,53,61,
0.6,449,bot4,fein_margin,0.05,SUCCESS,38,38,48,
0.6,450,bot4,fein_margin,0.05,SUCCESS,18,18,14,
0.6,451,bot4,fein_margin,0.05,SUCCESS,30,30,56,
0.6,452,bot4,fein_margin,0.05,BUTTON_BURNED,28,39,17,
0.6,453,bot4,fein_margin,0.05,SUCCESS,26,26,17,
0.6,454,bot4,fein_margin,0.05,SUCCESS,36,36,40,
0.6,455,bot4,fein_margin,0.05,BURNED,48,54,41,33
0.6,460,bot4,fein_margin,0.05,SUCCESS,24,24,34,
0.6,461,bot4,fein_margin,0.05,BUTTON_BURNED,29,40,19,6
0.6,462,bot4,fein_margin,0.05,BURNED,31,46,17,5
0.6,463,bot4,fein_margin,0.05,GAVE_UP,2,15,5,1
0.6,468,bot4,fein_margin,0.05,BUTTON_BURNED,14,37,12,1
0.6,469,bot4,fein_margin,0.05,GAVE_UP,30,37,20,
0.6,470,bot4,fein_margin,0.05,SUCCESS,20,20,25,
0.6,471,bot4,fein_margin,0.05,SUCCESS,46,46,30,
0.6,464,bot4,fein_margin,0.05,SUCCESS,49,49,42,
0.6,465,bot4,fein_margin,0.05,SUCCESS,15,15,51,
0.6,466,bot4,fein_margin,0.05,BUTTON_BURNED,16,31,12,
0.6,467,bot4,fein_margin,0.05,SUCCESS,17,17,13,
0.6,472,bot4,fein_margin,0.05,GAVE_UP,32,24,18,4
0.6,473,bot4,fein_margin,0.05,SUCCESS,23,23,24,
0.6,474,bot4,fein_margin,0.05,SUCCESS,35,35,28,
0.6,475,bot4,fein_margin,0.05,SUCCESS,49,49,48,
0.1,0,bot4,fein_margin,0.1,SUCCESS,17,17,39,
0.1,1,bot4,fein_margin,0.1,SUCCESS,14,14,68,
0.1,2,bot4,fein_margin,0.1,SUCCESS,35,35,29,
0.1,3,bot4,fein_margin,0.1,SUCCESS,24,24,22,
0.6,480,bot4,fein_margin,0.05,GAVE_UP,29,43,29,11
0.6,481,bot4,fein_margin,0.05,SUCCESS,39,39,40,
0.6,482,bot4,fein_margin,0.05,SUCCESS,16,16,53,
0.6,483,bot4,fein_margin,0.05,SUCCESS,25,25,48,
0.6,476,bot4,fein_margin,0.05,SUCCESS,28,28,34,
0.6,477,bot4,fein_margin,0.05,SUCCESS,21,21,32,
0.6,478,bot4,fein_margin,0.05,SUCCESS,29,29,27,
0.6,479,bot4,fein_margin,0.05,SUCCESS,46,46,60,
0.6,488,bot4,fein_margin,0.05,BUTTON_BURNED,19,45,15,1
0.6,489,bot4,fein_margin,0.05,SUCCESS,30,30,55,
0.6,490,bot4,fein_margin,0.05,SUCCESS,27,19,19,
0.6,491,bot4,fein_margin,0.05,SUCCESS,8,8,13,
0.6,484,bot4,fein_margin,0.05,SUCCESS,41,41,53,
0.6,485,bot4,fein_margin,0.05,SUCCESS,19,19,32,
0.6,486,bot4,fein_margin,0.05,SUCCESS,19,19,13,
0.6,487,bot4,fein_margin,0.05,SUCCESS,31,31,29,
0.1,4,bot4,fein_margin,0.1,SUCCESS,41,41,26,
0.1,5,bot4,fein_margin,0.1,SUCCESS,24,24,19,
0.1,6,bot4,fein_margin,0.1,SUCCESS,5,5,19,
0.1,7,bot4,fein_margin,0.1,SUCCESS,29,27,20,
0.1,12,bot4,fein_margin,0.1,SUCCESS,30,30,24,
0.1,13,bot4,fein_margin,0.1,SUCCESS,16,16,62,
0.1,14,bot4,fein_margin,0.1,SUCCESS,28,28,49,
0.1,15,bot4,fein_margin,0.1,SUCCESS,13,13,30,
0.6,492,bot4,fein_margin,0.05,SUCCESS,47,47,58,
0.6,493,bot4,fein_margin,0.05,SUCCESS,44,44,48,
0.6,494,bot4,fein_margin,0.05,SUCCESS,15,15,31,
0.6,495,bot4,fein_margin,0.05,SUCCESS,15,15,23,
0.1,20,bot4,fein_margin,0.1,SUCCESS,43,43,16,
0.1,21,bot4,fein_margin,0.1,SUCCESS,17,17,55,
0.1,22,bot4,fein_margin,0.1,SUCCESS,15,15,33,
0.1,23,bot4,fein_margin,0.1,SUCCESS,33,33,41,
0.1,8,bot4,fein_margin,0.1,SUCCESS,25,25,43,
0.1,9,bot4,fein_margin,0.1,SUCCESS,39,39,20,
0.1,10,bot4,fein_margin,0.1,SUCCESS,41,41,33,
0.1,11,bot4,fein_margin,0.1,SUCCESS,48,48,31,
0.1,32,bot4,fein_margin,0.1,SUCCESS,13,13,24,
0.1,33,bot4,fein_margin,0.1,SUCCESS,37,31,7,22
0.1,34,bot4,fein_margin,0.1,SUCCESS,39,39,9,
0.1,35,bot4,fein_margin,0.1,SUCCESS,38,38,45,
0.1,24,bot4,fein_margin,0.1,SUCCESS,65,65,27,
0.1,25,bot4,fein_margin,0.1,SUCCESS,36,36,49,
0.1,26,bot4,fein_margin,0.1,SUCCESS,22,22,59,
0.1,27,bot4,fein_margin,0.1,SUCCESS,23,23,41,
0.1,16,bot4,fein_margin,0.1,SUCCESS,35,35,57,
0.1,17,bot4,fein_margin,0.1,SUCCESS,19,19,22,
0.1,18,bot4,fein_margin,0.1,SUCCESS,64,64,58,
0.1,19,bot4,fein_margin,0.1,SUCCESS,49,49,33,
0.6,496,bot4,fein_margin,0.05,BUTTON_BURNED,35,43,28,16
0.6,497,bot4,fein_margin,0.05,SUCCESS,24,24,39,
0.6,498,bot4,fein_margin,0.05,GAVE_UP,29,54,20,3
0.6,499,bot4,fein_margin,0.05,GAVE_UP,53,53,47,34
0.1,28,bot4,fein_margin,0.1,SUCCESS,20,20,23,
0.1,29,bot4,fein_margin,0.1,GAVE_UP,34,41,7,1
0.1,30,bot4,fein_margin,0.1,SUCCESS,41,41,14,
0.1,31,bot4,fein_margin,0.1,SUCCESS,68,68,44,
0.1,48,bot4,fein_margin,0.1,SUCCESS,17,17,37,
0.1,49,bot4,fein_margin,0.1,SUCCESS,3,3,29,
0.1,50,bot4,fein_margin,0.1,SUCCESS,32,32,48,
0.1,51,bot4,fein_margin,0.1,SUCCESS,31,31,40,
0.1,60,bot4,fein_margin,0.1,SUCCESS,38,38,48,
0.1,61,bot4,fein_margin,0.1,SUCCESS,11,11,36,
0.1,62,bot4,fein_margin,0.1,SUCCESS,24,24,14,
0.1,63,bot4,fein_margin,0.1,BUTTON_BURNED,20,28,3,1
0.1,36,bot4,fein_margin,0.1,SUCCESS,19,19,39,
0.1,37,bot4,fein_margin,0.1,SUCCESS,54,54,26,
0.1,38,bot4,fein_margin,0.1,SUCCESS,37,37,35,
0.1,39,bot4,fein_margin,0.1,SUCCESS,60,60,46,
0.1,40,bot4,fein_margin,0.1,SUCCESS,54,54,34,
0.1,41,bot4,fein_margin,0.1,SUCCESS,26,26,18,
0.1,42,bot4,fein_margin,0.1,SUCCESS,27,27,73,
0.1,43,bot4,fein_margin,0.1,SUCCESS,49,49,26,
0.1,52,bot4,fein_margin,0.1,SUCCESS,25,25,27,
0.1,53,bot4,fein_margin,0.1,SUCCESS,36,36,39,
0.1,54,bot4,fein_margin,0.1,SUCCESS,51,51,39,
0.1,55,bot4,fein_margin,0.1,SUCCESS,5,5,31,
0.1,44,bot4,fein_margin,0.1,SUCCESS,49,49,51,
0.1,45,bot4,fein_margin,0.1,SUCCESS,34,34,37,
0.1,46,bot4,fein_margin,0.1,SUCCESS,22,22,33,
0.1,47,bot4,fein_margin,0.1,SUCCESS,48,48,25,
0.1,68,bot4,fein_margin,0.1,SUCCESS,3,3,13,
0.1,69,bot4,fein_margin,0.1,SUCCESS,24,24,24,
0.1,70,bot4,fein_margin,0.1,SUCCESS,24,24,23,
0.1,71,bot4,fein_margin,0.1,SUCCESS,46,46,13,
0.1,64,bot4,fein_margin,0.1,SUCCESS,56,56,60,
0.1,65,bot4,fein_margin,0.1,SUCCESS,2,2,58,
0.1,66,bot4,fein_margin,0.1,SUCCESS,48,48,28,
0.1,67,bot4,fein_margin,0.1,SUCCESS,27,27,61,
0.1,72,bot4,fein_margin,0.1,SUCCESS,30,30,22,
0.1,73,bot4,fein_margin,0.1,SUCCESS,45,45,62,
0.1,74,bot4,fein_margin,0.1,SUCCESS,30,30,43,
0.1,75,bot4,fein_margin,0.1,SUCCESS,31,31,21,
0.1,56,bot4,fein_margin,0.1,BUTTON_BURNED,47,54,7,
0.1,57,bot4,fein_margin,0.1,SUCCESS,20,20,26,
0.1,58,bot4,fein_margin,0.1,SUCCESS,47,47,12,
0.1,59,bot4,fein_margin,0.1,SUCCESS,52,52,44,
0.1,84,bot4,fein_margin,0.1,SUCCESS,40,40,14,
0.1,85,bot4,fein_margin,0.1,SUCCESS,29,29,47,
0.1,86,bot4,fein_margin,0.1,SUCCESS,16,16,47,
0.1,87,bot4,fein_margin,0.1,SUCCESS,40,40,38,
0.1,76,bot4,fein_margin,0.1,SUCCESS,39,39,50,
0.1,77,bot4,fein_margin,0.1,SUCCESS,34,34,6,
0.1,78,bot4,fein_margin,0.1,SUCCESS,51,51,48,
0.1,79,bot4,fein_margin,0.1,SUCCESS,18,18,10,
0.1,96,bot4,fein_margin,0.1,SUCCESS,53,53,20,
0.1,97,bot4,fein_margin,0.1,SUCCESS,13,13,14,
0.1,98,bot4,fein_margin,0.1,SUCCESS,28,28,27,
0.1,99,bot4,fein_margin,0.1,SUCCESS,26,26,52,
0.1,80,bot4,fein_margin,0.1,SUCCESS,57,57,31,
0.1,81,bot4,fein_margin,0.1,SUCCESS,43,43,56,
0.1,82,bot4,fein_margin,0.1,SUCCESS,43,43,19,
0.1,83,bot4,fein_margin,0.1,SUCCESS,43,43,39,
0.1,92,bot4,fein_margin,0.1,SUCCESS,46,46,37,
0.1,93,bot4,fein_margin,0.1,SUCCESS,38,38,42,
0.1,94,bot4,fein_margin,0.1,SUCCESS,21,21,30,
0.1,95,bot4,fein_margin,0.1,SUCCESS,46,46,38,
0.1,108,bot4,fein_margin,0.1,SUCCESS,47,47,45,
0.1,109,bot4,fein_margin,0.1,SUCCESS,5,5,18,
0.1,110,bot4,fein_margin,0.1,SUCCESS,28,28,39,
0.1,111,bot4,fein_margin,0.1,SUCCESS,59,57,31,
0.1,112,bot4,fein_margin,0.1,SUCCESS,7,7,9,
0.1,113,bot4,fein_margin,0.1,SUCCESS,23,23,13,
0.1,114,bot4,fein_margin,0.1,SUCCESS,27,27,31,
0.1,115,bot4,fein_margin,0.1,SUCCESS,48,48,49,
0.1,104,bot4,fein_margin,0.1,SUCCESS,24,24,32,
0.1,105,bot4,fein_margin,0.1,SUCCESS,47,47,33,
0.1,106,bot4,fein_margin,0.1,SUCCESS,41,41,10,
0.1,107,bot4,fein_margin,0.1,SUCCESS,44,40,24,
0.1,88,bot4,fein_margin,0.1,SUCCESS,65,55,13,
0.1,89,bot4,fein_margin,0.1,SUCCESS,50,50,32,
0.1,90,bot4,fein_margin,0.1,SUCCESS,51,51,40,
0.1,91,bot4,fein_margin,0.1,SUCCESS,23,23,48,
0.1,120,bot4,fein_margin,0.1,SUCCESS,46,46,32,
0.1,121,bot4,fein_margin,0.1,SUCCESS,27,27,19,
0.1,122,bot4,fein_margin,0.1,SUCCESS,7,7,56,
0.1,123,bot4,fein_margin,0.1,SUCCESS,31,31,35,
0.1,100,bot4,fein_margin,0.1,SUCCESS,36,36,16,12
0.1,101,bot4,fein_margin,0.1,SUCCESS,46,46,47,
0.1,102,bot4,fein_margin,0.1,SUCCESS,48,48,38,
0.1,103,bot4,fein_margin,0.1,GAVE_UP,74,68,9,
0.1,128,bot4,fein_margin,0.1,SUCCESS,39,39,35,
0.1,129,bot4,fein_margin,0.1,BUTTON_BURNED,14,56,4,6
0.1,130,bot4,fein_margin,0.1,SUCCESS,41,41,46,
0.1,131,bot4,fein_margin,0.1,SUCCESS,34,34,22,
0.1,124,bot4,fein_margin,0.1,SUCCESS,17,17,36,
0.1,125,bot4,fein_margin,0.1,SUCCESS,31,31,28,
0.1,126,bot4,fein_margin,0.1,SUCCESS,39,39,37,
0.1,127,bot4,fein_margin,0.1,SUCCESS,28,28,11,
0.1,132,bot4,fein_margin,0.1,SUCCESS,44,44,35,
0.1,133,bot4,fein_margin,0.1,SUCCESS,53,53,49,
0.1,134,bot4,fein_margin,0.1,SUCCESS,15,15,39,
0.1,135,bot4,fein_margin,0.1,SUCCESS,9,9,29,
0.1,116,bot4,fein_margin,0.1,SUCCESS,9,9,34,
0.1,117,bot4,fein_margin,0.1,SUCCESS,31,31,39,
0.1,118,bot4,fein_margin,0.1,SUCCESS,37,37,31,
0.1,119,bot4,fein_margin,0.1,SUCCESS,65,65,59,
0.1,160,bot4,fein_margin,0.1,SUCCESS,19,19,38,
0.1,161,bot4,fein_margin,0.1,SUCCESS,16,16,10,
0.1,162,bot4,fein_margin,0.1,SUCCESS,3,3,15,
0.1,163,bot4,fein_margin,0.1,SUCCESS,11,11,55,
0.1,148,bot4,fein_margin,0.1,SUCCESS,33,33,29,
0.1,149,bot4,fein_margin,0.1,SUCCESS,1,1,30,
0.1,150,bot4,fein_margin,0.1,SUCCESS,9,9,39,
0.1,151,bot4,fein_margin,0.1,SUCCESS,22,22,32,
0.1,140,bot4,fein_margin,0.1,SUCCESS,35,35,19,
0.1,141,bot4,fein_margin,0.1,SUCCESS,20,20,29,
0.1,142,bot4,fein_margin,0.1,SUCCESS,6,6,10,
0.1,143,bot4,fein_margin,0.1,SUCCESS,32,32,37,
0.1,144,bot4,fein_margin,0.1,SUCCESS,29,29,5,19
0.1,145,bot4,fein_margin,0.1,SUCCESS,49,49,37,
0.1,146,bot4,fein_margin,0.1,SUCCESS,29,29,51,
0.1,147,bot4,fein_margin,0.1,SUCCESS,11,11,33,
0.1,136,bot4,fein_margin,0.1,SUCCESS,47,47,47,
0.1,137,bot4,fein_margin,0.1,SUCCESS,33,33,15,
0.1,138,bot4,fein_margin,0.1,SUCCESS,20,20,57,
0.1,139,bot4,fein_margin,0.1,SUCCESS,41,41,45,
0.1,164,bot4,fein_margin,0.1,SUCCESS,30,30,35,
0.1,165,bot4,fein_margin,0.1,SUCCESS,23,23,42,
0.1,166,bot4,fein_margin,0.1,SUCCESS,6,6,18,
0.1,167,bot4,fein_margin,0.1,SUCCESS,30,30,32,
0.1,156,bot4,fein_margin,0.1,SUCCESS,30,28,7,6
0.1,157,bot4,fein_margin,0.1,SUCCESS,12,12,40,
0.1,158,bot4,fein_margin,0.1,SUCCESS,33,33,31,
0.1,159,bot4,fein_margin,0.1,SUCCESS,52,40,25,
0.1,168,bot4,fein_margin,0.1,SUCCESS,9,9,19,
0.1,169,bot4,fein_margin,0.1,SUCCESS,30,30,20,
0.1,170,bot4,fein_margin,0.1,SUCCESS,11,11,33,
0.1,171,bot4,fein_margin,0.1,SUCCESS,42,42,40,
0.1,172,bot4,fein_margin,0.1,SUCCESS,45,43,30,
0.1,173,bot4,fein_margin,0.1,SUCCESS,43,43,27,
0.1,174,bot4,fein_margin,0.1,SUCCESS,12,12,23,
0.1,175,bot4,fein_margin,0.1,SUCCESS,18,18,19,
0.1,176,bot4,fein_margin,0.1,SUCCESS,60,46,12,40
0.1,177,bot4,fein_margin,0.1,SUCCESS,29,29,28,
0.1,178,bot4,fein_margin,0.1,SUCCESS,1,1,30,
0.1,179,bot4,fein_margin,0.1,SUCCESS,19,19,42,
0.1,152,bot4,fein_margin,0.1,SUCCESS,63,63,36,
0.1,153,bot4,fein_margin,0.1,SUCCESS,30,30,5,
0.1,154,bot4,fein_margin,0.1,GAVE_UP,64,56,8,
0.1,155,bot4,fein_margin,0.1,SUCCESS,15,15,20,
0.1,184,bot4,fein_margin,0.1,SUCCESS,47,47,27,
0.1,185,bot4,fein_margin,0.1,SUCCESS,12,10,9,
0.1,186,bot4,fein_margin,0.1,GAVE_UP,48,46,3,1
0.1,187,bot4,fein_margin,0.1,SUCCESS,32,32,48,
0.1,188,bot4,fein_margin,0.1,SUCCESS,23,23,45,
0.1,189,bot4,fein_margin,0.1,SUCCESS,25,25,54,
0.1,190,bot4,fein_margin,0.1,SUCCESS,48,48,55,
0.1,191,bot4,fein_margin,0.1,SUCCESS,40,40,31,
0.1,180,bot4,fein_margin,0.1,SUCCESS,49,49,45,
0.1,181,bot4,fein_margin,0.1,SUCCESS,24,24,27,
0.1,182,bot4,fein_margin,0.1,SUCCESS,40,40,45,
0.1,183,bot4,fein_margin,0.1,SUCCESS,56,56,48,
0.1,200,bot4,fein_margin,0.1,SUCCESS,31,31,44,
0.1,201,bot4,fein_margin,0.1,SUCCESS,24,24,23,
0.1,202,bot4,fein_margin,0.1,SUCCESS,10,10,28,
0.1,203,bot4,fein_margin,0.1,SUCCESS,28,28,38,
0.1,192,bot4,fein_margin,0.1,SUCCESS,18,18,45,
0.1,193,bot4,fein_margin,0.1,SUCCESS,35,35,17,
0.1,194,bot4,fein_margin,0.1,SUCCESS,55,55,64,
0.1,195,bot4,fein_margin,0.1,SUCCESS,40,40,23,
0.1,208,bot4,fein_margin,0.1,SUCCESS,43,43,34,
0.1,209,bot4,fein_margin,0.1,SUCCESS,35,35,61,
0.1,210,bot4,fein_margin,0.1,SUCCESS,31,31,36,
0.1,211,bot4,fein_margin,0.1,SUCCESS,6,6,30,
0.1,196,bot4,fein_margin,0.1,SUCCESS,15,15,30,
0.1,197,bot4,fein_margin,0.1,SUCCESS,51,51,38,
0.1,198,bot4,fein_margin,0.1,SUCCESS,65,65,25,
0.1,199,bot4,fein_margin,0.1,SUCCESS,52,52,24,
0.1,204,bot4,fein_margin,0.1,SUCCESS,22,22,18,
0.1,205,bot4,fein_margin,0.1,SUCCESS,55,55,33,
0.1,206,bot4,fein_margin,0.1,SUCCESS,29,29,54,
0.1,207,bot4,fein_margin,0.1,SUCCESS,14,14,27,
0.1,212,bot4,fein_margin,0.1,SUCCESS,39,39,50,
0.1,213,bot4,fein_margin,0.1,SUCCESS,35,35,55,
0.1,214,bot4,fein_margin,0.1,SUCCESS,12,12,42,
0.1,215,bot4,fein_margin,0.1,SUCCESS,38,38,21,
0.1,220,bot4,fein_margin,0.1,SUCCESS,26,26,48,
0.1,221,bot4,fein_margin,0.1,SUCCESS,43,43,40,
0.1,222,bot4,fein_margin,0.1,SUCCESS,17,17,40,
0.1,223,bot4,fein_margin,0.1,SUCCESS,46,46,42,
0.1,216,bot4,fein_margin,0.1,SUCCESS,45,45,24,
0.1,217,bot4,fein_margin,0.1,SUCCESS,21,21,26,
0.1,218,bot4,fein_margin,0.1,SUCCESS,17,17,54,
0.1,219,bot4,fein_margin,0.1,SUCCESS,56,56,28,
0.1,228,bot4,fein_margin,0.1,SUCCESS,37,37,28,
0.1,229,bot4,fein_margin,0.1,SUCCESS,20,20,22,
0.1,230,bot4,fein_margin,0.1,SUCCESS,35,35,43,
0.1,231,bot4,fein_margin,0.1,SUCCESS,26,26,30,
0.1,224,bot4,fein_margin,0.1,SUCCESS,48,48,54,
0.1,225,bot4,fein_margin,0.1,SUCCESS,24,24,30,
0.1,226,bot4,fein_margin,0.1,SUCCESS,54,54,35,
0.1,227,bot4,fein_margin,0.1,SUCCESS,44,44,42,
0.1,232,bot4,fein_margin,0.1,SUCCESS,42,42,48,
0.1,233,bot4,fein_margin,0.1,SUCCESS,45,45,41,
0.1,234,bot4,fein_margin,0.1,SUCCESS,39,39,35,
0.1,235,bot4,fein_margin,0.1,SUCCESS,29,29,52,
0.1,236,bot4,fein_margin,0.1,SUCCESS,28,28,58,
0.1,237,bot4,fein_margin,0.1,SUCCESS,51,51,48,
0.1,238,bot4,fein_margin,0.1,SUCCESS,24,24,37,
0.1,239,bot4,fein_margin,0.1,SUCCESS,43,43,52,
0.1,248,bot4,fein_margin,0.1,SUCCESS,40,40,45,
0.1,249,bot4,fein_margin,0.1,SUCCESS,23,23,34,
0.1,250,bot4,fein_margin,0.1,SUCCESS,30,30,20,
0.1,251,bot4,fein_margin,0.1,SUCCESS,9,9,43,
0.1,244,bot4,fein_margin,0.1,SUCCESS,61,61,35,
0.1,245,bot4,fein_margin,0.1,SUCCESS,19,19,70,
0.1,246,bot4,fein_margin,0.1,SUCCESS,24,24,11,
0.1,247,bot4,fein_margin,0.1,SUCCESS,32,32,26,
0.1,256,bot4,fein_margin,0.1,BURNED,32,28,13,
0.1,257,bot4,fein_margin,0.1,SUCCESS,10,10,27,
0.1,258,bot4,fein_margin,0.1,SUCCESS,43,43,45,
0.1,259,bot4,fein_margin,0.1,SUCCESS,5,5,15,
0.1,252,bot4,fein_margin,0.1,SUCCESS,34,34,46,
0.1,253,bot4,fein_margin,0.1,SUCCESS,55,55,18,
0.1,254,bot4,fein_margin,0.1,SUCCESS,32,32,19,
0.1,255,bot4,fein_margin,0.1,SUCCESS,16,16,23,
0.1,240,bot4,fein_margin,0.1,SUCCESS,10,10,39,
0.1,241,bot4,fein_margin,0.1,SUCCESS,28,28,17,
0.1,242,bot4,fein_margin,0.1,SUCCESS,30,30,23,
0.1,243,bot4,fein_margin,0.1,SUCCESS,71,65,19,
0.1,260,bot4,fein_margin,0.1,SUCCESS,35,35,59,
0.1,261,bot4,fein_margin,0.1,SUCCESS,34,34,40,
0.1,262,bot4,fein_margin,0.1,SUCCESS,36,36,58,
0.1,263,bot4,fein_margin,0.1,SUCCESS,7,7,51,
0.1,268,bot4,fein_margin,0.1,SUCCESS,18,18,25,
0.1,269,bot4,fein_margin,0.1,SUCCESS,16,16,52,
0.1,270,bot4,fein_margin,0.1,SUCCESS,58,58,55,
0.1,271,bot4,fein_margin,0.1,SUCCESS,32,32,41,
0.1,272,bot4,fein_margin,0.1,SUCCESS,41,41,32,
0.1,273,bot4,fein_margin,0.1,SUCCESS,19,19,45,
0.1,274,bot4,fein_margin,0.1,SUCCESS,41,41,40,
0.1,275,bot4,fein_margin,0.1,SUCCESS,10,10,12,
0.1,284,bot4,fein_margin,0.1,SUCCESS,4,4,41,
0.1,285,bot4,fein_margin,0.1,SUCCESS,39,39,33,
0.1,286,bot4,fein_margin,0.1,SUCCESS,33,33,40,
0.1,287,bot4,fein_margin,0.1,SUCCESS,19,19,18,
0.1,276,bot4,fein_margin,0.1,SUCCESS,42,42,47,
0.1,277,bot4,fein_margin,0.1,SUCCESS,18,18,15,
0.1,278,bot4,fein_margin,0.1,SUCCESS,38,38,27,
0.1,279,bot4,fein_margin,0.1,SUCCESS,20,20,32,
0.1,288,bot4,fein_margin,0.1,SUCCESS,5,5,12,
0.1,289,bot4,fein_margin,0.1,SUCCESS,19,19,51,
0.1,290,bot4,fein_margin,0.1,SUCCESS,63,63,67,
0.1,291,bot4,fein_margin,0.1,SUCCESS,28,28,45,
0.1,264,bot4,fein_margin,0.1,SUCCESS,51,49,33,
0.1,265,bot4,fein_margin,0.1,SUCCESS,42,42,27,
0.1,266,bot4,fein_margin,0.1,SUCCESS,34,34,15,
0.1,267,bot4,fein_margin,0.1,SUCCESS,42,42,38,
0.1,292,bot4,fein_margin,0.1,SUCCESS,18,18,15,
0.1,293,bot4,fein_margin,0.1,SUCCESS,25,25,53,
0.1,294,bot4,fein_margin,0.1,SUCCESS,46,46,34,
0.1,295,bot4,fein_margin,0.1,SUCCESS,32,32,30,
0.1,300,bot4,fein_margin,0.1,SUCCESS,38,38,51,
0.1,301,bot4,fein_margin,0.1,SUCCESS,36,36,29,
0.1,302,bot4,fein_margin,0.1,SUCCESS,7,7,48,
0.1,303,bot4,fein_margin,0.1,SUCCESS,17,17,48,
0.1,280,bot4,fein_margin,0.1,SUCCESS,36,36,30,
0.1,281,bot4,fein_margin,0.1,SUCCESS,32,32,35,
0.1,282,bot4,fein_margin,0.1,SUCCESS,51,51,25,
0.1,283,bot4,fein_margin,0.1,SUCCESS,29,29,18,
0.1,312,bot4,fein_margin,0.1,SUCCESS,13,13,14,
0.1,313,bot4,fein_margin,0.1,SUCCESS,30,30,53,
0.1,314,bot4,fein_margin,0.1,SUCCESS,18,18,40,
0.1,315,bot4,fein_margin,0.1,SUCCESS,23,23,7,
0.1,296,bot4,fein_margin,0.1,SUCCESS,56,56,45,11
0.1,297,bot4,fein_margin,0.1,SUCCESS,49,49,32,
0.1,298,bot4,fein_margin,0.1,SUCCESS,16,16,49,
0.1,299,bot4,fein_margin,0.1,SUCCESS,22,22,17,
0.1,316,bot4,fein_margin,0.1,SUCCESS,9,9,37,
0.1,317,bot4,fein_margin,0.1,SUCCESS,6,6,42,
0.1,318,bot4,fein_margin,0.1,SUCCESS,17,17,39,
0.1,319,bot4,fein_margin,0.1,SUCCESS,36,36,12,
0.1,324,bot4,fein_margin,0.1,SUCCESS,37,37,30,
0.1,325,bot4,fein_margin,0.1,SUCCESS,23,23,40,
0.1,326,bot4,fein_margin,0.1,SUCCESS,9,9,50,
0.1,327,bot4,fein_margin,0.1,SUCCESS,38,38,28,
0.1,308,bot4,fein_margin,0.1,SUCCESS,54,54,11,42
0.1,309,bot4,fein_margin,0.1,SUCCESS,50,50,39,
0.1,310,bot4,fein_margin,0.1,SUCCESS,22,22,8,
0.1,311,bot4,fein_margin,0.1,SUCCESS,51,51,49,
0.1,320,bot4,fein_margin,0.1,SUCCESS,34,34,44,
0.1,321,bot4,fein_margin,0.1,BUTTON_BURNED,19,41,1,1
0.1,322,bot4,fein_margin,0.1,SUCCESS,52,46,12,
0.1,323,bot4,fein_margin,0.1,SUCCESS,44,42,33,
0.1,328,bot4,fein_margin,0.1,SUCCESS,38,38,37,
0.1,329,bot4,fein_margin,0.1,SUCCESS,34,34,45,
0.1,330,bot4,fein_margin,0.1,SUCCESS,42,42,17,
0.1,331,bot4,fein_margin,0.1,SUCCESS,50,50,31,
0.1,304,bot4,fein_margin,0.1,SUCCESS,49,49,21,
0.1,305,bot4,fein_margin,0.1,SUCCESS,20,20,16,
0.1,306,bot4,fein_margin,0.1,SUCCESS,47,47,38,
0.1,307,bot4,fein_margin,0.1,SUCCESS,54,54,12,40
0.1,332,bot4,fein_margin,0.1,SUCCESS,49,49,52,
0.1,333,bot4,fein_margin,0.1,SUCCESS,6,6,53,
0.1,334,bot4,fein_margin,0.1,SUCCESS,56,56,36,
0.1,335,bot4,fein_margin,0.1,SUCCESS,43,43,23,
0.1,336,bot4,fein_margin,0.1,SUCCESS,33,33,10,
0.1,337,bot4,fein_margin,0.1,SUCCESS,56,56,30,
0.1,338,bot4,fein_margin,0.1,SUCCESS,24,24,51,
0.1,339,bot4,fein_margin,0.1,SUCCESS,13,13,29,
0.1,344,bot4,fein_margin,0.1,SUCCESS,40,40,50,
0.1,345,bot4,fein_margin,0.1,SUCCESS,25,25,23,
0.1,346,bot4,fein_margin,0.1,SUCCESS,21,21,43,
0.1,347,bot4,fein_margin,0.1,SUCCESS,34,34,15,
0.1,360,bot4,fein_margin,0.1,SUCCESS,29,29,29,
0.1,361,bot4,fein_margin,0.1,SUCCESS,37,37,55,
0.1,362,bot4,fein_margin,0.1,SUCCESS,21,21,41,
0.1,363,bot4,fein_margin,0.1,SUCCESS,23,23,11,
0.1,352,bot4,fein_margin,0.1,SUCCESS,52,52,56,
0.1,353,bot4,fein_margin,0.1,SUCCESS,31,31,42,
0.1,354,bot4,fein_margin,0.1,SUCCESS,11,11,31,
0.1,355,bot4,fein_margin,0.1,SUCCESS,30,30,39,
0.1,348,bot4,fein_margin,0.1,SUCCESS,11,11,25,
0.1,349,bot4,fein_margin,0.1,SUCCESS,24,24,4,
0.1,350,bot4,fein_margin,0.1,SUCCESS,52,52,51,
0.1,351,bot4,fein_margin,0.1,SUCCESS,47,47,17,
0.1,356,bot4,fein_margin,0.1,SUCCESS,20,20,39,
0.1,357,bot4,fein_margin,0.1,SUCCESS,27,27,28,
0.1,358,bot4,fein_margin,0.1,SUCCESS,46,44,24,
0.1,359,bot4,fein_margin,0.1,BUTTON_BURNED,29,46,9,
0.1,340,bot4,fein_margin,0.1,SUCCESS,50,38,20,
0.1,341,bot4,fein_margin,0.1,SUCCESS,49,47,8,25
0.1,342,bot4,fein_margin,0.1,SUCCESS,53,53,22,
0.1,343,bot4,fein_margin,0.1,SUCCESS,31,31,24,
0.1,368,bot4,fein_margin,0.1,SUCCESS,48,48,32,
0.1,369,bot4,fein_margin,0.1,SUCCESS,32,32,31,
0.1,370,bot4,fein_margin,0.1,SUCCESS,23,23,23,
0.1,371,bot4,fein_margin,0.1,SUCCESS,37,37,43,
0.1,388,bot4,fein_margin,0.1,SUCCESS,25,25,46,
0.1,389,bot4,fein_margin,0.1,SUCCESS,12,12,25,
0.1,390,bot4,fein_margin,0.1,SUCCESS,10,10,36,
0.1,391,bot4,fein_margin,0.1,SUCCESS,25,25,41,
0.1,364,bot4,fein_margin,0.1,SUCCESS,2,2,9,
0.1,365,bot4,fein_margin,0.1,SUCCESS,57,57,32,
0.1,366,bot4,fein_margin,0.1,SUCCESS,49,49,27,
0.1,367,bot4,fein_margin,0.1,SUCCESS,13,13,52,
0.1,372,bot4,fein_margin,0.1,SUCCESS,35,35,35,
0.1,373,bot4,fein_margin,0.1,SUCCESS,53,53,41,
0.1,374,bot4,fein_margin,0.1,SUCCESS,24,24,44,
0.1,375,bot4,fein_margin,0.1,SUCCESS,8,8,46,
0.1,380,bot4,fein_margin,0.1,SUCCESS,45,45,20,
0.1,381,bot4,fein_margin,0.1,SUCCESS,13,13,24,
0.1,382,bot4,fein_margin,0.1,SUCCESS,31,31,33,
0.1,383,bot4,fein_margin,0.1,SUCCESS,9,9,40,
0.1,376,bot4,fein_margin,0.1,SUCCESS,30,30,5,
0.1,377,bot4,fein_margin,0.1,SUCCESS,8,8,19,
0.1,378,bot4,fein_margin,0.1,SUCCESS,39,39,18,
0.1,379,bot4,fein_margin,0.1,SUCCESS,52,52,42,
0.1,396,bot4,fein_margin,0.1,SUCCESS,10,10,44,
0.1,397,bot4,fein_margin,0.1,SUCCESS,9,9,27,
0.1,398,bot4,fein_margin,0.1,SUCCESS,55,55,40,
0.1,399,bot4,fein_margin,0.1,SUCCESS,9,9,49,
0.1,412,bot4,fein_margin,0.1,SUCCESS,21,21,43,
0.1,413,bot4,fein_margin,0.1,SUCCESS,13,13,31,
0.1,414,bot4,fein_margin,0.1,SUCCESS,34,34,21,
0.1,415,bot4,fein_margin,0.1,SUCCESS,13,13,40,
0.1,416,bot4,fein_margin,0.1,SUCCESS,18,18,40,
0.1,417,bot4,fein_margin,0.1,SUCCESS,5,5,18,
0.1,418,bot4,fein_margin,0.1,SUCCESS,13,13,42,
0.1,419,bot4,fein_margin,0.1,SUCCESS,10,10,43,
0.1,392,bot4,fein_margin,0.1,SUCCESS,23,23,16,
0.1,393,bot4,fein_margin,0.1,SUCCESS,49,49,34,
0.1,394,bot4,fein_margin,0.1,SUCCESS,33,33,46,
0.1,395,bot4,fein_margin,0.1,SUCCESS,26,26,66,
0.1,400,bot4,fein_margin,0.1,SUCCESS,39,39,37,
0.1,401,bot4,fein_margin,0.1,SUCCESS,37,37,48,
0.1,402,bot4,fein_margin,0.1,SUCCESS,25,25,16,
0.1,403,bot4,fein_margin,0.1,BUTTON_BURNED,25,37,7,
0.1,428,bot4,fein_margin,0.1,SUCCESS,5,5,65,
0.1,429,bot4,fein_margin,0.1,SUCCESS,20,20,21,
0.1,430,bot4,fein_margin,0.1,SUCCESS,22,22,12,
0.1,431,bot4,fein_margin,0.1,SUCCESS,5,5,40,
0.1,384,bot4,fein_margin,0.1,SUCCESS,6,6,28,
0.1,385,bot4,fein_margin,0.1,SUCCESS,48,48,48,
0.1,386,bot4,fein_margin,0.1,SUCCESS,47,47,34,
0.1,387,bot4,fein_margin,0.1,SUCCESS,60,60,25,
0.1,404,bot4,fein_margin,0.1,SUCCESS,41,41,43,
0.1,405,bot4,fein_margin,0.1,SUCCESS,35,35,32,
0.1,406,bot4,fein_margin,0.1,SUCCESS,45,45,51,
0.1,407,bot4,fein_margin,0.1,SUCCESS,30,30,46,
0.1,408,bot4,fein_margin,0.1,SUCCESS,58,58,52,
0.1,409,bot4,fein_margin,0.1,SUCCESS,26,26,19,
0.1,410,bot4,fein_margin,0.1,SUCCESS,46,46,54,
0.1,411,bot4,fein_margin,0.1,SUCCESS,28,28,13,
0.1,420,bot4,fein_margin,0.1,SUCCESS,28,28,30,
0.1,421,bot4,fein_margin,0.1,SUCCESS,47,47,10,
0.1,422,bot4,fein_margin,0.1,SUCCESS,7,7,24,
0.1,423,bot4,fein_margin,0.1,SUCCESS,42,42,42,
0.1,440,bot4,fein_margin,0.1,SUCCESS,12,12,36,
0.1,441,bot4,fein_margin,0.1,SUCCESS,23,23,24,
0.1,442,bot4,fein_margin,0.1,SUCCESS,40,40,17,
0.1,443,bot4,fein_margin,0.1,SUCCESS,28,28,16,
0.1,436,bot4,fein_margin,0.1,SUCCESS,23,23,31,
0.1,437,bot4,fein_margin,0.1,SUCCESS,20,20,62,
0.1,438,bot4,fein_margin,0.1,SUCCESS,30,30,25,
0.1,439,bot4,fein_margin,0.1,SUCCESS,61,61,49,
0.1,448,bot4,fein_margin,0.1,SUCCESS,53,53,61,
0.1,449,bot4,fein_margin,0.1,SUCCESS,38,38,48,
0.1,450,bot4,fein_margin,0.1,SUCCESS,18,18,14,
0.1,451,bot4,fein_margin,0.1,SUCCESS,30,30,56,
0.1,464,bot4,fein_margin,0.1,SUCCESS,49,49,42,
0.1,465,bot4,fein_margin,0.1,SUCCESS,15,15,51,
0.1,466,bot4,fein_margin,0.1,SUCCESS,31,31,12,
0.1,467,bot4,fein_margin,0.1,SUCCESS,17,17,13,
0.1,452,bot4,fein_margin,0.1,SUCCESS,39,39,17,
0.1,453,bot4,fein_margin,0.1,SUCCESS,26,26,17,
0.1,454,bot4,fein_margin,0.1,SUCCESS,36,36,40,
0.1,455,bot4,fein_margin,0.1,SUCCESS,54,54,41,
0.1,424,bot4,fein_margin,0.1,SUCCESS,60,60,39,
0.1,425,bot4,fein_margin,0.1,SUCCESS,37,37,33,
0.1,426,bot4,fein_margin,0.1,SUCCESS,42,42,16,
0.1,427,bot4,fein_margin,0.1,SUCCESS,55,55,40,
0.1,456,bot4,fein_margin,0.1,SUCCESS,17,17,13,
0.1,457,bot4,fein_margin,0.1,SUCCESS,37,37,18,
0.1,458,bot4,fein_margin,0.1,SUCCESS,36,36,40,
0.1,459,bot4,fein_margin,0.1,SUCCESS,34,34,22,
0.1,432,bot4,fein_margin,0.1,SUCCESS,49,49,21,
0.1,433,bot4,fein_margin,0.1,SUCCESS,19,19,16,
0.1,434,bot4,fein_margin,0.1,SUCCESS,31,31,25,
0.1,435,bot4,fein_margin,0.1,SUCCESS,70,52,16,
0.1,444,bot4,fein_margin,0.1,SUCCESS,24,24,48,
0.1,445,bot4,fein_margin,0.1,SUCCESS,14,14,21,
0.1,446,bot4,fein_margin,0.1,SUCCESS,35,35,63,
0.1,447,bot4,fein_margin,0.1,SUCCESS,79,45,16,
0.1,468,bot4,fein_margin,0.1,SUCCESS,37,37,12,
0.1,469,bot4,fein_margin,0.1,SUCCESS,37,37,20,
0.1,470,bot4,fein_margin,0.1,SUCCESS,20,20,25,
0.1,471,bot4,fein_margin,0.1,SUCCESS,46,46,30,
0.1,460,bot4,fein_margin,0.1,SUCCESS,24,24,34,
0.1,461,bot4,fein_margin,0.1,SUCCESS,40,40,19,
0.1,462,bot4,fein_margin,0.1,SUCCESS,46,46,17,
0.1,463,bot4,fein_margin,0.1,GAVE_UP,37,15,5,1
0.1,476,bot4,fein_margin,0.1,SUCCESS,28,28,34,
0.1,477,bot4,fein_margin,0.1,SUCCESS,21,21,32,
0.1,478,bot4,fein_margin,0.1,SUCCESS,29,29,27,
0.1,479,bot4,fein_margin,0.1,SUCCESS,46,46,60,
0.1,480,bot4,fein_margin,0.1,SUCCESS,43,43,29,
0.1,481,bot4,fein_margin,0.1,SUCCESS,39,39,40,
0.1,482,bot4,fein_margin,0.1,SUCCESS,16,16,53,
0.1,483,bot4,fein_margin,0.1,SUCCESS,25,25,48,
0.1,472,bot4,fein_margin,0.1,SUCCESS,24,24,18,
0.1,473,bot4,fein_margin,0.1,SUCCESS,23,23,24,
0.1,474,bot4,fein_margin,0.1,SUCCESS,35,35,28,
0.1,475,bot4,fein_margin,0.1,SUCCESS,49,49,48,
0.1,484,bot4,fein_margin,0.1,SUCCESS,41,41,53,
0.1,485,bot4,fein_margin,0.1,SUCCESS,19,19,32,
0.1,486,bot4,fein_margin,0.1,SUCCESS,19,19,13,
0.1,487,bot4,fein_margin,0.1,SUCCESS,31,31,29,
0.2,0,bot4,fein_margin,0.1,SUCCESS,17,17,39,
0.2,1,bot4,fein_margin,0.1,SUCCESS,14,14,68,
0.2,2,bot4,fein_margin,0.1,SUCCESS,35,35,29,
0.2,3,bot4,fein_margin,0.1,SUCCESS,24,24,22,
0.1,492,bot4,fein_margin,0.1,SUCCESS,47,47,58,
0.1,493,bot4,fein_margin,0.1,SUCCESS,44,44,48,
0.1,494,bot4,fein_margin,0.1,SUCCESS,15,15,31,
0.1,495,bot4,fein_margin,0.1,SUCCESS,15,15,23,
0.1,488,bot4,fein_margin,0.1,SUCCESS,47,45,15,
0.1,489,bot4,fein_margin,0.1,SUCCESS,30,30,55,
0.1,490,bot4,fein_margin,0.1,SUCCESS,19,19,19,
0.1,491,bot4,fein_margin,0.1,SUCCESS,8,8,13,
0.2,12,bot4,fein_margin,0.1,SUCCESS,30,30,24,
0.2,13,bot4,fein_margin,0.1,SUCCESS,16,16,62,
0.2,14,bot4,fein_margin,0.1,SUCCESS,28,28,49,
0.2,15,bot4,fein_margin,0.1,SUCCESS,13,13,30,
0.2,4,bot4,fein_margin,0.1,SUCCESS,41,41,26,4
0.2,5,bot4,fein_margin,0.1,SUCCESS,24,24,19,
0.2,6,bot4,fein_margin,0.1,SUCCESS,5,5,19,
0.2,7,bot4,fein_margin,0.1,SUCCESS,29,27,20,
0.2,20,bot4,fein_margin,0.1,SUCCESS,43,43,16,
0.2,21,bot4,fein_margin,0.1,SUCCESS,17,17,55,
0.2,22,bot4,fein_margin,0.1,SUCCESS,15,15,33,
0.2,23,bot4,fein_margin,0.1,SUCCESS,33,33,41,
0.1,496,bot4,fein_margin,0.1,SUCCESS,43,43,28,
0.1,497,bot4,fein_margin,0.1,SUCCESS,24,24,39,
0.1,498,bot4,fein_margin,0.1,SUCCESS,64,54,20,
0.1,499,bot4,fein_margin,0.1,SUCCESS,53,53,47,
0.2,8,bot4,fein_margin,0.1,SUCCESS,25,25,43,
0.2,9,bot4,fein_margin,0.1,SUCCESS,39,39,20,
0.2,10,bot4,fein_margin,0.1,SUCCESS,41,41,33,
0.2,11,bot4,fein_margin,0.1,SUCCESS,48,48,31,
0.2,24,bot4,fein_margin,0.1,SUCCESS,65,65,27,
0.2,25,bot4,fein_margin,0.1,SUCCESS,36,36,49,
0.2,26,bot4,fein_margin,0.1,SUCCESS,22,22,59,
0.2,27,bot4,fein_margin,0.1,SUCCESS,23,23,41,
0.2,32,bot4,fein_margin,0.1,SUCCESS,13,13,24,
0.2,33,bot4,fein_margin,0.1,BUTTON_BURNED,28,31,7,8
0.2,34,bot4,fein_margin,0.1,BUTTON_BURNED,38,39,9,
0.2,35,bot4,fein_margin,0.1,SUCCESS,38,38,45,
0.2,16,bot4,fein_margin,0.1,SUCCESS,35,35,57,
0.2,17,bot4,fein_margin,0.1,SUCCESS,19,19,22,
0.2,18,bot4,fein_margin,0.1,SUCCESS,64,64,58,
0.2,19,bot4,fein_margin,0.1,SUCCESS,49,49,33,
0.2,28,bot4,fein_margin,0.1,SUCCESS,20,20,23,
0.2,29,bot4,fein_margin,0.1,GAVE_UP,9,41,7,1
0.2,30,bot4,fein_margin,0.1,SUCCESS,41,41,14,
0.2,31,bot4,fein_margin,0.1,SUCCESS,68,68,44,
0.2,48,bot4,fein_margin,0.1,SUCCESS,17,17,37,
0.2,49,bot4,fein_margin,0.1,SUCCESS,3,3,29,
0.2,50,bot4,fein_margin,0.1,SUCCESS,32,32,48,
0.2,51,bot4,fein_margin,0.1,SUCCESS,31,31,40,
0.2,60,bot4,fein_margin,0.1,SUCCESS,38,38,48,
0.2,61,bot4,fein_margin,0.1,SUCCESS,11,11,36,
0.2,62,bot4,fein_margin,0.1,SUCCESS,24,24,14,3
0.2,63,bot4,fein_margin,0.1,BUTTON_BURNED,9,28,3,1
0.2,52,bot4,fein_margin,0.1,SUCCESS,25,25,27,
0.2,53,bot4,fein_margin,0.1,SUCCESS,36,36,39,
0.2,54,bot4,fein_margin,0.1,SUCCESS,51,51,39,
0.2,55,bot4,fein_margin,0.1,SUCCESS,5,5,31,
0.2,44,bot4,fein_margin,0.1,SUCCESS,49,49,51,
0.2,45,bot4,fein_margin,0.1,SUCCESS,34,34,37,
0.2,46,bot4,fein_margin,0.1,SUCCESS,22,22,33,
0.2,47,bot4,fein_margin,0.1,SUCCESS,48,48,25,
0.2,40,bot4,fein_margin,0.1,SUCCESS,54,54,34,
0.2,41,bot4,fein_margin,0.1,SUCCESS,26,26,18,
0.2,42,bot4,fein_margin,0.1,SUCCESS,27,27,73,
0.2,43,bot4,fein_margin,0.1,SUCCESS,49,49,26,
0.2,36,bot4,fein_margin,0.1,SUCCESS,19,19,39,
0.2,37,bot4,fein_margin,0.1,SUCCESS,54,54,26,
0.2,38,bot4,fein_margin,0.1,SUCCESS,37,37,35,
0.2,39,bot4,fein_margin,0.1,SUCCESS,60,60,46,
0.2,68,bot4,fein_margin,0.1,SUCCESS,3,3,13,
0.2,69,bot4,fein_margin,0.1,SUCCESS,24,24,24,
0.2,70,bot4,fein_margin,0.1,SUCCESS,24,24,23,
0.2,71,bot4,fein_margin,0.1,GAVE_UP,51,46,13,18
0.2,56,bot4,fein_margin,0.1,BUTTON_BURNED,28,54,7,4
0.2,57,bot4,fein_margin,0.1,SUCCESS,20,20,26,
0.2,58,bot4,fein_margin,0.1,SUCCESS,47,47,12,
0.2,59,bot4,fein_margin,0.1,SUCCESS,52,52,44,
0.2,64,bot4,fein_margin,0.1,SUCCESS,56,56,60,
0.2,65,bot4,fein_margin,0.1,SUCCESS,2,2,58,
0.2,66,bot4,fein_margin,0.1,SUCCESS,48,48,28,
0.2,67,bot4,fein_margin,0.1,SUCCESS,27,27,61,
0.2,72,bot4,fein_margin,0.1,SUCCESS,30,30,22,
0.2,73,bot4,fein_margin,0.1,SUCCESS,45,45,62,
0.2,74,bot4,fein_margin,0.1,SUCCESS,30,30,43,
0.2,75,bot4,fein_margin,0.1,SUCCESS,31,31,21,
0.2,84,bot4,fein_margin,0.1,SUCCESS,40,40,14,
0.2,85,bot4,fein_margin,0.1,SUCCESS,29,29,47,
0.2,86,bot4,fein_margin,0.1,SUCCESS,16,16,47,
0.2,87,bot4,fein_margin,0.1,SUCCESS,40,40,38,
0.2,76,bot4,fein_margin,0.1,SUCCESS,39,39,50,
0.2,77,bot4,fein_margin,0.1,BUTTON_BURNED,29,34,6,
0.2,78,bot4,fein_margin,0.1,SUCCESS,51,51,48,
0.2,79,bot4,fein_margin,0.1,SUCCESS,18,18,10,
0.2,96,bot4,fein_margin,0.1,SUCCESS,53,53,20,
0.2,97,bot4,fein_margin,0.1,SUCCESS,13,13,14,
0.2,98,bot4,fein_margin,0.1,SUCCESS,28,28,27,
0.2,99,bot4,fein_margin,0.1,SUCCESS,26,26,52,
0.2,80,bot4,fein_margin,0.1,SUCCESS,57,57,31,
0.2,81,bot4,fein_margin,0.1,SUCCESS,43,43,56,
0.2,82,bot4,fein_margin,0.1,SUCCESS,43,43,19,
0.2,83,bot4,fein_margin,0.1,SUCCESS,43,43,39,
0.2,92,bot4,fein_margin,0.1,SUCCESS,46,46,37,3
0.2,93,bot4,fein_margin,0.1,SUCCESS,38,38,42,
0.2,94,bot4,fein_margin,0.1,SUCCESS,21,21,30,
0.2,95,bot4,fein_margin,0.1,SUCCESS,46,46,38,
0.2,112,bot4,fein_margin,0.1,SUCCESS,7,7,9,
0.2,113,bot4,fein_margin,0.1,SUCCESS,23,23,13,
0.2,114,bot4,fein_margin,0.1,SUCCESS,27,27,31,
0.2,115,bot4,fein_margin,0.1,SUCCESS,48,48,49,
0.2,108,bot4,fein_margin,0.1,SUCCESS,47,47,45,
0.2,109,bot4,fein_margin,0.1,SUCCESS,5,5,18,
0.2,110,bot4,fein_margin,0.1,SUCCESS,28,28,39,
0.2,111,bot4,fein_margin,0.1,SUCCESS,59,57,31,15
0.2,100,bot4,fein_margin,0.1,SUCCESS,56,36,16,
0.2,101,bot4,fein_margin,0.1,SUCCESS,46,46,47,
0.2,102,bot4,fein_margin,0.1,SUCCESS,48,48,38,
0.2,103,bot4,fein_margin,0.1,GAVE_UP,23,68,9,5
0.2,88,bot4,fein_margin,0.1,GAVE_UP,57,55,13,
0.2,89,bot4,fein_margin,0.1,SUCCESS,58,50,32,
0.2,90,bot4,fein_margin,0.1,SUCCESS,51,51,40,
0.2,91,bot4,fein_margin,0.1,SUCCESS,23,23,48,
0.2,120,bot4,fein_margin,0.1,SUCCESS,48,46,32,
0.2,121,bot4,fein_margin,0.1,SUCCESS,27,27,19,
0.2,122,bot4,fein_margin,0.1,SUCCESS,7,7,56,
0.2,123,bot4,fein_margin,0.1,SUCCESS,31,31,35,
0.2,116,bot4,fein_margin,0.1,SUCCESS,9,9,34,
0.2,117,bot4,fein_margin,0.1,SUCCESS,31,31,39,
0.2,118,bot4,fein_margin,0.1,SUCCESS,37,37,31,
0.2,119,bot4,fein_margin,0.1,SUCCESS,65,65,59,
0.2,128,bot4,fein_margin,0.1,SUCCESS,39,39,35,
0.2,129,bot4,fein_margin,0.1,BUTTON_BURNED,6,56,4,
0.2,130,bot4,fein_margin,0.1,SUCCESS,41,41,46,
0.2,131,bot4,fein_margin,0.1,SUCCESS,34,34,22,
0.2,124,bot4,fein_margin,0.1,SUCCESS,17,17,36,
0.2,125,bot4,fein_margin,0.1,SUCCESS,31,31,28,
0.2,126,bot4,fein_margin,0.1,SUCCESS,39,39,37,
0.2,127,bot4,fein_margin,0.1,SUCCESS,28,28,11,
0.2,132,bot4,fein_margin,0.1,SUCCESS,44,44,35,
0.2,133,bot4,fein_margin,0.1,SUCCESS,53,53,49,
0.2,134,bot4,fein_margin,0.1,SUCCESS,15,15,39,
0.2,135,bot4,fein_margin,0.1,SUCCESS,9,9,29,
0.2,104,bot4,fein_margin,0.1,SUCCESS,24,24,32,
0.2,105,bot4,fein_margin,0.1,SUCCESS,47,47,33,
0.2,106,bot4,fein_margin,0.1,BUTTON_BURNED,47,41,10,15
0.2,107,bot4,fein_margin,0.1,SUCCESS,62,40,24,
0.2,160,bot4,fein_margin,0.1,SUCCESS,19,19,38,
0.2,161,bot4,fein_margin,0.1,SUCCESS,16,16,10,
0.2,162,bot4,fein_margin,0.1,SUCCESS,3,3,15,
0.2,163,bot4,fein_margin,0.1,SUCCESS,11,11,55,
0.2,148,bot4,fein_margin,0.1,SUCCESS,33,33,29,
0.2,149,bot4,fein_margin,0.1,SUCCESS,1,1,30,
0.2,150,bot4,fein_margin,0.1,SUCCESS,9,9,39,
0.2,151,bot4,fein_margin,0.1,SUCCESS,22,22,32,
0.2,164,bot4,fein_margin,0.1,SUCCESS,30,30,35,
0.2,165,bot4,fein_margin,0.1,SUCCESS,23,23,42,
0.2,166,bot4,fein_margin,0.1,SUCCESS,6,6,18,
0.2,167,bot4,fein_margin,0.1,SUCCESS,30,30,32,
0.2,144,bot4,fein_margin,0.1,BUTTON_BURNED,22,29,5,1
0.2,145,bot4,fein_margin,0.1,SUCCESS,49,49,37,
0.2,146,bot4,fein_margin,0.1,SUCCESS,29,29,51,
0.2,147,bot4,fein_margin,0.1,SUCCESS,11,11,33,
0.2,140,bot4,fein_margin,0.1,SUCCESS,49,35,19,27
0.2,141,bot4,fein_margin,0.1,SUCCESS,20,20,29,
0.2,142,bot4,fein_margin,0.1,SUCCESS,6,6,10,
0.2,143,bot4,fein_margin,0.1,SUCCESS,32,32,37,
0.2,136,bot4,fein_margin,0.1,SUCCESS,47,47,47,
0.2,137,bot4,fein_margin,0.1,SUCCESS,33,33,15,
0.2,138,bot4,fein_margin,0.1,SUCCESS,20,20,57,
0.2,139,bot4,fein_margin,0.1,SUCCESS,41,41,45,
0.2,168,bot4,fein_margin,0.1,SUCCESS,9,9,19,
0.2,169,bot4,fein_margin,0.1,SUCCESS,30,30,20,
0.2,170,bot4,fein_margin,0.1,SUCCESS,11,11,33,
0.2,171,bot4,fein_margin,0.1,SUCCESS,42,42,40,
0.2,156,bot4,fein_margin,0.1,GAVE_UP,33,28,7,1
0.2,157,bot4,fein_margin,0.1,SUCCESS,12,12,40,
0.2,158,bot4,fein_margin,0.1,SUCCESS,33,33,31,
0.2,159,bot4,fein_margin,0.1,SUCCESS,64,40,25,33
0.2,152,bot4,fein_margin,0.1,SUCCESS,63,63,36,
0.2,153,bot4,fein_margin,0.1,BUTTON_BURNED,17,30,5,
0.2,154,bot4,fein_margin,0.1,GAVE_UP,43,56,8,2
0.2,155,bot4,fein_margin,0.1,SUCCESS,15,15,20,
0.2,172,bot4,fein_margin,0.1,SUCCESS,45,43,30,
0.2,173,bot4,fein_margin,0.1,SUCCESS,43,43,27,
0.2,174,bot4,fein_margin,0.1,SUCCESS,12,12,23,
0.2,175,bot4,fein_margin,0.1,SUCCESS,18,18,19,
0.2,176,bot4,fein_margin,0.1,GAVE_UP,29,46,12,9
0.2,177,bot4,fein_margin,0.1,SUCCESS,29,29,28,
0.2,178,bot4,fein_margin,0.1,SUCCESS,1,1,30,
0.2,179,bot4,fein_margin,0.1,SUCCESS,19,19,42,
0.2,184,bot4,fein_margin,0.1,SUCCESS,51,47,27,
0.2,185,bot4,fein_margin,0.1,SUCCESS,12,10,9,
0.2,186,bot4,fein_margin,0.1,GAVE_UP,23,46,3,1
0.2,187,bot4,fein_margin,0.1,SUCCESS,32,32,48,
0.2,188,bot4,fein_margin,0.1,SUCCESS,23,23,45,
0.2,189,bot4,fein_margin,0.1,SUCCESS,25,25,54,
0.2,190,bot4,fein_margin,0.1,SUCCESS,48,48,55,
0.2,191,bot4,fein_margin,0.1,SUCCESS,40,40,31,
0.2,180,bot4,fein_margin,0.1,SUCCESS,49,49,45,
0.2,181,bot4,fein_margin,0.1,SUCCESS,24,24,27,
0.2,182,bot4,fein_margin,0.1,SUCCESS,40,40,45,
0.2,183,bot4,fein_margin,0.1,SUCCESS,56,56,48,
0.2,200,bot4,fein_margin,0.1,SUCCESS,31,31,44,
0.2,201,bot4,fein_margin,0.1,SUCCESS,24,24,23,
0.2,202,bot4,fein_margin,0.1,SUCCESS,10,10,28,
0.2,203,bot4,fein_margin,0.1,SUCCESS,28,28,38,
0.2,192,bot4,fein_margin,0.1,SUCCESS,18,18,45,
0.2,193,bot4,fein_margin,0.1,SUCCESS,35,35,17,
0.2,194,bot4,fein_margin,0.1,SUCCESS,55,55,64,
0.2,195,bot4,fein_margin,0.1,SUCCESS,40,40,23,
0.2,208,bot4,fein_margin,0.1,SUCCESS,43,43,34,
0.2,209,bot4,fein_margin,0.1,SUCCESS,35,35,61,
0.2,210,bot4,fein_margin,0.1,SUCCESS,31,31,36,
0.2,211,bot4,fein_margin,0.1,SUCCESS,6,6,30,
0.2,204,bot4,fein_margin,0.1,SUCCESS,22,22,18,
0.2,205,bot4,fein_margin,0.1,SUCCESS,55,55,33,
0.2,206,bot4,fein_margin,0.1,SUCCESS,29,29,54,
0.2,207,bot4,fein_margin,0.1,SUCCESS,14,14,27,
0.2,212,bot4,fein_margin,0.1,SUCCESS,39,39,50,
0.2,213,bot4,fein_margin,0.1,SUCCESS,35,35,55,
0.2,214,bot4,fein_margin,0.1,SUCCESS,12,12,42,
0.2,215,bot4,fein_margin,0.1,SUCCESS,38,38,21,
0.2,196,bot4,fein_margin,0.1,SUCCESS,15,15,30,
0.2,197,bot4,fein_margin,0.1,SUCCESS,51,51,38,1
0.2,198,bot4,fein_margin,0.1,SUCCESS,65,65,25,
0.2,199,bot4,fein_margin,0.1,SUCCESS,52,52,24,
0.2,220,bot4,fein_margin,0.1,SUCCESS,26,26,48,
0.2,221,bot4,fein_margin,0.1,SUCCESS,43,43,40,
0.2,222,bot4,fein_margin,0.1,SUCCESS,17,17,40,
0.2,223,bot4,fein_margin,0.1,SUCCESS,46,46,42,
0.2,216,bot4,fein_margin,0.1,SUCCESS,45,45,24,
0.2,217,bot4,fein_margin,0.1,SUCCESS,21,21,26,
0.2,218,bot4,fein_margin,0.1,SUCCESS,17,17,54,
0.2,219,bot4,fein_margin,0.1,SUCCESS,56,56,28,18
0.2,224,bot4,fein_margin,0.1,SUCCESS,48,48,54,
0.2,225,bot4,fein_margin,0.1,SUCCESS,24,24,30,
0.2,226,bot4,fein_margin,0.1,SUCCESS,54,54,35,
0.2,227,bot4,fein_margin,0.1,SUCCESS,44,44,42,
0.2,228,bot4,fein_margin,0.1,SUCCESS,37,37,28,
0.2,229,bot4,fein_margin,0.1,SUCCESS,20,20,22,
0.2,230,bot4,fein_margin,0.1,SUCCESS,35,35,43,
0.2,231,bot4,fein_margin,0.1,SUCCESS,26,26,30,
0.2,248,bot4,fein_margin,0.1,SUCCESS,40,40,45,
0.2,249,bot4,fein_margin,0.1,SUCCESS,23,23,34,
0.2,250,bot4,fein_margin,0.1,SUCCESS,30,30,20,
0.2,251,bot4,fein_margin,0.1,SUCCESS,9,9,43,
0.2,236,bot4,fein_margin,0.1,SUCCESS,28,28,58,
0.2,237,bot4,fein_margin,0.1,SUCCESS,53,51,48,
0.2,238,bot4,fein_margin,0.1,SUCCESS,24,24,37,
0.2,239,bot4,fein_margin,0.1,SUCCESS,43,43,52,
0.2,244,bot4,fein_margin,0.1,SUCCESS,61,61,35,
0.2,245,bot4,fein_margin,0.1,SUCCESS,19,19,70,
0.2,246,bot4,fein_margin,0.1,GAVE_UP,31,24,11,1
0.2,247,bot4,fein_margin,0.1,SUCCESS,32,32,26,
0.2,232,bot4,fein_margin,0.1,SUCCESS,42,42,48,
0.2,233,bot4,fein_margin,0.1,SUCCESS,45,45,41,
0.2,234,bot4,fein_margin,0.1,SUCCESS,45,39,35,
0.2,235,bot4,fein_margin,0.1,SUCCESS,29,29,52,
0.2,256,bot4,fein_margin,0.1,GAVE_UP,21,28,13,
0.2,257,bot4,fein_margin,0.1,SUCCESS,10,10,27,
0.2,258,bot4,fein_margin,0.1,SUCCESS,43,43,45,
0.2,259,bot4,fein_margin,0.1,SUCCESS,5,5,15,
0.2,252,bot4,fein_margin,0.1,SUCCESS,34,34,46,
0.2,253,bot4,fein_margin,0.1,SUCCESS,55,55,18,
0.2,254,bot4,fein_margin,0.1,SUCCESS,32,32,19,
0.2,255,bot4,fein_margin,0.1,SUCCESS,16,16,23,
0.2,240,bot4,fein_margin,0.1,SUCCESS,10,10,39,
0.2,241,bot4,fein_margin,0.1,SUCCESS,28,28,17,
0.2,242,bot4,fein_margin,0.1,SUCCESS,30,30,23,
0.2,243,bot4,fein_margin,0.1,BUTTON_BURNED,75,65,19,43
0.2,260,bot4,fein_margin,0.1,SUCCESS,35,35,59,
0.2,261,bot4,fein_margin,0.1,SUCCESS,34,34,40,
0.2,262,bot4,fein_margin,0.1,SUCCESS,36,36,58,
0.2,263,bot4,fein_margin,0.1,SUCCESS,7,7,51,
0.2,268,bot4,fein_margin,0.1,SUCCESS,18,18,25,
0.2,269,bot4,fein_margin,0.1,SUCCESS,16,16,52,
0.2,270,bot4,fein_margin,0.1,SUCCESS,58,58,55,
0.2,271,bot4,fein_margin,0.1,SUCCESS,32,32,41,
0.2,272,bot4,fein_margin,0.1,SUCCESS,41,41,32,
0.2,273,bot4,fein_margin,0.1,SUCCESS,19,19,45,
0.2,274,bot4,fein_margin,0.1,SUCCESS,41,41,40,
0.2,275,bot4,fein_margin,0.1,SUCCESS,10,10,12,
0.2,288,bot4,fein_margin,0.1,SUCCESS,5,5,12,
0.2,289,bot4,fein_margin,0.1,SUCCESS,19,19,51,
0.2,290,bot4,fein_margin,0.1,SUCCESS,63,63,67,
0.2,291,bot4,fein_margin,0.1,SUCCESS,28,28,45,
0.2,276,bot4,fein_margin,0.1,SUCCESS,42,42,47,
0.2,277,bot4,fein_margin,0.1,SUCCESS,18,18,15,
0.2,278,bot4,fein_margin,0.1,SUCCESS,38,38,27,
0.2,279,bot4,fein_margin,0.1,SUCCESS,20,20,32,
0.2,284,bot4,fein_margin,0.1,SUCCESS,4,4,41,
0.2,285,bot4,fein_margin,0.1,SUCCESS,39,39,33,
0.2,286,bot4,fein_margin,0.1,SUCCESS,33,33,40,
0.2,287,bot4,fein_margin,0.1,SUCCESS,19,19,18,
0.2,264,bot4,fein_margin,0.1,SUCCESS,51,49,33,16
0.2,265,bot4,fein_margin,0.1,SUCCESS,44,42,27,
0.2,266,bot4,fein_margin,0.1,SUCCESS,34,34,15,
0.2,267,bot4,fein_margin,0.1,SUCCESS,42,42,38,
0.2,292,bot4,fein_margin,0.1,SUCCESS,18,18,15,
0.2,293,bot4,fein_margin,0.1,SUCCESS,25,25,53,
0.2,294,bot4,fein_margin,0.1,SUCCESS,46,46,34,
0.2,295,bot4,fein_margin,0.1,SUCCESS,32,32,30,
0.2,300,bot4,fein_margin,0.1,SUCCESS,38,38,51,
0.2,301,bot4,fein_margin,0.1,SUCCESS,36,36,29,
0.2,302,bot4,fein_margin,0.1,SUCCESS,7,7,48,
0.2,303,bot4,fein_margin,0.1,SUCCESS,17,17,48,
0.2,312,bot4,fein_margin,0.1,SUCCESS,13,13,14,
0.2,313,bot4,fein_margin,0.1,SUCCESS,30,30,53,
0.2,314,bot4,fein_margin,0.1,SUCCESS,18,18,40,
0.2,315,bot4,fein_margin,0.1,SUCCESS,23,23,7,
0.2,280,bot4,fein_margin,0.1,SUCCESS,36,36,30,
0.2,281,bot4,fein_margin,0.1,SUCCESS,32,32,35,
0.2,282,bot4,fein_margin,0.1,SUCCESS,51,51,25,
0.2,283,bot4,fein_margin,0.1,SUCCESS,29,29,18,
0.2,316,bot4,fein_margin,0.1,SUCCESS,9,9,37,
0.2,317,bot4,fein_margin,0.1,SUCCESS,6,6,42,
0.2,318,bot4,fein_margin,0.1,SUCCESS,17,17,39,
0.2,319,bot4,fein_margin,0.1,SUCCESS,36,36,12,
0.2,296,bot4,fein_margin,0.1,SUCCESS,62,56,45,
0.2,297,bot4,fein_margin,0.1,SUCCESS,49,49,32,
0.2,298,bot4,fein_margin,0.1,SUCCESS,16,16,49,
0.2,299,bot4,fein_margin,0.1,SUCCESS,22,22,17,
0.2,324,bot4,fein_margin,0.1,SUCCESS,37,37,30,
0.2,325,bot4,fein_margin,0.1,SUCCESS,23,23,40,
0.2,326,bot4,fein_margin,0.1,SUCCESS,9,9,50,
0.2,327,bot4,fein_margin,0.1,SUCCESS,38,38,28,
0.2,320,bot4,fein_margin,0.1,SUCCESS,34,34,44,
0.2,321,bot4,fein_margin,0.1,BUTTON_BURNED,5,41,1,1
0.2,322,bot4,fein_margin,0.1,GAVE_UP,40,46,12,12
0.2,323,bot4,fein_margin,0.1,SUCCESS,44,42,33,
0.2,304,bot4,fein_margin,0.1,SUCCESS,51,49,21,
0.2,305,bot4,fein_margin,0.1,SUCCESS,20,20,16,
0.2,306,bot4,fein_margin,0.1,SUCCESS,47,47,38,
0.2,307,bot4,fein_margin,0.1,GAVE_UP,37,54,12,1
0.2,308,bot4,fein_margin,0.1,BUTTON_BURNED,54,54,11,22
0.2,309,bot4,fein_margin,0.1,SUCCESS,50,50,39,
0.2,310,bot4,fein_margin,0.1,SUCCESS,22,22,8,
0.2,311,bot4,fein_margin,0.1,SUCCESS,51,51,49,
0.2,344,bot4,fein_margin,0.1,SUCCESS,40,40,50,
0.2,345,bot4,fein_margin,0.1,SUCCESS,25,25,23,
0.2,346,bot4,fein_margin,0.1,SUCCESS,21,21,43,
0.2,347,bot4,fein_margin,0.1,SUCCESS,34,34,15,
0.2,328,bot4,fein_margin,0.1,SUCCESS,38,38,37,
0.2,329,bot4,fein_margin,0.1,SUCCESS,34,34,45,
0.2,330,bot4,fein_margin,0.1,SUCCESS,42,42,17,
0.2,331,bot4,fein_margin,0.1,SUCCESS,50,50,31,
0.2,332,bot4,fein_margin,0.1,SUCCESS,49,49,52,
0.2,333,bot4,fein_margin,0.1,SUCCESS,6,6,53,
0.2,334,bot4,fein_margin,0.1,SUCCESS,56,56,36,2
0.2,335,bot4,fein_margin,0.1,SUCCESS,43,43,23,
0.2,336,bot4,fein_margin,0.1,SUCCESS,33,33,10,
0.2,337,bot4,fein_margin,0.1,SUCCESS,56,56,30,
0.2,338,bot4,fein_margin,0.1,SUCCESS,24,24,51,
0.2,339,bot4,fein_margin,0.1,SUCCESS,13,13,29,
0.2,352,bot4,fein_margin,0.1,SUCCESS,52,52,56,
0.2,353,bot4,fein_margin,0.1,SUCCESS,31,31,42,
0.2,354,bot4,fein_margin,0.1,SUCCESS,11,11,31,
0.2,355,bot4,fein_margin,0.1,SUCCESS,30,30,39,
0.2,348,bot4,fein_margin,0.1,SUCCESS,11,11,25,
0.2,349,bot4,fein_margin,0.1,BUTTON_BURNED,17,24,4,
0.2,350,bot4,fein_margin,0.1,SUCCESS,52,52,51,
0.2,351,bot4,fein_margin,0.1,SUCCESS,47,47,17,
0.2,340,bot4,fein_margin,0.1,SUCCESS,50,38,20,7
0.2,341,bot4,fein_margin,0.1,BUTTON_BURNED,29,47,8,1
0.2,342,bot4,fein_margin,0.1,SUCCESS,53,53,22,
0.2,343,bot4,fein_margin,0.1,SUCCESS,31,31,24,
0.2,360,bot4,fein_margin,0.1,SUCCESS,29,29,29,
0.2,361,bot4,fein_margin,0.1,SUCCESS,37,37,55,
0.2,362,bot4,fein_margin,0.1,SUCCESS,21,21,41,
0.2,363,bot4,fein_margin,0.1,GAVE_UP,27,23,11,
0.2,356,bot4,fein_margin,0.1,SUCCESS,20,20,39,
0.2,357,bot4,fein_margin,0.1,SUCCESS,27,27,28,
0.2,358,bot4,fein_margin,0.1,SUCCESS,46,44,24,
0.2,359,bot4,fein_margin,0.1,BUTTON_BURNED,30,46,9,
0.2,388,bot4,fein_margin,0.1,SUCCESS,25,25,46,
0.2,389,bot4,fein_margin,0.1,SUCCESS,12,12,25,
0.2,390,bot4,fein_margin,0.1,SUCCESS,10,10,36,
0.2,391,bot4,fein_margin,0.1,SUCCESS,25,25,41,
0.2,380,bot4,fein_margin,0.1,SUCCESS,45,45,20,
0.2,381,bot4,fein_margin,0.1,SUCCESS,13,13,24,
0.2,382,bot4,fein_margin,0.1,SUCCESS,31,31,33,
0.2,383,bot4,fein_margin,0.1,SUCCESS,9,9,40,
0.2,368,bot4,fein_margin,0.1,SUCCESS,48,48,32,
0.2,369,bot4,fein_margin,0.1,SUCCESS,32,32,31,
0.2,370,bot4,fein_margin,0.1,SUCCESS,23,23,23,
0.2,371,bot4,fein_margin,0.1,SUCCESS,37,37,43,
0.2,376,bot4,fein_margin,0.1,BUTTON_BURNED,14,30,5,
0.2,377,bot4,fein_margin,0.1,SUCCESS,8,8,19,
0.2,378,bot4,fein_margin,0.1,SUCCESS,39,39,18,3
0.2,379,bot4,fein_margin,0.1,SUCCESS,52,52,42,
0.2,364,bot4,fein_margin,0.1,SUCCESS,2,2,9,
0.2,365,bot4,fein_margin,0.1,SUCCESS,57,57,32,
0.2,366,bot4,fein_margin,0.1,SUCCESS,49,49,27,
0.2,367,bot4,fein_margin,0.1,SUCCESS,13,13,52,
0.2,372,bot4,fein_margin,0.1,SUCCESS,35,35,35,
0.2,373,bot4,fein_margin,0.1,SUCCESS,53,53,41,
0.2,374,bot4,fein_margin,0.1,SUCCESS,24,24,44,
0.2,375,bot4,fein_margin,0.1,SUCCESS,8,8,46,
0.2,416,bot4,fein_margin,0.1,SUCCESS,18,18,40,
0.2,417,bot4,fein_margin,0.1,SUCCESS,5,5,18,
0.2,418,bot4,fein_margin,0.1,SUCCESS,13,13,42,
0.2,419,bot4,fein_margin,0.1,SUCCESS,10,10,43,
0.2,412,bot4,fein_margin,0.1,SUCCESS,21,21,43,
0.2,413,bot4,fein_margin,0.1,SUCCESS,13,13,31,
0.2,414,bot4,fein_margin,0.1,SUCCESS,34,34,21,
0.2,415,bot4,fein_margin,0.1,SUCCESS,13,13,40,
0.2,392,bot4,fein_margin,0.1,SUCCESS,23,23,16,
0.2,393,bot4,fein_margin,0.1,SUCCESS,49,49,34,
0.2,394,bot4,fein_margin,0.1,SUCCESS,33,33,46,
0.2,395,bot4,fein_margin,0.1,SUCCESS,26,26,66,
0.2,396,bot4,fein_margin,0.1,SUCCESS,10,10,44,
0.2,397,bot4,fein_margin,0.1,SUCCESS,9,9,27,
0.2,398,bot4,fein_margin,0.1,SUCCESS,55,55,40,
0.2,399,bot4,fein_margin,0.1,SUCCESS,9,9,49,
0.2,400,bot4,fein_margin,0.1,SUCCESS,39,39,37,
0.2,401,bot4,fein_margin,0.1,SUCCESS,37,37,48,
0.2,402,bot4,fein_margin,0.1,SUCCESS,25,25,16,
0.2,403,bot4,fein_margin,0.1,BUTTON_BURNED,18,37,7,3
0.2,384,bot4,fein_margin,0.1,SUCCESS,6,6,28,
0.2,385,bot4,fein_margin,0.1,SUCCESS,48,48,48,
0.2,386,bot4,fein_margin,0.1,SUCCESS,47,47,34,
0.2,387,bot4,fein_margin,0.1,SUCCESS,60,60,25,
0.2,428,bot4,fein_margin,0.1,SUCCESS,5,5,65,
0.2,429,bot4,fein_margin,0.1,SUCCESS,20,20,21,
0.2,430,bot4,fein_margin,0.1,SUCCESS,22,22,12,
0.2,431,bot4,fein_margin,0.1,SUCCESS,5,5,40,
0.2,404,bot4,fein_margin,0.1,SUCCESS,41,41,43,
0.2,405,bot4,fein_margin,0.1,SUCCESS,35,35,32,
0.2,406,bot4,fein_margin,0.1,SUCCESS,45,45,51,
0.2,407,bot4,fein_margin,0.1,SUCCESS,30,30,46,
0.2,420,bot4,fein_margin,0.1,SUCCESS,28,28,30,
0.2,421,bot4,fein_margin,0.1,BUTTON_BURNED,49,47,10,27
0.2,422,bot4,fein_margin,0.1,SUCCESS,7,7,24,
0.2,423,bot4,fein_margin,0.1,SUCCESS,42,42,42,
0.2,408,bot4,fein_margin,0.1,SUCCESS,58,58,52,
0.2,409,bot4,fein_margin,0.1,SUCCESS,26,26,19,
0.2,410,bot4,fein_margin,0.1,SUCCESS,46,46,54,
0.2,411,bot4,fein_margin,0.1,SUCCESS,28,28,13,11
0.2,440,bot4,fein_margin,0.1,SUCCESS,12,12,36,
0.2,441,bot4,fein_margin,0.1,SUCCESS,23,23,24,
0.2,442,bot4,fein_margin,0.1,SUCCESS,40,40,17,1
0.2,443,bot4,fein_margin,0.1,SUCCESS,28,28,16,
0.2,436,bot4,fein_margin,0.1,SUCCESS,23,23,31,
0.2,437,bot4,fein_margin,0.1,SUCCESS,20,20,62,
0.2,438,bot4,fein_margin,0.1,SUCCESS,30,30,25,
0.2,439,bot4,fein_margin,0.1,SUCCESS,61,61,49,
0.2,448,bot4,fein_margin,0.1,SUCCESS,53,53,61,
0.2,449,bot4,fein_margin,0.1,SUCCESS,38,38,48,
0.2,450,bot4,fein_margin,0.1,SUCCESS,18,18,14,
0.2,451,bot4,fein_margin,0.1,SUCCESS,30,30,56,
0.2,444,bot4,fein_margin,0.1,SUCCESS,24,24,48,
0.2,445,bot4,fein_margin,0.1,SUCCESS,14,14,21,
0.2,446,bot4,fein_margin,0.1,SUCCESS,35,35,63,
0.2,447,bot4,fein_margin,0.1,BUTTON_BURNED,55,45,16,30
0.2,464,bot4,fein_margin,0.1,SUCCESS,49,49,42,
0.2,465,bot4,fein_margin,0.1,SUCCESS,15,15,51,
0.2,466,bot4,fein_margin,0.1,SUCCESS,31,31,12,
0.2,467,bot4,fein_margin,0.1,SUCCESS,17,17,13,
0.2,456,bot4,fein_margin,0.1,SUCCESS,17,17,13,
0.2,457,bot4,fein_margin,0.1,SUCCESS,37,37,18,
0.2,458,bot4,fein_margin,0.1,SUCCESS,36,36,40,
0.2,459,bot4,fein_margin,0.1,SUCCESS,34,34,22,
0.2,452,bot4,fein_margin,0.1,SUCCESS,39,39,17,
0.2,453,bot4,fein_margin,0.1,SUCCESS,26,26,17,
0.2,454,bot4,fein_margin,0.1,SUCCESS,36,36,40,
0.2,455,bot4,fein_margin,0.1,SUCCESS,54,54,41,
0.2,424,bot4,fein_margin,0.1,SUCCESS,60,60,39,
0.2,425,bot4,fein_margin,0.1,SUCCESS,37,37,33,
0.2,426,bot4,fein_margin,0.1,SUCCESS,42,42,16,
0.2,427,bot4,fein_margin,0.1,SUCCESS,55,55,40,
0.2,468,bot4,fein_margin,0.1,SUCCESS,37,37,12,
0.2,469,bot4,fein_margin,0.1,SUCCESS,37,37,20,
0.2,470,bot4,fein_margin,0.1,SUCCESS,20,20,25,
0.2,471,bot4,fein_margin,0.1,SUCCESS,46,46,30,
0.2,460,bot4,fein_margin,0.1,SUCCESS,24,24,34,
0.2,461,bot4,fein_margin,0.1,SUCCESS,40,40,19,
0.2,462,bot4,fein_margin,0.1,SUCCESS,64,46,17,
0.2,463,bot4,fein_margin,0.1,GAVE_UP,5,15,5,1
0.2,432,bot4,fein_margin,0.1,SUCCESS,57,49,21,
0.2,433,bot4,fein_margin,0.1,SUCCESS,19,19,16,
0.2,434,bot4,fein_margin,0.1,SUCCESS,31,31,25,
0.2,435,bot4,fein_margin,0.1,SUCCESS,70,52,16,
0.2,476,bot4,fein_margin,0.1,SUCCESS,28,28,34,
0.2,477,bot4,fein_margin,0.1,SUCCESS,21,21,32,
0.2,478,bot4,fein_margin,0.1,SUCCESS,29,29,27,
0.2,479,bot4,fein_margin,0.1,SUCCESS,46,46,60,
0.2,472,bot4,fein_margin,0.1,SUCCESS,24,24,18,
0.2,473,bot4,fein_margin,0.1,SUCCESS,23,23,24,
0.2,474,bot4,fein_margin,0.1,SUCCESS,35,35,28,
0.2,475,bot4,fein_margin,0.1,SUCCESS,49,49,48,
0.3,0,bot4,fein_margin,0.1,SUCCESS,17,17,39,
0.3,1,bot4,fein_margin,0.1,SUCCESS,14,14,68,
0.3,2,bot4,fein_margin,0.1,SUCCESS,35,35,29,
0.3,3,bot4,fein_margin,0.1,SUCCESS,24,24,22,
0.2,484,bot4,fein_margin,0.1,SUCCESS,41,41,53,
0.2,485,bot4,fein_margin,0.1,SUCCESS,19,19,32,
0.2,486,bot4,fein_margin,0.1,SUCCESS,19,19,13,
0.2,487,bot4,fein_margin,0.1,SUCCESS,31,31,29,
0.2,480,bot4,fein_margin,0.1,SUCCESS,43,43,29,
0.2,481,bot4,fein_margin,0.1,SUCCESS,39,39,40,
0.2,482,bot4,fein_margin,0.1,SUCCESS,16,16,53,
0.2,483,bot4,fein_margin,0.1,SUCCESS,25,25,48,
0.3,4,bot4,fein_margin,0.1,GAVE_UP,19,41,26,1
0.3,5,bot4,fein_margin,0.1,SUCCESS,24,24,19,
0.3,6,bot4,fein_margin,0.1,SUCCESS,5,5,19,
0.3,7,bot4,fein_margin,0.1,SUCCESS,29,27,20,
0.2,492,bot4,fein_margin,0.1,SUCCESS,47,47,58,
0.2,493,bot4,fein_margin,0.1,SUCCESS,44,44,48,
0.2,494,bot4,fein_margin,0.1,SUCCESS,15,15,31,
0.2,495,bot4,fein_margin,0.1,SUCCESS,15,15,23,
0.3,12,bot4,fein_margin,0.1,SUCCESS,30,30,24,
0.3,13,bot4,fein_margin,0.1,SUCCESS,16,16,62,
0.3,14,bot4,fein_margin,0.1,SUCCESS,28,28,49,
0.3,15,bot4,fein_margin,0.1,SUCCESS,13,13,30,
0.2,488,bot4,fein_margin,0.1,SUCCESS,61,45,15,38
0.2,489,bot4,fein_margin,0.1,SUCCESS,30,30,55,
0.2,490,bot4,fein_margin,0.1,SUCCESS,19,19,19,
0.2,491,bot4,fein_margin,0.1,SUCCESS,8,8,13,
0.3,20,bot4,fein_margin,0.1,SUCCESS,43,43,16,22
0.3,21,bot4,fein_margin,0.1,SUCCESS,17,17,55,
0.3,22,bot4,fein_margin,0.1,SUCCESS,15,15,33,
0.3,23,bot4,fein_margin,0.1,SUCCESS,33,33,41,
0.2,496,bot4,fein_margin,0.1,SUCCESS,43,43,28,
0.2,497,bot4,fein_margin,0.1,SUCCESS,24,24,39,
0.2,498,bot4,fein_margin,0.1,BURNED,58,54,20,41
0.2,499,bot4,fein_margin,0.1,SUCCESS,53,53,47,
0.3,8,bot4,fein_margin,0.1,SUCCESS,25,25,43,
0.3,9,bot4,fein_margin,0.1,SUCCESS,39,39,20,1
0.3,10,bot4,fein_margin,0.1,SUCCESS,41,41,33,
0.3,11,bot4,fein_margin,0.1,SUCCESS,48,48,31,
0.3,32,bot4,fein_margin,0.1,SUCCESS,13,13,24,
0.3,33,bot4,fein_margin,0.1,BUTTON_BURNED,19,31,7,1
0.3,34,bot4,fein_margin,0.1,BUTTON_BURNED,23,39,9,
0.3,35,bot4,fein_margin,0.1,SUCCESS,38,38,45,
0.3,16,bot4,fein_margin,0.1,SUCCESS,35,35,57,
0.3,17,bot4,fein_margin,0.1,SUCCESS,19,19,22,
0.3,18,bot4,fein_margin,0.1,SUCCESS,64,64,58,
0.3,19,bot4,fein_margin,0.1,SUCCESS,49,49,33,
0.3,24,bot4,fein_margin,0.1,SUCCESS,65,65,27,
0.3,25,bot4,fein_margin,0.1,SUCCESS,36,36,49,
0.3,26,bot4,fein_margin,0.1,SUCCESS,22,22,59,
0.3,27,bot4,fein_margin,0.1,SUCCESS,23,23,41,
0.3,48,bot4,fein_margin,0.1,SUCCESS,17,17,37,
0.3,49,bot4,fein_margin,0.1,SUCCESS,3,3,29,
0.3,50,bot4,fein_margin,0.1,SUCCESS,32,32,48,
0.3,51,bot4,fein_margin,0.1,SUCCESS,31,31,40,
0.3,28,bot4,fein_margin,0.1,SUCCESS,20,20,23,
0.3,29,bot4,fein_margin,0.1,GAVE_UP,14,41,7,1
0.3,30,bot4,fein_margin,0.1,BUTTON_BURNED,34,41,14,
0.3,31,bot4,fein_margin,0.1,SUCCESS,68,68,44,
0.3,52,bot4,fein_margin,0.1,SUCCESS,25,25,27,
0.3,53,bot4,fein_margin,0.1,SUCCESS,36,36,39,
0.3,54,bot4,fein_margin,0.1,SUCCESS,51,51,39,
0.3,55,bot4,fein_margin,0.1,SUCCESS,5,5,31,
0.3,60,bot4,fein_margin,0.1,SUCCESS,38,38,48,
0.3,61,bot4,fein_margin,0.1,SUCCESS,11,11,36,
0.3,62,bot4,fein_margin,0.1,SUCCESS,26,24,14,
0.3,63,bot4,fein_margin,0.1,BUTTON_BURNED,7,28,3,1
0.3,40,bot4,fein_margin,0.1,SUCCESS,54,54,34,
0.3,41,bot4,fein_margin,0.1,SUCCESS,26,26,18,
0.3,42,bot4,fein_margin,0.1,SUCCESS,27,27,73,
0.3,43,bot4,fein_margin,0.1,SUCCESS,49,49,26,
0.3,68,bot4,fein_margin,0.1,SUCCESS,3,3,13,
0.3,69,bot4,fein_margin,0.1,SUCCESS,24,24,24,
0.3,70,bot4,fein_margin,0.1,SUCCESS,24,24,23,
0.3,71,bot4,fein_margin,0.1,GAVE_UP,35,46,13,5
0.3,36,bot4,fein_margin,0.1,SUCCESS,19,19,39,
0.3,37,bot4,fein_margin,0.1,SUCCESS,54,54,26,21
0.3,38,bot4,fein_margin,0.1,SUCCESS,37,37,35,
0.3,39,bot4,fein_margin,0.1,SUCCESS,60,60,46,
0.3,44,bot4,fein_margin,0.1,SUCCESS,49,49,51,
0.3,45,bot4,fein_margin,0.1,SUCCESS,34,34,37,
0.3,46,bot4,fein_margin,0.1,SUCCESS,22,22,33,
0.3,47,bot4,fein_margin,0.1,SUCCESS,48,48,25,10
0.3,56,bot4,fein_margin,0.1,BUTTON_BURNED,17,54,7,1
0.3,57,bot4,fein_margin,0.1,SUCCESS,20,20,26,
0.3,58,bot4,fein_margin,0.1,BUTTON_BURNED,33,47,12,
0.3,59,bot4,fein_margin,0.1,SUCCESS,52,52,44,
0.3,64,bot4,fein_margin,0.1,SUCCESS,56,56,60,
0.3,65,bot4,fein_margin,0.1,SUCCESS,2,2,58,
0.3,66,bot4,fein_margin,0.1,SUCCESS,48,48,28,
0.3,67,bot4,fein_margin,0.1,SUCCESS,27,27,61,
0.3,76,bot4,fein_margin,0.1,SUCCESS,39,39,50,
0.3,77,bot4,fein_margin,0.1,BUTTON_BURNED,12,34,6,
0.3,78,bot4,fein_margin,0.1,SUCCESS,51,51,48,1
0.3,79,bot4,fein_margin,0.1,SUCCESS,18,18,10,
0.3,84,bot4,fein_margin,0.1,BUTTON_BURNED,35,40,14,
0.3,85,bot4,fein_margin,0.1,SUCCESS,29,29,47,
0.3,86,bot4,fein_margin,0.1,SUCCESS,16,16,47,
0.3,87,bot4,fein_margin,0.1,SUCCESS,40,40,38,
0.3,72,bot4,fein_margin,0.1,SUCCESS,30,30,22,
0.3,73,bot4,fein_margin,0.1,SUCCESS,45,45,62,
0.3,74,bot4,fein_margin,0.1,SUCCESS,30,30,43,
0.3,75,bot4,fein_margin,0.1,SUCCESS,31,31,21,
0.3,96,bot4,fein_margin,0.1,GAVE_UP,35,53,20,18
0.3,97,bot4,fein_margin,0.1,SUCCESS,13,13,14,
0.3,98,bot4,fein_margin,0.1,SUCCESS,28,28,27,
0.3,99,bot4,fein_margin,0.1,SUCCESS,26,26,52,
0.3,80,bot4,fein_margin,0.1,SUCCESS,57,57,31,
0.3,81,bot4,fein_margin,0.1,SUCCESS,43,43,56,
0.3,82,bot4,fein_margin,0.1,SUCCESS,43,43,19,
0.3,83,bot4,fein_margin,0.1,SUCCESS,43,43,39,
0.3,92,bot4,fein_margin,0.1,SUCCESS,46,46,37,
0.3,93,bot4,fein_margin,0.1,SUCCESS,38,38,42,
0.3,94,bot4,fein_margin,0.1,SUCCESS,21,21,30,
0.3,95,bot4,fein_margin,0.1,SUCCESS,46,46,38,
0.3,112,bot4,fein_margin,0.1,SUCCESS,7,7,9,
0.3,113,bot4,fein_margin,0.1,SUCCESS,23,23,13,
0.3,114,bot4,fein_margin,0.1,SUCCESS,27,27,31,
0.3,115,bot4,fein_margin,0.1,SUCCESS,48,48,49,
0.3,108,bot4,fein_margin,0.1,SUCCESS,47,47,45,
0.3,109,bot4,fein_margin,0.1,SUCCESS,5,5,18,
0.3,110,bot4,fein_margin,0.1,SUCCESS,28,28,39,
0.3,111,bot4,fein_margin,0.1,BURNED,41,57,31,19
0.3,88,bot4,fein_margin,0.1,BUTTON_BURNED,40,55,13,14
0.3,89,bot4,fein_margin,0.1,SUCCESS,58,50,32,
0.3,90,bot4,fein_margin,0.1,SUCCESS,51,51,40,
0.3,91,bot4,fein_margin,0.1,SUCCESS,23,23,48,
0.3,100,bot4,fein_margin,0.1,SUCCESS,56,36,16,20
0.3,101,bot4,fein_margin,0.1,SUCCESS,46,46,47,
0.3,102,bot4,fein_margin,0.1,SUCCESS,48,48,38,
0.3,103,bot4,fein_margin,0.1,GAVE_UP,20,68,9,1
0.3,116,bot4,fein_margin,0.1,SUCCESS,9,9,34,
0.3,117,bot4,fein_margin,0.1,SUCCESS,31,31,39,
0.3,118,bot4,fein_margin,0.1,SUCCESS,37,37,31,
0.3,119,bot4,fein_margin,0.1,SUCCESS,65,65,59,
0.3,128,bot4,fein_margin,0.1,SUCCESS,39,39,35,
0.3,129,bot4,fein_margin,0.1,BUTTON_BURNED,6,56,4,6
0.3,130,bot4,fein_margin,0.1,SUCCESS,41,41,46,
0.3,131,bot4,fein_margin,0.1,SUCCESS,34,34,22,
0.3,120,bot4,fein_margin,0.1,SUCCESS,48,46,32,
0.3,121,bot4,fein_margin,0.1,SUCCESS,27,27,19,
0.3,122,bot4,fein_margin,0.1,SUCCESS,7,7,56,
0.3,123,bot4,fein_margin,0.1,SUCCESS,31,31,35,
0.3,124,bot4,fein_margin,0.1,SUCCESS,17,17,36,
0.3,125,bot4,fein_margin,0.1,SUCCESS,31,31,28,
0.3,126,bot4,fein_margin,0.1,SUCCESS,39,39,37,
0.3,127,bot4,fein_margin,0.1,BURNED,27,28,11,
0.3,104,bot4,fein_margin,0.1,SUCCESS,24,24,32,
0.3,105,bot4,fein_margin,0.1,SUCCESS,47,47,33,
0.3,106,bot4,fein_margin,0.1,BUTTON_BURNED,34,41,10,4
0.3,107,bot4,fein_margin,0.1,GAVE_UP,68,40,24,42
0.3,132,bot4,fein_margin,0.1,SUCCESS,44,44,35,
0.3,133,bot4,fein_margin,0.1,SUCCESS,53,53,49,
0.3,134,bot4,fein_margin,0.1,SUCCESS,15,15,39,
0.3,135,bot4,fein_margin,0.1,SUCCESS,9,9,29,
0.3,160,bot4,fein_margin,0.1,SUCCESS,19,19,38,
0.3,161,bot4,fein_margin,0.1,BUTTON_BURNED,14,16,10,
0.3,162,bot4,fein_margin,0.1,SUCCESS,3,3,15,
0.3,163,bot4,fein_margin,0.1,SUCCESS,11,11,55,
0.3,148,bot4,fein_margin,0.1,SUCCESS,33,33,29,
0.3,149,bot4,fein_margin,0.1,SUCCESS,1,1,30,
0.3,150,bot4,fein_margin,0.1,SUCCESS,9,9,39,
0.3,151,bot4,fein_margin,0.1,SUCCESS,22,22,32,
0.3,140,bot4,fein_margin,0.1,GAVE_UP,47,35,19,24
0.3,141,bot4,fein_margin,0.1,SUCCESS,20,20,29,
0.3,142,bot4,fein_margin,0.1,SUCCESS,6,6,10,
0.3,143,bot4,fein_margin,0.1,SUCCESS,32,32,37,
0.3,136,bot4,fein_margin,0.1,SUCCESS,47,47,47,
0.3,137,bot4,fein_margin,0.1,SUCCESS,39,33,15,
0.3,138,bot4,fein_margin,0.1,SUCCESS,20,20,57,
0.3,139,bot4,fein_margin,0.1,SUCCESS,41,41,45,
0.3,144,bot4,fein_margin,0.1,BUTTON_BURNED,22,29,5,1
0.3,145,bot4,fein_margin,0.1,SUCCESS,49,49,37,
0.3,146,bot4,fein_margin,0.1,SUCCESS,29,29,51,
0.3,147,bot4,fein_margin,0.1,SUCCESS,11,11,33,
0.3,164,bot4,fein_margin,0.1,SUCCESS,30,30,35,
0.3,165,bot4,fein_margin,0.1,SUCCESS,23,23,42,
0.3,166,bot4,fein_margin,0.1,SUCCESS,6,6,18,
0.3,167,bot4,fein_margin,0.1,SUCCESS,30,30,32,
0.3,156,bot4,fein_margin,0.1,BUTTON_BURNED,14,28,7,1
0.3,157,bot4,fein_margin,0.1,SUCCESS,12,12,40,
0.3,158,bot4,fein_margin,0.1,SUCCESS,33,33,31,
0.3,159,bot4,fein_margin,0.1,GAVE_UP,58,40,25,15
0.3,168,bot4,fein_margin,0.1,SUCCESS,9,9,19,
0.3,169,bot4,fein_margin,0.1,SUCCESS,30,30,20,
0.3,170,bot4,fein_margin,0.1,SUCCESS,11,11,33,
0.3,171,bot4,fein_margin,0.1,SUCCESS,42,42,40,
0.3,152,bot4,fein_margin,0.1,SUCCESS,83,63,36,
0.3,153,bot4,fein_margin,0.1,GAVE_UP,18,30,5,
0.3,154,bot4,fein_margin,0.1,GAVE_UP,16,56,8,1
0.3,155,bot4,fein_margin,0.1,SUCCESS,15,15,20,
0.3,176,bot4,fein_margin,0.1,GAVE_UP,39,46,12,1
0.3,177,bot4,fein_margin,0.1,SUCCESS,29,29,28,
0.3,178,bot4,fein_margin,0.1,SUCCESS,1,1,30,
0.3,179,bot4,fein_margin,0.1,SUCCESS,19,19,42,
0.3,184,bot4,fein_margin,0.1,SUCCESS,51,47,27,10
0.3,185,bot4,fein_margin,0.1,SUCCESS,12,10,9,
0.3,186,bot4,fein_margin,0.1,GAVE_UP,17,46,3,1
0.3,187,bot4,fein_margin,0.1,SUCCESS,32,32,48,
0.3,188,bot4,fein_margin,0.1,SUCCESS,23,23,45,
0.3,189,bot4,fein_margin,0.1,SUCCESS,25,25,54,
0.3,190,bot4,fein_margin,0.1,SUCCESS,48,48,55,
0.3,191,bot4,fein_margin,0.1,SUCCESS,40,40,31,
0.3,172,bot4,fein_margin,0.1,SUCCESS,45,43,30,
0.3,173,bot4,fein_margin,0.1,SUCCESS,51,43,27,
0.3,174,bot4,fein_margin,0.1,SUCCESS,12,12,23,
0.3,175,bot4,fein_margin,0.1,SUCCESS,18,18,19,
0.3,180,bot4,fein_margin,0.1,SUCCESS,49,49,45,
0.3,181,bot4,fein_margin,0.1,SUCCESS,24,24,27,
0.3,182,bot4,fein_margin,0.1,SUCCESS,40,40,45,
0.3,183,bot4,fein_margin,0.1,SUCCESS,56,56,48,
0.3,200,bot4,fein_margin,0.1,SUCCESS,31,31,44,
0.3,201,bot4,fein_margin,0.1,SUCCESS,24,24,23,
0.3,202,bot4,fein_margin,0.1,SUCCESS,10,10,28,
0.3,203,bot4,fein_margin,0.1,SUCCESS,28,28,38,
0.3,208,bot4,fein_margin,0.1,SUCCESS,43,43,34,
0.3,209,bot4,fein_margin,0.1,SUCCESS,35,35,61,
0.3,210,bot4,fein_margin,0.1,SUCCESS,31,31,36,
0.3,211,bot4,fein_margin,0.1,SUCCESS,6,6,30,
0.3,212,bot4,fein_margin,0.1,SUCCESS,39,39,50,
0.3,213,bot4,fein_margin,0.1,SUCCESS,35,35,55,
0.3,214,bot4,fein_margin,0.1,SUCCESS,12,12,42,
0.3,215,bot4,fein_margin,0.1,SUCCESS,38,38,21,
0.3,204,bot4,fein_margin,0.1,SUCCESS,22,22,18,
0.3,205,bot4,fein_margin,0.1,SUCCESS,55,55,33,
0.3,206,bot4,fein_margin,0.1,SUCCESS,29,29,54,
0.3,207,bot4,fein_margin,0.1,SUCCESS,14,14,27,
0.3,192,bot4,fein_margin,0.1,SUCCESS,18,18,45,
0.3,193,bot4,fein_margin,0.1,BUTTON_BURNED,51,35,17,
0.3,194,bot4,fein_margin,0.1,SUCCESS,55,55,64,
0.3,195,bot4,fein_margin,0.1,SUCCESS,40,40,23,
0.3,216,bot4,fein_margin,0.1,SUCCESS,45,45,24,
0.3,217,bot4,fein_margin,0.1,SUCCESS,21,21,26,
0.3,218,bot4,fein_margin,0.1,SUCCESS,17,17,54,
0.3,219,bot4,fein_margin,0.1,BURNED,37,56,28,7
0.3,196,bot4,fein_margin,0.1,SUCCESS,15,15,30,
0.3,197,bot4,fein_margin,0.1,SUCCESS,57,51,38,
0.3,198,bot4,fein_margin,0.1,SUCCESS,65,65,25,
0.3,199,bot4,fein_margin,0.1,SUCCESS,52,52,24,
0.3,220,bot4,fein_margin,0.1,SUCCESS,26,26,48,
0.3,221,bot4,fein_margin,0.1,SUCCESS,43,43,40,
0.3,222,bot4,fein_margin,0.1,SUCCESS,17,17,40,
0.3,223,bot4,fein_margin,0.1,SUCCESS,46,46,42,
0.3,224,bot4,fein_margin,0.1,SUCCESS,48,48,54,
0.3,225,bot4,fein_margin,0.1,SUCCESS,24,24,30,
0.3,226,bot4,fein_margin,0.1,SUCCESS,54,54,35,
0.3,227,bot4,fein_margin,0.1,SUCCESS,44,44,42,
0.3,228,bot4,fein_margin,0.1,SUCCESS,37,37,28,
0.3,229,bot4,fein_margin,0.1,SUCCESS,20,20,22,
0.3,230,bot4,fein_margin,0.1,SUCCESS,35,35,43,
0.3,231,bot4,fein_margin,0.1,SUCCESS,26,26,30,
0.3,248,bot4,fein_margin,0.1,SUCCESS,40,40,45,
0.3,249,bot4,fein_margin,0.1,SUCCESS,23,23,34,
0.3,250,bot4,fein_margin,0.1,SUCCESS,30,30,20,
0.3,251,bot4,fein_margin,0.1,SUCCESS,9,9,43,
0.3,240,bot4,fein_margin,0.1,SUCCESS,10,10,39,
0.3,241,bot4,fein_margin,0.1,SUCCESS,28,28,17,
0.3,242,bot4,fein_margin,0.1,SUCCESS,30,30,23,
0.3,243,bot4,fein_margin,0.1,BUTTON_BURNED,48,65,19,20
0.3,236,bot4,fein_margin,0.1,SUCCESS,28,28,58,
0.3,237,bot4,fein_margin,0.1,SUCCESS,53,51,48,
0.3,238,bot4,fein_margin,0.1,SUCCESS,24,24,37,
0.3,239,bot4,fein_margin,0.1,SUCCESS,43,43,52,
0.3,244,bot4,fein_margin,0.1,SUCCESS,61,61,35,
0.3,245,bot4,fein_margin,0.1,SUCCESS,19,19,70,
0.3,246,bot4,fein_margin,0.1,GAVE_UP,23,24,11,1
0.3,247,bot4,fein_margin,0.1,SUCCESS,32,32,26,
0.3,256,bot4,fein_margin,0.1,GAVE_UP,8,28,13,
0.3,257,bot4,fein_margin,0.1,SUCCESS,10,10,27,
0.3,258,bot4,fein_margin,0.1,SUCCESS,43,43,45,
0.3,259,bot4,fein_margin,0.1,SUCCESS,5,5,15,
0.3,232,bot4,fein_margin,0.1,SUCCESS,42,42,48,
0.3,233,bot4,fein_margin,0.1,SUCCESS,45,45,41,
0.3,234,bot4,fein_margin,0.1,SUCCESS,57,39,35,
0.3,235,bot4,fein_margin,0.1,SUCCESS,29,29,52,
0.3,260,bot4,fein_margin,0.1,SUCCESS,35,35,59,
0.3,261,bot4,fein_margin,0.1,SUCCESS,34,34,40,
0.3,262,bot4,fein_margin,0.1,SUCCESS,36,36,58,
0.3,263,bot4,fein_margin,0.1,SUCCESS,7,7,51,
0.3,252,bot4,fein_margin,0.1,SUCCESS,34,34,46,
0.3,253,bot4,fein_margin,0.1,SUCCESS,55,55,18,
0.3,254,bot4,fein_margin,0.1,SUCCESS,46,32,19,
0.3,255,bot4,fein_margin,0.1,SUCCESS,16,16,23,
0.3,268,bot4,fein_margin,0.1,SUCCESS,18,18,25,
0.3,269,bot4,fein_margin,0.1,SUCCESS,16,16,52,
0.3,270,bot4,fein_margin,0.1,SUCCESS,58,58,55,
0.3,271,bot4,fein_margin,0.1,SUCCESS,32,32,41,
0.3,272,bot4,fein_margin,0.1,SUCCESS,41,41,32,
0.3,273,bot4,fein_margin,0.1,SUCCESS,19,19,45,
0.3,274,bot4,fein_margin,0.1,SUCCESS,41,41,40,
0.3,275,bot4,fein_margin,0.1,SUCCESS,10,10,12,
0.3,276,bot4,fein_margin,0.1,SUCCESS,42,42,47,
0.3,277,bot4,fein_margin,0.1,SUCCESS,18,18,15,
0.3,278,bot4,fein_margin,0.1,SUCCESS,38,38,27,
0.3,279,bot4,fein_margin,0.1,SUCCESS,20,20,32,
0.3,264,bot4,fein_margin,0.1,SUCCESS,51,49,33,19
0.3,265,bot4,fein_margin,0.1,SUCCESS,44,42,27,
0.3,266,bot4,fein_margin,0.1,SUCCESS,34,34,15,
0.3,267,bot4,fein_margin,0.1,SUCCESS,42,42,38,
0.3,288,bot4,fein_margin,0.1,SUCCESS,5,5,12,
0.3,289,bot4,fein_margin,0.1,SUCCESS,19,19,51,
0.3,290,bot4,fein_margin,0.1,SUCCESS,63,63,67,
0.3,291,bot4,fein_margin,0.1,SUCCESS,28,28,45,
0.3,284,bot4,fein_margin,0.1,SUCCESS,4,4,41,
0.3,285,bot4,fein_margin,0.1,SUCCESS,39,39,33,
0.3,286,bot4,fein_margin,0.1,SUCCESS,33,33,40,
0.3,287,bot4,fein_margin,0.1,SUCCESS,19,19,18,
0.3,292,bot4,fein_margin,0.1,SUCCESS,18,18,15,
0.3,293,bot4,fein_margin,0.1,SUCCESS,25,25,53,
0.3,294,bot4,fein_margin,0.1,SUCCESS,46,46,34,
0.3,295,bot4,fein_margin,0.1,SUCCESS,32,32,30,
0.3,300,bot4,fein_margin,0.1,SUCCESS,38,38,51,
0.3,301,bot4,fein_margin,0.1,SUCCESS,36,36,29,
0.3,302,bot4,fein_margin,0.1,SUCCESS,7,7,48,
0.3,303,bot4,fein_margin,0.1,SUCCESS,17,17,48,
0.3,280,bot4,fein_margin,0.1,SUCCESS,36,36,30,
0.3,281,bot4,fein_margin,0.1,SUCCESS,32,32,35,
0.3,282,bot4,fein_margin,0.1,SUCCESS,51,51,25,30
0.3,283,bot4,fein_margin,0.1,SUCCESS,29,29,18,
0.3,312,bot4,fein_margin,0.1,SUCCESS,13,13,14,
0.3,313,bot4,fein_margin,0.1,SUCCESS,30,30,53,
0.3,314,bot4,fein_margin,0.1,SUCCESS,18,18,40,
0.3,315,bot4,fein_margin,0.1,BUTTON_BURNED,16,23,7,
0.3,316,bot4,fein_margin,0.1,SUCCESS,9,9,37,
0.3,317,bot4,fein_margin,0.1,SUCCESS,6,6,42,
0.3,318,bot4,fein_margin,0.1,SUCCESS,17,17,39,
0.3,319,bot4,fein_margin,0.1,BUTTON_BURNED,28,36,12,3
0.3,296,bot4,fein_margin,0.1,SUCCESS,62,56,45,
0.3,297,bot4,fein_margin,0.1,SUCCESS,49,49,32,
0.3,298,bot4,fein_margin,0.1,SUCCESS,16,16,49,
0.3,299,bot4,fein_margin,0.1,SUCCESS,22,22,17,
0.3,324,bot4,fein_margin,0.1,SUCCESS,37,37,30,1
0.3,325,bot4,fein_margin,0.1,SUCCESS,23,23,40,
0.3,326,bot4,fein_margin,0.1,SUCCESS,9,9,50,
0.3,327,bot4,fein_margin,0.1,SUCCESS,38,38,28,
0.3,320,bot4,fein_margin,0.1,SUCCESS,34,34,44,
0.3,321,bot4,fein_margin,0.1,BUTTON_BURNED,1,41,1,1
0.3,322,bot4,fein_margin,0.1,GAVE_UP,28,46,12,5
0.3,323,bot4,fein_margin,0.1,SUCCESS,44,42,33,
0.3,304,bot4,fein_margin,0.1,SUCCESS,51,49,21,
0.3,305,bot4,fein_margin,0.1,SUCCESS,20,20,16,
0.3,306,bot4,fein_margin,0.1,SUCCESS,47,47,38,
0.3,307,bot4,fein_margin,0.1,GAVE_UP,21,54,12,1
0.3,328,bot4,fein_margin,0.1,SUCCESS,38,38,37,
0.3,329,bot4,fein_margin,0.1,SUCCESS,34,34,45,
0.3,330,bot4,fein_margin,0.1,SUCCESS,42,42,17,
0.3,331,bot4,fein_margin,0.1,SUCCESS,50,50,31,
0.3,308,bot4,fein_margin,0.1,BUTTON_BURNED,45,54,11,6
0.3,309,bot4,fein_margin,0.1,SUCCESS,50,50,39,
0.3,310,bot4,fein_margin,0.1,SUCCESS,22,22,8,
0.3,311,bot4,fein_margin,0.1,SUCCESS,51,51,49,
0.3,336,bot4,fein_margin,0.1,SUCCESS,33,33,10,
0.3,337,bot4,fein_margin,0.1,SUCCESS,56,56,30,
0.3,338,bot4,fein_margin,0.1,SUCCESS,24,24,51,
0.3,339,bot4,fein_margin,0.1,SUCCESS,13,13,29,
0.3,344,bot4,fein_margin,0.1,SUCCESS,40,40,50,
0.3,345,bot4,fein_margin,0.1,SUCCESS,25,25,23,
0.3,346,bot4,fein_margin,0.1,SUCCESS,21,21,43,
0.3,347,bot4,fein_margin,0.1,SUCCESS,34,34,15,
0.3,332,bot4,fein_margin,0.1,SUCCESS,49,49,52,
0.3,333,bot4,fein_margin,0.1,SUCCESS,6,6,53,
0.3,334,bot4,fein_margin,0.1,SUCCESS,62,56,36,
0.3,335,bot4,fein_margin,0.1,SUCCESS,43,43,23,
0.3,352,bot4,fein_margin,0.1,SUCCESS,52,52,56,
0.3,353,bot4,fein_margin,0.1,SUCCESS,31,31,42,
0.3,354,bot4,fein_margin,0.1,SUCCESS,11,11,31,
0.3,355,bot4,fein_margin,0.1,SUCCESS,30,30,39,
0.3,348,bot4,fein_margin,0.1,SUCCESS,11,11,25,
0.3,349,bot4,fein_margin,0.1,BUTTON_BURNED,14,24,4,
0.3,350,bot4,fein_margin,0.1,SUCCESS,52,52,51,
0.3,351,bot4,fein_margin,0.1,BUTTON_BURNED,36,47,17,
0.3,360,bot4,fein_margin,0.1,SUCCESS,29,29,29,
0.3,361,bot4,fein_margin,0.1,SUCCESS,37,37,55,
0.3,362,bot4,fein_margin,0.1,SUCCESS,21,21,41,
0.3,363,bot4,fein_margin,0.1,SUCCESS,23,23,11,4
0.3,340,bot4,fein_margin,0.1,SUCCESS,50,38,20,27
0.3,341,bot4,fein_margin,0.1,GAVE_UP,21,47,8,1
0.3,342,bot4,fein_margin,0.1,SUCCESS,53,53,22,
0.3,343,bot4,fein_margin,0.1,SUCCESS,31,31,24,
0.3,356,bot4,fein_margin,0.1,SUCCESS,20,20,39,
0.3,357,bot4,fein_margin,0.1,SUCCESS,27,27,28,
0.3,358,bot4,fein_margin,0.1,SUCCESS,46,44,24,17
0.3,359,bot4,fein_margin,0.1,BUTTON_BURNED,34,46,9,16
0.3,376,bot4,fein_margin,0.1,BUTTON_BURNED,7,30,5,
0.3,377,bot4,fein_margin,0.1,SUCCESS,8,8,19,
0.3,378,bot4,fein_margin,0.1,GAVE_UP,16,39,18,2
0.3,379,bot4,fein_margin,0.1,SUCCESS,52,52,42,3
0.3,388,bot4,fein_margin,0.1,SUCCESS,25,25,46,
0.3,389,bot4,fein_margin,0.1,SUCCESS,12,12,25,
0.3,390,bot4,fein_margin,0.1,SUCCESS,10,10,36,
0.3,391,bot4,fein_margin,0.1,SUCCESS,25,25,41,
0.3,380,bot4,fein_margin,0.1,SUCCESS,45,45,20,
0.3,381,bot4,fein_margin,0.1,SUCCESS,13,13,24,
0.3,382,bot4,fein_margin,0.1,SUCCESS,31,31,33,
0.3,383,bot4,fein_margin,0.1,SUCCESS,9,9,40,
0.3,368,bot4,fein_margin,0.1,SUCCESS,48,48,32,
0.3,369,bot4,fein_margin,0.1,SUCCESS,32,32,31,
0.3,370,bot4,fein_margin,0.1,SUCCESS,23,23,23,
0.3,371,bot4,fein_margin,0.1,SUCCESS,37,37,43,
0.3,364,bot4,fein_margin,0.1,SUCCESS,2,2,9,
0.3,365,bot4,fein_margin,0.1,SUCCESS,67,57,32,
0.3,366,bot4,fein_margin,0.1,SUCCESS,49,49,27,
0.3,367,bot4,fein_margin,0.1,SUCCESS,13,13,52,
0.3,372,bot4,fein_margin,0.1,SUCCESS,35,35,35,
0.3,373,bot4,fein_margin,0.1,SUCCESS,53,53,41,
0.3,374,bot4,fein_margin,0.1,SUCCESS,24,24,44,
0.3,375,bot4,fein_margin,0.1,SUCCESS,8,8,46,
0.3,392,bot4,fein_margin,0.1,SUCCESS,23,23,16,
0.3,393,bot4,fein_margin,0.1,SUCCESS,49,49,34,
0.3,394,bot4,fein_margin,0.1,SUCCESS,33,33,46,
0.3,395,bot4,fein_margin,0.1,SUCCESS,26,26,66,
0.3,396,bot4,fein_margin,0.1,SUCCESS,10,10,44,
0.3,397,bot4,fein_margin,0.1,SUCCESS,9,9,27,
0.3,398,bot4,fein_margin,0.1,SUCCESS,55,55,40,
0.3,399,bot4,fein_margin,0.1,SUCCESS,9,9,49,
0.3,412,bot4,fein_margin,0.1,SUCCESS,21,21,43,
0.3,413,bot4,fein_margin,0.1,SUCCESS,13,13,31,
0.3,414,bot4,fein_margin,0.1,SUCCESS,34,34,21,8
0.3,415,bot4,fein_margin,0.1,SUCCESS,13,13,40,
0.3,416,bot4,fein_margin,0.1,SUCCESS,18,18,40,
0.3,417,bot4,fein_margin,0.1,SUCCESS,5,5,18,
0.3,418,bot4,fein_margin,0.1,SUCCESS,13,13,42,
0.3,419,bot4,fein_margin,0.1,SUCCESS,10,10,43,
0.3,400,bot4,fein_margin,0.1,SUCCESS,39,39,37,
0.3,401,bot4,fein_margin,0.1,SUCCESS,37,37,48,
0.3,402,bot4,fein_margin,0.1,SUCCESS,25,25,16,
0.3,403,bot4,fein_margin,0.1,BUTTON_BURNED,19,37,7,1
0.3,384,bot4,fein_margin,0.1,SUCCESS,6,6,28,
0.3,385,bot4,fein_margin,0.1,SUCCESS,48,48,48,
0.3,386,bot4,fein_margin,0.1,SUCCESS,47,47,34,
0.3,387,bot4,fein_margin,0.1,GAVE_UP,50,60,25,
0.3,404,bot4,fein_margin,0.1,SUCCESS,41,41,43,
0.3,405,bot4,fein_margin,0.1,SUCCESS,35,35,32,
0.3,406,bot4,fein_margin,0.1,SUCCESS,45,45,51,
0.3,407,bot4,fein_margin,0.1,SUCCESS,30,30,46,
0.3,428,bot4,fein_margin,0.1,SUCCESS,5,5,65,
0.3,429,bot4,fein_margin,0.1,SUCCESS,20,20,21,
0.3,430,bot4,fein_margin,0.1,BURNED,20,22,12,
0.3,431,bot4,fein_margin,0.1,SUCCESS,5,5,40,
0.3,420,bot4,fein_margin,0.1,SUCCESS,28,28,30,
0.3,421,bot4,fein_margin,0.1,BURNED,39,47,10,13
0.3,422,bot4,fein_margin,0.1,SUCCESS,7,7,24,
0.3,423,bot4,fein_margin,0.1,SUCCESS,42,42,42,
0.3,440,bot4,fein_margin,0.1,SUCCESS,12,12,36,
0.3,441,bot4,fein_margin,0.1,SUCCESS,23,23,24,
0.3,442,bot4,fein_margin,0.1,BURNED,32,40,17,5
0.3,443,bot4,fein_margin,0.1,SUCCESS,28,28,16,
0.3,408,bot4,fein_margin,0.1,SUCCESS,58,58,52,
0.3,409,bot4,fein_margin,0.1,SUCCESS,26,26,19,
0.3,410,bot4,fein_margin,0.1,SUCCESS,46,46,54,
0.3,411,bot4,fein_margin,0.1,GAVE_UP,27,28,13,3
0.3,436,bot4,fein_margin,0.1,SUCCESS,23,23,31,
0.3,437,bot4,fein_margin,0.1,SUCCESS,20,20,62,
0.3,438,bot4,fein_margin,0.1,SUCCESS,30,30,25,
0.3,439,bot4,fein_margin,0.1,SUCCESS,61,61,49,
0.3,444,bot4,fein_margin,0.1,SUCCESS,24,24,48,
0.3,445,bot4,fein_margin,0.1,SUCCESS,14,14,21,
0.3,446,bot4,fein_margin,0.1,SUCCESS,35,35,63,
0.3,447,bot4,fein_margin,0.1,GAVE_UP,40,45,16,17
0.3,448,bot4,fein_margin,0.1,SUCCESS,53,53,61,
0.3,449,bot4,fein_margin,0.1,SUCCESS,38,38,48,
0.3,450,bot4,fein_margin,0.1,SUCCESS,18,18,14,
0.3,451,bot4,fein_margin,0.1,SUCCESS,30,30,56,
0.3,464,bot4,fein_margin,0.1,SUCCESS,49,49,42,
0.3,465,bot4,fein_margin,0.1,SUCCESS,15,15,51,
0.3,466,bot4,fein_margin,0.1,SUCCESS,31,31,12,
0.3,467,bot4,fein_margin,0.1,SUCCESS,17,17,13,
0.3,424,bot4,fein_margin,0.1,SUCCESS,60,60,39,
0.3,425,bot4,fein_margin,0.1,SUCCESS,37,37,33,
0.3,426,bot4,fein_margin,0.1,SUCCESS,42,42,16,5
0.3,427,bot4,fein_margin,0.1,SUCCESS,55,55,40,
0.3,432,bot4,fein_margin,0.1,SUCCESS,55,49,21,
0.3,433,bot4,fein_margin,0.1,SUCCESS,19,19,16,
0.3,434,bot4,fein_margin,0.1,SUCCESS,31,31,25,
0.3,435,bot4,fein_margin,0.1,BUTTON_BURNED,58,52,16,34
0.3,456,bot4,fein_margin,0.1,SUCCESS,17,17,13,
0.3,457,bot4,fein_margin,0.1,SUCCESS,37,37,18,9
0.3,458,bot4,fein_margin,0.1,SUCCESS,36,36,40,
0.3,459,bot4,fein_margin,0.1,SUCCESS,34,34,22,
0.3,452,bot4,fein_margin,0.1,SUCCESS,39,39,17,
0.3,453,bot4,fein_margin,0.1,SUCCESS,26,26,17,
0.3,454,bot4,fein_margin,0.1,SUCCESS,36,36,40,
0.3,455,bot4,fein_margin,0.1,SUCCESS,54,54,41,
0.3,468,bot4,fein_margin,0.1,SUCCESS,37,37,12,
0.3,469,bot4,fein_margin,0.1,SUCCESS,37,37,20,
0.3,470,bot4,fein_margin,0.1,SUCCESS,20,20,25,
0.3,471,bot4,fein_margin,0.1,SUCCESS,46,46,30,
0.3,460,bot4,fein_margin,0.1,SUCCESS,24,24,34,
0.3,461,bot4,fein_margin,0.1,SUCCESS,40,40,19,
0.3,462,bot4,fein_margin,0.1,BUTTON_BURNED,55,46,17,18
0.3,463,bot4,fein_margin,0.1,GAVE_UP,7,15,5,1
0.3,472,bot4,fein_margin,0.1,SUCCESS,24,24,18,
0.3,473,bot4,fein_margin,0.1,SUCCESS,23,23,24,
0.3,474,bot4,fein_margin,0.1,SUCCESS,35,35,28,
0.3,475,bot4,fein_margin,0.1,SUCCESS,49,49,48,
0.3,476,bot4,fein_margin,0.1,SUCCESS,28,28,34,
0.3,477,bot4,fein_margin,0.1,SUCCESS,21,21,32,
0.3,478,bot4,fein_margin,0.1,SUCCESS,29,29,27,
0.3,479,bot4,fein_margin,0.1,SUCCESS,46,46,60,
0.3,488,bot4,fein_margin,0.1,GAVE_UP,29,45,15,5
0.3,489,bot4,fein_margin,0.1,SUCCESS,30,30,55,
0.3,490,bot4,fein_margin,0.1,SUCCESS,19,19,19,
0.3,491,bot4,fein_margin,0.1,SUCCESS,8,8,13,
0.3,484,bot4,fein_margin,0.1,SUCCESS,41,41,53,
0.3,485,bot4,fein_margin,0.1,SUCCESS,19,19,32,
0.3,486,bot4,fein_margin,0.1,SUCCESS,19,19,13,
0.3,487,bot4,fein_margin,0.1,SUCCESS,31,31,29,
0.3,480,bot4,fein_margin,0.1,SUCCESS,43,43,29,
0.3,481,bot4,fein_margin,0.1,SUCCESS,39,39,40,
0.3,482,bot4,fein_margin,0.1,SUCCESS,16,16,53,
0.3,483,bot4,fein_margin,0.1,SUCCESS,25,25,48,
0.4,4,bot4,fein_margin,0.1,GAVE_UP,16,41,26,1
0.4,5,bot4,fein_margin,0.1,SUCCESS,24,24,19,
0.4,6,bot4,fein_margin,0.1,SUCCESS,5,5,19,
0.4,7,bot4,fein_margin,0.1,SUCCESS,29,27,20,
0.4,0,bot4,fein_margin,0.1,SUCCESS,17,17,39,
0.4,1,bot4,fein_margin,0.1,SUCCESS,14,14,68,
0.4,2,bot4,fein_margin,0.1,SUCCESS,35,35,29,
0.4,3,bot4,fein_margin,0.1,SUCCESS,24,24,22,
0.4,12,bot4,fein_margin,0.1,SUCCESS,30,30,24,
0.4,13,bot4,fein_margin,0.1,SUCCESS,16,16,62,
0.4,14,bot4,fein_margin,0.1,SUCCESS,28,28,49,
0.4,15,bot4,fein_margin,0.1,SUCCESS,13,13,30,
0.3,492,bot4,fein_margin,0.1,SUCCESS,47,47,58,
0.3,493,bot4,fein_margin,0.1,SUCCESS,44,44,48,
0.3,494,bot4,fein_margin,0.1,SUCCESS,15,15,31,
0.3,495,bot4,fein_margin,0.1,SUCCESS,15,15,23,
0.4,20,bot4,fein_margin,0.1,BUTTON_BURNED,35,43,16,11
0.4,21,bot4,fein_margin,0.1,SUCCESS,17,17,55,
0.4,22,bot4,fein_margin,0.1,SUCCESS,15,15,33,
0.4,23,bot4,fein_margin,0.1,SUCCESS,33,33,41,
0.4,32,bot4,fein_margin,0.1,SUCCESS,13,13,24,
0.4,33,bot4,fein_margin,0.1,BUTTON_BURNED,17,31,7,1
0.4,34,bot4,fein_margin,0.1,GAVE_UP,22,39,9,7
0.4,35,bot4,fein_margin,0.1,SUCCESS,38,38,45,
0.4,8,bot4,fein_margin,0.1,SUCCESS,25,25,43,
0.4,9,bot4,fein_margin,0.1,GAVE_UP,18,39,20,1
0.4,10,bot4,fein_margin,0.1,SUCCESS,41,41,33,
0.4,11,bot4,fein_margin,0.1,SUCCESS,52,48,31,
0.3,496,bot4,fein_margin,0.1,SUCCESS,43,43,28,
0.3,497,bot4,fein_margin,0.1,SUCCESS,24,24,39,
0.3,498,bot4,fein_margin,0.1,GAVE_UP,47,54,20,23
0.3,499,bot4,fein_margin,0.1,SUCCESS,53,53,47,
0.4,16,bot4,fein_margin,0.1,SUCCESS,35,35,57,
0.4,17,bot4,fein_margin,0.1,SUCCESS,19,19,22,
0.4,18,bot4,fein_margin,0.1,SUCCESS,64,64,58,
0.4,19,bot4,fein_margin,0.1,SUCCESS,49,49,33,
0.4,24,bot4,fein_margin,0.1,BUTTON_BURNED,65,65,27,34
0.4,25,bot4,fein_margin,0.1,SUCCESS,36,36,49,
0.4,26,bot4,fein_margin,0.1,SUCCESS,22,22,59,
0.4,27,bot4,fein_margin,0.1,SUCCESS,23,23,41,
0.4,48,bot4,fein_margin,0.1,SUCCESS,17,17,37,
0.4,49,bot4,fein_margin,0.1,SUCCESS,3,3,29,
0.4,50,bot4,fein_margin,0.1,SUCCESS,32,32,48,
0.4,51,bot4,fein_margin,0.1,SUCCESS,31,31,40,
0.4,28,bot4,fein_margin,0.1,SUCCESS,20,20,23,
0.4,29,bot4,fein_margin,0.1,GAVE_UP,7,41,7,1
0.4,30,bot4,fein_margin,0.1,BUTTON_BURNED,32,41,14,
0.4,31,bot4,fein_margin,0.1,SUCCESS,68,68,44,
0.4,36,bot4,fein_margin,0.1,SUCCESS,19,19,39,
0.4,37,bot4,fein_margin,0.1,SUCCESS,54,54,26,22
0.4,38,bot4,fein_margin,0.1,SUCCESS,37,37,35,
0.4,39,bot4,fein_margin,0.1,SUCCESS,60,60,46,
0.4,68,bot4,fein_margin,0.1,SUCCESS,3,3,13,
0.4,69,bot4,fein_margin,0.1,SUCCESS,24,24,24,
0.4,70,bot4,fein_margin,0.1,SUCCESS,24,24,23,
0.4,71,bot4,fein_margin,0.1,GAVE_UP,23,46,13,1
0.4,52,bot4,fein_margin,0.1,SUCCESS,25,25,27,
0.4,53,bot4,fein_margin,0.1,SUCCESS,36,36,39,
0.4,54,bot4,fein_margin,0.1,SUCCESS,51,51,39,
0.4,55,bot4,fein_margin,0.1,SUCCESS,5,5,31,
0.4,60,bot4,fein_margin,0.1,SUCCESS,38,38,48,
0.4,61,bot4,fein_margin,0.1,SUCCESS,11,11,36,
0.4,62,bot4,fein_margin,0.1,SUCCESS,26,24,14,
0.4,63,bot4,fein_margin,0.1,BUTTON_BURNED,7,28,3,1
0.4,40,bot4,fein_margin,0.1,SUCCESS,54,54,34,
0.4,41,bot4,fein_margin,0.1,SUCCESS,26,26,18,
0.4,42,bot4,fein_margin,0.1,SUCCESS,27,27,73,
0.4,43,bot4,fein_margin,0.1,SUCCESS,49,49,26,
0.4,44,bot4,fein_margin,0.1,SUCCESS,49,49,51,
0.4,45,bot4,fein_margin,0.1,SUCCESS,34,34,37,
0.4,46,bot4,fein_margin,0.1,SUCCESS,22,22,33,
0.4,47,bot4,fein_margin,0.1,SUCCESS,48,48,25,2
0.4,56,bot4,fein_margin,0.1,BUTTON_BURNED,16,54,7,1
0.4,57,bot4,fein_margin,0.1,SUCCESS,20,20,26,
0.4,58,bot4,fein_margin,0.1,GAVE_UP,23,47,12,
0.4,59,bot4,fein_margin,0.1,SUCCESS,56,52,44,
0.4,84,bot4,fein_margin,0.1,BUTTON_BURNED,28,40,14,
0.4,85,bot4,fein_margin,0.1,SUCCESS,29,29,47,
0.4,86,bot4,fein_margin,0.1,SUCCESS,16,16,47,
0.4,87,bot4,fein_margin,0.1,SUCCESS,40,40,38,
0.4,64,bot4,fein_margin,0.1,SUCCESS,56,56,60,
0.4,65,bot4,fein_margin,0.1,SUCCESS,2,2,58,
0.4,66,bot4,fein_margin,0.1,SUCCESS,48,48,28,25
0.4,67,bot4,fein_margin,0.1,SUCCESS,27,27,61,
0.4,72,bot4,fein_margin,0.1,SUCCESS,30,30,22,
0.4,73,bot4,fein_margin,0.1,SUCCESS,45,45,62,
0.4,74,bot4,fein_margin,0.1,SUCCESS,30,30,43,
0.4,75,bot4,fein_margin,0.1,SUCCESS,31,31,21,
0.4,96,bot4,fein_margin,0.1,GAVE_UP,30,53,20,2
0.4,97,bot4,fein_margin,0.1,SUCCESS,13,13,14,
0.4,98,bot4,fein_margin,0.1,SUCCESS,28,28,27,
0.4,99,bot4,fein_margin,0.1,SUCCESS,26,26,52,
0.4,76,bot4,fein_margin,0.1,SUCCESS,39,39,50,
0.4,77,bot4,fein_margin,0.1,BUTTON_BURNED,8,34,6,4
0.4,78,bot4,fein_margin,0.1,SUCCESS,53,51,48,
0.4,79,bot4,fein_margin,0.1,SUCCESS,18,18,10,
0.4,88,bot4,fein_margin,0.1,GAVE_UP,26,55,13,7
0.4,89,bot4,fein_margin,0.1,SUCCESS,58,50,32,
0.4,90,bot4,fein_margin,0.1,BURNED,23,51,40,2
0.4,91,bot4,fein_margin,0.1,SUCCESS,23,23,48,
0.4,92,bot4,fein_margin,0.1,SUCCESS,50,46,37,
0.4,93,bot4,fein_margin,0.1,SUCCESS,38,38,42,
0.4,94,bot4,fein_margin,0.1,SUCCESS,21,21,30,
0.4,95,bot4,fein_margin,0.1,SUCCESS,46,46,38,
0.4,80,bot4,fein_margin,0.1,SUCCESS,65,57,31,
0.4,81,bot4,fein_margin,0.1,SUCCESS,43,43,56,
0.4,82,bot4,fein_margin,0.1,SUCCESS,43,43,19,
0.4,83,bot4,fein_margin,0.1,SUCCESS,45,43,39,
0.4,112,bot4,fein_margin,0.1,SUCCESS,7,7,9,
0.4,113,bot4,fein_margin,0.1,SUCCESS,23,23,13,
0.4,114,bot4,fein_margin,0.1,SUCCESS,27,27,31,
0.4,115,bot4,fein_margin,0.1,SUCCESS,48,48,49,
0.4,100,bot4,fein_margin,0.1,BUTTON_BURNED,47,36,16,22
0.4,101,bot4,fein_margin,0.1,SUCCESS,46,46,47,
0.4,102,bot4,fein_margin,0.1,SUCCESS,48,48,38,
0.4,103,bot4,fein_margin,0.1,GAVE_UP,17,68,9,1
0.4,104,bot4,fein_margin,0.1,SUCCESS,24,24,32,
0.4,105,bot4,fein_margin,0.1,SUCCESS,47,47,33,
0.4,106,bot4,fein_margin,0.1,BUTTON_BURNED,35,41,10,1
0.4,107,bot4,fein_margin,0.1,GAVE_UP,50,40,24,14
0.4,108,bot4,fein_margin,0.1,SUCCESS,47,47,45,
0.4,109,bot4,fein_margin,0.1,SUCCESS,5,5,18,
0.4,110,bot4,fein_margin,0.1,SUCCESS,28,28,39,
0.4,111,bot4,fein_margin,0.1,GAVE_UP,65,57,31,25
0.4,120,bot4,fein_margin,0.1,SUCCESS,50,46,32,
0.4,121,bot4,fein_margin,0.1,SUCCESS,27,27,19,
0.4,122,bot4,fein_margin,0.1,SUCCESS,7,7,56,
0.4,123,bot4,fein_margin,0.1,SUCCESS,31,31,35,
0.4,128,bot4,fein_margin,0.1,SUCCESS,39,39,35,
0.4,129,bot4,fein_margin,0.1,BUTTON_BURNED,6,56,4,2
0.4,130,bot4,fein_margin,0.1,SUCCESS,41,41,46,
0.4,131,bot4,fein_margin,0.1,SUCCESS,34,34,22,
0.4,140,bot4,fein_margin,0.1,BURNED,10,35,19,1
0.4,141,bot4,fein_margin,0.1,SUCCESS,20,20,29,
0.4,142,bot4,fein_margin,0.1,SUCCESS,6,6,10,
0.4,143,bot4,fein_margin,0.1,SUCCESS,32,32,37,
0.4,116,bot4,fein_margin,0.1,SUCCESS,9,9,34,
0.4,117,bot4,fein_margin,0.1,SUCCESS,31,31,39,
0.4,118,bot4,fein_margin,0.1,SUCCESS,37,37,31,
0.4,119,bot4,fein_margin,0.1,SUCCESS,65,65,59,
0.4,124,bot4,fein_margin,0.1,SUCCESS,17,17,36,
0.4,125,bot4,fein_margin,0.1,SUCCESS,31,31,28,
0.4,126,bot4,fein_margin,0.1,SUCCESS,39,39,37,1
0.4,127,bot4,fein_margin,0.1,GAVE_UP,17,28,11,
0.4,132,bot4,fein_margin,0.1,SUCCESS,44,44,35,
0.4,133,bot4,fein_margin,0.1,SUCCESS,53,53,49,
0.4,134,bot4,fein_margin,0.1,SUCCESS,15,15,39,
0.4,135,bot4,fein_margin,0.1,SUCCESS,9,9,29,
0.4,160,bot4,fein_margin,0.1,SUCCESS,19,19,38,
0.4,161,bot4,fein_margin,0.1,SUCCESS,16,16,10,
0.4,162,bot4,fein_margin,0.1,SUCCESS,3,3,15,
0.4,163,bot4,fein_margin,0.1,SUCCESS,11,11,55,
0.4,148,bot4,fein_margin,0.1,SUCCESS,33,33,29,
0.4,149,bot4,fein_margin,0.1,SUCCESS,1,1,30,
0.4,150,bot4,fein_margin,0.1,SUCCESS,9,9,39,
0.4,151,bot4,fein_margin,0.1,SUCCESS,22,22,32,
0.4,164,bot4,fein_margin,0.1,SUCCESS,30,30,35,
0.4,165,bot4,fein_margin,0.1,SUCCESS,23,23,42,
0.4,166,bot4,fein_margin,0.1,SUCCESS,6,6,18,
0.4,167,bot4,fein_margin,0.1,SUCCESS,30,30,32,
0.4,136,bot4,fein_margin,0.1,SUCCESS,47,47,47,
0.4,137,bot4,fein_margin,0.1,BUTTON_BURNED,36,33,15,13
0.4,138,bot4,fein_margin,0.1,SUCCESS,20,20,57,
0.4,139,bot4,fein_margin,0.1,SUCCESS,41,41,45,
0.4,156,bot4,fein_margin,0.1,GAVE_UP,10,28,7,1
0.4,157,bot4,fein_margin,0.1,SUCCESS,12,12,40,
0.4,158,bot4,fein_margin,0.1,SUCCESS,33,33,31,
0.4,159,bot4,fein_margin,0.1,GAVE_UP,38,40,25,
0.4,144,bot4,fein_margin,0.1,BUTTON_BURNED,12,29,5,1
0.4,145,bot4,fein_margin,0.1,SUCCESS,49,49,37,
0.4,146,bot4,fein_margin,0.1,SUCCESS,29,29,51,
0.4,147,bot4,fein_margin,0.1,SUCCESS,11,11,33,
0.4,168,bot4,fein_margin,0.1,SUCCESS,9,9,19,
0.4,169,bot4,fein_margin,0.1,SUCCESS,30,30,20,
0.4,170,bot4,fein_margin,0.1,SUCCESS,11,11,33,
0.4,171,bot4,fein_margin,0.1,SUCCESS,42,42,40,
0.4,176,bot4,fein_margin,0.1,GAVE_UP,18,46,12,1
0.4,177,bot4,fein_margin,0.1,SUCCESS,29,29,28,
0.4,178,bot4,fein_margin,0.1,SUCCESS,1,1,30,
0.4,179,bot4,fein_margin,0.1,SUCCESS,19,19,42,
0.4,152,bot4,fein_margin,0.1,SUCCESS,65,63,36,
0.4,153,bot4,fein_margin,0.1,BUTTON_BURNED,10,30,5,
0.4,154,bot4,fein_margin,0.1,GAVE_UP,17,56,8,1
0.4,155,bot4,fein_margin,0.1,SUCCESS,15,15,20,
0.4,184,bot4,fein_margin,0.1,GAVE_UP,34,47,27,1
0.4,185,bot4,fein_margin,0.1,SUCCESS,12,10,9,
0.4,186,bot4,fein_margin,0.1,GAVE_UP,5,46,3,1
0.4,187,bot4,fein_margin,0.1,SUCCESS,32,32,48,
0.4,200,bot4,fein_margin,0.1,SUCCESS,31,31,44,
0.4,201,bot4,fein_margin,0.1,SUCCESS,24,24,23,
0.4,202,bot4,fein_margin,0.1,SUCCESS,10,10,28,
0.4,203,bot4,fein_margin,0.1,SUCCESS,28,28,38,
0.4,188,bot4,fein_margin,0.1,SUCCESS,23,23,45,
0.4,189,bot4,fein_margin,0.1,SUCCESS,25,25,54,
0.4,190,bot4,fein_margin,0.1,SUCCESS,48,48,55,
0.4,191,bot4,fein_margin,0.1,SUCCESS,40,40,31,
0.4,172,bot4,fein_margin,0.1,SUCCESS,45,43,30,
0.4,173,bot4,fein_margin,0.1,SUCCESS,51,43,27,29
0.4,174,bot4,fein_margin,0.1,SUCCESS,12,12,23,
0.4,175,bot4,fein_margin,0.1,SUCCESS,18,18,19,
0.4,180,bot4,fein_margin,0.1,SUCCESS,49,49,45,
0.4,181,bot4,fein_margin,0.1,SUCCESS,24,24,27,
0.4,182,bot4,fein_margin,0.1,SUCCESS,40,40,45,
0.4,183,bot4,fein_margin,0.1,SUCCESS,56,56,48,
0.4,192,bot4,fein_margin,0.1,SUCCESS,18,18,45,
0.4,193,bot4,fein_margin,0.1,BUTTON_BURNED,36,35,17,15
0.4,194,bot4,fein_margin,0.1,SUCCESS,55,55,64,
0.4,195,bot4,fein_margin,0.1,SUCCESS,40,40,23,
0.4,208,bot4,fein_margin,0.1,SUCCESS,43,43,34,
0.4,209,bot4,fein_margin,0.1,SUCCESS,35,35,61,
0.4,210,bot4,fein_margin,0.1,SUCCESS,31,31,36,
0.4,211,bot4,fein_margin,0.1,SUCCESS,6,6,30,
0.4,204,bot4,fein_margin,0.1,SUCCESS,22,22,18,
0.4,205,bot4,fein_margin,0.1,SUCCESS,59,55,33,
0.4,206,bot4,fein_margin,0.1,SUCCESS,29,29,54,
0.4,207,bot4,fein_margin,0.1,SUCCESS,14,14,27,
0.4,212,bot4,fein_margin,0.1,SUCCESS,39,39,50,
0.4,213,bot4,fein_margin,0.1,SUCCESS,35,35,55,
0.4,214,bot4,fein_margin,0.1,SUCCESS,12,12,42,
0.4,215,bot4,fein_margin,0.1,SUCCESS,38,38,21,
0.4,196,bot4,fein_margin,0.1,SUCCESS,15,15,30,
0.4,197,bot4,fein_margin,0.1,SUCCESS,57,51,38,
0.4,198,bot4,fein_margin,0.1,GAVE_UP,49,65,25,
0.4,199,bot4,fein_margin,0.1,SUCCESS,52,52,24,
0.4,216,bot4,fein_margin,0.1,SUCCESS,45,45,24,
0.4,217,bot4,fein_margin,0.1,SUCCESS,21,21,26,
0.4,218,bot4,fein_margin,0.1,SUCCESS,17,17,54,
0.4,219,bot4,fein_margin,0.1,BURNED,37,56,28,2
0.4,228,bot4,fein_margin,0.1,SUCCESS,37,37,28,
0.4,229,bot4,fein_margin,0.1,SUCCESS,20,20,22,
0.4,230,bot4,fein_margin,0.1,SUCCESS,35,35,43,
0.4,231,bot4,fein_margin,0.1,SUCCESS,26,26,30,
0.4,240,bot4,fein_margin,0.1,SUCCESS,10,10,39,
0.4,241,bot4,fein_margin,0.1,SUCCESS,28,28,17,
0.4,242,bot4,fein_margin,0.1,SUCCESS,30,30,23,
0.4,243,bot4,fein_margin,0.1,GAVE_UP,42,65,19,22
0.4,220,bot4,fein_margin,0.1,SUCCESS,26,26,48,
0.4,221,bot4,fein_margin,0.1,SUCCESS,51,43,40,
0.4,222,bot4,fein_margin,0.1,SUCCESS,17,17,40,
0.4,223,bot4,fein_margin,0.1,SUCCESS,46,46,42,
0.4,224,bot4,fein_margin,0.1,SUCCESS,48,48,54,
0.4,225,bot4,fein_margin,0.1,SUCCESS,24,24,30,
0.4,226,bot4,fein_margin,0.1,SUCCESS,54,54,35,
0.4,227,bot4,fein_margin,0.1,SUCCESS,44,44,42,
0.4,248,bot4,fein_margin,0.1,SUCCESS,40,40,45,
0.4,249,bot4,fein_margin,0.1,SUCCESS,23,23,34,
0.4,250,bot4,fein_margin,0.1,SUCCESS,30,30,20,
0.4,251,bot4,fein_margin,0.1,SUCCESS,9,9,43,
0.4,236,bot4,fein_margin,0.1,SUCCESS,28,28,58,
0.4,237,bot4,fein_margin,0.1,SUCCESS,53,51,48,
0.4,238,bot4,fein_margin,0.1,SUCCESS,24,24,37,
0.4,239,bot4,fein_margin,0.1,SUCCESS,43,43,52,
0.4,244,bot4,fein_margin,0.1,SUCCESS,61,61,35,
0.4,245,bot4,fein_margin,0.1,SUCCESS,19,19,70,
0.4,246,bot4,fein_margin,0.1,GAVE_UP,11,24,11,1
0.4,247,bot4,fein_margin,0.1,SUCCESS,32,32,26,
0.4,256,bot4,fein_margin,0.1,GAVE_UP,9,28,13,
0.4,257,bot4,fein_margin,0.1,SUCCESS,10,10,27,
0.4,258,bot4,fein_margin,0.1,SUCCESS,43,43,45,
0.4,259,bot4,fein_margin,0.1,SUCCESS,5,5,15,
0.4,260,bot4,fein_margin,0.1,SUCCESS,35,35,59,
0.4,261,bot4,fein_margin,0.1,SUCCESS,34,34,40,
0.4,262,bot4,fein_margin,0.1,SUCCESS,36,36,58,
0.4,263,bot4,fein_margin,0.1,SUCCESS,7,7,51,
0.4,232,bot4,fein_margin,0.1,SUCCESS,42,42,48,
0.4,233,bot4,fein_margin,0.1,SUCCESS,45,45,41,
0.4,234,bot4,fein_margin,0.1,SUCCESS,71,39,35,50
0.4,235,bot4,fein_margin,0.1,SUCCESS,29,29,52,
0.4,252,bot4,fein_margin,0.1,SUCCESS,34,34,46,
0.4,253,bot4,fein_margin,0.1,BUTTON_BURNED,33,55,18,
0.4,254,bot4,fein_margin,0.1,BUTTON_BURNED,42,32,19,16
0.4,255,bot4,fein_margin,0.1,SUCCESS,16,16,23,
0.4,268,bot4,fein_margin,0.1,SUCCESS,18,18,25,
0.4,269,bot4,fein_margin,0.1,SUCCESS,16,16,52,
0.4,270,bot4,fein_margin,0.1,SUCCESS,58,58,55,
0.4,271,bot4,fein_margin,0.1,SUCCESS,32,32,41,
0.4,272,bot4,fein_margin,0.1,SUCCESS,41,41,32,
0.4,273,bot4,fein_margin,0.1,SUCCESS,19,19,45,
0.4,274,bot4,fein_margin,0.1,SUCCESS,41,41,40,
0.4,275,bot4,fein_margin,0.1,SUCCESS,10,10,12,
0.4,276,bot4,fein_margin,0.1,SUCCESS,42,42,47,
0.4,277,bot4,fein_margin,0.1,SUCCESS,18,18,15,
0.4,278,bot4,fein_margin,0.1,SUCCESS,38,38,27,
0.4,279,bot4,fein_margin,0.1,SUCCESS,20,20,32,
0.4,284,bot4,fein_margin,0.1,SUCCESS,4,4,41,
0.4,285,bot4,fein_margin,0.1,SUCCESS,39,39,33,3
0.4,286,bot4,fein_margin,0.1,SUCCESS,33,33,40,
0.4,287,bot4,fein_margin,0.1,SUCCESS,19,19,18,
0.4,288,bot4,fein_margin,0.1,SUCCESS,5,5,12,
0.4,289,bot4,fein_margin,0.1,SUCCESS,19,19,51,
0.4,290,bot4,fein_margin,0.1,SUCCESS,63,63,67,
0.4,291,bot4,fein_margin,0.1,SUCCESS,28,28,45,
0.4,292,bot4,fein_margin,0.1,SUCCESS,18,18,15,
0.4,293,bot4,fein_margin,0.1,SUCCESS,25,25,53,
0.4,294,bot4,fein_margin,0.1,SUCCESS,46,46,34,
0.4,295,bot4,fein_margin,0.1,SUCCESS,32,32,30,
0.4,300,bot4,fein_margin,0.1,SUCCESS,38,38,51,
0.4,301,bot4,fein_margin,0.1,SUCCESS,36,36,29,
0.4,302,bot4,fein_margin,0.1,SUCCESS,7,7,48,
0.4,303,bot4,fein_margin,0.1,SUCCESS,17,17,48,
0.4,280,bot4,fein_margin,0.1,SUCCESS,36,36,30,
0.4,281,bot4,fein_margin,0.1,SUCCESS,32,32,35,
0.4,282,bot4,fein_margin,0.1,SUCCESS,51,51,25,28
0.4,283,bot4,fein_margin,0.1,SUCCESS,29,29,18,
0.4,312,bot4,fein_margin,0.1,SUCCESS,13,13,14,
0.4,313,bot4,fein_margin,0.1,SUCCESS,30,30,53,
0.4,314,bot4,fein_margin,0.1,SUCCESS,18,18,40,
0.4,315,bot4,fein_margin,0.1,BUTTON_BURNED,17,23,7,
0.4,316,bot4,fein_margin,0.1,SUCCESS,9,9,37,
0.4,317,bot4,fein_margin,0.1,SUCCESS,6,6,42,
0.4,318,bot4,fein_margin,0.1,SUCCESS,17,17,39,
0.4,319,bot4,fein_margin,0.1,BUTTON_BURNED,23,36,12,1
0.4,264,bot4,fein_margin,0.1,SUCCESS,55,49,33,18
0.4,265,bot4,fein_margin,0.1,BUTTON_BURNED,64,42,27,35
0.4,266,bot4,fein_margin,0.1,SUCCESS,34,34,15,
0.4,267,bot4,fein_margin,0.1,SUCCESS,42,42,38,
0.4,296,bot4,fein_margin,0.1,SUCCESS,78,56,45,57
0.4,297,bot4,fein_margin,0.1,SUCCESS,49,49,32,
0.4,298,bot4,fein_margin,0.1,SUCCESS,16,16,49,
0.4,299,bot4,fein_margin,0.1,SUCCESS,22,22,17,5
0.4,320,bot4,fein_margin,0.1,SUCCESS,34,34,44,
0.4,321,bot4,fein_margin,0.1,BUTTON_BURNED,1,41,1,1
0.4,322,bot4,fein_margin,0.1,GAVE_UP,21,46,12,1
0.4,323,bot4,fein_margin,0.1,SUCCESS,44,42,33,
0.4,324,bot4,fein_margin,0.1,SUCCESS,37,37,30,14
0.4,325,bot4,fein_margin,0.1,SUCCESS,23,23,40,
0.4,326,bot4,fein_margin,0.1,SUCCESS,9,9,50,
0.4,327,bot4,fein_margin,0.1,SUCCESS,38,38,28,
0.4,304,bot4,fein_margin,0.1,BUTTON_BURNED,42,49,21,
0.4,305,bot4,fein_margin,0.1,SUCCESS,20,20,16,
0.4,306,bot4,fein_margin,0.1,SUCCESS,47,47,38,
0.4,307,bot4,fein_margin,0.1,GAVE_UP,16,54,12,1
0.4,308,bot4,fein_margin,0.1,BUTTON_BURNED,22,54,11,1
0.4,309,bot4,fein_margin,0.1,SUCCESS,50,50,39,
0.4,310,bot4,fein_margin,0.1,SUCCESS,22,22,8,
0.4,311,bot4,fein_margin,0.1,SUCCESS,51,51,49,
0.4,336,bot4,fein_margin,0.1,BUTTON_BURNED,18,33,10,
0.4,337,bot4,fein_margin,0.1,BURNED,45,56,30,27
0.4,338,bot4,fein_margin,0.1,SUCCESS,24,24,51,
0.4,339,bot4,fein_margin,0.1,SUCCESS,13,13,29,
0.4,328,bot4,fein_margin,0.1,SUCCESS,38,38,37,
0.4,329,bot4,fein_margin,0.1,SUCCESS,34,34,45,
0.4,330,bot4,fein_margin,0.1,SUCCESS,42,42,17,
0.4,331,bot4,fein_margin,0.1,SUCCESS,50,50,31,
0.4,348,bot4,fein_margin,0.1,SUCCESS,11,11,25,
0.4,349,bot4,fein_margin,0.1,BUTTON_BURNED,10,24,4,
0.4,350,bot4,fein_margin,0.1,SUCCESS,52,52,51,
0.4,351,bot4,fein_margin,0.1,BUTTON_BURNED,34,47,17,
0.4,352,bot4,fein_margin,0.1,SUCCESS,52,52,56,
0.4,353,bot4,fein_margin,0.1,SUCCESS,31,31,42,
0.4,354,bot4,fein_margin,0.1,SUCCESS,11,11,31,
0.4,355,bot4,fein_margin,0.1,SUCCESS,30,30,39,
0.4,344,bot4,fein_margin,0.1,SUCCESS,40,40,50,
0.4,345,bot4,fein_margin,0.1,SUCCESS,25,25,23,
0.4,346,bot4,fein_margin,0.1,SUCCESS,21,21,43,
0.4,347,bot4,fein_margin,0.1,GAVE_UP,32,34,15,
0.4,356,bot4,fein_margin,0.1,SUCCESS,20,20,39,
0.4,357,bot4,fein_margin,0.1,SUCCESS,27,27,28,
0.4,358,bot4,fein_margin,0.1,SUCCESS,46,44,24,14
0.4,359,bot4,fein_margin,0.1,BUTTON_BURNED,18,46,9,7
0.4,332,bot4,fein_margin,0.1,SUCCESS,49,49,52,
0.4,333,bot4,fein_margin,0.1,SUCCESS,6,6,53,
0.4,334,bot4,fein_margin,0.1,SUCCESS,62,56,36,
0.4,335,bot4,fein_margin,0.1,BURNED,36,43,23,15
0.4,360,bot4,fein_margin,0.1,SUCCESS,29,29,29,
0.4,361,bot4,fein_margin,0.1,SUCCESS,37,37,55,
0.4,362,bot4,fein_margin,0.1,SUCCESS,21,21,41,
0.4,363,bot4,fein_margin,0.1,BUTTON_BURNED,24,23,11,1
0.4,340,bot4,fein_margin,0.1,GAVE_UP,40,38,20,10
0.4,341,bot4,fein_margin,0.1,GAVE_UP,15,47,8,
0.4,342,bot4,fein_margin,0.1,SUCCESS,53,53,22,
0.4,343,bot4,fein_margin,0.1,SUCCESS,31,31,24,
0.4,388,bot4,fein_margin,0.1,SUCCESS,25,25,46,
0.4,389,bot4,fein_margin,0.1,SUCCESS,12,12,25,
0.4,390,bot4,fein_margin,0.1,SUCCESS,10,10,36,
0.4,391,bot4,fein_margin,0.1,SUCCESS,25,25,41,
0.4,376,bot4,fein_margin,0.1,BUTTON_BURNED,9,30,5,1
0.4,377,bot4,fein_margin,0.1,SUCCESS,8,8,19,
0.4,378,bot4,fein_margin,0.1,GAVE_UP,16,39,18,
0.4,379,bot4,fein_margin,0.1,SUCCESS,52,52,42,
0.4,380,bot4,fein_margin,0.1,SUCCESS,45,45,20,
0.4,381,bot4,fein_margin,0.1,SUCCESS,13,13,24,
0.4,382,bot4,fein_margin,0.1,SUCCESS,31,31,33,
0.4,383,bot4,fein_margin,0.1,SUCCESS,9,9,40,
0.4,364,bot4,fein_margin,0.1,SUCCESS,2,2,9,
0.4,365,bot4,fein_margin,0.1,SUCCESS,67,57,32,31
0.4,366,bot4,fein_margin,0.1,GAVE_UP,42,49,27,
0.4,367,bot4,fein_margin,0.1,SUCCESS,13,13,52,
0.4,368,bot4,fein_margin,0.1,SUCCESS,48,48,32,
0.4,369,bot4,fein_margin,0.1,SUCCESS,32,32,31,
0.4,370,bot4,fein_margin,0.1,SUCCESS,23,23,23,
0.4,371,bot4,fein_margin,0.1,SUCCESS,37,37,43,
0.4,372,bot4,fein_margin,0.1,SUCCESS,35,35,35,
0.4,373,bot4,fein_margin,0.1,SUCCESS,53,53,41,
0.4,374,bot4,fein_margin,0.1,SUCCESS,24,24,44,
0.4,375,bot4,fein_margin,0.1,SUCCESS,8,8,46,
0.4,384,bot4,fein_margin,0.1,SUCCESS,6,6,28,
0.4,385,bot4,fein_margin,0.1,SUCCESS,48,48,48,
0.4,386,bot4,fein_margin,0.1,GAVE_UP,38,47,34,21
0.4,387,bot4,fein_margin,0.1,GAVE_UP,36,60,25,15
0.4,396,bot4,fein_margin,0.1,SUCCESS,10,10,44,
0.4,397,bot4,fein_margin,0.1,SUCCESS,9,9,27,
0.4,398,bot4,fein_margin,0.1,SUCCESS,55,55,40,
0.4,399,bot4,fein_margin,0.1,SUCCESS,9,9,49,
0.4,412,bot4,fein_margin,0.1,SUCCESS,21,21,43,
0.4,413,bot4,fein_margin,0.1,SUCCESS,13,13,31,
0.4,414,bot4,fein_margin,0.1,BURNED,29,34,21,3
0.4,415,bot4,fein_margin,0.1,SUCCESS,13,13,40,
0.4,416,bot4,fein_margin,0.1,SUCCESS,18,18,40,
0.4,417,bot4,fein_margin,0.1,SUCCESS,5,5,18,
0.4,418,bot4,fein_margin,0.1,SUCCESS,13,13,42,
0.4,419,bot4,fein_margin,0.1,SUCCESS,10,10,43,
0.4,400,bot4,fein_margin,0.1,SUCCESS,39,39,37,
0.4,401,bot4,fein_margin,0.1,SUCCESS,37,37,48,
0.4,402,bot4,fein_margin,0.1,SUCCESS,25,25,16,
0.4,403,bot4,fein_margin,0.1,GAVE_UP,21,37,7,1
0.4,392,bot4,fein_margin,0.1,SUCCESS,31,23,16,10
0.4,393,bot4,fein_margin,0.1,SUCCESS,49,49,34,
0.4,394,bot4,fein_margin,0.1,SUCCESS,33,33,46,
0.4,395,bot4,fein_margin,0.1,SUCCESS,26,26,66,
0.4,428,bot4,fein_margin,0.1,SUCCESS,5,5,65,
0.4,429,bot4,fein_margin,0.1,SUCCESS,20,20,21,
0.4,430,bot4,fein_margin,0.1,SUCCESS,22,22,12,3
0.4,431,bot4,fein_margin,0.1,SUCCESS,5,5,40,
0.4,404,bot4,fein_margin,0.1,SUCCESS,41,41,43,
0.4,405,bot4,fein_margin,0.1,SUCCESS,35,35,32,
0.4,406,bot4,fein_margin,0.1,SUCCESS,45,45,51,
0.4,407,bot4,fein_margin,0.1,SUCCESS,30,30,46,
0.4,420,bot4,fein_margin,0.1,SUCCESS,28,28,30,
0.4,421,bot4,fein_margin,0.1,BUTTON_BURNED,32,47,10,1
0.4,422,bot4,fein_margin,0.1,SUCCESS,7,7,24,
0.4,423,bot4,fein_margin,0.1,SUCCESS,42,42,42,
0.4,440,bot4,fein_margin,0.1,SUCCESS,12,12,36,
0.4,441,bot4,fein_margin,0.1,SUCCESS,23,23,24,
0.4,442,bot4,fein_margin,0.1,GAVE_UP,21,40,17,1
0.4,443,bot4,fein_margin,0.1,BURNED,27,28,16,
0.4,408,bot4,fein_margin,0.1,SUCCESS,58,58,52,
0.4,409,bot4,fein_margin,0.1,SUCCESS,26,26,19,
0.4,410,bot4,fein_margin,0.1,SUCCESS,46,46,54,
0.4,411,bot4,fein_margin,0.1,GAVE_UP,19,28,13,1
0.4,436,bot4,fein_margin,0.1,SUCCESS,23,23,31,
0.4,437,bot4,fein_margin,0.1,SUCCESS,20,20,62,
0.4,438,bot4,fein_margin,0.1,SUCCESS,30,30,25,
0.4,439,bot4,fein_margin,0.1,SUCCESS,61,61,49,
0.4,444,bot4,fein_margin,0.1,SUCCESS,24,24,48,
0.4,445,bot4,fein_margin,0.1,SUCCESS,14,14,21,
0.4,446,bot4,fein_margin,0.1,SUCCESS,35,35,63,
0.4,447,bot4,fein_margin,0.1,BUTTON_BURNED,30,45,16,7
0.4,432,bot4,fein_margin,0.1,GAVE_UP,37,49,21,
0.4,433,bot4,fein_margin,0.1,SUCCESS,19,19,16,
0.4,434,bot4,fein_margin,0.1,SUCCESS,35,31,25,7
0.4,435,bot4,fein_margin,0.1,BUTTON_BURNED,44,52,16,16
0.4,448,bot4,fein_margin,0.1,SUCCESS,53,53,61,
0.4,449,bot4,fein_margin,0.1,SUCCESS,38,38,48,
0.4,450,bot4,fein_margin,0.1,SUCCESS,18,18,14,
0.4,451,bot4,fein_margin,0.1,SUCCESS,30,30,56,
0.4,424,bot4,fein_margin,0.1,SUCCESS,60,60,39,
0.4,425,bot4,fein_margin,0.1,SUCCESS,37,37,33,
0.4,426,bot4,fein_margin,0.1,GAVE_UP,26,42,16,11
0.4,427,bot4,fein_margin,0.1,SUCCESS,55,55,40,
0.4,464,bot4,fein_margin,0.1,SUCCESS,49,49,42,
0.4,465,bot4,fein_margin,0.1,SUCCESS,15,15,51,
0.4,466,bot4,fein_margin,0.1,GAVE_UP,27,31,12,
0.4,467,bot4,fein_margin,0.1,SUCCESS,17,17,13,
0.4,452,bot4,fein_margin,0.1,BUTTON_BURNED,34,39,17,
0.4,453,bot4,fein_margin,0.1,SUCCESS,26,26,17,
0.4,454,bot4,fein_margin,0.1,SUCCESS,36,36,40,
0.4,455,bot4,fein_margin,0.1,SUCCESS,54,54,41,25
0.4,456,bot4,fein_margin,0.1,SUCCESS,17,17,13,
0.4,457,bot4,fein_margin,0.1,GAVE_UP,37,37,18,5
0.4,458,bot4,fein_margin,0.1,SUCCESS,36,36,40,
0.4,459,bot4,fein_margin,0.1,BURNED,23,34,22,
0.4,468,bot4,fein_margin,0.1,BUTTON_BURNED,25,37,12,
0.4,469,bot4,fein_margin,0.1,SUCCESS,37,37,20,
0.4,470,bot4,fein_margin,0.1,SUCCESS,20,20,25,
0.4,471,bot4,fein_margin,0.1,SUCCESS,46,46,30,
0.4,460,bot4,fein_margin,0.1,SUCCESS,24,24,34,
0.4,461,bot4,fein_margin,0.1,BURNED,35,40,19,17
0.4,462,bot4,fein_margin,0.1,BUTTON_BURNED,46,46,17,16
0.4,463,bot4,fein_margin,0.1,GAVE_UP,2,15,5,1
0.4,476,bot4,fein_margin,0.1,SUCCESS,28,28,34,
0.4,477,bot4,fein_margin,0.1,SUCCESS,21,21,32,
0.4,478,bot4,fein_margin,0.1,SUCCESS,29,29,27,
0.4,479,bot4,fein_margin,0.1,SUCCESS,46,46,60,
0.4,472,bot4,fein_margin,0.1,GAVE_UP,38,24,18,17
0.4,473,bot4,fein_margin,0.1,SUCCESS,23,23,24,
0.4,474,bot4,fein_margin,0.1,SUCCESS,35,35,28,
0.4,475,bot4,fein_margin,0.1,SUCCESS,49,49,48,
0.4,484,bot4,fein_margin,0.1,SUCCESS,41,41,53,
0.4,485,bot4,fein_margin,0.1,SUCCESS,19,19,32,
0.4,486,bot4,fein_margin,0.1,SUCCESS,19,19,13,
0.4,487,bot4,fein_margin,0.1,SUCCESS,31,31,29,
0.4,488,bot4,fein_margin,0.1,GAVE_UP,31,45,15,3
0.4,489,bot4,fein_margin,0.1,SUCCESS,30,30,55,
0.4,490,bot4,fein_margin,0.1,SUCCESS,19,19,19,
0.4,491,bot4,fein_margin,0.1,SUCCESS,8,8,13,
0.4,480,bot4,fein_margin,0.1,SUCCESS,45,43,29,
0.4,481,bot4,fein_margin,0.1,SUCCESS,39,39,40,
0.4,482,bot4,fein_margin,0.1,SUCCESS,16,16,53,
0.4,483,bot4,fein_margin,0.1,SUCCESS,25,25,48,
0.5,0,bot4,fein_margin,0.1,SUCCESS,17,17,39,
0.5,1,bot4,fein_margin,0.1,SUCCESS,14,14,68,
0.5,2,bot4,fein_margin,0.1,SUCCESS,35,35,29,
0.5,3,bot4,fein_margin,0.1,SUCCESS,24,24,22,
0.4,492,bot4,fein_margin,0.1,SUCCESS,47,47,58,
0.4,493,bot4,fein_margin,0.1,SUCCESS,44,44,48,
0.4,494,bot4,fein_margin,0.1,SUCCESS,15,15,31,
0.4,495,bot4,fein_margin,0.1,SUCCESS,15,15,23,
0.5,12,bot4,fein_margin,0.1,SUCCESS,30,30,24,
0.5,13,bot4,fein_margin,0.1,SUCCESS,16,16,62,
0.5,14,bot4,fein_margin,0.1,SUCCESS,28,28,49,
0.5,15,bot4,fein_margin,0.1,SUCCESS,13,13,30,
0.5,4,bot4,fein_margin,0.1,BURNED,28,41,26,1
0.5,5,bot4,fein_margin,0.1,SUCCESS,24,24,19,
0.5,6,bot4,fein_margin,0.1,SUCCESS,5,5,19,
0.5,7,bot4,fein_margin,0.1,SUCCESS,29,27,20,8
0.4,496,bot4,fein_margin,0.1,SUCCESS,43,43,28,
0.4,497,bot4,fein_margin,0.1,SUCCESS,24,24,39,
0.4,498,bot4,fein_margin,0.1,GAVE_UP,33,54,20,11
0.4,499,bot4,fein_margin,0.1,SUCCESS,53,53,47,
0.5,32,bot4,fein_margin,0.1,SUCCESS,13,13,24,
0.5,33,bot4,fein_margin,0.1,BUTTON_BURNED,12,31,7,1
0.5,34,bot4,fein_margin,0.1,BUTTON_BURNED,16,39,9,5
0.5,35,bot4,fein_margin,0.1,SUCCESS,38,38,45,
0.5,8,bot4,fein_margin,0.1,SUCCESS,25,25,43,
0.5,9,bot4,fein_margin,0.1,BURNED,15,39,20,1
0.5,10,bot4,fein_margin,0.1,SUCCESS,41,41,33,
0.5,11,bot4,fein_margin,0.1,SUCCESS,52,48,31,
0.5,20,bot4,fein_margin,0.1,BUTTON_BURNED,31,43,16,4
0.5,21,bot4,fein_margin,0.1,SUCCESS,17,17,55,
0.5,22,bot4,fein_margin,0.1,SUCCESS,15,15,33,
0.5,23,bot4,fein_margin,0.1,SUCCESS,33,33,41,
0.5,24,bot4,fein_margin,0.1,GAVE_UP,54,65,27,36
0.5,25,bot4,fein_margin,0.1,SUCCESS,36,36,49,
0.5,26,bot4,fein_margin,0.1,SUCCESS,22,22,59,
0.5,27,bot4,fein_margin,0.1,SUCCESS,23,23,41,
0.5,16,bot4,fein_margin,0.1,SUCCESS,35,35,57,
0.5,17,bot4,fein_margin,0.1,SUCCESS,19,19,22,
0.5,18,bot4,fein_margin,0.1,SUCCESS,64,64,58,
0.5,19,bot4,fein_margin,0.1,SUCCESS,49,49,33,
0.5,48,bot4,fein_margin,0.1,SUCCESS,17,17,37,
0.5,49,bot4,fein_margin,0.1,SUCCESS,3,3,29,
0.5,50,bot4,fein_margin,0.1,SUCCESS,32,32,48,
0.5,51,bot4,fein_margin,0.1,SUCCESS,31,31,40,
0.5,28,bot4,fein_margin,0.1,SUCCESS,20,20,23,
0.5,29,bot4,fein_margin,0.1,GAVE_UP,6,41,7,1
0.5,30,bot4,fein_margin,0.1,BUTTON_BURNED,26,41,14,
0.5,31,bot4,fein_margin,0.1,SUCCESS,68,68,44,
0.5,60,bot4,fein_margin,0.1,SUCCESS,38,38,48,
0.5,61,bot4,fein_margin,0.1,SUCCESS,11,11,36,
0.5,62,bot4,fein_margin,0.1,GAVE_UP,17,24,14,5
0.5,63,bot4,fein_margin,0.1,BUTTON_BURNED,7,28,3,1
0.5,52,bot4,fein_margin,0.1,SUCCESS,25,25,27,
0.5,53,bot4,fein_margin,0.1,SUCCESS,36,36,39,
0.5,54,bot4,fein_margin,0.1,SUCCESS,51,51,39,
0.5,55,bot4,fein_margin,0.1,SUCCESS,5,5,31,
0.5,68,bot4,fein_margin,0.1,SUCCESS,3,3,13,
0.5,69,bot4,fein_margin,0.1,SUCCESS,24,24,24,
0.5,70,bot4,fein_margin,0.1,SUCCESS,24,24,23,
0.5,71,bot4,fein_margin,0.1,GAVE_UP,20,46,13,1
0.5,36,bot4,fein_margin,0.1,SUCCESS,19,19,39,
0.5,37,bot4,fein_margin,0.1,GAVE_UP,38,54,26,15
0.5,38,bot4,fein_margin,0.1,SUCCESS,37,37,35,
0.5,39,bot4,fein_margin,0.1,SUCCESS,60,60,46,32
0.5,56,bot4,fein_margin,0.1,BUTTON_BURNED,13,54,7,1
0.5,57,bot4,fein_margin,0.1,SUCCESS,20,20,26,
0.5,58,bot4,fein_margin,0.1,BUTTON_BURNED,17,47,12,
0.5,59,bot4,fein_margin,0.1,SUCCESS,56,52,44,
0.5,40,bot4,fein_margin,0.1,SUCCESS,54,54,34,
0.5,41,bot4,fein_margin,0.1,GAVE_UP,36,26,18,7
0.5,42,bot4,fein_margin,0.1,SUCCESS,27,27,73,
0.5,43,bot4,fein_margin,0.1,SUCCESS,49,49,26,26
0.5,44,bot4,fein_margin,0.1,SUCCESS,49,49,51,
0.5,45,bot4,fein_margin,0.1,SUCCESS,34,34,37,
0.5,46,bot4,fein_margin,0.1,SUCCESS,22,22,33,
0.5,47,bot4,fein_margin,0.1,GAVE_UP,38,48,25,7
0.5,64,bot4,fein_margin,0.1,SUCCESS,56,56,60,
0.5,65,bot4,fein_margin,0.1,SUCCESS,2,2,58,
0.5,66,bot4,fein_margin,0.1,GAVE_UP,43,48,28,15
0.5,67,bot4,fein_margin,0.1,SUCCESS,27,27,61,
0.5,96,bot4,fein_margin,0.1,GAVE_UP,23,53,20,1
0.5,97,bot4,fein_margin,0.1,SUCCESS,13,13,14,
0.5,98,bot4,fein_margin,0.1,SUCCESS,28,28,27,
0.5,99,bot4,fein_margin,0.1,SUCCESS,26,26,52,
0.5,84,bot4,fein_margin,0.1,BUTTON_BURNED,32,40,14,
0.5,85,bot4,fein_margin,0.1,SUCCESS,29,29,47,
0.5,86,bot4,fein_margin,0.1,SUCCESS,16,16,47,
0.5,87,bot4,fein_margin,0.1,SUCCESS,40,40,38,
0.5,76,bot4,fein_margin,0.1,SUCCESS,39,39,50,
0.5,77,bot4,fein_margin,0.1,BUTTON_BURNED,8,34,6,1
0.5,78,bot4,fein_margin,0.1,SUCCESS,53,51,48,
0.5,79,bot4,fein_margin,0.1,BUTTON_BURNED,17,18,10,
0.5,72,bot4,fein_margin,0.1,BUTTON_BURNED,29,30,22,
0.5,73,bot4,fein_margin,0.1,SUCCESS,45,45,62,
0.5,74,bot4,fein_margin,0.1,SUCCESS,30,30,43,
0.5,75,bot4,fein_margin,0.1,SUCCESS,31,31,21,
0.5,92,bot4,fein_margin,0.1,GAVE_UP,23,46,37,10
0.5,93,bot4,fein_margin,0.1,SUCCESS,38,38,42,
0.5,94,bot4,fein_margin,0.1,SUCCESS,21,21,30,
0.5,95,bot4,fein_margin,0.1,SUCCESS,46,46,38,
0.5,88,bot4,fein_margin,0.1,BUTTON_BURNED,22,55,13,1
0.5,89,bot4,fein_margin,0.1,BUTTON_BURNED,53,50,32,2
0.5,90,bot4,fein_margin,0.1,GAVE_UP,32,51,40,1
0.5,91,bot4,fein_margin,0.1,SUCCESS,23,23,48,
0.5,80,bot4,fein_margin,0.1,BUTTON_BURNED,52,57,31,31
0.5,81,bot4,fein_margin,0.1,SUCCESS,43,43,56,
0.5,82,bot4,fein_margin,0.1,BURNED,33,43,19,
0.5,83,bot4,fein_margin,0.1,SUCCESS,45,43,39,
0.5,104,bot4,fein_margin,0.1,SUCCESS,24,24,32,
0.5,105,bot4,fein_margin,0.1,SUCCESS,47,47,33,
0.5,106,bot4,fein_margin,0.1,BUTTON_BURNED,16,41,10,1
0.5,107,bot4,fein_margin,0.1,GAVE_UP,30,40,24,1
0.5,112,bot4,fein_margin,0.1,SUCCESS,7,7,9,
0.5,113,bot4,fein_margin,0.1,BUTTON_BURNED,21,23,13,
0.5,114,bot4,fein_margin,0.1,SUCCESS,27,27,31,
0.5,115,bot4,fein_margin,0.1,SUCCESS,48,48,49,
0.5,108,bot4,fein_margin,0.1,SUCCESS,47,47,45,
0.5,109,bot4,fein_margin,0.1,SUCCESS,5,5,18,
0.5,110,bot4,fein_margin,0.1,SUCCESS,28,28,39,
0.5,111,bot4,fein_margin,0.1,GAVE_UP,43,57,31,17
0.5,100,bot4,fein_margin,0.1,BUTTON_BURNED,38,36,16,11
0.5,101,bot4,fein_margin,0.1,SUCCESS,46,46,47,
0.5,102,bot4,fein_margin,0.1,SUCCESS,48,48,38,
0.5,103,bot4,fein_margin,0.1,GAVE_UP,13,68,9,1
0.5,124,bot4,fein_margin,0.1,SUCCESS,17,17,36,
0.5,125,bot4,fein_margin,0.1,SUCCESS,31,31,28,
0.5,126,bot4,fein_margin,0.1,BURNED,10,39,37,5
0.5,127,bot4,fein_margin,0.1,GAVE_UP,23,28,11,1
0.5,128,bot4,fein_margin,0.1,SUCCESS,39,39,35,
0.5,129,bot4,fein_margin,0.1,GAVE_UP,4,56,4,1
0.5,130,bot4,fein_margin,0.1,SUCCESS,41,41,46,
0.5,131,bot4,fein_margin,0.1,SUCCESS,34,34,22,
0.5,116,bot4,fein_margin,0.1,SUCCESS,9,9,34,
0.5,117,bot4,fein_margin,0.1,SUCCESS,31,31,39,
0.5,118,bot4,fein_margin,0.1,SUCCESS,37,37,31,
0.5,119,bot4,fein_margin,0.1,SUCCESS,65,65,59,
0.5,120,bot4,fein_margin,0.1,SUCCESS,56,46,32,32
0.5,121,bot4,fein_margin,0.1,SUCCESS,27,27,19,
0.5,122,bot4,fein_margin,0.1,SUCCESS,7,7,56,
0.5,123,bot4,fein_margin,0.1,SUCCESS,31,31,35,
0.5,148,bot4,fein_margin,0.1,SUCCESS,33,33,29,8
0.5,149,bot4,fein_margin,0.1,SUCCESS,1,1,30,
0.5,150,bot4,fein_margin,0.1,SUCCESS,9,9,39,
0.5,151,bot4,fein_margin,0.1,SUCCESS,22,22,32,
0.5,140,bot4,fein_margin,0.1,GAVE_UP,27,35,19,1
0.5,141,bot4,fein_margin,0.1,SUCCESS,20,20,29,
0.5,142,bot4,fein_margin,0.1,SUCCESS,6,6,10,
0.5,143,bot4,fein_margin,0.1,SUCCESS,32,32,37,
0.5,132,bot4,fein_margin,0.1,SUCCESS,44,44,35,
0.5,133,bot4,fein_margin,0.1,SUCCESS,53,53,49,
0.5,134,bot4,fein_margin,0.1,SUCCESS,15,15,39,
0.5,135,bot4,fein_margin,0.1,SUCCESS,9,9,29,
0.5,160,bot4,fein_margin,0.1,SUCCESS,19,19,38,
0.5,161,bot4,fein_margin,0.1,BUTTON_BURNED,15,16,10,
0.5,162,bot4,fein_margin,0.1,SUCCESS,3,3,15,
0.5,163,bot4,fein_margin,0.1,SUCCESS,11,11,55,
0.5,144,bot4,fein_margin,0.1,BUTTON_BURNED,9,29,5,1
0.5,145,bot4,fein_margin,0.1,SUCCESS,49,49,37,
0.5,146,bot4,fein_margin,0.1,SUCCESS,29,29,51,
0.5,147,bot4,fein_margin,0.1,SUCCESS,11,11,33,
0.5,156,bot4,fein_margin,0.1,GAVE_UP,9,28,7,1
0.5,157,bot4,fein_margin,0.1,SUCCESS,12,12,40,
0.5,158,bot4,fein_margin,0.1,SUCCESS,33,33,31,
0.5,159,bot4,fein_margin,0.1,GAVE_UP,36,40,25,14
0.5,164,bot4,fein_margin,0.1,SUCCESS,30,30,35,
0.5,165,bot4,fein_margin,0.1,SUCCESS,23,23,42,
0.5,166,bot4,fein_margin,0.1,SUCCESS,6,6,18,
0.5,167,bot4,fein_margin,0.1,SUCCESS,30,30,32,
0.5,168,bot4,fein_margin,0.1,SUCCESS,9,9,19,
0.5,169,bot4,fein_margin,0.1,SUCCESS,30,30,20,
0.5,170,bot4,fein_margin,0.1,SUCCESS,11,11,33,
0.5,171,bot4,fein_margin,0.1,SUCCESS,42,42,40,
0.5,152,bot4,fein_margin,0.1,GAVE_UP,53,63,36,
0.5,153,bot4,fein_margin,0.1,BUTTON_BURNED,9,30,5,
0.5,154,bot4,fein_margin,0.1,GAVE_UP,13,56,8,1
0.5,155,bot4,fein_margin,0.1,SUCCESS,15,15,20,
0.5,176,bot4,fein_margin,0.1,GAVE_UP,16,46,12,1
0.5,177,bot4,fein_margin,0.1,SUCCESS,29,29,28,
0.5,178,bot4,fein_margin,0.1,SUCCESS,1,1,30,
0.5,179,bot4,fein_margin,0.1,SUCCESS,19,19,42,
0.5,136,bot4,fein_margin,0.1,SUCCESS,47,47,47,
0.5,137,bot4,fein_margin,0.1,BUTTON_BURNED,38,33,15,1
0.5,138,bot4,fein_margin,0.1,SUCCESS,20,20,57,
0.5,139,bot4,fein_margin,0.1,SUCCESS,41,41,45,
0.5,184,bot4,fein_margin,0.1,GAVE_UP,32,47,27,1
0.5,185,bot4,fein_margin,0.1,BURNED,8,10,9,
0.5,186,bot4,fein_margin,0.1,GAVE_UP,4,46,3,1
0.5,187,bot4,fein_margin,0.1,SUCCESS,32,32,48,
0.5,200,bot4,fein_margin,0.1,SUCCESS,31,31,44,
0.5,201,bot4,fein_margin,0.1,SUCCESS,24,24,23,
0.5,202,bot4,fein_margin,0.1,SUCCESS,10,10,28,
0.5,203,bot4,fein_margin,0.1,SUCCESS,28,28,38,
0.5,172,bot4,fein_margin,0.1,GAVE_UP,44,43,30,17
0.5,173,bot4,fein_margin,0.1,BUTTON_BURNED,48,43,27,20
0.5,174,bot4,fein_margin,0.1,SUCCESS,12,12,23,
0.5,175,bot4,fein_margin,0.1,SUCCESS,18,18,19,
0.5,188,bot4,fein_margin,0.1,SUCCESS,23,23,45,
0.5,189,bot4,fein_margin,0.1,SUCCESS,25,25,54,
0.5,190,bot4,fein_margin,0.1,SUCCESS,48,48,55,
0.5,191,bot4,fein_margin,0.1,SUCCESS,40,40,31,
0.5,180,bot4,fein_margin,0.1,SUCCESS,49,49,45,
0.5,181,bot4,fein_margin,0.1,SUCCESS,24,24,27,
0.5,182,bot4,fein_margin,0.1,SUCCESS,40,40,45,
0.5,183,bot4,fein_margin,0.1,SUCCESS,56,56,48,
0.5,192,bot4,fein_margin,0.1,SUCCESS,18,18,45,
0.5,193,bot4,fein_margin,0.1,GAVE_UP,18,35,17,5
0.5,194,bot4,fein_margin,0.1,SUCCESS,55,55,64,
0.5,195,bot4,fein_margin,0.1,GAVE_UP,38,40,23,21
0.5,204,bot4,fein_margin,0.1,SUCCESS,22,22,18,3
0.5,205,bot4,fein_margin,0.1,SUCCESS,59,55,33,
0.5,206,bot4,fein_margin,0.1,SUCCESS,29,29,54,
0.5,207,bot4,fein_margin,0.1,SUCCESS,14,14,27,
0.5,208,bot4,fein_margin,0.1,SUCCESS,43,43,34,
0.5,209,bot4,fein_margin,0.1,SUCCESS,35,35,61,
0.5,210,bot4,fein_margin,0.1,SUCCESS,31,31,36,
0.5,211,bot4,fein_margin,0.1,SUCCESS,6,6,30,
0.5,212,bot4,fein_margin,0.1,SUCCESS,39,39,50,
0.5,213,bot4,fein_margin,0.1,SUCCESS,35,35,55,
0.5,214,bot4,fein_margin,0.1,SUCCESS,12,12,42,
0.5,215,bot4,fein_margin,0.1,SUCCESS,38,38,21,17
0.5,196,bot4,fein_margin,0.1,SUCCESS,15,15,30,
0.5,197,bot4,fein_margin,0.1,SUCCESS,57,51,38,
0.5,198,bot4,fein_margin,0.1,GAVE_UP,41,65,25,31
0.5,199,bot4,fein_margin,0.1,BUTTON_BURNED,50,52,24,
0.5,216,bot4,fein_margin,0.1,BUTTON_BURNED,36,45,24,17
0.5,217,bot4,fein_margin,0.1,SUCCESS,21,21,26,
0.5,218,bot4,fein_margin,0.1,SUCCESS,17,17,54,
0.5,219,bot4,fein_margin,0.1,BUTTON_BURNED,44,56,28,22
0.5,228,bot4,fein_margin,0.1,SUCCESS,37,37,28,15
0.5,229,bot4,fein_margin,0.1,SUCCESS,20,20,22,
0.5,230,bot4,fein_margin,0.1,SUCCESS,35,35,43,
0.5,231,bot4,fein_margin,0.1,SUCCESS,26,26,30,
0.5,240,bot4,fein_margin,0.1,SUCCESS,10,10,39,
0.5,241,bot4,fein_margin,0.1,BUTTON_BURNED,22,28,17,
0.5,242,bot4,fein_margin,0.1,SUCCESS,30,30,23,
0.5,243,bot4,fein_margin,0.1,BUTTON_BURNED,35,65,19,12
0.5,220,bot4,fein_margin,0.1,SUCCESS,26,26,48,
0.5,221,bot4,fein_margin,0.1,SUCCESS,51,43,40,
0.5,222,bot4,fein_margin,0.1,SUCCESS,17,17,40,
0.5,223,bot4,fein_margin,0.1,SUCCESS,46,46,42,
0.5,224,bot4,fein_margin,0.1,SUCCESS,48,48,54,
0.5,225,bot4,fein_margin,0.1,SUCCESS,24,24,30,
0.5,226,bot4,fein_margin,0.1,SUCCESS,54,54,35,
0.5,227,bot4,fein_margin,0.1,SUCCESS,44,44,42,
0.5,248,bot4,fein_margin,0.1,SUCCESS,40,40,45,
0.5,249,bot4,fein_margin,0.1,SUCCESS,23,23,34,
0.5,250,bot4,fein_margin,0.1,BUTTON_BURNED,30,30,20,8
0.5,251,bot4,fein_margin,0.1,SUCCESS,9,9,43,
0.5,236,bot4,fein_margin,0.1,SUCCESS,28,28,58,
0.5,237,bot4,fein_margin,0.1,SUCCESS,53,51,48,
0.5,238,bot4,fein_margin,0.1,SUCCESS,24,24,37,
0.5,239,bot4,fein_margin,0.1,SUCCESS,43,43,52,
0.5,256,bot4,fein_margin,0.1,GAVE_UP,9,28,13,
0.5,257,bot4,fein_margin,0.1,SUCCESS,10,10,27,
0.5,258,bot4,fein_margin,0.1,SUCCESS,43,43,45,
0.5,259,bot4,fein_margin,0.1,SUCCESS,5,5,15,
0.5,244,bot4,fein_margin,0.1,GAVE_UP,60,61,35,32
0.5,245,bot4,fein_margin,0.1,SUCCESS,19,19,70,
0.5,246,bot4,fein_margin,0.1,GAVE_UP,10,24,11,6
0.5,247,bot4,fein_margin,0.1,SUCCESS,32,32,26,
0.5,232,bot4,fein_margin,0.1,SUCCESS,42,42,48,
0.5,233,bot4,fein_margin,0.1,SUCCESS,45,45,41,
0.5,234,bot4,fein_margin,0.1,GAVE_UP,55,39,35,34
0.5,235,bot4,fein_margin,0.1,SUCCESS,29,29,52,
0.5,252,bot4,fein_margin,0.1,SUCCESS,34,34,46,
0.5,253,bot4,fein_margin,0.1,BUTTON_BURNED,41,55,18,
0.5,254,bot4,fein_margin,0.1,BUTTON_BURNED,30,32,19,10
0.5,255,bot4,fein_margin,0.1,SUCCESS,16,16,23,
0.5,260,bot4,fein_margin,0.1,SUCCESS,35,35,59,
0.5,261,bot4,fein_margin,0.1,SUCCESS,34,34,40,
0.5,262,bot4,fein_margin,0.1,SUCCESS,36,36,58,
0.5,263,bot4,fein_margin,0.1,SUCCESS,7,7,51,
0.5,268,bot4,fein_margin,0.1,SUCCESS,18,18,25,
0.5,269,bot4,fein_margin,0.1,SUCCESS,16,16,52,
0.5,270,bot4,fein_margin,0.1,SUCCESS,66,58,55,
0.5,271,bot4,fein_margin,0.1,SUCCESS,32,32,41,
0.5,272,bot4,fein_margin,0.1,SUCCESS,41,41,32,
0.5,273,bot4,fein_margin,0.1,SUCCESS,19,19,45,
0.5,274,bot4,fein_margin,0.1,SUCCESS,41,41,40,
0.5,275,bot4,fein_margin,0.1,SUCCESS,10,10,12,
0.5,288,bot4,fein_margin,0.1,SUCCESS,5,5,12,
0.5,289,bot4,fein_margin,0.1,SUCCESS,19,19,51,
0.5,290,bot4,fein_margin,0.1,SUCCESS,63,63,67,
0.5,291,bot4,fein_margin,0.1,SUCCESS,28,28,45,
0.5,276,bot4,fein_margin,0.1,SUCCESS,42,42,47,
0.5,277,bot4,fein_margin,0.1,SUCCESS,18,18,15,
0.5,278,bot4,fein_margin,0.1,BURNED,37,38,27,
0.5,279,bot4,fein_margin,0.1,SUCCESS,20,20,32,
0.5,292,bot4,fein_margin,0.1,SUCCESS,18,18,15,
0.5,293,bot4,fein_margin,0.1,SUCCESS,25,25,53,
0.5,294,bot4,fein_margin,0.1,SUCCESS,46,46,34,
0.5,295,bot4,fein_margin,0.1,SUCCESS,32,32,30,
0.5,280,bot4,fein_margin,0.1,BURNED,26,36,30,21
0.5,281,bot4,fein_margin,0.1,SUCCESS,32,32,35,
0.5,282,bot4,fein_margin,0.1,GAVE_UP,43,51,25,23
0.5,283,bot4,fein_margin,0.1,SUCCESS,29,29,18,
0.5,264,bot4,fein_margin,0.1,GAVE_UP,35,49,33,12
0.5,265,bot4,fein_margin,0.1,GAVE_UP,52,42,27,33
0.5,266,bot4,fein_margin,0.1,BUTTON_BURNED,31,34,15,
0.5,267,bot4,fein_margin,0.1,SUCCESS,42,42,38,
0.5,300,bot4,fein_margin,0.1,SUCCESS,38,38,51,
0.5,301,bot4,fein_margin,0.1,SUCCESS,36,36,29,
0.5,302,bot4,fein_margin,0.1,SUCCESS,7,7,48,
0.5,303,bot4,fein_margin,0.1,SUCCESS,17,17,48,
0.5,284,bot4,fein_margin,0.1,SUCCESS,4,4,41,
0.5,285,bot4,fein_margin,0.1,SUCCESS,47,39,33,
0.5,286,bot4,fein_margin,0.1,SUCCESS,33,33,40,
0.5,287,bot4,fein_margin,0.1,SUCCESS,19,19,18,
0.5,316,bot4,fein_margin,0.1,SUCCESS,9,9,37,
0.5,317,bot4,fein_margin,0.1,SUCCESS,6,6,42,
0.5,318,bot4,fein_margin,0.1,SUCCESS,17,17,39,
0.5,319,bot4,fein_margin,0.1,GAVE_UP,16,36,12,1
0.5,312,bot4,fein_margin,0.1,SUCCESS,13,13,14,
0.5,313,bot4,fein_margin,0.1,SUCCESS,30,30,53,
0.5,314,bot4,fein_margin,0.1,SUCCESS,18,18,40,
0.5,315,bot4,fein_margin,0.1,BUTTON_BURNED,13,23,7,
0.5,320,bot4,fein_margin,0.1,SUCCESS,34,34,44,
0.5,321,bot4,fein_margin,0.1,BUTTON_BURNED,1,41,1,1
0.5,322,bot4,fein_margin,0.1,GAVE_UP,19,46,12,1
0.5,323,bot4,fein_margin,0.1,SUCCESS,46,42,33,
0.5,324,bot4,fein_margin,0.1,SUCCESS,41,37,30,19
0.5,325,bot4,fein_margin,0.1,SUCCESS,23,23,40,
0.5,326,bot4,fein_margin,0.1,SUCCESS,9,9,50,
0.5,327,bot4,fein_margin,0.1,SUCCESS,44,38,28,23
0.5,296,bot4,fein_margin,0.1,SUCCESS,78,56,45,55
0.5,297,bot4,fein_margin,0.1,GAVE_UP,48,49,32,26
0.5,298,bot4,fein_margin,0.1,SUCCESS,16,16,49,
0.5,299,bot4,fein_margin,0.1,SUCCESS,22,22,17,
0.5,304,bot4,fein_margin,0.1,BUTTON_BURNED,39,49,21,14
0.5,305,bot4,fein_margin,0.1,SUCCESS,20,20,16,
0.5,306,bot4,fein_margin,0.1,SUCCESS,47,47,38,26
0.5,307,bot4,fein_margin,0.1,GAVE_UP,10,54,12,1
0.5,308,bot4,fein_margin,0.1,BUTTON_BURNED,31,54,11,1
0.5,309,bot4,fein_margin,0.1,SUCCESS,50,50,39,
0.5,310,bot4,fein_margin,0.1,BUTTON_BURNED,18,22,8,
0.5,311,bot4,fein_margin,0.1,SUCCESS,51,51,49,
0.5,328,bot4,fein_margin,0.1,SUCCESS,38,38,37,
0.5,329,bot4,fein_margin,0.1,SUCCESS,34,34,45,
0.5,330,bot4,fein_margin,0.1,BUTTON_BURNED,34,42,17,
0.5,331,bot4,fein_margin,0.1,BURNED,46,50,31,
0.5,336,bot4,fein_margin,0.1,BUTTON_BURNED,20,33,10,4
0.5,337,bot4,fein_margin,0.1,GAVE_UP,60,56,30,24
0.5,338,bot4,fein_margin,0.1,SUCCESS,24,24,51,
0.5,339,bot4,fein_margin,0.1,SUCCESS,13,13,29,
0.5,332,bot4,fein_margin,0.1,SUCCESS,49,49,52,
0.5,333,bot4,fein_margin,0.1,SUCCESS,6,6,53,
0.5,334,bot4,fein_margin,0.1,GAVE_UP,49,56,36,
0.5,335,bot4,fein_margin,0.1,SUCCESS,43,43,23,9
0.5,352,bot4,fein_margin,0.1,SUCCESS,52,52,56,
0.5,353,bot4,fein_margin,0.1,SUCCESS,31,31,42,
0.5,354,bot4,fein_margin,0.1,SUCCESS,11,11,31,
0.5,355,bot4,fein_margin,0.1,SUCCESS,30,30,39,
0.5,356,bot4,fein_margin,0.1,SUCCESS,20,20,39,
0.5,357,bot4,fein_margin,0.1,SUCCESS,27,27,28,
0.5,358,bot4,fein_margin,0.1,GAVE_UP,46,44,24,12
0.5,359,bot4,fein_margin,0.1,BUTTON_BURNED,20,46,9,1
0.5,348,bot4,fein_margin,0.1,SUCCESS,11,11,25,
0.5,349,bot4,fein_margin,0.1,BUTTON_BURNED,9,24,4,
0.5,350,bot4,fein_margin,0.1,SUCCESS,52,52,51,
0.5,351,bot4,fein_margin,0.1,BUTTON_BURNED,32,47,17,17
0.5,344,bot4,fein_margin,0.1,SUCCESS,40,40,50,
0.5,345,bot4,fein_margin,0.1,SUCCESS,25,25,23,
0.5,346,bot4,fein_margin,0.1,SUCCESS,21,21,43,
0.5,347,bot4,fein_margin,0.1,GAVE_UP,29,34,15,
0.5,340,bot4,fein_margin,0.1,GAVE_UP,29,38,20,8
0.5,341,bot4,fein_margin,0.1,BUTTON_BURNED,12,47,8,12
0.5,342,bot4,fein_margin,0.1,BUTTON_BURNED,35,53,22,15
0.5,343,bot4,fein_margin,0.1,SUCCESS,31,31,24,
0.5,360,bot4,fein_margin,0.1,SUCCESS,29,29,29,
0.5,361,bot4,fein_margin,0.1,SUCCESS,37,37,55,
0.5,362,bot4,fein_margin,0.1,SUCCESS,21,21,41,
0.5,363,bot4,fein_margin,0.1,GAVE_UP,21,23,11,1
0.5,388,bot4,fein_margin,0.1,SUCCESS,25,25,46,
0.5,389,bot4,fein_margin,0.1,SUCCESS,12,12,25,
0.5,390,bot4,fein_margin,0.1,SUCCESS,10,10,36,
0.5,391,bot4,fein_margin,0.1,SUCCESS,25,25,41,
0.5,380,bot4,fein_margin,0.1,BUTTON_BURNED,31,45,20,
0.5,381,bot4,fein_margin,0.1,SUCCESS,13,13,24,
0.5,382,bot4,fein_margin,0.1,SUCCESS,31,31,33,
0.5,383,bot4,fein_margin,0.1,SUCCESS,9,9,40,
0.5,364,bot4,fein_margin,0.1,SUCCESS,2,2,9,
0.5,365,bot4,fein_margin,0.1,GAVE_UP,49,57,32,28
0.5,366,bot4,fein_margin,0.1,SUCCESS,49,49,27,
0.5,367,bot4,fein_margin,0.1,SUCCESS,13,13,52,
0.5,376,bot4,fein_margin,0.1,BUTTON_BURNED,6,30,5,
0.5,377,bot4,fein_margin,0.1,SUCCESS,8,8,19,
0.5,378,bot4,fein_margin,0.1,GAVE_UP,8,39,18,8
0.5,379,bot4,fein_margin,0.1,SUCCESS,54,52,42,
0.5,368,bot4,fein_margin,0.1,BUTTON_BURNED,57,48,32,37
0.5,369,bot4,fein_margin,0.1,SUCCESS,32,32,31,
0.5,370,bot4,fein_margin,0.1,SUCCESS,23,23,23,
0.5,371,bot4,fein_margin,0.1,SUCCESS,37,37,43,
0.5,384,bot4,fein_margin,0.1,SUCCESS,6,6,28,
0.5,385,bot4,fein_margin,0.1,SUCCESS,48,48,48,
0.5,386,bot4,fein_margin,0.1,SUCCESS,47,47,34,
0.5,387,bot4,fein_margin,0.1,GAVE_UP,27,60,25,4
0.5,400,bot4,fein_margin,0.1,SUCCESS,39,39,37,
0.5,401,bot4,fein_margin,0.1,SUCCESS,37,37,48,
0.5,402,bot4,fein_margin,0.1,SUCCESS,25,25,16,
0.5,403,bot4,fein_margin,0.1,BUTTON_BURNED,14,37,7,1
0.5,396,bot4,fein_margin,0.1,SUCCESS,10,10,44,
0.5,397,bot4,fein_margin,0.1,SUCCESS,9,9,27,
0.5,398,bot4,fein_margin,0.1,SUCCESS,65,55,40,
0.5,399,bot4,fein_margin,0.1,SUCCESS,9,9,49,
0.5,392,bot4,fein_margin,0.1,BUTTON_BURNED,35,23,16,4
0.5,393,bot4,fein_margin,0.1,GAVE_UP,62,49,34,34
0.5,394,bot4,fein_margin,0.1,SUCCESS,33,33,46,
0.5,395,bot4,fein_margin,0.1,SUCCESS,26,26,66,
0.5,412,bot4,fein_margin,0.1,SUCCESS,21,21,43,
0.5,413,bot4,fein_margin,0.1,SUCCESS,13,13,31,
0.5,414,bot4,fein_margin,0.1,BUTTON_BURNED,29,34,21,10
0.5,415,bot4,fein_margin,0.1,SUCCESS,13,13,40,
0.5,372,bot4,fein_margin,0.1,SUCCESS,35,35,35,
0.5,373,bot4,fein_margin,0.1,GAVE_UP,66,53,41,32
0.5,374,bot4,fein_margin,0.1,SUCCESS,24,24,44,
0.5,375,bot4,fein_margin,0.1,SUCCESS,8,8,46,
0.5,416,bot4,fein_margin,0.1,SUCCESS,18,18,40,
0.5,417,bot4,fein_margin,0.1,SUCCESS,5,5,18,
0.5,418,bot4,fein_margin,0.1,SUCCESS,13,13,42,
0.5,419,bot4,fein_margin,0.1,SUCCESS,10,10,43,
0.5,404,bot4,fein_margin,0.1,SUCCESS,41,41,43,
0.5,405,bot4,fein_margin,0.1,SUCCESS,35,35,32,
0.5,406,bot4,fein_margin,0.1,SUCCESS,45,45,51,
0.5,407,bot4,fein_margin,0.1,SUCCESS,30,30,46,
0.5,428,bot4,fein_margin,0.1,SUCCESS,5,5,65,
0.5,429,bot4,fein_margin,0.1,SUCCESS,20,20,21,
0.5,430,bot4,fein_margin,0.1,GAVE_UP,19,22,12,1
0.5,431,bot4,fein_margin,0.1,SUCCESS,5,5,40,
0.5,420,bot4,fein_margin,0.1,SUCCESS,28,28,30,
0.5,421,bot4,fein_margin,0.1,BUTTON_BURNED,26,47,10,1
0.5,422,bot4,fein_margin,0.1,SUCCESS,7,7,24,
0.5,423,bot4,fein_margin,0.1,SUCCESS,42,42,42,
0.5,440,bot4,fein_margin,0.1,SUCCESS,12,12,36,
0.5,441,bot4,fein_margin,0.1,SUCCESS,23,23,24,
0.5,442,bot4,fein_margin,0.1,GAVE_UP,22,40,17,1
0.5,443,bot4,fein_margin,0.1,BURNED,27,28,16,4
0.5,408,bot4,fein_margin,0.1,SUCCESS,58,58,52,
0.5,409,bot4,fein_margin,0.1,SUCCESS,26,26,19,
0.5,410,bot4,fein_margin,0.1,SUCCESS,46,46,54,
0.5,411,bot4,fein_margin,0.1,GAVE_UP,16,28,13,1
0.5,436,bot4,fein_margin,0.1,SUCCESS,23,23,31,
0.5,437,bot4,fein_margin,0.1,SUCCESS,20,20,62,
0.5,438,bot4,fein_margin,0.1,SUCCESS,30,30,25,
0.5,439,bot4,fein_margin,0.1,SUCCESS,61,61,49,
0.5,432,bot4,fein_margin,0.1,GAVE_UP,29,49,21,4
0.5,433,bot4,fein_margin,0.1,SUCCESS,19,19,16,
0.5,434,bot4,fein_margin,0.1,BURNED,16,31,25,1
0.5,435,bot4,fein_margin,0.1,GAVE_UP,36,52,16,8
0.5,444,bot4,fein_margin,0.1,SUCCESS,24,24,48,
0.5,445,bot4,fein_margin,0.1,SUCCESS,14,14,21,
0.5,446,bot4,fein_margin,0.1,SUCCESS,35,35,63,
0.5,447,bot4,fein_margin,0.1,BUTTON_BURNED,23,45,16,4
0.5,448,bot4,fein_margin,0.1,SUCCESS,53,53,61,
0.5,449,bot4,fein_margin,0.1,SUCCESS,38,38,48,
0.5,450,bot4,fein_margin,0.1,SUCCESS,18,18,14,
0.5,451,bot4,fein_margin,0.1,SUCCESS,30,30,56,
0.5,460,bot4,fein_margin,0.1,SUCCESS,24,24,34,
0.5,461,bot4,fein_margin,0.1,BUTTON_BURNED,35,40,19,8
0.5,462,bot4,fein_margin,0.1,BUTTON_BURNED,28,46,17,9
0.5,463,bot4,fein_margin,0.1,GAVE_UP,2,15,5,1
0.5,456,bot4,fein_margin,0.1,SUCCESS,17,17,13,
0.5,457,bot4,fein_margin,0.1,GAVE_UP,25,37,18,5
0.5,458,bot4,fein_margin,0.1,SUCCESS,36,36,40,
0.5,459,bot4,fein_margin,0.1,GAVE_UP,24,34,22,
0.5,468,bot4,fein_margin,0.1,BUTTON_BURNED,19,37,12,
0.5,469,bot4,fein_margin,0.1,SUCCESS,37,37,20,
0.5,470,bot4,fein_margin,0.1,SUCCESS,20,20,25,
0.5,471,bot4,fein_margin,0.1,SUCCESS,46,46,30,
0.5,452,bot4,fein_margin,0.1,BUTTON_BURNED,23,39,17,
0.5,453,bot4,fein_margin,0.1,BUTTON_BURNED,23,26,17,
0.5,454,bot4,fein_margin,0.1,SUCCESS,36,36,40,
0.5,455,bot4,fein_margin,0.1,SUCCESS,54,54,41,14
0.5,464,bot4,fein_margin,0.1,SUCCESS,49,49,42,
0.5,465,bot4,fein_margin,0.1,SUCCESS,15,15,51,
0.5,466,bot4,fein_margin,0.1,BUTTON_BURNED,22,31,12,
0.5,467,bot4,fein_margin,0.1,BURNED,12,17,13,
0.5,424,bot4,fein_margin,0.1,SUCCESS,60,60,39,
0.5,425,bot4,fein_margin,0.1,SUCCESS,37,37,33,
0.5,426,bot4,fein_margin,0.1,GAVE_UP,34,42,16,4
0.5,427,bot4,fein_margin,0.1,SUCCESS,55,55,40,
0.5,472,bot4,fein_margin,0.1,GAVE_UP,40,24,18,14
0.5,473,bot4,fein_margin,0.1,SUCCESS,23,23,24,
0.5,474,bot4,fein_margin,0.1,SUCCESS,35,35,28,
0.5,475,bot4,fein_margin,0.1,SUCCESS,49,49,48,
0.5,488,bot4,fein_margin,0.1,GAVE_UP,21,45,15,2
0.5,489,bot4,fein_margin,0.1,SUCCESS,30,30,55,
0.5,490,bot4,fein_margin,0.1,SUCCESS,19,19,19,
0.5,491,bot4,fein_margin,0.1,SUCCESS,8,8,13,
0.5,476,bot4,fein_margin,0.1,SUCCESS,28,28,34,
0.5,477,bot4,fein_margin,0.1,SUCCESS,21,21,32,
0.5,478,bot4,fein_margin,0.1,SUCCESS,29,29,27,
0.5,479,bot4,fein_margin,0.1,SUCCESS,46,46,60,
0.5,480,bot4,fein_margin,0.1,GAVE_UP,38,43,29,
0.5,481,bot4,fein_margin,0.1,SUCCESS,39,39,40,
0.5,482,bot4,fein_margin,0.1,SUCCESS,16,16,53,
0.5,483,bot4,fein_margin,0.1,SUCCESS,25,25,48,
0.5,484,bot4,fein_margin,0.1,SUCCESS,41,41,53,
0.5,485,bot4,fein_margin,0.1,SUCCESS,19,19,32,
0.5,486,bot4,fein_margin,0.1,SUCCESS,19,19,13,
0.5,487,bot4,fein_margin,0.1,SUCCESS,31,31,29,
0.6,0,bot4,fein_margin,0.1,SUCCESS,17,17,39,
0.6,1,bot4,fein_margin,0.1,SUCCESS,14,14,68,
0.6,2,bot4,fein_margin,0.1,SUCCESS,35,35,29,
0.6,3,bot4,fein_margin,0.1,SUCCESS,24,24,22,
0.5,492,bot4,fein_margin,0.1,SUCCESS,47,47,58,
0.5,493,bot4,fein_margin,0.1,SUCCESS,44,44,48,
0.5,494,bot4,fein_margin,0.1,SUCCESS,15,15,31,
0.5,495,bot4,fein_margin,0.1,SUCCESS,15,15,23,
0.6,4,bot4,fein_margin,0.1,GAVE_UP,26,41,26,1
0.6,5,bot4,fein_margin,0.1,SUCCESS,24,24,19,
0.6,6,bot4,fein_margin,0.1,SUCCESS,5,5,19,
0.6,7,bot4,fein_margin,0.1,SUCCESS,29,27,20,6
0.6,12,bot4,fein_margin,0.1,SUCCESS,30,30,24,
0.6,13,bot4,fein_margin,0.1,SUCCESS,16,16,62,
0.6,14,bot4,fein_margin,0.1,SUCCESS,28,28,49,
0.6,15,bot4,fein_margin,0.1,SUCCESS,13,13,30,
0.6,20,bot4,fein_margin,0.1,BUTTON_BURNED,26,43,16,3
0.6,21,bot4,fein_margin,0.1,SUCCESS,17,17,55,
0.6,22,bot4,fein_margin,0.1,SUCCESS,15,15,33,
0.6,23,bot4,fein_margin,0.1,SUCCESS,33,33,41,
0.6,24,bot4,fein_margin,0.1,GAVE_UP,44,65,27,23
0.6,25,bot4,fein_margin,0.1,SUCCESS,36,36,49,
0.6,26,bot4,fein_margin,0.1,SUCCESS,22,22,59,
0.6,27,bot4,fein_margin,0.1,SUCCESS,23,23,41,
0.6,32,bot4,fein_margin,0.1,SUCCESS,13,13,24,
0.6,33,bot4,fein_margin,0.1,BUTTON_BURNED,10,31,7,1
0.6,34,bot4,fein_margin,0.1,BUTTON_BURNED,14,39,9,5
0.6,35,bot4,fein_margin,0.1,SUCCESS,38,38,45,
0.6,8,bot4,fein_margin,0.1,SUCCESS,25,25,43,
0.6,9,bot4,fein_margin,0.1,BURNED,17,39,20,1
0.6,10,bot4,fein_margin,0.1,GAVE_UP,34,41,33,
0.6,11,bot4,fein_margin,0.1,BUTTON_BURNED,49,48,31,
0.5,496,bot4,fein_margin,0.1,SUCCESS,43,43,28,22
0.5,497,bot4,fein_margin,0.1,SUCCESS,24,24,39,
0.5,498,bot4,fein_margin,0.1,GAVE_UP,31,54,20,8
0.5,499,bot4,fein_margin,0.1,GAVE_UP,74,53,47,60
0.6,28,bot4,fein_margin,0.1,SUCCESS,20,20,23,
0.6,29,bot4,fein_margin,0.1,GAVE_UP,6,41,7,1
0.6,30,bot4,fein_margin,0.1,BUTTON_BURNED,24,41,14,
0.6,31,bot4,fein_margin,0.1,BUTTON_BURNED,64,68,44,45
0.6,48,bot4,fein_margin,0.1,SUCCESS,17,17,37,
0.6,49,bot4,fein_margin,0.1,SUCCESS,3,3,29,
0.6,50,bot4,fein_margin,0.1,SUCCESS,32,32,48,
0.6,51,bot4,fein_margin,0.1,SUCCESS,31,31,40,
0.6,16,bot4,fein_margin,0.1,SUCCESS,35,35,57,
0.6,17,bot4,fein_margin,0.1,SUCCESS,19,19,22,
0.6,18,bot4,fein_margin,0.1,SUCCESS,64,64,58,
0.6,19,bot4,fein_margin,0.1,GAVE_UP,47,49,33,30
0.6,36,bot4,fein_margin,0.1,SUCCESS,19,19,39,
0.6,37,bot4,fein_margin,0.1,GAVE_UP,29,54,26,7
0.6,38,bot4,fein_margin,0.1,SUCCESS,37,37,35,
0.6,39,bot4,fein_margin,0.1,BURNED,46,60,46,34
0.6,40,bot4,fein_margin,0.1,GAVE_UP,51,54,34,19
0.6,41,bot4,fein_margin,0.1,BURNED,15,26,18,4
0.6,42,bot4,fein_margin,0.1,SUCCESS,27,27,73,
0.6,43,bot4,fein_margin,0.1,BUTTON_BURNED,34,49,26,16
0.6,60,bot4,fein_margin,0.1,SUCCESS,38,38,48,
0.6,61,bot4,fein_margin,0.1,SUCCESS,11,11,36,
0.6,62,bot4,fein_margin,0.1,BUTTON_BURNED,18,24,14,1
0.6,63,bot4,fein_margin,0.1,BUTTON_BURNED,6,28,3,1
0.6,56,bot4,fein_margin,0.1,BUTTON_BURNED,12,54,7,1
0.6,57,bot4,fein_margin,0.1,SUCCESS,20,20,26,
0.6,58,bot4,fein_margin,0.1,GAVE_UP,16,47,12,
0.6,59,bot4,fein_margin,0.1,BURNED,27,52,44,11
0.6,52,bot4,fein_margin,0.1,SUCCESS,25,25,27,
0.6,53,bot4,fein_margin,0.1,SUCCESS,36,36,39,
0.6,54,bot4,fein_margin,0.1,SUCCESS,51,51,39,
0.6,55,bot4,fein_margin,0.1,SUCCESS,5,5,31,
0.6,68,bot4,fein_margin,0.1,SUCCESS,3,3,13,
0.6,69,bot4,fein_margin,0.1,SUCCESS,24,24,24,
0.6,70,bot4,fein_margin,0.1,SUCCESS,24,24,23,
0.6,71,bot4,fein_margin,0.1,GAVE_UP,18,46,13,1
0.6,44,bot4,fein_margin,0.1,SUCCESS,49,49,51,
0.6,45,bot4,fein_margin,0.1,SUCCESS,34,34,37,
0.6,46,bot4,fein_margin,0.1,SUCCESS,22,22,33,
0.6,47,bot4,fein_margin,0.1,GAVE_UP,33,48,25,2
0.6,84,bot4,fein_margin,0.1,BUTTON_BURNED,19,40,14,
0.6,85,bot4,fein_margin,0.1,SUCCESS,29,29,47,
0.6,86,bot4,fein_margin,0.1,SUCCESS,16,16,47,
0.6,87,bot4,fein_margin,0.1,SUCCESS,40,40,38,
0.6,96,bot4,fein_margin,0.1,GAVE_UP,20,53,20,1
0.6,97,bot4,fein_margin,0.1,SUCCESS,13,13,14,
0.6,98,bot4,fein_margin,0.1,SUCCESS,28,28,27,
0.6,99,bot4,fein_margin,0.1,SUCCESS,26,26,52,
0.6,72,bot4,fein_margin,0.1,BUTTON_BURNED,27,30,22,
0.6,73,bot4,fein_margin,0.1,SUCCESS,45,45,62,
0.6,74,bot4,fein_margin,0.1,SUCCESS,30,30,43,
0.6,75,bot4,fein_margin,0.1,BUTTON_BURNED,28,31,21,10
0.6,64,bot4,fein_margin,0.1,SUCCESS,56,56,60,
0.6,65,bot4,fein_margin,0.1,SUCCESS,2,2,58,
0.6,66,bot4,fein_margin,0.1,GAVE_UP,36,48,28,9
0.6,67,bot4,fein_margin,0.1,SUCCESS,27,27,61,
0.6,76,bot4,fein_margin,0.1,SUCCESS,39,39,50,
0.6,77,bot4,fein_margin,0.1,BUTTON_BURNED,12,34,6,1
0.6,78,bot4,fein_margin,0.1,SUCCESS,55,51,48,
0.6,79,bot4,fein_margin,0.1,BUTTON_BURNED,17,18,10,
0.6,88,bot4,fein_margin,0.1,GAVE_UP,29,55,13,1
0.6,89,bot4,fein_margin,0.1,GAVE_UP,34,50,32,2
0.6,90,bot4,fein_margin,0.1,GAVE_UP,24,51,40,1
0.6,91,bot4,fein_margin,0.1,SUCCESS,23,23,48,
0.6,80,bot4,fein_margin,0.1,BUTTON_BURNED,42,57,31,26
0.6,81,bot4,fein_margin,0.1,SUCCESS,43,43,56,
0.6,82,bot4,fein_margin,0.1,GAVE_UP,26,43,19,
0.6,83,bot4,fein_margin,0.1,SUCCESS,45,43,39,
0.6,100,bot4,fein_margin,0.1,BUTTON_BURNED,27,36,16,5
0.6,101,bot4,fein_margin,0.1,SUCCESS,46,46,47,
0.6,102,bot4,fein_margin,0.1,BURNED,26,48,38,7
0.6,103,bot4,fein_margin,0.1,GAVE_UP,9,68,9,1
0.6,104,bot4,fein_margin,0.1,SUCCESS,24,24,32,
0.6,105,bot4,fein_margin,0.1,BUTTON_BURNED,46,47,33,26
0.6,106,bot4,fein_margin,0.1,BUTTON_BURNED,16,41,10,1
0.6,107,bot4,fein_margin,0.1,GAVE_UP,20,40,24,1
0.6,112,bot4,fein_margin,0.1,SUCCESS,7,7,9,
0.6,113,bot4,fein_margin,0.1,SUCCESS,23,23,13,
0.6,114,bot4,fein_margin,0.1,SUCCESS,27,27,31,
0.6,115,bot4,fein_margin,0.1,SUCCESS,48,48,49,
0.6,108,bot4,fein_margin,0.1,SUCCESS,47,47,45,
0.6,109,bot4,fein_margin,0.1,SUCCESS,5,5,18,
0.6,110,bot4,fein_margin,0.1,SUCCESS,28,28,39,
0.6,111,bot4,fein_margin,0.1,GAVE_UP,34,57,31,15
0.6,92,bot4,fein_margin,0.1,GAVE_UP,49,46,37,27
0.6,93,bot4,fein_margin,0.1,SUCCESS,38,38,42,
0.6,94,bot4,fein_margin,0.1,SUCCESS,21,21,30,
0.6,95,bot4,fein_margin,0.1,SUCCESS,46,46,38,
0.6,124,bot4,fein_margin,0.1,SUCCESS,17,17,36,
0.6,125,bot4,fein_margin,0.1,SUCCESS,31,31,28,
0.6,126,bot4,fein_margin,0.1,SUCCESS,39,39,37,6
0.6,127,bot4,fein_margin,0.1,GAVE_UP,13,28,11,1
0.6,120,bot4,fein_margin,0.1,GAVE_UP,51,46,32,31
0.6,121,bot4,fein_margin,0.1,SUCCESS,27,27,19,
0.6,122,bot4,fein_margin,0.1,SUCCESS,7,7,56,
0.6,123,bot4,fein_margin,0.1,SUCCESS,31,31,35,
0.6,128,bot4,fein_margin,0.1,SUCCESS,39,39,35,
0.6,129,bot4,fein_margin,0.1,BUTTON_BURNED,4,56,4,1
0.6,130,bot4,fein_margin,0.1,SUCCESS,41,41,46,
0.6,131,bot4,fein_margin,0.1,SUCCESS,34,34,22,
0.6,116,bot4,fein_margin,0.1,SUCCESS,9,9,34,
0.6,117,bot4,fein_margin,0.1,SUCCESS,31,31,39,
0.6,118,bot4,fein_margin,0.1,SUCCESS,37,37,31,
0.6,119,bot4,fein_margin,0.1,SUCCESS,65,65,59,
0.6,140,bot4,fein_margin,0.1,GAVE_UP,26,35,19,1
0.6,141,bot4,fein_margin,0.1,SUCCESS,20,20,29,
0.6,142,bot4,fein_margin,0.1,SUCCESS,6,6,10,
0.6,143,bot4,fein_margin,0.1,SUCCESS,32,32,37,
0.6,148,bot4,fein_margin,0.1,SUCCESS,33,33,29,
0.6,149,bot4,fein_margin,0.1,SUCCESS,1,1,30,
0.6,150,bot4,fein_margin,0.1,SUCCESS,9,9,39,
0.6,151,bot4,fein_margin,0.1,SUCCESS,22,22,32,
0.6,160,bot4,fein_margin,0.1,SUCCESS,19,19,38,
0.6,161,bot4,fein_margin,0.1,BUTTON_BURNED,13,16,10,
0.6,162,bot4,fein_margin,0.1,SUCCESS,3,3,15,
0.6,163,bot4,fein_margin,0.1,SUCCESS,11,11,55,
0.6,132,bot4,fein_margin,0.1,SUCCESS,44,44,35,
0.6,133,bot4,fein_margin,0.1,SUCCESS,53,53,49,
0.6,134,bot4,fein_margin,0.1,SUCCESS,15,15,39,
0.6,135,bot4,fein_margin,0.1,SUCCESS,9,9,29,
0.6,144,bot4,fein_margin,0.1,BUTTON_BURNED,10,29,5,1
0.6,145,bot4,fein_margin,0.1,SUCCESS,49,49,37,
0.6,146,bot4,fein_margin,0.1,SUCCESS,29,29,51,
0.6,147,bot4,fein_margin,0.1,SUCCESS,11,11,33,
0.6,136,bot4,fein_margin,0.1,BURNED,39,47,47,35
0.6,137,bot4,fein_margin,0.1,GAVE_UP,22,33,15,1
0.6,138,bot4,fein_margin,0.1,SUCCESS,20,20,57,
0.6,139,bot4,fein_margin,0.1,SUCCESS,41,41,45,
0.6,152,bot4,fein_margin,0.1,GAVE_UP,45,63,36,26
0.6,153,bot4,fein_margin,0.1,BUTTON_BURNED,8,30,5,
0.6,154,bot4,fein_margin,0.1,GAVE_UP,10,56,8,1
0.6,155,bot4,fein_margin,0.1,SUCCESS,15,15,20,
0.6,164,bot4,fein_margin,0.1,SUCCESS,30,30,35,
0.6,165,bot4,fein_margin,0.1,SUCCESS,23,23,42,
0.6,166,bot4,fein_margin,0.1,SUCCESS,6,6,18,
0.6,167,bot4,fein_margin,0.1,SUCCESS,30,30,32,
0.6,156,bot4,fein_margin,0.1,GAVE_UP,9,28,7,1
0.6,157,bot4,fein_margin,0.1,SUCCESS,12,12,40,
0.6,158,bot4,fein_margin,0.1,GAVE_UP,41,33,31,13
0.6,159,bot4,fein_margin,0.1,GAVE_UP,32,40,25,11
0.6,176,bot4,fein_margin,0.1,GAVE_UP,15,46,12,1
0.6,177,bot4,fein_margin,0.1,SUCCESS,29,29,28,
0.6,178,bot4,fein_margin,0.1,SUCCESS,1,1,30,
0.6,179,bot4,fein_margin,0.1,SUCCESS,19,19,42,
0.6,184,bot4,fein_margin,0.1,GAVE_UP,27,47,27,1
0.6,185,bot4,fein_margin,0.1,GAVE_UP,6,10,9,
0.6,186,bot4,fein_margin,0.1,GAVE_UP,4,46,3,1
0.6,187,bot4,fein_margin,0.1,SUCCESS,32,32,48,
0.6,168,bot4,fein_margin,0.1,SUCCESS,9,9,19,
0.6,169,bot4,fein_margin,0.1,SUCCESS,30,30,20,
0.6,170,bot4,fein_margin,0.1,SUCCESS,11,11,33,
0.6,171,bot4,fein_margin,0.1,SUCCESS,42,42,40,
0.6,172,bot4,fein_margin,0.1,GAVE_UP,30,43,30,3
0.6,173,bot4,fein_margin,0.1,BURNED,31,43,27,13
0.6,174,bot4,fein_margin,0.1,SUCCESS,12,12,23,
0.6,175,bot4,fein_margin,0.1,SUCCESS,18,18,19,
0.6,200,bot4,fein_margin,0.1,SUCCESS,31,31,44,
0.6,201,bot4,fein_margin,0.1,SUCCESS,24,24,23,
0.6,202,bot4,fein_margin,0.1,SUCCESS,10,10,28,
0.6,203,bot4,fein_margin,0.1,SUCCESS,28,28,38,
0.6,180,bot4,fein_margin,0.1,GAVE_UP,12,49,45,3
0.6,181,bot4,fein_margin,0.1,SUCCESS,24,24,27,
0.6,182,bot4,fein_margin,0.1,SUCCESS,40,40,45,
0.6,183,bot4,fein_margin,0.1,SUCCESS,60,56,48,
0.6,192,bot4,fein_margin,0.1,SUCCESS,18,18,45,
0.6,193,bot4,fein_margin,0.1,GAVE_UP,15,35,17,3
0.6,194,bot4,fein_margin,0.1,SUCCESS,55,55,64,
0.6,195,bot4,fein_margin,0.1,BURNED,17,40,23,8
0.6,188,bot4,fein_margin,0.1,SUCCESS,23,23,45,
0.6,189,bot4,fein_margin,0.1,SUCCESS,25,25,54,
0.6,190,bot4,fein_margin,0.1,SUCCESS,48,48,55,
0.6,191,bot4,fein_margin,0.1,SUCCESS,40,40,31,
0.6,208,bot4,fein_margin,0.1,SUCCESS,43,43,34,
0.6,209,bot4,fein_margin,0.1,SUCCESS,35,35,61,
0.6,210,bot4,fein_margin,0.1,SUCCESS,31,31,36,
0.6,211,bot4,fein_margin,0.1,SUCCESS,6,6,30,
0.6,212,bot4,fein_margin,0.1,SUCCESS,39,39,50,
0.6,213,bot4,fein_margin,0.1,SUCCESS,35,35,55,
0.6,214,bot4,fein_margin,0.1,SUCCESS,12,12,42,
0.6,215,bot4,fein_margin,0.1,BURNED,33,38,21,13
0.6,204,bot4,fein_margin,0.1,SUCCESS,22,22,18,1
0.6,205,bot4,fein_margin,0.1,BURNED,43,55,33,23
0.6,206,bot4,fein_margin,0.1,SUCCESS,29,29,54,
0.6,207,bot4,fein_margin,0.1,SUCCESS,14,14,27,
0.6,216,bot4,fein_margin,0.1,BUTTON_BURNED,39,45,24,18
0.6,217,bot4,fein_margin,0.1,SUCCESS,21,21,26,
0.6,218,bot4,fein_margin,0.1,SUCCESS,17,17,54,
0.6,219,bot4,fein_margin,0.1,BUTTON_BURNED,37,56,28,15
0.6,196,bot4,fein_margin,0.1,SUCCESS,15,15,30,
0.6,197,bot4,fein_margin,0.1,BUTTON_BURNED,48,51,38,30
0.6,198,bot4,fein_margin,0.1,GAVE_UP,36,65,25,19
0.6,199,bot4,fein_margin,0.1,BUTTON_BURNED,36,52,24,
0.6,240,bot4,fein_margin,0.1,SUCCESS,10,10,39,
0.6,241,bot4,fein_margin,0.1,BUTTON_BURNED,26,28,17,
0.6,242,bot4,fein_margin,0.1,SUCCESS,30,30,23,
0.6,243,bot4,fein_margin,0.1,BUTTON_BURNED,28,65,19,9
0.6,248,bot4,fein_margin,0.1,SUCCESS,40,40,45,
0.6,249,bot4,fein_margin,0.1,SUCCESS,23,23,34,
0.6,250,bot4,fein_margin,0.1,GAVE_UP,27,30,20,6
0.6,251,bot4,fein_margin,0.1,SUCCESS,9,9,43,
0.6,220,bot4,fein_margin,0.1,SUCCESS,26,26,48,
0.6,221,bot4,fein_margin,0.1,SUCCESS,51,43,40,
0.6,222,bot4,fein_margin,0.1,SUCCESS,17,17,40,
0.6,223,bot4,fein_margin,0.1,SUCCESS,46,46,42,
0.6,228,bot4,fein_margin,0.1,GAVE_UP,34,37,28,15
0.6,229,bot4,fein_margin,0.1,SUCCESS,20,20,22,
0.6,230,bot4,fein_margin,0.1,SUCCESS,35,35,43,
0.6,231,bot4,fein_margin,0.1,SUCCESS,26,26,30,
0.6,244,bot4,fein_margin,0.1,GAVE_UP,44,61,35,24
0.6,245,bot4,fein_margin,0.1,SUCCESS,19,19,70,
0.6,246,bot4,fein_margin,0.1,GAVE_UP,8,24,11,6
0.6,247,bot4,fein_margin,0.1,BURNED,16,32,26,
0.6,224,bot4,fein_margin,0.1,SUCCESS,48,48,54,
0.6,225,bot4,fein_margin,0.1,SUCCESS,24,24,30,
0.6,226,bot4,fein_margin,0.1,BUTTON_BURNED,45,54,35,
0.6,227,bot4,fein_margin,0.1,SUCCESS,44,44,42,
0.6,236,bot4,fein_margin,0.1,SUCCESS,28,28,58,
0.6,237,bot4,fein_margin,0.1,SUCCESS,53,51,48,
0.6,238,bot4,fein_margin,0.1,SUCCESS,24,24,37,
0.6,239,bot4,fein_margin,0.1,SUCCESS,43,43,52,
0.6,256,bot4,fein_margin,0.1,GAVE_UP,8,28,13,
0.6,257,bot4,fein_margin,0.1,SUCCESS,10,10,27,
0.6,258,bot4,fein_margin,0.1,SUCCESS,43,43,45,
0.6,259,bot4,fein_margin,0.1,SUCCESS,5,5,15,
0.6,252,bot4,fein_margin,0.1,SUCCESS,34,34,46,
0.6,253,bot4,fein_margin,0.1,BUTTON_BURNED,36,55,18,
0.6,254,bot4,fein_margin,0.1,BUTTON_BURNED,26,32,19,7
0.6,255,bot4,fein_margin,0.1,SUCCESS,16,16,23,
0.6,260,bot4,fein_margin,0.1,SUCCESS,35,35,59,
0.6,261,bot4,fein_margin,0.1,SUCCESS,34,34,40,
0.6,262,bot4,fein_margin,0.1,SUCCESS,36,36,58,
0.6,263,bot4,fein_margin,0.1,SUCCESS,7,7,51,
0.6,232,bot4,fein_margin,0.1,SUCCESS,42,42,48,
0.6,233,bot4,fein_margin,0.1,SUCCESS,45,45,41,
0.6,234,bot4,fein_margin,0.1,GAVE_UP,52,39,35,27
0.6,235,bot4,fein_margin,0.1,SUCCESS,29,29,52,
0.6,264,bot4,fein_margin,0.1,GAVE_UP,19,49,33,6
0.6,265,bot4,fein_margin,0.1,GAVE_UP,36,42,27,16
0.6,266,bot4,fein_margin,0.1,BUTTON_BURNED,28,34,15,
0.6,267,bot4,fein_margin,0.1,SUCCESS,42,42,38,
0.6,272,bot4,fein_margin,0.1,SUCCESS,41,41,32,
0.6,273,bot4,fein_margin,0.1,SUCCESS,19,19,45,
0.6,274,bot4,fein_margin,0.1,SUCCESS,41,41,40,
0.6,275,bot4,fein_margin,0.1,SUCCESS,10,10,12,
0.6,268,bot4,fein_margin,0.1,SUCCESS,18,18,25,
0.6,269,bot4,fein_margin,0.1,SUCCESS,16,16,52,
0.6,270,bot4,fein_margin,0.1,SUCCESS,66,58,55,
0.6,271,bot4,fein_margin,0.1,SUCCESS,32,32,41,
0.6,276,bot4,fein_margin,0.1,SUCCESS,42,42,47,
0.6,277,bot4,fein_margin,0.1,SUCCESS,18,18,15,
0.6,278,bot4,fein_margin,0.1,SUCCESS,38,38,27,15
0.6,279,bot4,fein_margin,0.1,SUCCESS,20,20,32,
0.6,288,bot4,fein_margin,0.1,SUCCESS,5,5,12,
0.6,289,bot4,fein_margin,0.1,SUCCESS,19,19,51,
0.6,290,bot4,fein_margin,0.1,SUCCESS,63,63,67,
0.6,291,bot4,fein_margin,0.1,SUCCESS,28,28,45,
0.6,292,bot4,fein_margin,0.1,SUCCESS,18,18,15,
0.6,293,bot4,fein_margin,0.1,SUCCESS,25,25,53,
0.6,294,bot4,fein_margin,0.1,SUCCESS,46,46,34,
0.6,295,bot4,fein_margin,0.1,SUCCESS,32,32,30,1
0.6,284,bot4,fein_margin,0.1,SUCCESS,4,4,41,
0.6,285,bot4,fein_margin,0.1,SUCCESS,47,39,33,
0.6,286,bot4,fein_margin,0.1,SUCCESS,33,33,40,
0.6,287,bot4,fein_margin,0.1,SUCCESS,19,19,18,
0.6,300,bot4,fein_margin,0.1,SUCCESS,38,38,51,
0.6,301,bot4,fein_margin,0.1,SUCCESS,36,36,29,7
0.6,302,bot4,fein_margin,0.1,SUCCESS,7,7,48,
0.6,303,bot4,fein_margin,0.1,SUCCESS,17,17,48,
0.6,312,bot4,fein_margin,0.1,SUCCESS,13,13,14,
0.6,313,bot4,fein_margin,0.1,SUCCESS,30,30,53,
0.6,314,bot4,fein_margin,0.1,SUCCESS,18,18,40,
0.6,315,bot4,fein_margin,0.1,BUTTON_BURNED,10,23,7,
0.6,280,bot4,fein_margin,0.1,SUCCESS,36,36,30,
0.6,281,bot4,fein_margin,0.1,SUCCESS,32,32,35,
0.6,282,bot4,fein_margin,0.1,GAVE_UP,44,51,25,17
0.6,283,bot4,fein_margin,0.1,BURNED,28,29,18,
0.6,316,bot4,fein_margin,0.1,SUCCESS,9,9,37,
0.6,317,bot4,fein_margin,0.1,SUCCESS,6,6,42,
0.6,318,bot4,fein_margin,0.1,SUCCESS,17,17,39,
0.6,319,bot4,fein_margin,0.1,BUTTON_BURNED,15,36,12,1
0.6,304,bot4,fein_margin,0.1,BUTTON_BURNED,31,49,21,7
0.6,305,bot4,fein_margin,0.1,SUCCESS,20,20,16,3
0.6,306,bot4,fein_margin,0.1,BURNED,36,47,38,26
0.6,307,bot4,fein_margin,0.1,GAVE_UP,9,54,12,1
0.6,296,bot4,fein_margin,0.1,GAVE_UP,58,56,45,34
0.6,297,bot4,fein_margin,0.1,BURNED,44,49,32,20
0.6,298,bot4,fein_margin,0.1,SUCCESS,16,16,49,
0.6,299,bot4,fein_margin,0.1,SUCCESS,22,22,17,
0.6,324,bot4,fein_margin,0.1,BURNED,30,37,30,13
0.6,325,bot4,fein_margin,0.1,SUCCESS,23,23,40,
0.6,326,bot4,fein_margin,0.1,SUCCESS,9,9,50,
0.6,327,bot4,fein_margin,0.1,SUCCESS,42,38,28,22
0.6,336,bot4,fein_margin,0.1,BUTTON_BURNED,17,33,10,2
0.6,337,bot4,fein_margin,0.1,BURNED,35,56,30,20
0.6,338,bot4,fein_margin,0.1,SUCCESS,24,24,51,
0.6,339,bot4,fein_margin,0.1,SUCCESS,13,13,29,
0.6,320,bot4,fein_margin,0.1,SUCCESS,34,34,44,
0.6,321,bot4,fein_margin,0.1,BUTTON_BURNED,1,41,1,1
0.6,322,bot4,fein_margin,0.1,GAVE_UP,17,46,12,1
0.6,323,bot4,fein_margin,0.1,SUCCESS,46,42,33,
0.6,340,bot4,fein_margin,0.1,GAVE_UP,23,38,20,1
0.6,341,bot4,fein_margin,0.1,BUTTON_BURNED,10,47,8,8
0.6,342,bot4,fein_margin,0.1,GAVE_UP,26,53,22,7
0.6,343,bot4,fein_margin,0.1,SUCCESS,31,31,24,
0.6,308,bot4,fein_margin,0.1,BUTTON_BURNED,20,54,11,1
0.6,309,bot4,fein_margin,0.1,SUCCESS,50,50,39,26
0.6,310,bot4,fein_margin,0.1,BUTTON_BURNED,15,22,8,
0.6,311,bot4,fein_margin,0.1,SUCCESS,51,51,49,
0.6,328,bot4,fein_margin,0.1,SUCCESS,38,38,37,
0.6,329,bot4,fein_margin,0.1,SUCCESS,34,34,45,
0.6,330,bot4,fein_margin,0.1,BUTTON_BURNED,27,42,17,
0.6,331,bot4,fein_margin,0.1,GAVE_UP,41,50,31,18
0.6,344,bot4,fein_margin,0.1,SUCCESS,40,40,50,
0.6,345,bot4,fein_margin,0.1,SUCCESS,25,25,23,
0.6,346,bot4,fein_margin,0.1,SUCCESS,21,21,43,
0.6,347,bot4,fein_margin,0.1,GAVE_UP,25,34,15,
0.6,332,bot4,fein_margin,0.1,SUCCESS,49,49,52,
0.6,333,bot4,fein_margin,0.1,SUCCESS,6,6,53,
0.6,334,bot4,fein_margin,0.1,GAVE_UP,45,56,36,
0.6,335,bot4,fein_margin,0.1,GAVE_UP,26,43,23,5
0.6,348,bot4,fein_margin,0.1,SUCCESS,11,11,25,
0.6,349,bot4,fein_margin,0.1,BUTTON_BURNED,6,24,4,
0.6,350,bot4,fein_margin,0.1,SUCCESS,52,52,51,
0.6,351,bot4,fein_margin,0.1,BUTTON_BURNED,27,47,17,13
0.6,356,bot4,fein_margin,0.1,SUCCESS,20,20,39,
0.6,357,bot4,fein_margin,0.1,SUCCESS,27,27,28,
0.6,358,bot4,fein_margin,0.1,BURNED,37,44,24,12
0.6,359,bot4,fein_margin,0.1,BUTTON_BURNED,12,46,9,1
0.6,360,bot4,fein_margin,0.1,SUCCESS,29,29,29,
0.6,361,bot4,fein_margin,0.1,SUCCESS,37,37,55,
0.6,362,bot4,fein_margin,0.1,SUCCESS,21,21,41,
0.6,363,bot4,fein_margin,0.1,BUTTON_BURNED,20,23,11,1
0.6,352,bot4,fein_margin,0.1,SUCCESS,52,52,56,
0.6,353,bot4,fein_margin,0.1,SUCCESS,31,31,42,
0.6,354,bot4,fein_margin,0.1,SUCCESS,11,11,31,
0.6,355,bot4,fein_margin,0.1,SUCCESS,30,30,39,
0.6,364,bot4,fein_margin,0.1,SUCCESS,2,2,9,
0.6,365,bot4,fein_margin,0.1,GAVE_UP,34,57,32,12
0.6,366,bot4,fein_margin,0.1,GAVE_UP,37,49,27,
0.6,367,bot4,fein_margin,0.1,SUCCESS,13,13,52,
0.6,380,bot4,fein_margin,0.1,BUTTON_BURNED,32,45,20,
0.6,381,bot4,fein_margin,0.1,SUCCESS,13,13,24,
0.6,382,bot4,fein_margin,0.1,SUCCESS,31,31,33,
0.6,383,bot4,fein_margin,0.1,SUCCESS,9,9,40,
0.6,388,bot4,fein_margin,0.1,SUCCESS,25,25,46,
0.6,389,bot4,fein_margin,0.1,SUCCESS,12,12,25,
0.6,390,bot4,fein_margin,0.1,SUCCESS,10,10,36,
0.6,391,bot4,fein_margin,0.1,SUCCESS,25,25,41,
0.6,376,bot4,fein_margin,0.1,BUTTON_BURNED,5,30,5,
0.6,377,bot4,fein_margin,0.1,SUCCESS,8,8,19,
0.6,378,bot4,fein_margin,0.1,GAVE_UP,7,39,18,
0.6,379,bot4,fein_margin,0.1,BUTTON_BURNED,60,52,42,
0.6,368,bot4,fein_margin,0.1,BUTTON_BURNED,47,48,32,26
0.6,369,bot4,fein_margin,0.1,SUCCESS,32,32,31,
0.6,370,bot4,fein_margin,0.1,SUCCESS,23,23,23,
0.6,371,bot4,fein_margin,0.1,SUCCESS,37,37,43,
0.6,384,bot4,fein_margin,0.1,SUCCESS,6,6,28,
0.6,385,bot4,fein_margin,0.1,SUCCESS,48,48,48,
0.6,386,bot4,fein_margin,0.1,SUCCESS,47,47,34,19
0.6,387,bot4,fein_margin,0.1,GAVE_UP,22,60,25,4
0.6,372,bot4,fein_margin,0.1,SUCCESS,35,35,35,
0.6,373,bot4,fein_margin,0.1,GAVE_UP,45,53,41,27
0.6,374,bot4,fein_margin,0.1,SUCCESS,24,24,44,
0.6,375,bot4,fein_margin,0.1,SUCCESS,8,8,46,
0.6,396,bot4,fein_margin,0.1,SUCCESS,10,10,44,
0.6,397,bot4,fein_margin,0.1,SUCCESS,9,9,27,
0.6,398,bot4,fein_margin,0.1,GAVE_UP,49,55,40,31
0.6,399,bot4,fein_margin,0.1,SUCCESS,9,9,49,
0.6,392,bot4,fein_margin,0.1,GAVE_UP,20,23,16,2
0.6,393,bot4,fein_margin,0.1,GAVE_UP,45,49,34,27
0.6,394,bot4,fein_margin,0.1,SUCCESS,33,33,46,
0.6,395,bot4,fein_margin,0.1,SUCCESS,26,26,66,
0.6,400,bot4,fein_margin,0.1,SUCCESS,39,39,37,
0.6,401,bot4,fein_margin,0.1,SUCCESS,37,37,48,
0.6,402,bot4,fein_margin,0.1,SUCCESS,25,25,16,
0.6,403,bot4,fein_margin,0.1,BUTTON_BURNED,9,37,7,1
0.6,416,bot4,fein_margin,0.1,SUCCESS,18,18,40,
0.6,417,bot4,fein_margin,0.1,SUCCESS,5,5,18,
0.6,418,bot4,fein_margin,0.1,SUCCESS,13,13,42,
0.6,419,bot4,fein_margin,0.1,SUCCESS,10,10,43,
0.6,412,bot4,fein_margin,0.1,SUCCESS,21,21,43,
0.6,413,bot4,fein_margin,0.1,SUCCESS,13,13,31,
0.6,414,bot4,fein_margin,0.1,BUTTON_BURNED,26,34,21,8
0.6,415,bot4,fein_margin,0.1,SUCCESS,13,13,40,
0.6,428,bot4,fein_margin,0.1,SUCCESS,5,5,65,
0.6,429,bot4,fein_margin,0.1,SUCCESS,20,20,21,
0.6,430,bot4,fein_margin,0.1,GAVE_UP,18,22,12,1
0.6,431,bot4,fein_margin,0.1,SUCCESS,5,5,40,
0.6,404,bot4,fein_margin,0.1,SUCCESS,41,41,43,
0.6,405,bot4,fein_margin,0.1,SUCCESS,35,35,32,
0.6,406,bot4,fein_margin,0.1,SUCCESS,45,45,51,
0.6,407,bot4,fein_margin,0.1,SUCCESS,30,30,46,
0.6,420,bot4,fein_margin,0.1,SUCCESS,28,28,30,
0.6,421,bot4,fein_margin,0.1,BUTTON_BURNED,22,47,10,1
0.6,422,bot4,fein_margin,0.1,SUCCESS,7,7,24,
0.6,423,bot4,fein_margin,0.1,SUCCESS,42,42,42,
0.6,440,bot4,fein_margin,0.1,SUCCESS,12,12,36,
0.6,441,bot4,fein_margin,0.1,SUCCESS,23,23,24,
0.6,442,bot4,fein_margin,0.1,GAVE_UP,18,40,17,1
0.6,443,bot4,fein_margin,0.1,BUTTON_BURNED,29,28,16,2
0.6,432,bot4,fein_margin,0.1,GAVE_UP,27,49,21,3
0.6,433,bot4,fein_margin,0.1,SUCCESS,19,19,16,
0.6,434,bot4,fein_margin,0.1,GAVE_UP,32,31,25,1
0.6,435,bot4,fein_margin,0.1,BUTTON_BURNED,29,52,16,6
0.6,444,bot4,fein_margin,0.1,SUCCESS,24,24,48,
0.6,445,bot4,fein_margin,0.1,SUCCESS,14,14,21,
0.6,446,bot4,fein_margin,0.1,SUCCESS,35,35,63,
0.6,447,bot4,fein_margin,0.1,GAVE_UP,21,45,16,2
0.6,408,bot4,fein_margin,0.1,SUCCESS,58,58,52,
0.6,409,bot4,fein_margin,0.1,SUCCESS,26,26,19,
0.6,410,bot4,fein_margin,0.1,SUCCESS,46,46,54,
0.6,411,bot4,fein_margin,0.1,GAVE_UP,13,28,13,1
0.6,436,bot4,fein_margin,0.1,SUCCESS,23,23,31,
0.6,437,bot4,fein_margin,0.1,SUCCESS,20,20,62,
0.6,438,bot4,fein_margin,0.1,SUCCESS,30,30,25,
0.6,439,bot4,fein_margin,0.1,SUCCESS,61,61,49,8
0.6,424,bot4,fein_margin,0.1,BURNED,50,60,39,23
0.6,425,bot4,fein_margin,0.1,SUCCESS,37,37,33,
0.6,426,bot4,fein_margin,0.1,BUTTON_BURNED,22,42,16,2
0.6,427,bot4,fein_margin,0.1,BURNED,34,55,40,
0.6,456,bot4,fein_margin,0.1,SUCCESS,17,17,13,
0.6,457,bot4,fein_margin,0.1,GAVE_UP,19,37,18,2
0.6,458,bot4,fein_margin,0.1,SUCCESS,36,36,40,
0.6,459,bot4,fein_margin,0.1,GAVE_UP,17,34,22,
0.6,448,bot4,fein_margin,0.1,SUCCESS,53,53,61,
0.6,449,bot4,fein_margin,0.1,SUCCESS,38,38,48,
0.6,450,bot4,fein_margin,0.1,SUCCESS,18,18,14,
0.6,451,bot4,fein_margin,0.1,SUCCESS,30,30,56,
0.6,452,bot4,fein_margin,0.1,BUTTON_BURNED,28,39,17,
0.6,453,bot4,fein_margin,0.1,SUCCESS,26,26,17,
0.6,454,bot4,fein_margin,0.1,SUCCESS,36,36,40,
0.6,455,bot4,fein_margin,0.1,BURNED,48,54,41,32
0.6,460,bot4,fein_margin,0.1,SUCCESS,24,24,34,
0.6,461,bot4,fein_margin,0.1,BUTTON_BURNED,29,40,19,6
0.6,462,bot4,fein_margin,0.1,BURNED,31,46,17,5
0.6,463,bot4,fein_margin,0.1,GAVE_UP,2,15,5,1
0.6,468,bot4,fein_margin,0.1,BUTTON_BURNED,14,37,12,1
0.6,469,bot4,fein_margin,0.1,GAVE_UP,30,37,20,
0.6,470,bot4,fein_margin,0.1,SUCCESS,20,20,25,
0.6,471,bot4,fein_margin,0.1,SUCCESS,46,46,30,
0.6,464,bot4,fein_margin,0.1,SUCCESS,49,49,42,
0.6,465,bot4,fein_margin,0.1,SUCCESS,15,15,51,
0.6,466,bot4,fein_margin,0.1,BUTTON_BURNED,16,31,12,
0.6,467,bot4,fein_margin,0.1,SUCCESS,17,17,13,
0.6,480,bot4,fein_margin,0.1,GAVE_UP,29,43,29,11
0.6,481,bot4,fein_margin,0.1,SUCCESS,39,39,40,
0.6,482,bot4,fein_margin,0.1,SUCCESS,16,16,53,
0.6,483,bot4,fein_margin,0.1,SUCCESS,25,25,48,
0.6,476,bot4,fein_margin,0.1,SUCCESS,28,28,34,
0.6,477,bot4,fein_margin,0.1,SUCCESS,21,21,32,
0.6,478,bot4,fein_margin,0.1,SUCCESS,29,29,27,
0.6,479,bot4,fein_margin,0.1,SUCCESS,46,46,60,
0.6,472,bot4,fein_margin,0.1,GAVE_UP,32,24,18,4
0.6,473,bot4,fein_margin,0.1,SUCCESS,23,23,24,
0.6,474,bot4,fein_margin,0.1,SUCCESS,35,35,28,
0.6,475,bot4,fein_margin,0.1,SUCCESS,49,49,48,
0.6,484,bot4,fein_margin,0.1,SUCCESS,41,41,53,
0.6,485,bot4,fein_margin,0.1,SUCCESS,19,19,32,
0.6,486,bot4,fein_margin,0.1,SUCCESS,19,19,13,
0.6,487,bot4,fein_margin,0.1,SUCCESS,31,31,29,
0.6,488,bot4,fein_margin,0.1,BUTTON_BURNED,19,45,15,1
0.6,489,bot4,fein_margin,0.1,SUCCESS,30,30,55,
0.6,490,bot4,fein_margin,0.1,SUCCESS,27,19,19,
0.6,491,bot4,fein_margin,0.1,SUCCESS,8,8,13,
0.6,492,bot4,fein_margin,0.1,SUCCESS,47,47,58,
0.6,493,bot4,fein_margin,0.1,SUCCESS,44,44,48,
0.6,494,bot4,fein_margin,0.1,SUCCESS,15,15,31,
0.6,495,bot4,fein_margin,0.1,SUCCESS,15,15,23,
0.6,496,bot4,fein_margin,0.1,BUTTON_BURNED,35,43,28,16
0.6,497,bot4,fein_margin,0.1,SUCCESS,24,24,39,
0.6,498,bot4,fein_margin,0.1,GAVE_UP,29,54,20,3
0.6,499,bot4,fein_margin,0.1,GAVE_UP,53,53,47,34
