q,trial,bot,param,value,outcome,steps,bot_to_button,fire_to_button,fein_activated_at
0.0,12,bot1,,,SUCCESS,30,30,24,
0.0,12,bot2,,,SUCCESS,30,30,24,
0.0,12,bot3,,,SUCCESS,30,30,24,
0.0,12,bot4,,,SUCCESS,30,30,24,
0.0,13,bot1,,,SUCCESS,16,16,62,
0.0,13,bot2,,,SUCCESS,16,16,62,
0.0,13,bot3,,,SUCCESS,16,16,62,
0.0,13,bot4,,,SUCCESS,16,16,62,
0.0,14,bot1,,,SUCCESS,28,28,49,
0.0,14,bot2,,,SUCCESS,28,28,49,
0.0,14,bot3,,,SUCCESS,28,28,49,
0.0,14,bot4,,,SUCCESS,28,28,49,
0.0,15,bot1,,,SUCCESS,13,13,30,
0.0,15,bot2,,,SUCCESS,13,13,30,
0.0,15,bot3,,,SUCCESS,13,13,30,
0.0,15,bot4,,,SUCCESS,13,13,30,
0.0,0,bot1,,,SUCCESS,17,17,39,
0.0,0,bot2,,,SUCCESS,17,17,39,
0.0,0,bot3,,,SUCCESS,17,17,39,
0.0,0,bot4,,,SUCCESS,17,17,39,
0.0,1,bot1,,,SUCCESS,14,14,68,
0.0,1,bot2,,,SUCCESS,14,14,68,
0.0,1,bot3,,,SUCCESS,14,14,68,
0.0,1,bot4,,,SUCCESS,14,14,68,
0.0,2,bot1,,,SUCCESS,35,35,29,
0.0,2,bot2,,,SUCCESS,35,35,29,
0.0,2,bot3,,,SUCCESS,35,35,29,
0.0,2,bot4,,,SUCCESS,35,35,29,
0.0,3,bot1,,,SUCCESS,24,24,22,
0.0,3,bot2,,,SUCCESS,24,24,22,
0.0,3,bot3,,,SUCCESS,24,24,22,
0.0,3,bot4,,,SUCCESS,24,24,22,
0.0,20,bot1,,,SUCCESS,43,43,16,
0.0,20,bot2,,,SUCCESS,43,43,16,
0.0,20,bot3,,,SUCCESS,43,43,16,
0.0,20,bot4,,,SUCCESS,43,43,16,
0.0,21,bot1,,,SUCCESS,17,17,55,
0.0,21,bot2,,,SUCCESS,17,17,55,
0.0,21,bot3,,,SUCCESS,17,17,55,
0.0,21,bot4,,,SUCCESS,17,17,55,
0.0,22,bot1,,,SUCCESS,15,15,33,
0.0,22,bot2,,,SUCCESS,15,15,33,
0.0,22,bot3,,,SUCCESS,15,15,33,
0.0,22,bot4,,,SUCCESS,15,15,33,
0.0,23,bot1,,,SUCCESS,33,33,41,
0.0,23,bot2,,,SUCCESS,33,33,41,
0.0,23,bot3,,,SUCCESS,33,33,41,
0.0,23,bot4,,,SUCCESS,33,33,41,
0.0,4,bot1,,,SUCCESS,41,41,26,
0.0,4,bot2,,,SUCCESS,41,41,26,
0.0,4,bot3,,,SUCCESS,41,41,26,
0.0,4,bot4,,,SUCCESS,41,41,26,
0.0,5,bot1,,,SUCCESS,24,24,19,
0.0,5,bot2,,,SUCCESS,24,24,19,
0.0,5,bot3,,,SUCCESS,24,24,19,
0.0,5,bot4,,,SUCCESS,24,24,19,
0.0,6,bot1,,,SUCCESS,5,5,19,
0.0,6,bot2,,,SUCCESS,5,5,19,
0.0,6,bot3,,,SUCCESS,5,5,19,
0.0,6,bot4,,,SUCCESS,5,5,19,
0.0,7,bot1,,,SUCCESS,27,27,20,
0.0,7,bot2,,,SUCCESS,27,27,20,
0.0,7,bot3,,,SUCCESS,27,27,20,
0.0,7,bot4,,,SUCCESS,27,27,20,
0.0,24,bot1,,,SUCCESS,65,65,27,
0.0,24,bot2,,,SUCCESS,65,65,27,
0.0,24,bot3,,,SUCCESS,65,65,27,
0.0,24,bot4,,,SUCCESS,65,65,27,
0.0,25,bot1,,,SUCCESS,36,36,49,
0.0,25,bot2,,,SUCCESS,36,36,49,
0.0,25,bot3,,,SUCCESS,36,36,49,
0.0,25,bot4,,,SUCCESS,36,36,49,
0.0,26,bot1,,,SUCCESS,22,22,59,
0.0,26,bot2,,,SUCCESS,22,22,59,
0.0,26,bot3,,,SUCCESS,22,22,59,
0.0,26,bot4,,,SUCCESS,22,22,59,
0.0,27,bot1,,,SUCCESS,23,23,41,
0.0,27,bot2,,,SUCCESS,23,23,41,
0.0,27,bot3,,,SUCCESS,23,23,41,
0.0,27,bot4,,,SUCCESS,23,23,41,
0.0,8,bot1,,,SUCCESS,25,25,43,
0.0,8,bot2,,,SUCCESS,25,25,43,
0.0,8,bot3,,,SUCCESS,25,25,43,
0.0,8,bot4,,,SUCCESS,25,25,43,
0.0,9,bot1,,,SUCCESS,39,39,20,
0.0,9,bot2,,,SUCCESS,39,39,20,
0.0,9,bot3,,,SUCCESS,39,39,20,
0.0,9,bot4,,,SUCCESS,39,39,20,
0.0,10,bot1,,,SUCCESS,41,41,33,
0.0,10,bot2,,,SUCCESS,41,41,33,
0.0,10,bot3,,,SUCCESS,41,41,33,
0.0,10,bot4,,,SUCCESS,41,41,33,
0.0,11,bot1,,,SUCCESS,48,48,31,
0.0,11,bot2,,,SUCCESS,48,48,31,
0.0,11,bot3,,,SUCCESS,48,48,31,
0.0,11,bot4,,,SUCCESS,48,48,31,
0.0,16,bot1,,,SUCCESS,35,35,57,
0.0,16,bot2,,,SUCCESS,35,35,57,
0.0,16,bot3,,,SUCCESS,35,35,57,
0.0,16,bot4,,,SUCCESS,35,35,57,
0.0,17,bot1,,,SUCCESS,19,19,22,
0.0,17,bot2,,,SUCCESS,19,19,22,
0.0,17,bot3,,,SUCCESS,19,19,22,
0.0,17,bot4,,,SUCCESS,19,19,22,
0.0,18,bot1,,,SUCCESS,64,64,58,
0.0,18,bot2,,,SUCCESS,64,64,58,
0.0,18,bot3,,,SUCCESS,64,64,58,
0.0,18,bot4,,,SUCCESS,64,64,58,
0.0,19,bot1,,,SUCCESS,49,49,33,
0.0,19,bot2,,,SUCCESS,49,49,33,
0.0,19,bot3,,,SUCCESS,49,49,33,
0.0,19,bot4,,,SUCCESS,49,49,33,
0.0,32,bot1,,,SUCCESS,13,13,24,
0.0,32,bot2,,,SUCCESS,13,13,24,
0.0,32,bot3,,,SUCCESS,13,13,24,
0.0,32,bot4,,,SUCCESS,13,13,24,
0.0,33,bot1,,,SUCCESS,31,31,7,
0.0,33,bot2,,,SUCCESS,31,31,7,
0.0,33,bot3,,,SUCCESS,31,31,7,
0.0,33,bot4,,,SUCCESS,31,31,7,
0.0,34,bot1,,,SUCCESS,39,39,9,
0.0,34,bot2,,,SUCCESS,39,39,9,
0.0,34,bot3,,,SUCCESS,39,39,9,
0.0,34,bot4,,,SUCCESS,39,39,9,
0.0,35,bot1,,,SUCCESS,38,38,45,
0.0,35,bot2,,,SUCCESS,38,38,45,
0.0,35,bot3,,,SUCCESS,38,38,45,
0.0,35,bot4,,,SUCCESS,38,38,45,
0.0,48,bot1,,,SUCCESS,17,17,37,
0.0,48,bot2,,,SUCCESS,17,17,37,
0.0,48,bot3,,,SUCCESS,17,17,37,
0.0,48,bot4,,,SUCCESS,17,17,37,
0.0,49,bot1,,,SUCCESS,3,3,29,
0.0,49,bot2,,,SUCCESS,3,3,29,
0.0,49,bot3,,,SUCCESS,3,3,29,
0.0,49,bot4,,,SUCCESS,3,3,29,
0.0,50,bot1,,,SUCCESS,32,32,48,
0.0,50,bot2,,,SUCCESS,32,32,48,
0.0,50,bot3,,,SUCCESS,32,32,48,
0.0,50,bot4,,,SUCCESS,32,32,48,
0.0,51,bot1,,,SUCCESS,31,31,40,
0.0,51,bot2,,,SUCCESS,31,31,40,
0.0,51,bot3,,,SUCCESS,31,31,40,
0.0,51,bot4,,,SUCCESS,31,31,40,
0.0,28,bot1,,,SUCCESS,20,20,23,
0.0,28,bot2,,,SUCCESS,20,20,23,
0.0,28,bot3,,,SUCCESS,20,20,23,
0.0,28,bot4,,,SUCCESS,20,20,23,
0.0,29,bot1,,,SUCCESS,41,41,7,
0.0,29,bot2,,,SUCCESS,41,41,7,
0.0,29,bot3,,,SUCCESS,43,41,7,
0.0,29,bot4,,,SUCCESS,41,41,7,
0.0,30,bot1,,,SUCCESS,41,41,14,
0.0,30,bot2,,,SUCCESS,41,41,14,
0.0,30,bot3,,,SUCCESS,41,41,14,
0.0,30,bot4,,,SUCCESS,41,41,14,
0.0,31,bot1,,,SUCCESS,68,68,44,
0.0,31,bot2,,,SUCCESS,68,68,44,
0.0,31,bot3,,,SUCCESS,68,68,44,
0.0,31,bot4,,,SUCCESS,68,68,44,
0.0,36,bot1,,,SUCCESS,19,19,39,
0.0,36,bot2,,,SUCCESS,19,19,39,
0.0,36,bot3,,,SUCCESS,19,19,39,
0.0,36,bot4,,,SUCCESS,19,19,39,
0.0,37,bot1,,,SUCCESS,54,54,26,
0.0,37,bot2,,,SUCCESS,54,54,26,
0.0,37,bot3,,,SUCCESS,54,54,26,
0.0,37,bot4,,,SUCCESS,54,54,26,
0.0,38,bot1,,,SUCCESS,37,37,35,
0.0,38,bot2,,,SUCCESS,37,37,35,
0.0,38,bot3,,,SUCCESS,37,37,35,
0.0,38,bot4,,,SUCCESS,37,37,35,
0.0,39,bot1,,,SUCCESS,60,60,46,
0.0,39,bot2,,,SUCCESS,60,60,46,
0.0,39,bot3,,,SUCCESS,60,60,46,
0.0,39,bot4,,,SUCCESS,60,60,46,
0.0,40,bot1,,,SUCCESS,54,54,34,
0.0,40,bot2,,,SUCCESS,54,54,34,
0.0,40,bot3,,,SUCCESS,54,54,34,
0.0,40,bot4,,,SUCCESS,54,54,34,
0.0,41,bot1,,,SUCCESS,26,26,18,
0.0,41,bot2,,,SUCCESS,26,26,18,
0.0,41,bot3,,,SUCCESS,26,26,18,
0.0,41,bot4,,,SUCCESS,26,26,18,
0.0,42,bot1,,,SUCCESS,27,27,73,
0.0,42,bot2,,,SUCCESS,27,27,73,
0.0,42,bot3,,,SUCCESS,27,27,73,
0.0,42,bot4,,,SUCCESS,27,27,73,
0.0,43,bot1,,,SUCCESS,49,49,26,
0.0,43,bot2,,,SUCCESS,49,49,26,
0.0,43,bot3,,,SUCCESS,49,49,26,
0.0,43,bot4,,,SUCCESS,49,49,26,
0.0,44,bot1,,,SUCCESS,49,49,51,
0.0,44,bot2,,,SUCCESS,49,49,51,
0.0,44,bot3,,,SUCCESS,49,49,51,
0.0,44,bot4,,,SUCCESS,49,49,51,
0.0,45,bot1,,,SUCCESS,34,34,37,
0.0,45,bot2,,,SUCCESS,34,34,37,
0.0,45,bot3,,,SUCCESS,34,34,37,
0.0,45,bot4,,,SUCCESS,34,34,37,
0.0,46,bot1,,,SUCCESS,22,22,33,
0.0,46,bot2,,,SUCCESS,22,22,33,
0.0,46,bot3,,,SUCCESS,22,22,33,
0.0,46,bot4,,,SUCCESS,22,22,33,
0.0,47,bot1,,,SUCCESS,48,48,25,
0.0,47,bot2,,,SUCCESS,48,48,25,
0.0,47,bot3,,,SUCCESS,48,48,25,
0.0,47,bot4,,,SUCCESS,48,48,25,
0.0,60,bot1,,,SUCCESS,38,38,48,
0.0,60,bot2,,,SUCCESS,38,38,48,
0.0,60,bot3,,,SUCCESS,38,38,48,
0.0,60,bot4,,,SUCCESS,38,38,48,
0.0,61,bot1,,,SUCCESS,11,11,36,
0.0,61,bot2,,,SUCCESS,11,11,36,
0.0,61,bot3,,,SUCCESS,11,11,36,
0.0,61,bot4,,,SUCCESS,11,11,36,
0.0,62,bot1,,,SUCCESS,24,24,14,
0.0,62,bot2,,,SUCCESS,24,24,14,
0.0,62,bot3,,,SUCCESS,24,24,14,
0.0,62,bot4,,,SUCCESS,24,24,14,
0.0,63,bot1,,,SUCCESS,28,28,3,
0.0,63,bot2,,,SUCCESS,28,28,3,
0.0,63,bot3,,,SUCCESS,28,28,3,
0.0,63,bot4,,,SUCCESS,28,28,3,
0.0,52,bot1,,,SUCCESS,25,25,27,
0.0,52,bot2,,,SUCCESS,25,25,27,
0.0,52,bot3,,,SUCCESS,25,25,27,
0.0,52,bot4,,,SUCCESS,25,25,27,
0.0,53,bot1,,,SUCCESS,36,36,39,
0.0,53,bot2,,,SUCCESS,36,36,39,
0.0,53,bot3,,,SUCCESS,36,36,39,
0.0,53,bot4,,,SUCCESS,36,36,39,
0.0,54,bot1,,,SUCCESS,51,51,39,
0.0,54,bot2,,,SUCCESS,51,51,39,
0.0,54,bot3,,,SUCCESS,51,51,39,
0.0,54,bot4,,,SUCCESS,51,51,39,
0.0,55,bot1,,,SUCCESS,5,5,31,
0.0,55,bot2,,,SUCCESS,5,5,31,
0.0,55,bot3,,,SUCCESS,5,5,31,
0.0,55,bot4,,,SUCCESS,5,5,31,
0.0,68,bot1,,,SUCCESS,3,3,13,
0.0,68,bot2,,,SUCCESS,3,3,13,
0.0,68,bot3,,,SUCCESS,3,3,13,
0.0,68,bot4,,,SUCCESS,3,3,13,
0.0,69,bot1,,,SUCCESS,24,24,24,
0.0,69,bot2,,,SUCCESS,24,24,24,
0.0,69,bot3,,,SUCCESS,24,24,24,
0.0,69,bot4,,,SUCCESS,24,24,24,
0.0,70,bot1,,,SUCCESS,24,24,23,
0.0,70,bot2,,,SUCCESS,24,24,23,
0.0,70,bot3,,,SUCCESS,24,24,23,
0.0,70,bot4,,,SUCCESS,24,24,23,
0.0,71,bot1,,,SUCCESS,46,46,13,
0.0,71,bot2,,,SUCCESS,46,46,13,
0.0,71,bot3,,,SUCCESS,46,46,13,
0.0,71,bot4,,,SUCCESS,46,46,13,
0.0,64,bot1,,,SUCCESS,56,56,60,
0.0,64,bot2,,,SUCCESS,56,56,60,
0.0,64,bot3,,,SUCCESS,56,56,60,
0.0,64,bot4,,,SUCCESS,56,56,60,
0.0,65,bot1,,,SUCCESS,2,2,58,
0.0,65,bot2,,,SUCCESS,2,2,58,
0.0,65,bot3,,,SUCCESS,2,2,58,
0.0,65,bot4,,,SUCCESS,2,2,58,
0.0,66,bot1,,,SUCCESS,48,48,28,
0.0,66,bot2,,,SUCCESS,48,48,28,
0.0,66,bot3,,,SUCCESS,48,48,28,
0.0,66,bot4,,,SUCCESS,48,48,28,
0.0,67,bot1,,,SUCCESS,27,27,61,
0.0,67,bot2,,,SUCCESS,27,27,61,
0.0,67,bot3,,,SUCCESS,27,27,61,
0.0,67,bot4,,,SUCCESS,27,27,61,
0.0,84,bot1,,,SUCCESS,40,40,14,
0.0,84,bot2,,,SUCCESS,40,40,14,
0.0,84,bot3,,,SUCCESS,40,40,14,
0.0,84,bot4,,,SUCCESS,40,40,14,
0.0,85,bot1,,,SUCCESS,29,29,47,
0.0,85,bot2,,,SUCCESS,29,29,47,
0.0,85,bot3,,,SUCCESS,29,29,47,
0.0,85,bot4,,,SUCCESS,29,29,47,
0.0,86,bot1,,,SUCCESS,16,16,47,
0.0,86,bot2,,,SUCCESS,16,16,47,
0.0,86,bot3,,,SUCCESS,16,16,47,
0.0,86,bot4,,,SUCCESS,16,16,47,
0.0,87,bot1,,,SUCCESS,40,40,38,
0.0,87,bot2,,,SUCCESS,40,40,38,
0.0,87,bot3,,,SUCCESS,40,40,38,
0.0,87,bot4,,,SUCCESS,40,40,38,
0.0,72,bot1,,,SUCCESS,30,30,22,
0.0,72,bot2,,,SUCCESS,30,30,22,
0.0,72,bot3,,,SUCCESS,30,30,22,
0.0,72,bot4,,,SUCCESS,30,30,22,
0.0,73,bot1,,,SUCCESS,45,45,62,
0.0,73,bot2,,,SUCCESS,45,45,62,
0.0,73,bot3,,,SUCCESS,45,45,62,
0.0,73,bot4,,,SUCCESS,45,45,62,
0.0,74,bot1,,,SUCCESS,30,30,43,
0.0,74,bot2,,,SUCCESS,30,30,43,
0.0,74,bot3,,,SUCCESS,30,30,43,
0.0,74,bot4,,,SUCCESS,30,30,43,
0.0,75,bot1,,,SUCCESS,31,31,21,
0.0,75,bot2,,,SUCCESS,31,31,21,
0.0,75,bot3,,,SUCCESS,31,31,21,
0.0,75,bot4,,,SUCCESS,31,31,21,
0.0,56,bot1,,,SUCCESS,54,54,7,
0.0,56,bot2,,,SUCCESS,54,54,7,
0.0,56,bot3,,,SUCCESS,54,54,7,
0.0,56,bot4,,,SUCCESS,54,54,7,
0.0,57,bot1,,,SUCCESS,20,20,26,
0.0,57,bot2,,,SUCCESS,20,20,26,
0.0,57,bot3,,,SUCCESS,20,20,26,
0.0,57,bot4,,,SUCCESS,20,20,26,
0.0,58,bot1,,,SUCCESS,47,47,12,
0.0,58,bot2,,,SUCCESS,47,47,12,
0.0,58,bot3,,,SUCCESS,47,47,12,
0.0,58,bot4,,,SUCCESS,47,47,12,
0.0,59,bot1,,,SUCCESS,52,52,44,
0.0,59,bot2,,,SUCCESS,52,52,44,
0.0,59,bot3,,,SUCCESS,52,52,44,
0.0,59,bot4,,,SUCCESS,52,52,44,
0.0,76,bot1,,,SUCCESS,39,39,50,
0.0,76,bot2,,,SUCCESS,39,39,50,
0.0,76,bot3,,,SUCCESS,39,39,50,
0.0,76,bot4,,,SUCCESS,39,39,50,
0.0,77,bot1,,,SUCCESS,34,34,6,
0.0,77,bot2,,,SUCCESS,34,34,6,
0.0,77,bot3,,,SUCCESS,34,34,6,
0.0,77,bot4,,,SUCCESS,34,34,6,
0.0,78,bot1,,,SUCCESS,51,51,48,
0.0,78,bot2,,,SUCCESS,51,51,48,
0.0,78,bot3,,,SUCCESS,51,51,48,
0.0,78,bot4,,,SUCCESS,51,51,48,
0.0,79,bot1,,,SUCCESS,18,18,10,
0.0,79,bot2,,,SUCCESS,18,18,10,
0.0,79,bot3,,,SUCCESS,18,18,10,
0.0,79,bot4,,,SUCCESS,18,18,10,
0.0,96,bot1,,,SUCCESS,53,53,20,
0.0,96,bot2,,,SUCCESS,53,53,20,
0.0,96,bot3,,,SUCCESS,53,53,20,
0.0,96,bot4,,,SUCCESS,53,53,20,
0.0,97,bot1,,,SUCCESS,13,13,14,
0.0,97,bot2,,,SUCCESS,13,13,14,
0.0,97,bot3,,,SUCCESS,13,13,14,
0.0,97,bot4,,,SUCCESS,13,13,14,
0.0,98,bot1,,,SUCCESS,28,28,27,
0.0,98,bot2,,,SUCCESS,28,28,27,
0.0,98,bot3,,,SUCCESS,28,28,27,
0.0,98,bot4,,,SUCCESS,28,28,27,
0.0,99,bot1,,,SUCCESS,26,26,52,
0.0,99,bot2,,,SUCCESS,26,26,52,
0.0,99,bot3,,,SUCCESS,26,26,52,
0.0,99,bot4,,,SUCCESS,26,26,52,
0.0,80,bot1,,,SUCCESS,57,57,31,
0.0,80,bot2,,,SUCCESS,57,57,31,
0.0,80,bot3,,,SUCCESS,57,57,31,
0.0,80,bot4,,,SUCCESS,57,57,31,
0.0,81,bot1,,,SUCCESS,43,43,56,
0.0,81,bot2,,,SUCCESS,43,43,56,
0.0,81,bot3,,,SUCCESS,43,43,56,
0.0,81,bot4,,,SUCCESS,43,43,56,
0.0,82,bot1,,,SUCCESS,43,43,19,
0.0,82,bot2,,,SUCCESS,43,43,19,
0.0,82,bot3,,,SUCCESS,43,43,19,
0.0,82,bot4,,,SUCCESS,43,43,19,
0.0,83,bot1,,,SUCCESS,43,43,39,
0.0,83,bot2,,,SUCCESS,43,43,39,
0.0,83,bot3,,,SUCCESS,43,43,39,
0.0,83,bot4,,,SUCCESS,43,43,39,
0.0,92,bot1,,,SUCCESS,46,46,37,
0.0,92,bot2,,,SUCCESS,46,46,37,
0.0,92,bot3,,,SUCCESS,46,46,37,
0.0,92,bot4,,,SUCCESS,46,46,37,
0.0,93,bot1,,,SUCCESS,38,38,42,
0.0,93,bot2,,,SUCCESS,38,38,42,
0.0,93,bot3,,,SUCCESS,38,38,42,
0.0,93,bot4,,,SUCCESS,38,38,42,
0.0,94,bot1,,,SUCCESS,21,21,30,
0.0,94,bot2,,,SUCCESS,21,21,30,
0.0,94,bot3,,,SUCCESS,21,21,30,
0.0,94,bot4,,,SUCCESS,21,21,30,
0.0,95,bot1,,,SUCCESS,46,46,38,
0.0,95,bot2,,,SUCCESS,46,46,38,
0.0,95,bot3,,,SUCCESS,46,46,38,
0.0,95,bot4,,,SUCCESS,46,46,38,
0.0,112,bot1,,,SUCCESS,7,7,9,
0.0,112,bot2,,,SUCCESS,7,7,9,
0.0,112,bot3,,,SUCCESS,7,7,9,
0.0,112,bot4,,,SUCCESS,7,7,9,
0.0,113,bot1,,,SUCCESS,23,23,13,
0.0,113,bot2,,,SUCCESS,23,23,13,
0.0,113,bot3,,,SUCCESS,23,23,13,
0.0,113,bot4,,,SUCCESS,23,23,13,
0.0,114,bot1,,,SUCCESS,27,27,31,
0.0,114,bot2,,,SUCCESS,27,27,31,
0.0,114,bot3,,,SUCCESS,27,27,31,
0.0,114,bot4,,,SUCCESS,27,27,31,
0.0,115,bot1,,,SUCCESS,48,48,49,
0.0,115,bot2,,,SUCCESS,48,48,49,
0.0,115,bot3,,,SUCCESS,48,48,49,
0.0,115,bot4,,,SUCCESS,48,48,49,
0.0,88,bot1,,,SUCCESS,55,55,13,
0.0,88,bot2,,,SUCCESS,55,55,13,
0.0,88,bot3,,,SUCCESS,57,55,13,
0.0,88,bot4,,,SUCCESS,55,55,13,
0.0,89,bot1,,,SUCCESS,50,50,32,
0.0,89,bot2,,,SUCCESS,50,50,32,
0.0,89,bot3,,,SUCCESS,50,50,32,
0.0,89,bot4,,,SUCCESS,50,50,32,
0.0,90,bot1,,,SUCCESS,51,51,40,
0.0,90,bot2,,,SUCCESS,51,51,40,
0.0,90,bot3,,,SUCCESS,51,51,40,
0.0,90,bot4,,,SUCCESS,51,51,40,
0.0,91,bot1,,,SUCCESS,23,23,48,
0.0,91,bot2,,,SUCCESS,23,23,48,
0.0,91,bot3,,,SUCCESS,23,23,48,
0.0,91,bot4,,,SUCCESS,23,23,48,
0.0,104,bot1,,,SUCCESS,24,24,32,
0.0,104,bot2,,,SUCCESS,24,24,32,
0.0,104,bot3,,,SUCCESS,24,24,32,
0.0,104,bot4,,,SUCCESS,24,24,32,
0.0,105,bot1,,,SUCCESS,47,47,33,
0.0,105,bot2,,,SUCCESS,47,47,33,
0.0,105,bot3,,,SUCCESS,47,47,33,
0.0,105,bot4,,,SUCCESS,47,47,33,
0.0,106,bot1,,,SUCCESS,41,41,10,
0.0,106,bot2,,,SUCCESS,41,41,10,
0.0,106,bot3,,,SUCCESS,41,41,10,
0.0,106,bot4,,,SUCCESS,41,41,10,
0.0,107,bot1,,,SUCCESS,40,40,24,
0.0,107,bot2,,,SUCCESS,40,40,24,
0.0,107,bot3,,,SUCCESS,40,40,24,
0.0,107,bot4,,,SUCCESS,40,40,24,
0.0,120,bot1,,,SUCCESS,46,46,32,
0.0,120,bot2,,,SUCCESS,46,46,32,
0.0,120,bot3,,,SUCCESS,46,46,32,
0.0,120,bot4,,,SUCCESS,46,46,32,
0.0,121,bot1,,,SUCCESS,27,27,19,
0.0,121,bot2,,,SUCCESS,27,27,19,
0.0,121,bot3,,,SUCCESS,27,27,19,
0.0,121,bot4,,,SUCCESS,27,27,19,
0.0,122,bot1,,,SUCCESS,7,7,56,
0.0,122,bot2,,,SUCCESS,7,7,56,
0.0,122,bot3,,,SUCCESS,7,7,56,
0.0,122,bot4,,,SUCCESS,7,7,56,
0.0,123,bot1,,,SUCCESS,31,31,35,
0.0,123,bot2,,,SUCCESS,31,31,35,
0.0,123,bot3,,,SUCCESS,31,31,35,
0.0,123,bot4,,,SUCCESS,31,31,35,
0.0,108,bot1,,,SUCCESS,47,47,45,
0.0,108,bot2,,,SUCCESS,47,47,45,
0.0,108,bot3,,,SUCCESS,47,47,45,
0.0,108,bot4,,,SUCCESS,47,47,45,
0.0,109,bot1,,,SUCCESS,5,5,18,
0.0,109,bot2,,,SUCCESS,5,5,18,
0.0,109,bot3,,,SUCCESS,5,5,18,
0.0,109,bot4,,,SUCCESS,5,5,18,
0.0,110,bot1,,,SUCCESS,28,28,39,
0.0,110,bot2,,,SUCCESS,28,28,39,
0.0,110,bot3,,,SUCCESS,28,28,39,
0.0,110,bot4,,,SUCCESS,28,28,39,
0.0,111,bot1,,,SUCCESS,57,57,31,
0.0,111,bot2,,,SUCCESS,57,57,31,
0.0,111,bot3,,,SUCCESS,57,57,31,
0.0,111,bot4,,,SUCCESS,57,57,31,
0.0,100,bot1,,,SUCCESS,36,36,16,
0.0,100,bot2,,,SUCCESS,36,36,16,
0.0,100,bot3,,,SUCCESS,36,36,16,
0.0,100,bot4,,,SUCCESS,36,36,16,
0.0,101,bot1,,,SUCCESS,46,46,47,
0.0,101,bot2,,,SUCCESS,46,46,47,
0.0,101,bot3,,,SUCCESS,46,46,47,
0.0,101,bot4,,,SUCCESS,46,46,47,
0.0,102,bot1,,,SUCCESS,48,48,38,
0.0,102,bot2,,,SUCCESS,48,48,38,
0.0,102,bot3,,,SUCCESS,48,48,38,
0.0,102,bot4,,,SUCCESS,48,48,38,
0.0,103,bot1,,,SUCCESS,68,68,9,
0.0,103,bot2,,,SUCCESS,68,68,9,
0.0,103,bot3,,,SUCCESS,68,68,9,
0.0,103,bot4,,,SUCCESS,68,68,9,
0.0,124,bot1,,,SUCCESS,17,17,36,
0.0,124,bot2,,,SUCCESS,17,17,36,
0.0,124,bot3,,,SUCCESS,17,17,36,
0.0,124,bot4,,,SUCCESS,17,17,36,
0.0,125,bot1,,,SUCCESS,31,31,28,
0.0,125,bot2,,,SUCCESS,31,31,28,
0.0,125,bot3,,,SUCCESS,31,31,28,
0.0,125,bot4,,,SUCCESS,31,31,28,
0.0,126,bot1,,,SUCCESS,39,39,37,
0.0,126,bot2,,,SUCCESS,39,39,37,
0.0,126,bot3,,,SUCCESS,39,39,37,
0.0,126,bot4,,,SUCCESS,39,39,37,
0.0,127,bot1,,,SUCCESS,28,28,11,
0.0,127,bot2,,,SUCCESS,28,28,11,
0.0,127,bot3,,,SUCCESS,28,28,11,
0.0,127,bot4,,,SUCCESS,28,28,11,
0.0,116,bot1,,,SUCCESS,9,9,34,
0.0,116,bot2,,,SUCCESS,9,9,34,
0.0,116,bot3,,,SUCCESS,9,9,34,
0.0,116,bot4,,,SUCCESS,9,9,34,
0.0,117,bot1,,,SUCCESS,31,31,39,
0.0,117,bot2,,,SUCCESS,31,31,39,
0.0,117,bot3,,,SUCCESS,31,31,39,
0.0,117,bot4,,,SUCCESS,31,31,39,
0.0,118,bot1,,,SUCCESS,37,37,31,
0.0,118,bot2,,,SUCCESS,37,37,31,
0.0,118,bot3,,,SUCCESS,37,37,31,
0.0,118,bot4,,,SUCCESS,37,37,31,
0.0,119,bot1,,,SUCCESS,65,65,59,
0.0,119,bot2,,,SUCCESS,65,65,59,
0.0,119,bot3,,,SUCCESS,65,65,59,
0.0,119,bot4,,,SUCCESS,65,65,59,
0.0,132,bot1,,,SUCCESS,44,44,35,
0.0,132,bot2,,,SUCCESS,44,44,35,
0.0,132,bot3,,,SUCCESS,44,44,35,
0.0,132,bot4,,,SUCCESS,44,44,35,
0.0,133,bot1,,,SUCCESS,53,53,49,
0.0,133,bot2,,,SUCCESS,53,53,49,
0.0,133,bot3,,,SUCCESS,53,53,49,
0.0,133,bot4,,,SUCCESS,53,53,49,
0.0,134,bot1,,,SUCCESS,15,15,39,
0.0,134,bot2,,,SUCCESS,15,15,39,
0.0,134,bot3,,,SUCCESS,15,15,39,
0.0,134,bot4,,,SUCCESS,15,15,39,
0.0,135,bot1,,,SUCCESS,9,9,29,
0.0,135,bot2,,,SUCCESS,9,9,29,
0.0,135,bot3,,,SUCCESS,9,9,29,
0.0,135,bot4,,,SUCCESS,9,9,29,
0.0,148,bot1,,,SUCCESS,33,33,29,
0.0,148,bot2,,,SUCCESS,33,33,29,
0.0,148,bot3,,,SUCCESS,33,33,29,
0.0,148,bot4,,,SUCCESS,33,33,29,
0.0,149,bot1,,,SUCCESS,1,1,30,
0.0,149,bot2,,,SUCCESS,1,1,30,
0.0,149,bot3,,,SUCCESS,1,1,30,
0.0,149,bot4,,,SUCCESS,1,1,30,
0.0,150,bot1,,,SUCCESS,9,9,39,
0.0,150,bot2,,,SUCCESS,9,9,39,
0.0,150,bot3,,,SUCCESS,9,9,39,
0.0,150,bot4,,,SUCCESS,9,9,39,
0.0,151,bot1,,,SUCCESS,22,22,32,
0.0,151,bot2,,,SUCCESS,22,22,32,
0.0,151,bot3,,,SUCCESS,22,22,32,
0.0,151,bot4,,,SUCCESS,22,22,32,
0.0,140,bot1,,,SUCCESS,35,35,19,
0.0,140,bot2,,,SUCCESS,35,35,19,
0.0,140,bot3,,,SUCCESS,35,35,19,
0.0,140,bot4,,,SUCCESS,35,35,19,
0.0,141,bot1,,,SUCCESS,20,20,29,
0.0,141,bot2,,,SUCCESS,20,20,29,
0.0,141,bot3,,,SUCCESS,20,20,29,
0.0,141,bot4,,,SUCCESS,20,20,29,
0.0,142,bot1,,,SUCCESS,6,6,10,
0.0,142,bot2,,,SUCCESS,6,6,10,
0.0,142,bot3,,,SUCCESS,6,6,10,
0.0,142,bot4,,,SUCCESS,6,6,10,
0.0,143,bot1,,,SUCCESS,32,32,37,
0.0,143,bot2,,,SUCCESS,32,32,37,
0.0,143,bot3,,,SUCCESS,32,32,37,
0.0,143,bot4,,,SUCCESS,32,32,37,
0.0,144,bot1,,,SUCCESS,29,29,5,
0.0,144,bot2,,,SUCCESS,29,29,5,
0.0,144,bot3,,,SUCCESS,29,29,5,
0.0,144,bot4,,,SUCCESS,29,29,5,
0.0,145,bot1,,,SUCCESS,49,49,37,
0.0,145,bot2,,,SUCCESS,49,49,37,
0.0,145,bot3,,,SUCCESS,49,49,37,
0.0,145,bot4,,,SUCCESS,49,49,37,
0.0,146,bot1,,,SUCCESS,29,29,51,
0.0,146,bot2,,,SUCCESS,29,29,51,
0.0,146,bot3,,,SUCCESS,29,29,51,
0.0,146,bot4,,,SUCCESS,29,29,51,
0.0,147,bot1,,,SUCCESS,11,11,33,
0.0,147,bot2,,,SUCCESS,11,11,33,
0.0,147,bot3,,,SUCCESS,11,11,33,
0.0,147,bot4,,,SUCCESS,11,11,33,
0.0,128,bot1,,,SUCCESS,39,39,35,
0.0,128,bot2,,,SUCCESS,39,39,35,
0.0,128,bot3,,,SUCCESS,39,39,35,
0.0,128,bot4,,,SUCCESS,39,39,35,
0.0,129,bot1,,,SUCCESS,56,56,4,
0.0,129,bot2,,,SUCCESS,56,56,4,
0.0,129,bot3,,,SUCCESS,56,56,4,
0.0,129,bot4,,,SUCCESS,56,56,4,
0.0,130,bot1,,,SUCCESS,41,41,46,
0.0,130,bot2,,,SUCCESS,41,41,46,
0.0,130,bot3,,,SUCCESS,41,41,46,
0.0,130,bot4,,,SUCCESS,41,41,46,
0.0,131,bot1,,,SUCCESS,34,34,22,
0.0,131,bot2,,,SUCCESS,34,34,22,
0.0,131,bot3,,,SUCCESS,34,34,22,
0.0,131,bot4,,,SUCCESS,34,34,22,
0.0,160,bot1,,,SUCCESS,19,19,38,
0.0,160,bot2,,,SUCCESS,19,19,38,
0.0,160,bot3,,,SUCCESS,19,19,38,
0.0,160,bot4,,,SUCCESS,19,19,38,
0.0,161,bot1,,,SUCCESS,16,16,10,
0.0,161,bot2,,,SUCCESS,16,16,10,
0.0,161,bot3,,,SUCCESS,16,16,10,
0.0,161,bot4,,,SUCCESS,16,16,10,
0.0,162,bot1,,,SUCCESS,3,3,15,
0.0,162,bot2,,,SUCCESS,3,3,15,
0.0,162,bot3,,,SUCCESS,3,3,15,
0.0,162,bot4,,,SUCCESS,3,3,15,
0.0,163,bot1,,,SUCCESS,11,11,55,
0.0,163,bot2,,,SUCCESS,11,11,55,
0.0,163,bot3,,,SUCCESS,11,11,55,
0.0,163,bot4,,,SUCCESS,11,11,55,
0.0,136,bot1,,,SUCCESS,47,47,47,
0.0,136,bot2,,,SUCCESS,47,47,47,
0.0,136,bot3,,,SUCCESS,47,47,47,
0.0,136,bot4,,,SUCCESS,47,47,47,
0.0,137,bot1,,,SUCCESS,33,33,15,
0.0,137,bot2,,,SUCCESS,33,33,15,
0.0,137,bot3,,,SUCCESS,33,33,15,
0.0,137,bot4,,,SUCCESS,33,33,15,
0.0,138,bot1,,,SUCCESS,20,20,57,
0.0,138,bot2,,,SUCCESS,20,20,57,
0.0,138,bot3,,,SUCCESS,20,20,57,
0.0,138,bot4,,,SUCCESS,20,20,57,
0.0,139,bot1,,,SUCCESS,41,41,45,
0.0,139,bot2,,,SUCCESS,41,41,45,
0.0,139,bot3,,,SUCCESS,41,41,45,
0.0,139,bot4,,,SUCCESS,41,41,45,
0.0,156,bot1,,,SUCCESS,28,28,7,
0.0,156,bot2,,,SUCCESS,28,28,7,
0.0,156,bot3,,,SUCCESS,28,28,7,
0.0,156,bot4,,,SUCCESS,28,28,7,
0.0,157,bot1,,,SUCCESS,12,12,40,
0.0,157,bot2,,,SUCCESS,12,12,40,
0.0,157,bot3,,,SUCCESS,12,12,40,
0.0,157,bot4,,,SUCCESS,12,12,40,
0.0,158,bot1,,,SUCCESS,33,33,31,
0.0,158,bot2,,,SUCCESS,33,33,31,
0.0,158,bot3,,,SUCCESS,33,33,31,
0.0,158,bot4,,,SUCCESS,33,33,31,
0.0,159,bot1,,,SUCCESS,40,40,25,
0.0,159,bot2,,,SUCCESS,40,40,25,
0.0,159,bot3,,,SUCCESS,40,40,25,
0.0,159,bot4,,,SUCCESS,40,40,25,
0.0,164,bot1,,,SUCCESS,30,30,35,
0.0,164,bot2,,,SUCCESS,30,30,35,
0.0,164,bot3,,,SUCCESS,30,30,35,
0.0,164,bot4,,,SUCCESS,30,30,35,
0.0,165,bot1,,,SUCCESS,23,23,42,
0.0,165,bot2,,,SUCCESS,23,23,42,
0.0,165,bot3,,,SUCCESS,23,23,42,
0.0,165,bot4,,,SUCCESS,23,23,42,
0.0,166,bot1,,,SUCCESS,6,6,18,
0.0,166,bot2,,,SUCCESS,6,6,18,
0.0,166,bot3,,,SUCCESS,6,6,18,
0.0,166,bot4,,,SUCCESS,6,6,18,
0.0,167,bot1,,,SUCCESS,30,30,32,
0.0,167,bot2,,,SUCCESS,30,30,32,
0.0,167,bot3,,,SUCCESS,30,30,32,
0.0,167,bot4,,,SUCCESS,30,30,32,
0.0,168,bot1,,,SUCCESS,9,9,19,
0.0,168,bot2,,,SUCCESS,9,9,19,
0.0,168,bot3,,,SUCCESS,9,9,19,
0.0,168,bot4,,,SUCCESS,9,9,19,
0.0,169,bot1,,,SUCCESS,30,30,20,
0.0,169,bot2,,,SUCCESS,30,30,20,
0.0,169,bot3,,,SUCCESS,30,30,20,
0.0,169,bot4,,,SUCCESS,30,30,20,
0.0,170,bot1,,,SUCCESS,11,11,33,
0.0,170,bot2,,,SUCCESS,11,11,33,
0.0,170,bot3,,,SUCCESS,11,11,33,
0.0,170,bot4,,,SUCCESS,11,11,33,
0.0,171,bot1,,,SUCCESS,42,42,40,
0.0,171,bot2,,,SUCCESS,42,42,40,
0.0,171,bot3,,,SUCCESS,42,42,40,
0.0,171,bot4,,,SUCCESS,42,42,40,
0.0,172,bot1,,,SUCCESS,43,43,30,
0.0,172,bot2,,,SUCCESS,43,43,30,
0.0,172,bot3,,,SUCCESS,43,43,30,
0.0,172,bot4,,,SUCCESS,43,43,30,
0.0,173,bot1,,,SUCCESS,43,43,27,
0.0,173,bot2,,,SUCCESS,43,43,27,
0.0,173,bot3,,,SUCCESS,43,43,27,
0.0,173,bot4,,,SUCCESS,43,43,27,
0.0,174,bot1,,,SUCCESS,12,12,23,
0.0,174,bot2,,,SUCCESS,12,12,23,
0.0,174,bot3,,,SUCCESS,12,12,23,
0.0,174,bot4,,,SUCCESS,12,12,23,
0.0,175,bot1,,,SUCCESS,18,18,19,
0.0,175,bot2,,,SUCCESS,18,18,19,
0.0,175,bot3,,,SUCCESS,18,18,19,
0.0,175,bot4,,,SUCCESS,18,18,19,
0.0,176,bot1,,,SUCCESS,46,46,12,
0.0,176,bot2,,,SUCCESS,46,46,12,
0.0,176,bot3,,,SUCCESS,46,46,12,
0.0,176,bot4,,,SUCCESS,46,46,12,
0.0,177,bot1,,,SUCCESS,29,29,28,
0.0,177,bot2,,,SUCCESS,29,29,28,
0.0,177,bot3,,,SUCCESS,29,29,28,
0.0,177,bot4,,,SUCCESS,29,29,28,
0.0,178,bot1,,,SUCCESS,1,1,30,
0.0,178,bot2,,,SUCCESS,1,1,30,
0.0,178,bot3,,,SUCCESS,1,1,30,
0.0,178,bot4,,,SUCCESS,1,1,30,
0.0,179,bot1,,,SUCCESS,19,19,42,
0.0,179,bot2,,,SUCCESS,19,19,42,
0.0,179,bot3,,,SUCCESS,19,19,42,
0.0,179,bot4,,,SUCCESS,19,19,42,
0.0,152,bot1,,,SUCCESS,63,63,36,
0.0,152,bot2,,,SUCCESS,63,63,36,
0.0,152,bot3,,,SUCCESS,63,63,36,
0.0,152,bot4,,,SUCCESS,63,63,36,
0.0,153,bot1,,,SUCCESS,30,30,5,
0.0,153,bot2,,,SUCCESS,30,30,5,
0.0,153,bot3,,,SUCCESS,30,30,5,
0.0,153,bot4,,,SUCCESS,30,30,5,
0.0,154,bot1,,,SUCCESS,64,56,8,
0.0,154,bot2,,,SUCCESS,64,56,8,
0.0,154,bot3,,,SUCCESS,64,56,8,
0.0,154,bot4,,,SUCCESS,64,56,8,
0.0,155,bot1,,,SUCCESS,15,15,20,
0.0,155,bot2,,,SUCCESS,15,15,20,
0.0,155,bot3,,,SUCCESS,15,15,20,
0.0,155,bot4,,,SUCCESS,15,15,20,
0.0,188,bot1,,,SUCCESS,23,23,45,
0.0,188,bot2,,,SUCCESS,23,23,45,
0.0,188,bot3,,,SUCCESS,23,23,45,
0.0,188,bot4,,,SUCCESS,23,23,45,
0.0,189,bot1,,,SUCCESS,25,25,54,
0.0,189,bot2,,,SUCCESS,25,25,54,
0.0,189,bot3,,,SUCCESS,25,25,54,
0.0,189,bot4,,,SUCCESS,25,25,54,
0.0,190,bot1,,,SUCCESS,48,48,55,
0.0,190,bot2,,,SUCCESS,48,48,55,
0.0,190,bot3,,,SUCCESS,48,48,55,
0.0,190,bot4,,,SUCCESS,48,48,55,
0.0,191,bot1,,,SUCCESS,40,40,31,
0.0,191,bot2,,,SUCCESS,40,40,31,
0.0,191,bot3,,,SUCCESS,40,40,31,
0.0,191,bot4,,,SUCCESS,40,40,31,
0.05,0,bot1,,,SUCCESS,17,17,39,
0.05,0,bot2,,,SUCCESS,17,17,39,
0.05,0,bot3,,,SUCCESS,17,17,39,
0.05,0,bot4,,,SUCCESS,17,17,39,
0.05,1,bot1,,,SUCCESS,14,14,68,
0.05,1,bot2,,,SUCCESS,14,14,68,
0.05,1,bot3,,,SUCCESS,14,14,68,
0.05,1,bot4,,,SUCCESS,14,14,68,
0.05,2,bot1,,,SUCCESS,35,35,29,
0.05,2,bot2,,,SUCCESS,35,35,29,
0.05,2,bot3,,,SUCCESS,35,35,29,
0.05,2,bot4,,,SUCCESS,35,35,29,
0.05,3,bot1,,,SUCCESS,24,24,22,
0.05,3,bot2,,,SUCCESS,24,24,22,
0.05,3,bot3,,,SUCCESS,24,24,22,
0.05,3,bot4,,,SUCCESS,24,24,22,
0.0,184,bot1,,,SUCCESS,47,47,27,
0.0,184,bot2,,,SUCCESS,47,47,27,
0.0,184,bot3,,,SUCCESS,47,47,27,
0.0,184,bot4,,,SUCCESS,47,47,27,
0.0,185,bot1,,,SUCCESS,12,10,9,
0.0,185,bot2,,,SUCCESS,12,10,9,
0.0,185,bot3,,,SUCCESS,12,10,9,
0.0,185,bot4,,,SUCCESS,12,10,9,
0.0,186,bot1,,,SUCCESS,46,46,3,
0.0,186,bot2,,,SUCCESS,46,46,3,
0.0,186,bot3,,,SUCCESS,46,46,3,
0.0,186,bot4,,,SUCCESS,46,46,3,
0.0,187,bot1,,,SUCCESS,32,32,48,
0.0,187,bot2,,,SUCCESS,32,32,48,
0.0,187,bot3,,,SUCCESS,32,32,48,
0.0,187,bot4,,,SUCCESS,32,32,48,
0.0,180,bot1,,,SUCCESS,49,49,45,
0.0,180,bot2,,,SUCCESS,49,49,45,
0.0,180,bot3,,,SUCCESS,49,49,45,
0.0,180,bot4,,,SUCCESS,49,49,45,
0.0,181,bot1,,,SUCCESS,24,24,27,
0.0,181,bot2,,,SUCCESS,24,24,27,
0.0,181,bot3,,,SUCCESS,24,24,27,
0.0,181,bot4,,,SUCCESS,24,24,27,
0.0,182,bot1,,,SUCCESS,40,40,45,
0.0,182,bot2,,,SUCCESS,40,40,45,
0.0,182,bot3,,,SUCCESS,40,40,45,
0.0,182,bot4,,,SUCCESS,40,40,45,
0.0,183,bot1,,,SUCCESS,56,56,48,
0.0,183,bot2,,,SUCCESS,56,56,48,
0.0,183,bot3,,,SUCCESS,56,56,48,
0.0,183,bot4,,,SUCCESS,56,56,48,
0.0,192,bot1,,,SUCCESS,18,18,45,
0.0,192,bot2,,,SUCCESS,18,18,45,
0.0,192,bot3,,,SUCCESS,18,18,45,
0.0,192,bot4,,,SUCCESS,18,18,45,
0.0,193,bot1,,,SUCCESS,35,35,17,
0.0,193,bot2,,,SUCCESS,35,35,17,
0.0,193,bot3,,,SUCCESS,35,35,17,
0.0,193,bot4,,,SUCCESS,35,35,17,
0.0,194,bot1,,,SUCCESS,55,55,64,
0.0,194,bot2,,,SUCCESS,55,55,64,
0.0,194,bot3,,,SUCCESS,55,55,64,
0.0,194,bot4,,,SUCCESS,55,55,64,
0.0,195,bot1,,,SUCCESS,40,40,23,
0.0,195,bot2,,,SUCCESS,40,40,23,
0.0,195,bot3,,,SUCCESS,40,40,23,
0.0,195,bot4,,,SUCCESS,40,40,23,
0.05,12,bot1,,,SUCCESS,30,30,24,
0.05,12,bot2,,,SUCCESS,30,30,24,
0.05,12,bot3,,,SUCCESS,30,30,24,
0.05,12,bot4,,,SUCCESS,30,30,24,
0.05,13,bot1,,,SUCCESS,16,16,62,
0.05,13,bot2,,,SUCCESS,16,16,62,
0.05,13,bot3,,,SUCCESS,16,16,62,
0.05,13,bot4,,,SUCCESS,16,16,62,
0.05,14,bot1,,,SUCCESS,28,28,49,
0.05,14,bot2,,,SUCCESS,28,28,49,
0.05,14,bot3,,,SUCCESS,28,28,49,
0.05,14,bot4,,,SUCCESS,28,28,49,
0.05,15,bot1,,,SUCCESS,13,13,30,
0.05,15,bot2,,,SUCCESS,13,13,30,
0.05,15,bot3,,,SUCCESS,13,13,30,
0.05,15,bot4,,,SUCCESS,13,13,30,
0.05,4,bot1,,,SUCCESS,41,41,26,
0.05,4,bot2,,,SUCCESS,41,41,26,
0.05,4,bot3,,,SUCCESS,41,41,26,
0.05,4,bot4,,,SUCCESS,41,41,26,
0.05,5,bot1,,,SUCCESS,24,24,19,
0.05,5,bot2,,,SUCCESS,24,24,19,
0.05,5,bot3,,,SUCCESS,24,24,19,
0.05,5,bot4,,,SUCCESS,24,24,19,
0.05,6,bot1,,,SUCCESS,5,5,19,
0.05,6,bot2,,,SUCCESS,5,5,19,
0.05,6,bot3,,,SUCCESS,5,5,19,
0.05,6,bot4,,,SUCCESS,5,5,19,
0.05,7,bot1,,,SUCCESS,27,27,20,
0.05,7,bot2,,,SUCCESS,27,27,20,
0.05,7,bot3,,,SUCCESS,27,27,20,
0.05,7,bot4,,,SUCCESS,29,27,20,
0.0,196,bot1,,,SUCCESS,15,15,30,
0.0,196,bot2,,,SUCCESS,15,15,30,
0.0,196,bot3,,,SUCCESS,15,15,30,
0.0,196,bot4,,,SUCCESS,15,15,30,
0.0,197,bot1,,,SUCCESS,51,51,38,
0.0,197,bot2,,,SUCCESS,51,51,38,
0.0,197,bot3,,,SUCCESS,51,51,38,
0.0,197,bot4,,,SUCCESS,51,51,38,
0.0,198,bot1,,,SUCCESS,65,65,25,
0.0,198,bot2,,,SUCCESS,65,65,25,
0.0,198,bot3,,,SUCCESS,65,65,25,
0.0,198,bot4,,,SUCCESS,65,65,25,
0.0,199,bot1,,,SUCCESS,52,52,24,
0.0,199,bot2,,,SUCCESS,52,52,24,
0.0,199,bot3,,,SUCCESS,52,52,24,
0.0,199,bot4,,,SUCCESS,52,52,24,
0.05,20,bot1,,,SUCCESS,43,43,16,
0.05,20,bot2,,,SUCCESS,43,43,16,
0.05,20,bot3,,,SUCCESS,43,43,16,
0.05,20,bot4,,,SUCCESS,43,43,16,
0.05,21,bot1,,,SUCCESS,17,17,55,
0.05,21,bot2,,,SUCCESS,17,17,55,
0.05,21,bot3,,,SUCCESS,17,17,55,
0.05,21,bot4,,,SUCCESS,17,17,55,
0.05,22,bot1,,,SUCCESS,15,15,33,
0.05,22,bot2,,,SUCCESS,15,15,33,
0.05,22,bot3,,,SUCCESS,15,15,33,
0.05,22,bot4,,,SUCCESS,15,15,33,
0.05,23,bot1,,,SUCCESS,33,33,41,
0.05,23,bot2,,,SUCCESS,33,33,41,
0.05,23,bot3,,,SUCCESS,33,33,41,
0.05,23,bot4,,,SUCCESS,33,33,41,
0.05,8,bot1,,,SUCCESS,25,25,43,
0.05,8,bot2,,,SUCCESS,25,25,43,
0.05,8,bot3,,,SUCCESS,25,25,43,
0.05,8,bot4,,,SUCCESS,25,25,43,
0.05,9,bot1,,,BURNED,17,39,20,
0.05,9,bot2,,,SUCCESS,43,39,20,
0.05,9,bot3,,,SUCCESS,43,39,20,
0.05,9,bot4,,,SUCCESS,39,39,20,
0.05,10,bot1,,,SUCCESS,41,41,33,
0.05,10,bot2,,,SUCCESS,41,41,33,
0.05,10,bot3,,,SUCCESS,41,41,33,
0.05,10,bot4,,,SUCCESS,41,41,33,
0.05,11,bot1,,,SUCCESS,48,48,31,
0.05,11,bot2,,,SUCCESS,48,48,31,
0.05,11,bot3,,,SUCCESS,48,48,31,
0.05,11,bot4,,,SUCCESS,48,48,31,
0.05,32,bot1,,,SUCCESS,13,13,24,
0.05,32,bot2,,,SUCCESS,13,13,24,
0.05,32,bot3,,,SUCCESS,13,13,24,
0.05,32,bot4,,,SUCCESS,13,13,24,
0.05,33,bot1,,,SUCCESS,31,31,7,
0.05,33,bot2,,,SUCCESS,31,31,7,
0.05,33,bot3,,,SUCCESS,31,31,7,
0.05,33,bot4,,,SUCCESS,31,31,7,
0.05,34,bot1,,,SUCCESS,39,39,9,
0.05,34,bot2,,,SUCCESS,39,39,9,
0.05,34,bot3,,,SUCCESS,39,39,9,
0.05,34,bot4,,,SUCCESS,39,39,9,
0.05,35,bot1,,,SUCCESS,38,38,45,
0.05,35,bot2,,,SUCCESS,38,38,45,
0.05,35,bot3,,,SUCCESS,38,38,45,
0.05,35,bot4,,,SUCCESS,38,38,45,
0.05,24,bot1,,,SUCCESS,65,65,27,
0.05,24,bot2,,,SUCCESS,65,65,27,
0.05,24,bot3,,,SUCCESS,65,65,27,
0.05,24,bot4,,,SUCCESS,65,65,27,
0.05,25,bot1,,,SUCCESS,36,36,49,
0.05,25,bot2,,,SUCCESS,36,36,49,
0.05,25,bot3,,,SUCCESS,36,36,49,
0.05,25,bot4,,,SUCCESS,36,36,49,
0.05,26,bot1,,,SUCCESS,22,22,59,
0.05,26,bot2,,,SUCCESS,22,22,59,
0.05,26,bot3,,,SUCCESS,22,22,59,
0.05,26,bot4,,,SUCCESS,22,22,59,
0.05,27,bot1,,,SUCCESS,23,23,41,
0.05,27,bot2,,,SUCCESS,23,23,41,
0.05,27,bot3,,,SUCCESS,23,23,41,
0.05,27,bot4,,,SUCCESS,23,23,41,
0.05,48,bot1,,,SUCCESS,17,17,37,
0.05,48,bot2,,,SUCCESS,17,17,37,
0.05,48,bot3,,,SUCCESS,17,17,37,
0.05,48,bot4,,,SUCCESS,17,17,37,
0.05,49,bot1,,,SUCCESS,3,3,29,
0.05,49,bot2,,,SUCCESS,3,3,29,
0.05,49,bot3,,,SUCCESS,3,3,29,
0.05,49,bot4,,,SUCCESS,3,3,29,
0.05,50,bot1,,,SUCCESS,32,32,48,
0.05,50,bot2,,,SUCCESS,32,32,48,
0.05,50,bot3,,,SUCCESS,32,32,48,
0.05,50,bot4,,,SUCCESS,32,32,48,
0.05,51,bot1,,,SUCCESS,31,31,40,
0.05,51,bot2,,,SUCCESS,31,31,40,
0.05,51,bot3,,,SUCCESS,31,31,40,
0.05,51,bot4,,,SUCCESS,31,31,40,
0.05,16,bot1,,,SUCCESS,35,35,57,
0.05,16,bot2,,,SUCCESS,35,35,57,
0.05,16,bot3,,,SUCCESS,35,35,57,
0.05,16,bot4,,,SUCCESS,35,35,57,
0.05,17,bot1,,,SUCCESS,19,19,22,
0.05,17,bot2,,,SUCCESS,19,19,22,
0.05,17,bot3,,,SUCCESS,19,19,22,
0.05,17,bot4,,,SUCCESS,19,19,22,
0.05,18,bot1,,,SUCCESS,64,64,58,
0.05,18,bot2,,,SUCCESS,64,64,58,
0.05,18,bot3,,,SUCCESS,64,64,58,
0.05,18,bot4,,,SUCCESS,64,64,58,
0.05,19,bot1,,,SUCCESS,49,49,33,
0.05,19,bot2,,,SUCCESS,49,49,33,
0.05,19,bot3,,,SUCCESS,49,49,33,
0.05,19,bot4,,,SUCCESS,49,49,33,
0.05,40,bot1,,,SUCCESS,54,54,34,
0.05,40,bot2,,,SUCCESS,54,54,34,
0.05,40,bot3,,,SUCCESS,54,54,34,
0.05,40,bot4,,,SUCCESS,54,54,34,
0.05,41,bot1,,,SUCCESS,26,26,18,
0.05,41,bot2,,,SUCCESS,26,26,18,
0.05,41,bot3,,,SUCCESS,26,26,18,
0.05,41,bot4,,,SUCCESS,26,26,18,
0.05,42,bot1,,,SUCCESS,27,27,73,
0.05,42,bot2,,,SUCCESS,27,27,73,
0.05,42,bot3,,,SUCCESS,27,27,73,
0.05,42,bot4,,,SUCCESS,27,27,73,
0.05,43,bot1,,,SUCCESS,49,49,26,
0.05,43,bot2,,,SUCCESS,49,49,26,
0.05,43,bot3,,,SUCCESS,49,49,26,
0.05,43,bot4,,,SUCCESS,49,49,26,
0.05,44,bot1,,,SUCCESS,49,49,51,
0.05,44,bot2,,,SUCCESS,49,49,51,
0.05,44,bot3,,,SUCCESS,49,49,51,
0.05,44,bot4,,,SUCCESS,49,49,51,
0.05,45,bot1,,,SUCCESS,34,34,37,
0.05,45,bot2,,,SUCCESS,34,34,37,
0.05,45,bot3,,,SUCCESS,34,34,37,
0.05,45,bot4,,,SUCCESS,34,34,37,
0.05,46,bot1,,,SUCCESS,22,22,33,
0.05,46,bot2,,,SUCCESS,22,22,33,
0.05,46,bot3,,,SUCCESS,22,22,33,
0.05,46,bot4,,,SUCCESS,22,22,33,
0.05,47,bot1,,,SUCCESS,48,48,25,
0.05,47,bot2,,,SUCCESS,48,48,25,
0.05,47,bot3,,,SUCCESS,48,48,25,
0.05,47,bot4,,,SUCCESS,48,48,25,
0.05,36,bot1,,,SUCCESS,19,19,39,
0.05,36,bot2,,,SUCCESS,19,19,39,
0.05,36,bot3,,,SUCCESS,19,19,39,
0.05,36,bot4,,,SUCCESS,19,19,39,
0.05,37,bot1,,,SUCCESS,54,54,26,
0.05,37,bot2,,,SUCCESS,54,54,26,
0.05,37,bot3,,,SUCCESS,54,54,26,
0.05,37,bot4,,,SUCCESS,54,54,26,
0.05,38,bot1,,,SUCCESS,37,37,35,
0.05,38,bot2,,,SUCCESS,37,37,35,
0.05,38,bot3,,,SUCCESS,37,37,35,
0.05,38,bot4,,,SUCCESS,37,37,35,
0.05,39,bot1,,,SUCCESS,60,60,46,
0.05,39,bot2,,,SUCCESS,60,60,46,
0.05,39,bot3,,,SUCCESS,60,60,46,
0.05,39,bot4,,,SUCCESS,60,60,46,
0.05,60,bot1,,,SUCCESS,38,38,48,
0.05,60,bot2,,,SUCCESS,38,38,48,
0.05,60,bot3,,,SUCCESS,38,38,48,
0.05,60,bot4,,,SUCCESS,38,38,48,
0.05,61,bot1,,,SUCCESS,11,11,36,
0.05,61,bot2,,,SUCCESS,11,11,36,
0.05,61,bot3,,,SUCCESS,11,11,36,
0.05,61,bot4,,,SUCCESS,11,11,36,
0.05,62,bot1,,,SUCCESS,24,24,14,
0.05,62,bot2,,,SUCCESS,24,24,14,
0.05,62,bot3,,,SUCCESS,24,24,14,
0.05,62,bot4,,,SUCCESS,24,24,14,
0.05,63,bot1,,,SUCCESS,28,28,3,
0.05,63,bot2,,,SUCCESS,28,28,3,
0.05,63,bot3,,,SUCCESS,28,28,3,
0.05,63,bot4,,,SUCCESS,28,28,3,
0.05,28,bot1,,,SUCCESS,20,20,23,
0.05,28,bot2,,,SUCCESS,20,20,23,
0.05,28,bot3,,,SUCCESS,20,20,23,
0.05,28,bot4,,,SUCCESS,20,20,23,
0.05,29,bot1,,,BURNED,35,41,7,
0.05,29,bot2,,,SUCCESS,43,41,7,
0.05,29,bot3,,,SUCCESS,67,41,7,
0.05,29,bot4,,,SUCCESS,53,41,7,
0.05,30,bot1,,,SUCCESS,41,41,14,
0.05,30,bot2,,,SUCCESS,41,41,14,
0.05,30,bot3,,,SUCCESS,41,41,14,
0.05,30,bot4,,,SUCCESS,41,41,14,
0.05,31,bot1,,,SUCCESS,68,68,44,
0.05,31,bot2,,,SUCCESS,68,68,44,
0.05,31,bot3,,,SUCCESS,68,68,44,
0.05,31,bot4,,,SUCCESS,68,68,44,
0.05,52,bot1,,,SUCCESS,25,25,27,
0.05,52,bot2,,,SUCCESS,25,25,27,
0.05,52,bot3,,,SUCCESS,25,25,27,
0.05,52,bot4,,,SUCCESS,25,25,27,
0.05,53,bot1,,,SUCCESS,36,36,39,
0.05,53,bot2,,,SUCCESS,36,36,39,
0.05,53,bot3,,,SUCCESS,36,36,39,
0.05,53,bot4,,,SUCCESS,36,36,39,
0.05,54,bot1,,,SUCCESS,51,51,39,
0.05,54,bot2,,,SUCCESS,51,51,39,
0.05,54,bot3,,,SUCCESS,51,51,39,
0.05,54,bot4,,,SUCCESS,51,51,39,
0.05,55,bot1,,,SUCCESS,5,5,31,
0.05,55,bot2,,,SUCCESS,5,5,31,
0.05,55,bot3,,,SUCCESS,5,5,31,
0.05,55,bot4,,,SUCCESS,5,5,31,
0.05,64,bot1,,,SUCCESS,56,56,60,
0.05,64,bot2,,,SUCCESS,56,56,60,
0.05,64,bot3,,,SUCCESS,56,56,60,
0.05,64,bot4,,,SUCCESS,56,56,60,
0.05,65,bot1,,,SUCCESS,2,2,58,
0.05,65,bot2,,,SUCCESS,2,2,58,
0.05,65,bot3,,,SUCCESS,2,2,58,
0.05,65,bot4,,,SUCCESS,2,2,58,
0.05,66,bot1,,,SUCCESS,48,48,28,
0.05,66,bot2,,,SUCCESS,48,48,28,
0.05,66,bot3,,,SUCCESS,48,48,28,
0.05,66,bot4,,,SUCCESS,48,48,28,
0.05,67,bot1,,,SUCCESS,27,27,61,
0.05,67,bot2,,,SUCCESS,27,27,61,
0.05,67,bot3,,,SUCCESS,27,27,61,
0.05,67,bot4,,,SUCCESS,27,27,61,
0.05,68,bot1,,,SUCCESS,3,3,13,
0.05,68,bot2,,,SUCCESS,3,3,13,
0.05,68,bot3,,,SUCCESS,3,3,13,
0.05,68,bot4,,,SUCCESS,3,3,13,
0.05,69,bot1,,,SUCCESS,24,24,24,
0.05,69,bot2,,,SUCCESS,24,24,24,
0.05,69,bot3,,,SUCCESS,24,24,24,
0.05,69,bot4,,,SUCCESS,24,24,24,
0.05,70,bot1,,,SUCCESS,24,24,23,
0.05,70,bot2,,,SUCCESS,24,24,23,
0.05,70,bot3,,,SUCCESS,24,24,23,
0.05,70,bot4,,,SUCCESS,24,24,23,
0.05,71,bot1,,,SUCCESS,46,46,13,
0.05,71,bot2,,,SUCCESS,46,46,13,
0.05,71,bot3,,,SUCCESS,46,46,13,
0.05,71,bot4,,,SUCCESS,46,46,13,
0.05,56,bot1,,,SUCCESS,54,54,7,
0.05,56,bot2,,,SUCCESS,54,54,7,
0.05,56,bot3,,,SUCCESS,54,54,7,
0.05,56,bot4,,,SUCCESS,56,54,7,
0.05,57,bot1,,,SUCCESS,20,20,26,
0.05,57,bot2,,,SUCCESS,20,20,26,
0.05,57,bot3,,,SUCCESS,20,20,26,
0.05,57,bot4,,,SUCCESS,20,20,26,
0.05,58,bot1,,,SUCCESS,47,47,12,
0.05,58,bot2,,,SUCCESS,47,47,12,
0.05,58,bot3,,,SUCCESS,47,47,12,
0.05,58,bot4,,,SUCCESS,47,47,12,
0.05,59,bot1,,,SUCCESS,52,52,44,
0.05,59,bot2,,,SUCCESS,52,52,44,
0.05,59,bot3,,,SUCCESS,52,52,44,
0.05,59,bot4,,,SUCCESS,52,52,44,
0.05,84,bot1,,,SUCCESS,40,40,14,
0.05,84,bot2,,,SUCCESS,40,40,14,
0.05,84,bot3,,,SUCCESS,40,40,14,
0.05,84,bot4,,,SUCCESS,40,40,14,
0.05,85,bot1,,,SUCCESS,29,29,47,
0.05,85,bot2,,,SUCCESS,29,29,47,
0.05,85,bot3,,,SUCCESS,29,29,47,
0.05,85,bot4,,,SUCCESS,29,29,47,
0.05,86,bot1,,,SUCCESS,16,16,47,
0.05,86,bot2,,,SUCCESS,16,16,47,
0.05,86,bot3,,,SUCCESS,16,16,47,
0.05,86,bot4,,,SUCCESS,16,16,47,
0.05,87,bot1,,,SUCCESS,40,40,38,
0.05,87,bot2,,,SUCCESS,40,40,38,
0.05,87,bot3,,,SUCCESS,40,40,38,
0.05,87,bot4,,,SUCCESS,40,40,38,
0.05,72,bot1,,,SUCCESS,30,30,22,
0.05,72,bot2,,,SUCCESS,30,30,22,
0.05,72,bot3,,,SUCCESS,30,30,22,
0.05,72,bot4,,,SUCCESS,30,30,22,
0.05,73,bot1,,,SUCCESS,45,45,62,
0.05,73,bot2,,,SUCCESS,45,45,62,
0.05,73,bot3,,,SUCCESS,45,45,62,
0.05,73,bot4,,,SUCCESS,45,45,62,
0.05,74,bot1,,,SUCCESS,30,30,43,
0.05,74,bot2,,,SUCCESS,30,30,43,
0.05,74,bot3,,,SUCCESS,30,30,43,
0.05,74,bot4,,,SUCCESS,30,30,43,
0.05,75,bot1,,,SUCCESS,31,31,21,
0.05,75,bot2,,,SUCCESS,31,31,21,
0.05,75,bot3,,,SUCCESS,31,31,21,
0.05,75,bot4,,,SUCCESS,31,31,21,
0.05,76,bot1,,,SUCCESS,39,39,50,
0.05,76,bot2,,,SUCCESS,39,39,50,
0.05,76,bot3,,,SUCCESS,39,39,50,
0.05,76,bot4,,,SUCCESS,39,39,50,
0.05,77,bot1,,,SUCCESS,34,34,6,
0.05,77,bot2,,,SUCCESS,34,34,6,
0.05,77,bot3,,,SUCCESS,34,34,6,
0.05,77,bot4,,,SUCCESS,34,34,6,
0.05,78,bot1,,,SUCCESS,51,51,48,
0.05,78,bot2,,,SUCCESS,51,51,48,
0.05,78,bot3,,,SUCCESS,51,51,48,
0.05,78,bot4,,,SUCCESS,51,51,48,
0.05,79,bot1,,,SUCCESS,18,18,10,
0.05,79,bot2,,,SUCCESS,18,18,10,
0.05,79,bot3,,,SUCCESS,18,18,10,
0.05,79,bot4,,,SUCCESS,18,18,10,
0.05,96,bot1,,,SUCCESS,53,53,20,
0.05,96,bot2,,,SUCCESS,53,53,20,
0.05,96,bot3,,,SUCCESS,53,53,20,
0.05,96,bot4,,,SUCCESS,53,53,20,
0.05,97,bot1,,,SUCCESS,13,13,14,
0.05,97,bot2,,,SUCCESS,13,13,14,
0.05,97,bot3,,,SUCCESS,13,13,14,
0.05,97,bot4,,,SUCCESS,13,13,14,
0.05,98,bot1,,,SUCCESS,28,28,27,
0.05,98,bot2,,,SUCCESS,28,28,27,
0.05,98,bot3,,,SUCCESS,28,28,27,
0.05,98,bot4,,,SUCCESS,28,28,27,
0.05,99,bot1,,,SUCCESS,26,26,52,
0.05,99,bot2,,,SUCCESS,26,26,52,
0.05,99,bot3,,,SUCCESS,26,26,52,
0.05,99,bot4,,,SUCCESS,26,26,52,
0.05,80,bot1,,,SUCCESS,57,57,31,
0.05,80,bot2,,,SUCCESS,57,57,31,
0.05,80,bot3,,,SUCCESS,57,57,31,
0.05,80,bot4,,,SUCCESS,57,57,31,
0.05,81,bot1,,,SUCCESS,43,43,56,
0.05,81,bot2,,,SUCCESS,43,43,56,
0.05,81,bot3,,,SUCCESS,43,43,56,
0.05,81,bot4,,,SUCCESS,43,43,56,
0.05,82,bot1,,,SUCCESS,43,43,19,
0.05,82,bot2,,,SUCCESS,43,43,19,
0.05,82,bot3,,,SUCCESS,43,43,19,
0.05,82,bot4,,,SUCCESS,43,43,19,
0.05,83,bot1,,,SUCCESS,43,43,39,
0.05,83,bot2,,,SUCCESS,43,43,39,
0.05,83,bot3,,,SUCCESS,43,43,39,
0.05,83,bot4,,,SUCCESS,43,43,39,
0.05,92,bot1,,,SUCCESS,46,46,37,
0.05,92,bot2,,,SUCCESS,46,46,37,
0.05,92,bot3,,,SUCCESS,46,46,37,
0.05,92,bot4,,,SUCCESS,46,46,37,
0.05,93,bot1,,,SUCCESS,38,38,42,
0.05,93,bot2,,,SUCCESS,38,38,42,
0.05,93,bot3,,,SUCCESS,38,38,42,
0.05,93,bot4,,,SUCCESS,38,38,42,
0.05,94,bot1,,,SUCCESS,21,21,30,
0.05,94,bot2,,,SUCCESS,21,21,30,
0.05,94,bot3,,,SUCCESS,21,21,30,
0.05,94,bot4,,,SUCCESS,21,21,30,
0.05,95,bot1,,,SUCCESS,46,46,38,
0.05,95,bot2,,,SUCCESS,46,46,38,
0.05,95,bot3,,,SUCCESS,46,46,38,
0.05,95,bot4,,,SUCCESS,46,46,38,
0.05,112,bot1,,,SUCCESS,7,7,9,
0.05,112,bot2,,,SUCCESS,7,7,9,
0.05,112,bot3,,,SUCCESS,7,7,9,
0.05,112,bot4,,,SUCCESS,7,7,9,
0.05,113,bot1,,,SUCCESS,23,23,13,
0.05,113,bot2,,,SUCCESS,23,23,13,
0.05,113,bot3,,,SUCCESS,23,23,13,
0.05,113,bot4,,,SUCCESS,23,23,13,
0.05,114,bot1,,,SUCCESS,27,27,31,
0.05,114,bot2,,,SUCCESS,27,27,31,
0.05,114,bot3,,,SUCCESS,27,27,31,
0.05,114,bot4,,,SUCCESS,27,27,31,
0.05,115,bot1,,,SUCCESS,48,48,49,
0.05,115,bot2,,,SUCCESS,48,48,49,
0.05,115,bot3,,,SUCCESS,48,48,49,
0.05,115,bot4,,,SUCCESS,48,48,49,
0.05,88,bot1,,,BURNED,41,55,13,
0.05,88,bot2,,,BURNED,41,55,13,
0.05,88,bot3,,,SUCCESS,81,55,13,
0.05,88,bot4,,,SUCCESS,65,55,13,
0.05,89,bot1,,,SUCCESS,50,50,32,
0.05,89,bot2,,,SUCCESS,50,50,32,
0.05,89,bot3,,,SUCCESS,50,50,32,
0.05,89,bot4,,,SUCCESS,50,50,32,
0.05,90,bot1,,,SUCCESS,51,51,40,
0.05,90,bot2,,,SUCCESS,51,51,40,
0.05,90,bot3,,,SUCCESS,51,51,40,
0.05,90,bot4,,,SUCCESS,51,51,40,
0.05,91,bot1,,,SUCCESS,23,23,48,
0.05,91,bot2,,,SUCCESS,23,23,48,
0.05,91,bot3,,,SUCCESS,23,23,48,
0.05,91,bot4,,,SUCCESS,23,23,48,
0.05,104,bot1,,,SUCCESS,24,24,32,
0.05,104,bot2,,,SUCCESS,24,24,32,
0.05,104,bot3,,,SUCCESS,24,24,32,
0.05,104,bot4,,,SUCCESS,24,24,32,
0.05,105,bot1,,,SUCCESS,47,47,33,
0.05,105,bot2,,,SUCCESS,47,47,33,
0.05,105,bot3,,,SUCCESS,47,47,33,
0.05,105,bot4,,,SUCCESS,47,47,33,
0.05,106,bot1,,,SUCCESS,41,41,10,
0.05,106,bot2,,,SUCCESS,41,41,10,
0.05,106,bot3,,,SUCCESS,41,41,10,
0.05,106,bot4,,,SUCCESS,41,41,10,
0.05,107,bot1,,,BURNED,16,40,24,
0.05,107,bot2,,,SUCCESS,44,40,24,
0.05,107,bot3,,,SUCCESS,44,40,24,
0.05,107,bot4,,,SUCCESS,44,40,24,
0.05,108,bot1,,,SUCCESS,47,47,45,
0.05,108,bot2,,,SUCCESS,47,47,45,
0.05,108,bot3,,,SUCCESS,47,47,45,
0.05,108,bot4,,,SUCCESS,47,47,45,
0.05,109,bot1,,,SUCCESS,5,5,18,
0.05,109,bot2,,,SUCCESS,5,5,18,
0.05,109,bot3,,,SUCCESS,5,5,18,
0.05,109,bot4,,,SUCCESS,5,5,18,
0.05,110,bot1,,,SUCCESS,28,28,39,
0.05,110,bot2,,,SUCCESS,28,28,39,
0.05,110,bot3,,,SUCCESS,28,28,39,
0.05,110,bot4,,,SUCCESS,28,28,39,
0.05,111,bot1,,,SUCCESS,57,57,31,
0.05,111,bot2,,,SUCCESS,57,57,31,
0.05,111,bot3,,,SUCCESS,57,57,31,
0.05,111,bot4,,,SUCCESS,59,57,31,
0.05,120,bot1,,,SUCCESS,46,46,32,
0.05,120,bot2,,,SUCCESS,46,46,32,
0.05,120,bot3,,,SUCCESS,46,46,32,
0.05,120,bot4,,,SUCCESS,46,46,32,
0.05,121,bot1,,,SUCCESS,27,27,19,
0.05,121,bot2,,,SUCCESS,27,27,19,
0.05,121,bot3,,,SUCCESS,27,27,19,
0.05,121,bot4,,,SUCCESS,27,27,19,
0.05,122,bot1,,,SUCCESS,7,7,56,
0.05,122,bot2,,,SUCCESS,7,7,56,
0.05,122,bot3,,,SUCCESS,7,7,56,
0.05,122,bot4,,,SUCCESS,7,7,56,
0.05,123,bot1,,,SUCCESS,31,31,35,
0.05,123,bot2,,,SUCCESS,31,31,35,
0.05,123,bot3,,,SUCCESS,31,31,35,
0.05,123,bot4,,,SUCCESS,31,31,35,
0.05,100,bot1,,,SUCCESS,36,36,16,
0.05,100,bot2,,,SUCCESS,36,36,16,
0.05,100,bot3,,,SUCCESS,36,36,16,
0.05,100,bot4,,,SUCCESS,36,36,16,
0.05,101,bot1,,,SUCCESS,46,46,47,
0.05,101,bot2,,,SUCCESS,46,46,47,
0.05,101,bot3,,,SUCCESS,46,46,47,
0.05,101,bot4,,,SUCCESS,46,46,47,
0.05,102,bot1,,,SUCCESS,48,48,38,
0.05,102,bot2,,,SUCCESS,48,48,38,
0.05,102,bot3,,,SUCCESS,48,48,38,
0.05,102,bot4,,,SUCCESS,48,48,38,
0.05,103,bot1,,,BURNED,64,68,9,
0.05,103,bot2,,,GAVE_UP,96,68,9,
0.05,103,bot3,,,SUCCESS,76,68,9,
0.05,103,bot4,,,SUCCESS,76,68,9,
0.05,116,bot1,,,SUCCESS,9,9,34,
0.05,116,bot2,,,SUCCESS,9,9,34,
0.05,116,bot3,,,SUCCESS,9,9,34,
0.05,116,bot4,,,SUCCESS,9,9,34,
0.05,117,bot1,,,SUCCESS,31,31,39,
0.05,117,bot2,,,SUCCESS,31,31,39,
0.05,117,bot3,,,SUCCESS,31,31,39,
0.05,117,bot4,,,SUCCESS,31,31,39,
0.05,118,bot1,,,SUCCESS,37,37,31,
0.05,118,bot2,,,SUCCESS,37,37,31,
0.05,118,bot3,,,SUCCESS,37,37,31,
0.05,118,bot4,,,SUCCESS,37,37,31,
0.05,119,bot1,,,SUCCESS,65,65,59,
0.05,119,bot2,,,SUCCESS,65,65,59,
0.05,119,bot3,,,SUCCESS,65,65,59,
0.05,119,bot4,,,SUCCESS,65,65,59,
0.05,132,bot1,,,SUCCESS,44,44,35,
0.05,132,bot2,,,SUCCESS,44,44,35,
0.05,132,bot3,,,SUCCESS,44,44,35,
0.05,132,bot4,,,SUCCESS,44,44,35,
0.05,133,bot1,,,SUCCESS,53,53,49,
0.05,133,bot2,,,SUCCESS,53,53,49,
0.05,133,bot3,,,SUCCESS,53,53,49,
0.05,133,bot4,,,SUCCESS,53,53,49,
0.05,134,bot1,,,SUCCESS,15,15,39,
0.05,134,bot2,,,SUCCESS,15,15,39,
0.05,134,bot3,,,SUCCESS,15,15,39,
0.05,134,bot4,,,SUCCESS,15,15,39,
0.05,135,bot1,,,SUCCESS,9,9,29,
0.05,135,bot2,,,SUCCESS,9,9,29,
0.05,135,bot3,,,SUCCESS,9,9,29,
0.05,135,bot4,,,SUCCESS,9,9,29,
0.05,124,bot1,,,SUCCESS,17,17,36,
0.05,124,bot2,,,SUCCESS,17,17,36,
0.05,124,bot3,,,SUCCESS,17,17,36,
0.05,124,bot4,,,SUCCESS,17,17,36,
0.05,125,bot1,,,SUCCESS,31,31,28,
0.05,125,bot2,,,SUCCESS,31,31,28,
0.05,125,bot3,,,SUCCESS,31,31,28,
0.05,125,bot4,,,SUCCESS,31,31,28,
0.05,126,bot1,,,SUCCESS,39,39,37,
0.05,126,bot2,,,SUCCESS,39,39,37,
0.05,126,bot3,,,SUCCESS,39,39,37,
0.05,126,bot4,,,SUCCESS,39,39,37,
0.05,127,bot1,,,SUCCESS,28,28,11,
0.05,127,bot2,,,SUCCESS,28,28,11,
0.05,127,bot3,,,SUCCESS,28,28,11,
0.05,127,bot4,,,SUCCESS,28,28,11,
0.05,140,bot1,,,SUCCESS,35,35,19,
0.05,140,bot2,,,SUCCESS,35,35,19,
0.05,140,bot3,,,SUCCESS,35,35,19,
0.05,140,bot4,,,SUCCESS,35,35,19,
0.05,141,bot1,,,SUCCESS,20,20,29,
0.05,141,bot2,,,SUCCESS,20,20,29,
0.05,141,bot3,,,SUCCESS,20,20,29,
0.05,141,bot4,,,SUCCESS,20,20,29,
0.05,142,bot1,,,SUCCESS,6,6,10,
0.05,142,bot2,,,SUCCESS,6,6,10,
0.05,142,bot3,,,SUCCESS,6,6,10,
0.05,142,bot4,,,SUCCESS,6,6,10,
0.05,143,bot1,,,SUCCESS,32,32,37,
0.05,143,bot2,,,SUCCESS,32,32,37,
0.05,143,bot3,,,SUCCESS,32,32,37,
0.05,143,bot4,,,SUCCESS,32,32,37,
0.05,148,bot1,,,SUCCESS,33,33,29,
0.05,148,bot2,,,SUCCESS,33,33,29,
0.05,148,bot3,,,SUCCESS,33,33,29,
0.05,148,bot4,,,SUCCESS,33,33,29,
0.05,149,bot1,,,SUCCESS,1,1,30,
0.05,149,bot2,,,SUCCESS,1,1,30,
0.05,149,bot3,,,SUCCESS,1,1,30,
0.05,149,bot4,,,SUCCESS,1,1,30,
0.05,150,bot1,,,SUCCESS,9,9,39,
0.05,150,bot2,,,SUCCESS,9,9,39,
0.05,150,bot3,,,SUCCESS,9,9,39,
0.05,150,bot4,,,SUCCESS,9,9,39,
0.05,151,bot1,,,SUCCESS,22,22,32,
0.05,151,bot2,,,SUCCESS,22,22,32,
0.05,151,bot3,,,SUCCESS,22,22,32,
0.05,151,bot4,,,SUCCESS,22,22,32,
0.05,144,bot1,,,SUCCESS,29,29,5,
0.05,144,bot2,,,SUCCESS,29,29,5,
0.05,144,bot3,,,SUCCESS,29,29,5,
0.05,144,bot4,,,SUCCESS,29,29,5,
0.05,145,bot1,,,SUCCESS,49,49,37,
0.05,145,bot2,,,SUCCESS,49,49,37,
0.05,145,bot3,,,SUCCESS,49,49,37,
0.05,145,bot4,,,SUCCESS,49,49,37,
0.05,146,bot1,,,SUCCESS,29,29,51,
0.05,146,bot2,,,SUCCESS,29,29,51,
0.05,146,bot3,,,SUCCESS,29,29,51,
0.05,146,bot4,,,SUCCESS,29,29,51,
0.05,147,bot1,,,SUCCESS,11,11,33,
0.05,147,bot2,,,SUCCESS,11,11,33,
0.05,147,bot3,,,SUCCESS,11,11,33,
0.05,147,bot4,,,SUCCESS,11,11,33,
0.05,160,bot1,,,SUCCESS,19,19,38,
0.05,160,bot2,,,SUCCESS,19,19,38,
0.05,160,bot3,,,SUCCESS,19,19,38,
0.05,160,bot4,,,SUCCESS,19,19,38,
0.05,161,bot1,,,SUCCESS,16,16,10,
0.05,161,bot2,,,SUCCESS,16,16,10,
0.05,161,bot3,,,SUCCESS,16,16,10,
0.05,161,bot4,,,SUCCESS,16,16,10,
0.05,162,bot1,,,SUCCESS,3,3,15,
0.05,162,bot2,,,SUCCESS,3,3,15,
0.05,162,bot3,,,SUCCESS,3,3,15,
0.05,162,bot4,,,SUCCESS,3,3,15,
0.05,163,bot1,,,SUCCESS,11,11,55,
0.05,163,bot2,,,SUCCESS,11,11,55,
0.05,163,bot3,,,SUCCESS,11,11,55,
0.05,163,bot4,,,SUCCESS,11,11,55,
0.05,136,bot1,,,SUCCESS,47,47,47,
0.05,136,bot2,,,SUCCESS,47,47,47,
0.05,136,bot3,,,SUCCESS,47,47,47,
0.05,136,bot4,,,SUCCESS,47,47,47,
0.05,137,bot1,,,SUCCESS,33,33,15,
0.05,137,bot2,,,SUCCESS,33,33,15,
0.05,137,bot3,,,SUCCESS,33,33,15,
0.05,137,bot4,,,SUCCESS,33,33,15,
0.05,138,bot1,,,SUCCESS,20,20,57,
0.05,138,bot2,,,SUCCESS,20,20,57,
0.05,138,bot3,,,SUCCESS,20,20,57,
0.05,138,bot4,,,SUCCESS,20,20,57,
0.05,139,bot1,,,SUCCESS,41,41,45,
0.05,139,bot2,,,SUCCESS,41,41,45,
0.05,139,bot3,,,SUCCESS,41,41,45,
0.05,139,bot4,,,SUCCESS,41,41,45,
0.05,128,bot1,,,SUCCESS,39,39,35,
0.05,128,bot2,,,SUCCESS,39,39,35,
0.05,128,bot3,,,SUCCESS,39,39,35,
0.05,128,bot4,,,SUCCESS,39,39,35,
0.05,129,bot1,,,SUCCESS,56,56,4,
0.05,129,bot2,,,SUCCESS,56,56,4,
0.05,129,bot3,,,SUCCESS,56,56,4,
0.05,129,bot4,,,SUCCESS,56,56,4,
0.05,130,bot1,,,SUCCESS,41,41,46,
0.05,130,bot2,,,SUCCESS,41,41,46,
0.05,130,bot3,,,SUCCESS,41,41,46,
0.05,130,bot4,,,SUCCESS,41,41,46,
0.05,131,bot1,,,SUCCESS,34,34,22,
0.05,131,bot2,,,SUCCESS,34,34,22,
0.05,131,bot3,,,SUCCESS,34,34,22,
0.05,131,bot4,,,SUCCESS,34,34,22,
0.05,156,bot1,,,BURNED,21,28,7,
0.05,156,bot2,,,SUCCESS,30,28,7,
0.05,156,bot3,,,SUCCESS,48,28,7,
0.05,156,bot4,,,SUCCESS,30,28,7,
0.05,157,bot1,,,SUCCESS,12,12,40,
0.05,157,bot2,,,SUCCESS,12,12,40,
0.05,157,bot3,,,SUCCESS,12,12,40,
0.05,157,bot4,,,SUCCESS,12,12,40,
0.05,158,bot1,,,SUCCESS,33,33,31,
0.05,158,bot2,,,SUCCESS,33,33,31,
0.05,158,bot3,,,SUCCESS,33,33,31,
0.05,158,bot4,,,SUCCESS,33,33,31,
0.05,159,bot1,,,SUCCESS,40,40,25,
0.05,159,bot2,,,SUCCESS,40,40,25,
0.05,159,bot3,,,SUCCESS,40,40,25,
0.05,159,bot4,,,SUCCESS,40,40,25,
0.05,164,bot1,,,SUCCESS,30,30,35,
0.05,164,bot2,,,SUCCESS,30,30,35,
0.05,164,bot3,,,SUCCESS,30,30,35,
0.05,164,bot4,,,SUCCESS,30,30,35,
0.05,165,bot1,,,SUCCESS,23,23,42,
0.05,165,bot2,,,SUCCESS,23,23,42,
0.05,165,bot3,,,SUCCESS,23,23,42,
0.05,165,bot4,,,SUCCESS,23,23,42,
0.05,166,bot1,,,SUCCESS,6,6,18,
0.05,166,bot2,,,SUCCESS,6,6,18,
0.05,166,bot3,,,SUCCESS,6,6,18,
0.05,166,bot4,,,SUCCESS,6,6,18,
0.05,167,bot1,,,SUCCESS,30,30,32,
0.05,167,bot2,,,SUCCESS,30,30,32,
0.05,167,bot3,,,SUCCESS,30,30,32,
0.05,167,bot4,,,SUCCESS,30,30,32,
0.05,168,bot1,,,SUCCESS,9,9,19,
0.05,168,bot2,,,SUCCESS,9,9,19,
0.05,168,bot3,,,SUCCESS,9,9,19,
0.05,168,bot4,,,SUCCESS,9,9,19,
0.05,169,bot1,,,SUCCESS,30,30,20,
0.05,169,bot2,,,SUCCESS,30,30,20,
0.05,169,bot3,,,SUCCESS,30,30,20,
0.05,169,bot4,,,SUCCESS,30,30,20,
0.05,170,bot1,,,SUCCESS,11,11,33,
0.05,170,bot2,,,SUCCESS,11,11,33,
0.05,170,bot3,,,SUCCESS,11,11,33,
0.05,170,bot4,,,SUCCESS,11,11,33,
0.05,171,bot1,,,SUCCESS,42,42,40,
0.05,171,bot2,,,SUCCESS,42,42,40,
0.05,171,bot3,,,SUCCESS,42,42,40,
0.05,171,bot4,,,SUCCESS,42,42,40,
0.05,172,bot1,,,SUCCESS,43,43,30,
0.05,172,bot2,,,SUCCESS,43,43,30,
0.05,172,bot3,,,SUCCESS,55,43,30,
0.05,172,bot4,,,SUCCESS,45,43,30,
0.05,173,bot1,,,SUCCESS,43,43,27,
0.05,173,bot2,,,SUCCESS,43,43,27,
0.05,173,bot3,,,SUCCESS,43,43,27,
0.05,173,bot4,,,SUCCESS,43,43,27,
0.05,174,bot1,,,SUCCESS,12,12,23,
0.05,174,bot2,,,SUCCESS,12,12,23,
0.05,174,bot3,,,SUCCESS,12,12,23,
0.05,174,bot4,,,SUCCESS,12,12,23,
0.05,175,bot1,,,SUCCESS,18,18,19,
0.05,175,bot2,,,SUCCESS,18,18,19,
0.05,175,bot3,,,SUCCESS,18,18,19,
0.05,175,bot4,,,SUCCESS,18,18,19,
0.05,176,bot1,,,SUCCESS,46,46,12,
0.05,176,bot2,,,SUCCESS,46,46,12,
0.05,176,bot3,,,SUCCESS,46,46,12,
0.05,176,bot4,,,SUCCESS,46,46,12,
0.05,177,bot1,,,SUCCESS,29,29,28,
0.05,177,bot2,,,SUCCESS,29,29,28,
0.05,177,bot3,,,SUCCESS,29,29,28,
0.05,177,bot4,,,SUCCESS,29,29,28,
0.05,178,bot1,,,SUCCESS,1,1,30,
0.05,178,bot2,,,SUCCESS,1,1,30,
0.05,178,bot3,,,SUCCESS,1,1,30,
0.05,178,bot4,,,SUCCESS,1,1,30,
0.05,179,bot1,,,SUCCESS,19,19,42,
0.05,179,bot2,,,SUCCESS,19,19,42,
0.05,179,bot3,,,SUCCESS,19,19,42,
0.05,179,bot4,,,SUCCESS,19,19,42,
0.05,180,bot1,,,SUCCESS,49,49,45,
0.05,180,bot2,,,SUCCESS,49,49,45,
0.05,180,bot3,,,SUCCESS,49,49,45,
0.05,180,bot4,,,SUCCESS,49,49,45,
0.05,181,bot1,,,SUCCESS,24,24,27,
0.05,181,bot2,,,SUCCESS,24,24,27,
0.05,181,bot3,,,SUCCESS,24,24,27,
0.05,181,bot4,,,SUCCESS,24,24,27,
0.05,182,bot1,,,SUCCESS,40,40,45,
0.05,182,bot2,,,SUCCESS,40,40,45,
0.05,182,bot3,,,SUCCESS,40,40,45,
0.05,182,bot4,,,SUCCESS,40,40,45,
0.05,183,bot1,,,SUCCESS,56,56,48,
0.05,183,bot2,,,SUCCESS,56,56,48,
0.05,183,bot3,,,SUCCESS,56,56,48,
0.05,183,bot4,,,SUCCESS,56,56,48,
0.05,188,bot1,,,SUCCESS,23,23,45,
0.05,188,bot2,,,SUCCESS,23,23,45,
0.05,188,bot3,,,SUCCESS,23,23,45,
0.05,188,bot4,,,SUCCESS,23,23,45,
0.05,189,bot1,,,SUCCESS,25,25,54,
0.05,189,bot2,,,SUCCESS,25,25,54,
0.05,189,bot3,,,SUCCESS,25,25,54,
0.05,189,bot4,,,SUCCESS,25,25,54,
0.05,190,bot1,,,SUCCESS,48,48,55,
0.05,190,bot2,,,SUCCESS,48,48,55,
0.05,190,bot3,,,SUCCESS,48,48,55,
0.05,190,bot4,,,SUCCESS,48,48,55,
0.05,191,bot1,,,SUCCESS,40,40,31,
0.05,191,bot2,,,SUCCESS,40,40,31,
0.05,191,bot3,,,SUCCESS,40,40,31,
0.05,191,bot4,,,SUCCESS,40,40,31,
0.05,152,bot1,,,SUCCESS,63,63,36,
0.05,152,bot2,,,SUCCESS,63,63,36,
0.05,152,bot3,,,SUCCESS,63,63,36,
0.05,152,bot4,,,SUCCESS,63,63,36,
0.05,153,bot1,,,SUCCESS,30,30,5,
0.05,153,bot2,,,SUCCESS,30,30,5,
0.05,153,bot3,,,SUCCESS,30,30,5,
0.05,153,bot4,,,SUCCESS,30,30,5,
0.05,154,bot1,,,SUCCESS,64,56,8,
0.05,154,bot2,,,SUCCESS,64,56,8,
0.05,154,bot3,,,SUCCESS,64,56,8,
0.05,154,bot4,,,SUCCESS,66,56,8,
0.05,155,bot1,,,SUCCESS,15,15,20,
0.05,155,bot2,,,SUCCESS,15,15,20,
0.05,155,bot3,,,SUCCESS,15,15,20,
0.05,155,bot4,,,SUCCESS,15,15,20,
0.05,192,bot1,,,SUCCESS,18,18,45,
0.05,192,bot2,,,SUCCESS,18,18,45,
0.05,192,bot3,,,SUCCESS,18,18,45,
0.05,192,bot4,,,SUCCESS,18,18,45,
0.05,193,bot1,,,SUCCESS,35,35,17,
0.05,193,bot2,,,SUCCESS,35,35,17,
0.05,193,bot3,,,SUCCESS,35,35,17,
0.05,193,bot4,,,SUCCESS,35,35,17,
0.05,194,bot1,,,SUCCESS,55,55,64,
0.05,194,bot2,,,SUCCESS,55,55,64,
0.05,194,bot3,,,SUCCESS,55,55,64,
0.05,194,bot4,,,SUCCESS,55,55,64,
0.05,195,bot1,,,SUCCESS,40,40,23,
0.05,195,bot2,,,SUCCESS,40,40,23,
0.05,195,bot3,,,SUCCESS,40,40,23,
0.05,195,bot4,,,SUCCESS,40,40,23,
0.1,0,bot1,,,SUCCESS,17,17,39,
0.1,0,bot2,,,SUCCESS,17,17,39,
0.1,0,bot3,,,SUCCESS,17,17,39,
0.1,0,bot4,,,SUCCESS,17,17,39,
0.1,1,bot1,,,SUCCESS,14,14,68,
0.1,1,bot2,,,SUCCESS,14,14,68,
0.1,1,bot3,,,SUCCESS,14,14,68,
0.1,1,bot4,,,SUCCESS,14,14,68,
0.1,2,bot1,,,SUCCESS,35,35,29,
0.1,2,bot2,,,SUCCESS,35,35,29,
0.1,2,bot3,,,SUCCESS,35,35,29,
0.1,2,bot4,,,SUCCESS,35,35,29,
0.1,3,bot1,,,SUCCESS,24,24,22,
0.1,3,bot2,,,SUCCESS,24,24,22,
0.1,3,bot3,,,SUCCESS,24,24,22,
0.1,3,bot4,,,SUCCESS,24,24,22,
0.1,12,bot1,,,SUCCESS,30,30,24,
0.1,12,bot2,,,SUCCESS,30,30,24,
0.1,12,bot3,,,SUCCESS,30,30,24,
0.1,12,bot4,,,SUCCESS,30,30,24,
0.1,13,bot1,,,SUCCESS,16,16,62,
0.1,13,bot2,,,SUCCESS,16,16,62,
0.1,13,bot3,,,SUCCESS,16,16,62,
0.1,13,bot4,,,SUCCESS,16,16,62,
0.1,14,bot1,,,SUCCESS,28,28,49,
0.1,14,bot2,,,SUCCESS,28,28,49,
0.1,14,bot3,,,SUCCESS,28,28,49,
0.1,14,bot4,,,SUCCESS,28,28,49,
0.1,15,bot1,,,SUCCESS,13,13,30,
0.1,15,bot2,,,SUCCESS,13,13,30,
0.1,15,bot3,,,SUCCESS,13,13,30,
0.1,15,bot4,,,SUCCESS,13,13,30,
0.1,4,bot1,,,SUCCESS,41,41,26,
0.1,4,bot2,,,SUCCESS,41,41,26,
0.1,4,bot3,,,SUCCESS,41,41,26,
0.1,4,bot4,,,SUCCESS,41,41,26,
0.1,5,bot1,,,SUCCESS,24,24,19,
0.1,5,bot2,,,SUCCESS,24,24,19,
0.1,5,bot3,,,SUCCESS,24,24,19,
0.1,5,bot4,,,SUCCESS,24,24,19,
0.1,6,bot1,,,SUCCESS,5,5,19,
0.1,6,bot2,,,SUCCESS,5,5,19,
0.1,6,bot3,,,SUCCESS,5,5,19,
0.1,6,bot4,,,SUCCESS,5,5,19,
0.1,7,bot1,,,SUCCESS,27,27,20,
0.1,7,bot2,,,SUCCESS,27,27,20,
0.1,7,bot3,,,SUCCESS,27,27,20,
0.1,7,bot4,,,SUCCESS,29,27,20,
0.05,184,bot1,,,SUCCESS,47,47,27,
0.05,184,bot2,,,SUCCESS,47,47,27,
0.05,184,bot3,,,SUCCESS,47,47,27,
0.05,184,bot4,,,SUCCESS,47,47,27,
0.05,185,bot1,,,SUCCESS,12,10,9,
0.05,185,bot2,,,SUCCESS,12,10,9,
0.05,185,bot3,,,SUCCESS,12,10,9,
0.05,185,bot4,,,SUCCESS,12,10,9,
0.05,186,bot1,,,BURNED,41,46,3,
0.05,186,bot2,,,GAVE_UP,56,46,3,
0.05,186,bot3,,,GAVE_UP,56,46,3,
0.05,186,bot4,,,GAVE_UP,56,46,3,
0.05,187,bot1,,,SUCCESS,32,32,48,
0.05,187,bot2,,,SUCCESS,32,32,48,
0.05,187,bot3,,,SUCCESS,32,32,48,
0.05,187,bot4,,,SUCCESS,32,32,48,
0.05,196,bot1,,,SUCCESS,15,15,30,
0.05,196,bot2,,,SUCCESS,15,15,30,
0.05,196,bot3,,,SUCCESS,15,15,30,
0.05,196,bot4,,,SUCCESS,15,15,30,
0.05,197,bot1,,,SUCCESS,51,51,38,
0.05,197,bot2,,,SUCCESS,51,51,38,
0.05,197,bot3,,,SUCCESS,51,51,38,
0.05,197,bot4,,,SUCCESS,51,51,38,
0.05,198,bot1,,,SUCCESS,65,65,25,
0.05,198,bot2,,,SUCCESS,65,65,25,
0.05,198,bot3,,,SUCCESS,65,65,25,
0.05,198,bot4,,,SUCCESS,65,65,25,
0.05,199,bot1,,,SUCCESS,52,52,24,
0.05,199,bot2,,,SUCCESS,52,52,24,
0.05,199,bot3,,,SUCCESS,52,52,24,
0.05,199,bot4,,,SUCCESS,52,52,24,
0.1,8,bot1,,,SUCCESS,25,25,43,
0.1,8,bot2,,,SUCCESS,25,25,43,
0.1,8,bot3,,,SUCCESS,25,25,43,
0.1,8,bot4,,,SUCCESS,25,25,43,
0.1,9,bot1,,,BURNED,16,39,20,
0.1,9,bot2,,,SUCCESS,43,39,20,
0.1,9,bot3,,,SUCCESS,39,39,20,
0.1,9,bot4,,,SUCCESS,39,39,20,
0.1,10,bot1,,,SUCCESS,41,41,33,
0.1,10,bot2,,,SUCCESS,41,41,33,
0.1,10,bot3,,,SUCCESS,41,41,33,
0.1,10,bot4,,,SUCCESS,41,41,33,
0.1,11,bot1,,,SUCCESS,48,48,31,
0.1,11,bot2,,,SUCCESS,48,48,31,
0.1,11,bot3,,,SUCCESS,48,48,31,
0.1,11,bot4,,,SUCCESS,48,48,31,
0.1,20,bot1,,,SUCCESS,43,43,16,
0.1,20,bot2,,,SUCCESS,43,43,16,
0.1,20,bot3,,,SUCCESS,43,43,16,
0.1,20,bot4,,,SUCCESS,43,43,16,
0.1,21,bot1,,,SUCCESS,17,17,55,
0.1,21,bot2,,,SUCCESS,17,17,55,
0.1,21,bot3,,,SUCCESS,17,17,55,
0.1,21,bot4,,,SUCCESS,17,17,55,
0.1,22,bot1,,,SUCCESS,15,15,33,
0.1,22,bot2,,,SUCCESS,15,15,33,
0.1,22,bot3,,,SUCCESS,15,15,33,
0.1,22,bot4,,,SUCCESS,15,15,33,
0.1,23,bot1,,,SUCCESS,33,33,41,
0.1,23,bot2,,,SUCCESS,33,33,41,
0.1,23,bot3,,,SUCCESS,33,33,41,
0.1,23,bot4,,,SUCCESS,33,33,41,
0.1,24,bot1,,,SUCCESS,65,65,27,
0.1,24,bot2,,,SUCCESS,65,65,27,
0.1,24,bot3,,,SUCCESS,65,65,27,
0.1,24,bot4,,,SUCCESS,65,65,27,
0.1,25,bot1,,,SUCCESS,36,36,49,
0.1,25,bot2,,,SUCCESS,36,36,49,
0.1,25,bot3,,,SUCCESS,36,36,49,
0.1,25,bot4,,,SUCCESS,36,36,49,
0.1,26,bot1,,,SUCCESS,22,22,59,
0.1,26,bot2,,,SUCCESS,22,22,59,
0.1,26,bot3,,,SUCCESS,22,22,59,
0.1,26,bot4,,,SUCCESS,22,22,59,
0.1,27,bot1,,,SUCCESS,23,23,41,
0.1,27,bot2,,,SUCCESS,23,23,41,
0.1,27,bot3,,,SUCCESS,23,23,41,
0.1,27,bot4,,,SUCCESS,23,23,41,
0.1,32,bot1,,,SUCCESS,13,13,24,
0.1,32,bot2,,,SUCCESS,13,13,24,
0.1,32,bot3,,,SUCCESS,13,13,24,
0.1,32,bot4,,,SUCCESS,13,13,24,
0.1,33,bot1,,,SUCCESS,31,31,7,
0.1,33,bot2,,,SUCCESS,31,31,7,
0.1,33,bot3,,,BUTTON_BURNED,47,31,7,
0.1,33,bot4,,,SUCCESS,37,31,7,
0.1,34,bot1,,,SUCCESS,39,39,9,
0.1,34,bot2,,,SUCCESS,39,39,9,
0.1,34,bot3,,,SUCCESS,39,39,9,
0.1,34,bot4,,,SUCCESS,39,39,9,
0.1,35,bot1,,,SUCCESS,38,38,45,
0.1,35,bot2,,,SUCCESS,38,38,45,
0.1,35,bot3,,,SUCCESS,38,38,45,
0.1,35,bot4,,,SUCCESS,38,38,45,
0.1,16,bot1,,,SUCCESS,35,35,57,
0.1,16,bot2,,,SUCCESS,35,35,57,
0.1,16,bot3,,,SUCCESS,35,35,57,
0.1,16,bot4,,,SUCCESS,35,35,57,
0.1,17,bot1,,,SUCCESS,19,19,22,
0.1,17,bot2,,,SUCCESS,19,19,22,
0.1,17,bot3,,,SUCCESS,19,19,22,
0.1,17,bot4,,,SUCCESS,19,19,22,
0.1,18,bot1,,,SUCCESS,64,64,58,
0.1,18,bot2,,,SUCCESS,64,64,58,
0.1,18,bot3,,,SUCCESS,64,64,58,
0.1,18,bot4,,,SUCCESS,64,64,58,
0.1,19,bot1,,,SUCCESS,49,49,33,
0.1,19,bot2,,,SUCCESS,49,49,33,
0.1,19,bot3,,,SUCCESS,49,49,33,
0.1,19,bot4,,,SUCCESS,49,49,33,
0.1,48,bot1,,,SUCCESS,17,17,37,
0.1,48,bot2,,,SUCCESS,17,17,37,
0.1,48,bot3,,,SUCCESS,17,17,37,
0.1,48,bot4,,,SUCCESS,17,17,37,
0.1,49,bot1,,,SUCCESS,3,3,29,
0.1,49,bot2,,,SUCCESS,3,3,29,
0.1,49,bot3,,,SUCCESS,3,3,29,
0.1,49,bot4,,,SUCCESS,3,3,29,
0.1,50,bot1,,,SUCCESS,32,32,48,
0.1,50,bot2,,,SUCCESS,32,32,48,
0.1,50,bot3,,,SUCCESS,32,32,48,
0.1,50,bot4,,,SUCCESS,32,32,48,
0.1,51,bot1,,,SUCCESS,31,31,40,
0.1,51,bot2,,,SUCCESS,31,31,40,
0.1,51,bot3,,,SUCCESS,31,31,40,
0.1,51,bot4,,,SUCCESS,31,31,40,
0.1,28,bot1,,,SUCCESS,20,20,23,
0.1,28,bot2,,,SUCCESS,20,20,23,
0.1,28,bot3,,,SUCCESS,20,20,23,
0.1,28,bot4,,,SUCCESS,20,20,23,
0.1,29,bot1,,,BURNED,32,41,7,
0.1,29,bot2,,,GAVE_UP,34,41,7,
0.1,29,bot3,,,GAVE_UP,34,41,7,
0.1,29,bot4,,,GAVE_UP,34,41,7,6
0.1,30,bot1,,,SUCCESS,41,41,14,
0.1,30,bot2,,,SUCCESS,41,41,14,
0.1,30,bot3,,,SUCCESS,41,41,14,
0.1,30,bot4,,,SUCCESS,41,41,14,
0.1,31,bot1,,,SUCCESS,68,68,44,
0.1,31,bot2,,,SUCCESS,68,68,44,
0.1,31,bot3,,,SUCCESS,68,68,44,
0.1,31,bot4,,,SUCCESS,68,68,44,
0.1,36,bot1,,,SUCCESS,19,19,39,
0.1,36,bot2,,,SUCCESS,19,19,39,
0.1,36,bot3,,,SUCCESS,19,19,39,
0.1,36,bot4,,,SUCCESS,19,19,39,
0.1,37,bot1,,,SUCCESS,54,54,26,
0.1,37,bot2,,,SUCCESS,54,54,26,
0.1,37,bot3,,,SUCCESS,54,54,26,
0.1,37,bot4,,,SUCCESS,54,54,26,
0.1,38,bot1,,,SUCCESS,37,37,35,
0.1,38,bot2,,,SUCCESS,37,37,35,
0.1,38,bot3,,,SUCCESS,37,37,35,
0.1,38,bot4,,,SUCCESS,37,37,35,
0.1,39,bot1,,,SUCCESS,60,60,46,
0.1,39,bot2,,,SUCCESS,60,60,46,
0.1,39,bot3,,,SUCCESS,60,60,46,
0.1,39,bot4,,,SUCCESS,60,60,46,
0.1,60,bot1,,,SUCCESS,38,38,48,
0.1,60,bot2,,,SUCCESS,38,38,48,
0.1,60,bot3,,,SUCCESS,38,38,48,
0.1,60,bot4,,,SUCCESS,38,38,48,
0.1,61,bot1,,,SUCCESS,11,11,36,
0.1,61,bot2,,,SUCCESS,11,11,36,
0.1,61,bot3,,,SUCCESS,11,11,36,
0.1,61,bot4,,,SUCCESS,11,11,36,
0.1,62,bot1,,,SUCCESS,24,24,14,
0.1,62,bot2,,,SUCCESS,24,24,14,
0.1,62,bot3,,,SUCCESS,24,24,14,
0.1,62,bot4,,,SUCCESS,24,24,14,
0.1,63,bot1,,,BUTTON_BURNED,20,28,3,
0.1,63,bot2,,,BUTTON_BURNED,20,28,3,
0.1,63,bot3,,,BUTTON_BURNED,20,28,3,
0.1,63,bot4,,,BUTTON_BURNED,20,28,3,1
0.1,40,bot1,,,SUCCESS,54,54,34,
0.1,40,bot2,,,SUCCESS,54,54,34,
0.1,40,bot3,,,SUCCESS,54,54,34,
0.1,40,bot4,,,SUCCESS,54,54,34,
0.1,41,bot1,,,SUCCESS,26,26,18,
0.1,41,bot2,,,SUCCESS,26,26,18,
0.1,41,bot3,,,SUCCESS,26,26,18,
0.1,41,bot4,,,SUCCESS,26,26,18,
0.1,42,bot1,,,SUCCESS,27,27,73,
0.1,42,bot2,,,SUCCESS,27,27,73,
0.1,42,bot3,,,SUCCESS,27,27,73,
0.1,42,bot4,,,SUCCESS,27,27,73,
0.1,43,bot1,,,SUCCESS,49,49,26,
0.1,43,bot2,,,SUCCESS,49,49,26,
0.1,43,bot3,,,SUCCESS,49,49,26,
0.1,43,bot4,,,SUCCESS,49,49,26,
0.1,44,bot1,,,SUCCESS,49,49,51,
0.1,44,bot2,,,SUCCESS,49,49,51,
0.1,44,bot3,,,SUCCESS,49,49,51,
0.1,44,bot4,,,SUCCESS,49,49,51,
0.1,45,bot1,,,SUCCESS,34,34,37,
0.1,45,bot2,,,SUCCESS,34,34,37,
0.1,45,bot3,,,SUCCESS,34,34,37,
0.1,45,bot4,,,SUCCESS,34,34,37,
0.1,46,bot1,,,SUCCESS,22,22,33,
0.1,46,bot2,,,SUCCESS,22,22,33,
0.1,46,bot3,,,SUCCESS,22,22,33,
0.1,46,bot4,,,SUCCESS,22,22,33,
0.1,47,bot1,,,SUCCESS,48,48,25,
0.1,47,bot2,,,SUCCESS,48,48,25,
0.1,47,bot3,,,SUCCESS,48,48,25,
0.1,47,bot4,,,SUCCESS,48,48,25,
0.1,52,bot1,,,SUCCESS,25,25,27,
0.1,52,bot2,,,SUCCESS,25,25,27,
0.1,52,bot3,,,SUCCESS,25,25,27,
0.1,52,bot4,,,SUCCESS,25,25,27,
0.1,53,bot1,,,SUCCESS,36,36,39,
0.1,53,bot2,,,SUCCESS,36,36,39,
0.1,53,bot3,,,SUCCESS,36,36,39,
0.1,53,bot4,,,SUCCESS,36,36,39,
0.1,54,bot1,,,SUCCESS,51,51,39,
0.1,54,bot2,,,SUCCESS,51,51,39,
0.1,54,bot3,,,SUCCESS,51,51,39,
0.1,54,bot4,,,SUCCESS,51,51,39,
0.1,55,bot1,,,SUCCESS,5,5,31,
0.1,55,bot2,,,SUCCESS,5,5,31,
0.1,55,bot3,,,SUCCESS,5,5,31,
0.1,55,bot4,,,SUCCESS,5,5,31,
0.1,68,bot1,,,SUCCESS,3,3,13,
0.1,68,bot2,,,SUCCESS,3,3,13,
0.1,68,bot3,,,SUCCESS,3,3,13,
0.1,68,bot4,,,SUCCESS,3,3,13,
0.1,69,bot1,,,SUCCESS,24,24,24,
0.1,69,bot2,,,SUCCESS,24,24,24,
0.1,69,bot3,,,SUCCESS,24,24,24,
0.1,69,bot4,,,SUCCESS,24,24,24,
0.1,70,bot1,,,SUCCESS,24,24,23,
0.1,70,bot2,,,SUCCESS,24,24,23,
0.1,70,bot3,,,SUCCESS,24,24,23,
0.1,70,bot4,,,SUCCESS,24,24,23,
0.1,71,bot1,,,SUCCESS,46,46,13,
0.1,71,bot2,,,SUCCESS,46,46,13,
0.1,71,bot3,,,SUCCESS,46,46,13,
0.1,71,bot4,,,SUCCESS,46,46,13,
0.1,72,bot1,,,SUCCESS,30,30,22,
0.1,72,bot2,,,SUCCESS,30,30,22,
0.1,72,bot3,,,SUCCESS,30,30,22,
0.1,72,bot4,,,SUCCESS,30,30,22,
0.1,73,bot1,,,SUCCESS,45,45,62,
0.1,73,bot2,,,SUCCESS,45,45,62,
0.1,73,bot3,,,SUCCESS,45,45,62,
0.1,73,bot4,,,SUCCESS,45,45,62,
0.1,74,bot1,,,SUCCESS,30,30,43,
0.1,74,bot2,,,SUCCESS,30,30,43,
0.1,74,bot3,,,SUCCESS,30,30,43,
0.1,74,bot4,,,SUCCESS,30,30,43,
0.1,75,bot1,,,SUCCESS,31,31,21,
0.1,75,bot2,,,SUCCESS,31,31,21,
0.1,75,bot3,,,SUCCESS,31,31,21,
0.1,75,bot4,,,SUCCESS,31,31,21,
0.1,64,bot1,,,SUCCESS,56,56,60,
0.1,64,bot2,,,SUCCESS,56,56,60,
0.1,64,bot3,,,SUCCESS,56,56,60,
0.1,64,bot4,,,SUCCESS,56,56,60,
0.1,65,bot1,,,SUCCESS,2,2,58,
0.1,65,bot2,,,SUCCESS,2,2,58,
0.1,65,bot3,,,SUCCESS,2,2,58,
0.1,65,bot4,,,SUCCESS,2,2,58,
0.1,66,bot1,,,SUCCESS,48,48,28,
0.1,66,bot2,,,SUCCESS,48,48,28,
0.1,66,bot3,,,SUCCESS,48,48,28,
0.1,66,bot4,,,SUCCESS,48,48,28,
0.1,67,bot1,,,SUCCESS,27,27,61,
0.1,67,bot2,,,SUCCESS,27,27,61,
0.1,67,bot3,,,SUCCESS,27,27,61,
0.1,67,bot4,,,SUCCESS,27,27,61,
0.1,84,bot1,,,SUCCESS,40,40,14,
0.1,84,bot2,,,SUCCESS,40,40,14,
0.1,84,bot3,,,SUCCESS,40,40,14,
0.1,84,bot4,,,SUCCESS,40,40,14,
0.1,85,bot1,,,SUCCESS,29,29,47,
0.1,85,bot2,,,SUCCESS,29,29,47,
0.1,85,bot3,,,SUCCESS,29,29,47,
0.1,85,bot4,,,SUCCESS,29,29,47,
0.1,86,bot1,,,SUCCESS,16,16,47,
0.1,86,bot2,,,SUCCESS,16,16,47,
0.1,86,bot3,,,SUCCESS,16,16,47,
0.1,86,bot4,,,SUCCESS,16,16,47,
0.1,87,bot1,,,SUCCESS,40,40,38,
0.1,87,bot2,,,SUCCESS,40,40,38,
0.1,87,bot3,,,SUCCESS,40,40,38,
0.1,87,bot4,,,SUCCESS,40,40,38,
0.1,56,bot1,,,BUTTON_BURNED,47,54,7,
0.1,56,bot2,,,BUTTON_BURNED,47,54,7,
0.1,56,bot3,,,BUTTON_BURNED,47,54,7,
0.1,56,bot4,,,BUTTON_BURNED,47,54,7,
0.1,57,bot1,,,SUCCESS,20,20,26,
0.1,57,bot2,,,SUCCESS,20,20,26,
0.1,57,bot3,,,SUCCESS,20,20,26,
0.1,57,bot4,,,SUCCESS,20,20,26,
0.1,58,bot1,,,SUCCESS,47,47,12,
0.1,58,bot2,,,SUCCESS,47,47,12,
0.1,58,bot3,,,SUCCESS,47,47,12,
0.1,58,bot4,,,SUCCESS,47,47,12,
0.1,59,bot1,,,SUCCESS,52,52,44,
0.1,59,bot2,,,SUCCESS,52,52,44,
0.1,59,bot3,,,SUCCESS,52,52,44,
0.1,59,bot4,,,SUCCESS,52,52,44,
0.1,76,bot1,,,SUCCESS,39,39,50,
0.1,76,bot2,,,SUCCESS,39,39,50,
0.1,76,bot3,,,SUCCESS,39,39,50,
0.1,76,bot4,,,SUCCESS,39,39,50,
0.1,77,bot1,,,SUCCESS,34,34,6,
0.1,77,bot2,,,SUCCESS,34,34,6,
0.1,77,bot3,,,SUCCESS,34,34,6,
0.1,77,bot4,,,SUCCESS,34,34,6,
0.1,78,bot1,,,SUCCESS,51,51,48,
0.1,78,bot2,,,SUCCESS,51,51,48,
0.1,78,bot3,,,SUCCESS,51,51,48,
0.1,78,bot4,,,SUCCESS,51,51,48,
0.1,79,bot1,,,SUCCESS,18,18,10,
0.1,79,bot2,,,SUCCESS,18,18,10,
0.1,79,bot3,,,SUCCESS,18,18,10,
0.1,79,bot4,,,SUCCESS,18,18,10,
0.1,96,bot1,,,SUCCESS,53,53,20,
0.1,96,bot2,,,SUCCESS,53,53,20,
0.1,96,bot3,,,SUCCESS,53,53,20,
0.1,96,bot4,,,SUCCESS,53,53,20,
0.1,97,bot1,,,SUCCESS,13,13,14,
0.1,97,bot2,,,SUCCESS,13,13,14,
0.1,97,bot3,,,SUCCESS,13,13,14,
0.1,97,bot4,,,SUCCESS,13,13,14,
0.1,98,bot1,,,SUCCESS,28,28,27,
0.1,98,bot2,,,SUCCESS,28,28,27,
0.1,98,bot3,,,SUCCESS,28,28,27,
0.1,98,bot4,,,SUCCESS,28,28,27,
0.1,99,bot1,,,SUCCESS,26,26,52,
0.1,99,bot2,,,SUCCESS,26,26,52,
0.1,99,bot3,,,SUCCESS,26,26,52,
0.1,99,bot4,,,SUCCESS,26,26,52,
0.1,80,bot1,,,SUCCESS,57,57,31,
0.1,80,bot2,,,SUCCESS,57,57,31,
0.1,80,bot3,,,SUCCESS,57,57,31,
0.1,80,bot4,,,SUCCESS,57,57,31,
0.1,81,bot1,,,SUCCESS,43,43,56,
0.1,81,bot2,,,SUCCESS,43,43,56,
0.1,81,bot3,,,SUCCESS,43,43,56,
0.1,81,bot4,,,SUCCESS,43,43,56,
0.1,82,bot1,,,SUCCESS,43,43,19,
0.1,82,bot2,,,SUCCESS,43,43,19,
0.1,82,bot3,,,SUCCESS,43,43,19,
0.1,82,bot4,,,SUCCESS,43,43,19,
0.1,83,bot1,,,SUCCESS,43,43,39,
0.1,83,bot2,,,SUCCESS,43,43,39,
0.1,83,bot3,,,SUCCESS,43,43,39,
0.1,83,bot4,,,SUCCESS,43,43,39,
0.1,92,bot1,,,SUCCESS,46,46,37,
0.1,92,bot2,,,SUCCESS,46,46,37,
0.1,92,bot3,,,SUCCESS,46,46,37,
0.1,92,bot4,,,SUCCESS,46,46,37,
0.1,93,bot1,,,SUCCESS,38,38,42,
0.1,93,bot2,,,SUCCESS,38,38,42,
0.1,93,bot3,,,SUCCESS,38,38,42,
0.1,93,bot4,,,SUCCESS,38,38,42,
0.1,94,bot1,,,SUCCESS,21,21,30,
0.1,94,bot2,,,SUCCESS,21,21,30,
0.1,94,bot3,,,SUCCESS,21,21,30,
0.1,94,bot4,,,SUCCESS,21,21,30,
0.1,95,bot1,,,SUCCESS,46,46,38,
0.1,95,bot2,,,SUCCESS,46,46,38,
0.1,95,bot3,,,SUCCESS,46,46,38,
0.1,95,bot4,,,SUCCESS,46,46,38,
0.1,112,bot1,,,SUCCESS,7,7,9,
0.1,112,bot2,,,SUCCESS,7,7,9,
0.1,112,bot3,,,SUCCESS,7,7,9,
0.1,112,bot4,,,SUCCESS,7,7,9,
0.1,113,bot1,,,SUCCESS,23,23,13,
0.1,113,bot2,,,SUCCESS,23,23,13,
0.1,113,bot3,,,SUCCESS,23,23,13,
0.1,113,bot4,,,SUCCESS,23,23,13,
0.1,114,bot1,,,SUCCESS,27,27,31,
0.1,114,bot2,,,SUCCESS,27,27,31,
0.1,114,bot3,,,SUCCESS,27,27,31,
0.1,114,bot4,,,SUCCESS,27,27,31,
0.1,115,bot1,,,SUCCESS,48,48,49,
0.1,115,bot2,,,SUCCESS,48,48,49,
0.1,115,bot3,,,SUCCESS,48,48,49,
0.1,115,bot4,,,SUCCESS,48,48,49,
0.1,108,bot1,,,SUCCESS,47,47,45,
0.1,108,bot2,,,SUCCESS,47,47,45,
0.1,108,bot3,,,SUCCESS,47,47,45,
0.1,108,bot4,,,SUCCESS,47,47,45,
0.1,109,bot1,,,SUCCESS,5,5,18,
0.1,109,bot2,,,SUCCESS,5,5,18,
0.1,109,bot3,,,SUCCESS,5,5,18,
0.1,109,bot4,,,SUCCESS,5,5,18,
0.1,110,bot1,,,SUCCESS,28,28,39,
0.1,110,bot2,,,SUCCESS,28,28,39,
0.1,110,bot3,,,SUCCESS,28,28,39,
0.1,110,bot4,,,SUCCESS,28,28,39,
0.1,111,bot1,,,BURNED,23,57,31,
0.1,111,bot2,,,SUCCESS,59,57,31,
0.1,111,bot3,,,SUCCESS,59,57,31,
0.1,111,bot4,,,SUCCESS,59,57,31,
0.1,88,bot1,,,BURNED,38,55,13,
0.1,88,bot2,,,SUCCESS,65,55,13,
0.1,88,bot3,,,SUCCESS,65,55,13,
0.1,88,bot4,,,SUCCESS,65,55,13,
0.1,89,bot1,,,SUCCESS,50,50,32,
0.1,89,bot2,,,SUCCESS,50,50,32,
0.1,89,bot3,,,SUCCESS,50,50,32,
0.1,89,bot4,,,SUCCESS,50,50,32,
0.1,90,bot1,,,SUCCESS,51,51,40,
0.1,90,bot2,,,SUCCESS,51,51,40,
0.1,90,bot3,,,SUCCESS,51,51,40,
0.1,90,bot4,,,SUCCESS,51,51,40,
0.1,91,bot1,,,SUCCESS,23,23,48,
0.1,91,bot2,,,SUCCESS,23,23,48,
0.1,91,bot3,,,SUCCESS,23,23,48,
0.1,91,bot4,,,SUCCESS,23,23,48,
0.1,104,bot1,,,SUCCESS,24,24,32,
0.1,104,bot2,,,SUCCESS,24,24,32,
0.1,104,bot3,,,SUCCESS,24,24,32,
0.1,104,bot4,,,SUCCESS,24,24,32,
0.1,105,bot1,,,SUCCESS,47,47,33,
0.1,105,bot2,,,SUCCESS,47,47,33,
0.1,105,bot3,,,SUCCESS,47,47,33,
0.1,105,bot4,,,SUCCESS,47,47,33,
0.1,106,bot1,,,SUCCESS,41,41,10,
0.1,106,bot2,,,SUCCESS,41,41,10,
0.1,106,bot3,,,SUCCESS,41,41,10,
0.1,106,bot4,,,SUCCESS,41,41,10,
0.1,107,bot1,,,BURNED,16,40,24,
0.1,107,bot2,,,SUCCESS,50,40,24,
0.1,107,bot3,,,SUCCESS,44,40,24,
0.1,107,bot4,,,SUCCESS,44,40,24,
0.1,120,bot1,,,SUCCESS,46,46,32,
0.1,120,bot2,,,SUCCESS,46,46,32,
0.1,120,bot3,,,SUCCESS,46,46,32,
0.1,120,bot4,,,SUCCESS,46,46,32,
0.1,121,bot1,,,SUCCESS,27,27,19,
0.1,121,bot2,,,SUCCESS,27,27,19,
0.1,121,bot3,,,SUCCESS,27,27,19,
0.1,121,bot4,,,SUCCESS,27,27,19,
0.1,122,bot1,,,SUCCESS,7,7,56,
0.1,122,bot2,,,SUCCESS,7,7,56,
0.1,122,bot3,,,SUCCESS,7,7,56,
0.1,122,bot4,,,SUCCESS,7,7,56,
0.1,123,bot1,,,SUCCESS,31,31,35,
0.1,123,bot2,,,SUCCESS,31,31,35,
0.1,123,bot3,,,SUCCESS,31,31,35,
0.1,123,bot4,,,SUCCESS,31,31,35,
0.1,124,bot1,,,SUCCESS,17,17,36,
0.1,124,bot2,,,SUCCESS,17,17,36,
0.1,124,bot3,,,SUCCESS,17,17,36,
0.1,124,bot4,,,SUCCESS,17,17,36,
0.1,125,bot1,,,SUCCESS,31,31,28,
0.1,125,bot2,,,SUCCESS,31,31,28,
0.1,125,bot3,,,SUCCESS,31,31,28,
0.1,125,bot4,,,SUCCESS,31,31,28,
0.1,126,bot1,,,SUCCESS,39,39,37,
0.1,126,bot2,,,SUCCESS,39,39,37,
0.1,126,bot3,,,SUCCESS,39,39,37,
0.1,126,bot4,,,SUCCESS,39,39,37,
0.1,127,bot1,,,SUCCESS,28,28,11,
0.1,127,bot2,,,SUCCESS,28,28,11,
0.1,127,bot3,,,SUCCESS,28,28,11,
0.1,127,bot4,,,SUCCESS,28,28,11,
0.1,128,bot1,,,SUCCESS,39,39,35,
0.1,128,bot2,,,SUCCESS,39,39,35,
0.1,128,bot3,,,SUCCESS,39,39,35,
0.1,128,bot4,,,SUCCESS,39,39,35,
0.1,129,bot1,,,BUTTON_BURNED,14,56,4,
0.1,129,bot2,,,BUTTON_BURNED,14,56,4,
0.1,129,bot3,,,BUTTON_BURNED,14,56,4,
0.1,129,bot4,,,BUTTON_BURNED,14,56,4,6
0.1,130,bot1,,,SUCCESS,41,41,46,
0.1,130,bot2,,,SUCCESS,41,41,46,
0.1,130,bot3,,,SUCCESS,41,41,46,
0.1,130,bot4,,,SUCCESS,41,41,46,
0.1,131,bot1,,,SUCCESS,34,34,22,
0.1,131,bot2,,,SUCCESS,34,34,22,
0.1,131,bot3,,,SUCCESS,34,34,22,
0.1,131,bot4,,,SUCCESS,34,34,22,
0.1,100,bot1,,,SUCCESS,36,36,16,
0.1,100,bot2,,,SUCCESS,36,36,16,
0.1,100,bot3,,,SUCCESS,38,36,16,
0.1,100,bot4,,,SUCCESS,38,36,16,
0.1,101,bot1,,,SUCCESS,46,46,47,
0.1,101,bot2,,,SUCCESS,46,46,47,
0.1,101,bot3,,,SUCCESS,46,46,47,
0.1,101,bot4,,,SUCCESS,46,46,47,
0.1,102,bot1,,,SUCCESS,48,48,38,
0.1,102,bot2,,,SUCCESS,48,48,38,
0.1,102,bot3,,,SUCCESS,48,48,38,
0.1,102,bot4,,,SUCCESS,48,48,38,
0.1,103,bot1,,,BURNED,59,68,9,
0.1,103,bot2,,,GAVE_UP,74,68,9,
0.1,103,bot3,,,GAVE_UP,74,68,9,
0.1,103,bot4,,,GAVE_UP,74,68,9,
0.1,116,bot1,,,SUCCESS,9,9,34,
0.1,116,bot2,,,SUCCESS,9,9,34,
0.1,116,bot3,,,SUCCESS,9,9,34,
0.1,116,bot4,,,SUCCESS,9,9,34,
0.1,117,bot1,,,SUCCESS,31,31,39,
0.1,117,bot2,,,SUCCESS,31,31,39,
0.1,117,bot3,,,SUCCESS,31,31,39,
0.1,117,bot4,,,SUCCESS,31,31,39,
0.1,118,bot1,,,SUCCESS,37,37,31,
0.1,118,bot2,,,SUCCESS,37,37,31,
0.1,118,bot3,,,SUCCESS,37,37,31,
0.1,118,bot4,,,SUCCESS,37,37,31,
0.1,119,bot1,,,SUCCESS,65,65,59,
0.1,119,bot2,,,SUCCESS,65,65,59,
0.1,119,bot3,,,SUCCESS,65,65,59,
0.1,119,bot4,,,SUCCESS,65,65,59,
0.1,132,bot1,,,SUCCESS,44,44,35,
0.1,132,bot2,,,SUCCESS,44,44,35,
0.1,132,bot3,,,SUCCESS,44,44,35,
0.1,132,bot4,,,SUCCESS,44,44,35,
0.1,133,bot1,,,SUCCESS,53,53,49,
0.1,133,bot2,,,SUCCESS,53,53,49,
0.1,133,bot3,,,SUCCESS,53,53,49,
0.1,133,bot4,,,SUCCESS,53,53,49,
0.1,134,bot1,,,SUCCESS,15,15,39,
0.1,134,bot2,,,SUCCESS,15,15,39,
0.1,134,bot3,,,SUCCESS,15,15,39,
0.1,134,bot4,,,SUCCESS,15,15,39,
0.1,135,bot1,,,SUCCESS,9,9,29,
0.1,135,bot2,,,SUCCESS,9,9,29,
0.1,135,bot3,,,SUCCESS,9,9,29,
0.1,135,bot4,,,SUCCESS,9,9,29,
0.1,148,bot1,,,SUCCESS,33,33,29,
0.1,148,bot2,,,SUCCESS,33,33,29,
0.1,148,bot3,,,SUCCESS,33,33,29,
0.1,148,bot4,,,SUCCESS,33,33,29,
0.1,149,bot1,,,SUCCESS,1,1,30,
0.1,149,bot2,,,SUCCESS,1,1,30,
0.1,149,bot3,,,SUCCESS,1,1,30,
0.1,149,bot4,,,SUCCESS,1,1,30,
0.1,150,bot1,,,SUCCESS,9,9,39,
0.1,150,bot2,,,SUCCESS,9,9,39,
0.1,150,bot3,,,SUCCESS,9,9,39,
0.1,150,bot4,,,SUCCESS,9,9,39,
0.1,151,bot1,,,SUCCESS,22,22,32,
0.1,151,bot2,,,SUCCESS,22,22,32,
0.1,151,bot3,,,SUCCESS,22,22,32,
0.1,151,bot4,,,SUCCESS,22,22,32,
0.1,160,bot1,,,SUCCESS,19,19,38,
0.1,160,bot2,,,SUCCESS,19,19,38,
0.1,160,bot3,,,SUCCESS,19,19,38,
0.1,160,bot4,,,SUCCESS,19,19,38,
0.1,161,bot1,,,SUCCESS,16,16,10,
0.1,161,bot2,,,SUCCESS,16,16,10,
0.1,161,bot3,,,SUCCESS,16,16,10,
0.1,161,bot4,,,SUCCESS,16,16,10,
0.1,162,bot1,,,SUCCESS,3,3,15,
0.1,162,bot2,,,SUCCESS,3,3,15,
0.1,162,bot3,,,SUCCESS,3,3,15,
0.1,162,bot4,,,SUCCESS,3,3,15,
0.1,163,bot1,,,SUCCESS,11,11,55,
0.1,163,bot2,,,SUCCESS,11,11,55,
0.1,163,bot3,,,SUCCESS,11,11,55,
0.1,163,bot4,,,SUCCESS,11,11,55,
0.1,140,bot1,,,SUCCESS,35,35,19,
0.1,140,bot2,,,SUCCESS,35,35,19,
0.1,140,bot3,,,SUCCESS,35,35,19,
0.1,140,bot4,,,SUCCESS,35,35,19,
0.1,141,bot1,,,SUCCESS,20,20,29,
0.1,141,bot2,,,SUCCESS,20,20,29,
0.1,141,bot3,,,SUCCESS,20,20,29,
0.1,141,bot4,,,SUCCESS,20,20,29,
0.1,142,bot1,,,SUCCESS,6,6,10,
0.1,142,bot2,,,SUCCESS,6,6,10,
0.1,142,bot3,,,SUCCESS,6,6,10,
0.1,142,bot4,,,SUCCESS,6,6,10,
0.1,143,bot1,,,SUCCESS,32,32,37,
0.1,143,bot2,,,SUCCESS,32,32,37,
0.1,143,bot3,,,SUCCESS,32,32,37,
0.1,143,bot4,,,SUCCESS,32,32,37,
0.1,164,bot1,,,SUCCESS,30,30,35,
0.1,164,bot2,,,SUCCESS,30,30,35,
0.1,164,bot3,,,SUCCESS,30,30,35,
0.1,164,bot4,,,SUCCESS,30,30,35,
0.1,165,bot1,,,SUCCESS,23,23,42,
0.1,165,bot2,,,SUCCESS,23,23,42,
0.1,165,bot3,,,SUCCESS,23,23,42,
0.1,165,bot4,,,SUCCESS,23,23,42,
0.1,166,bot1,,,SUCCESS,6,6,18,
0.1,166,bot2,,,SUCCESS,6,6,18,
0.1,166,bot3,,,SUCCESS,6,6,18,
0.1,166,bot4,,,SUCCESS,6,6,18,
0.1,167,bot1,,,SUCCESS,30,30,32,
0.1,167,bot2,,,SUCCESS,30,30,32,
0.1,167,bot3,,,SUCCESS,30,30,32,
0.1,167,bot4,,,SUCCESS,30,30,32,
0.1,136,bot1,,,SUCCESS,47,47,47,
0.1,136,bot2,,,SUCCESS,47,47,47,
0.1,136,bot3,,,SUCCESS,47,47,47,
0.1,136,bot4,,,SUCCESS,47,47,47,
0.1,137,bot1,,,SUCCESS,33,33,15,
0.1,137,bot2,,,SUCCESS,33,33,15,
0.1,137,bot3,,,SUCCESS,33,33,15,
0.1,137,bot4,,,SUCCESS,33,33,15,
0.1,138,bot1,,,SUCCESS,20,20,57,
0.1,138,bot2,,,SUCCESS,20,20,57,
0.1,138,bot3,,,SUCCESS,20,20,57,
0.1,138,bot4,,,SUCCESS,20,20,57,
0.1,139,bot1,,,SUCCESS,41,41,45,
0.1,139,bot2,,,SUCCESS,41,41,45,
0.1,139,bot3,,,SUCCESS,41,41,45,
0.1,139,bot4,,,SUCCESS,41,41,45,
0.1,144,bot1,,,SUCCESS,29,29,5,
0.1,144,bot2,,,SUCCESS,29,29,5,
0.1,144,bot3,,,SUCCESS,39,29,5,
0.1,144,bot4,,,SUCCESS,39,29,5,
0.1,145,bot1,,,SUCCESS,49,49,37,
0.1,145,bot2,,,SUCCESS,49,49,37,
0.1,145,bot3,,,SUCCESS,49,49,37,
0.1,145,bot4,,,SUCCESS,49,49,37,
0.1,146,bot1,,,SUCCESS,29,29,51,
0.1,146,bot2,,,SUCCESS,29,29,51,
0.1,146,bot3,,,SUCCESS,29,29,51,
0.1,146,bot4,,,SUCCESS,29,29,51,
0.1,147,bot1,,,SUCCESS,11,11,33,
0.1,147,bot2,,,SUCCESS,11,11,33,
0.1,147,bot3,,,SUCCESS,11,11,33,
0.1,147,bot4,,,SUCCESS,11,11,33,
0.1,156,bot1,,,BURNED,20,28,7,
0.1,156,bot2,,,SUCCESS,30,28,7,
0.1,156,bot3,,,SUCCESS,52,28,7,
0.1,156,bot4,,,SUCCESS,30,28,7,6
0.1,157,bot1,,,SUCCESS,12,12,40,
0.1,157,bot2,,,SUCCESS,12,12,40,
0.1,157,bot3,,,SUCCESS,12,12,40,
0.1,157,bot4,,,SUCCESS,12,12,40,
0.1,158,bot1,,,SUCCESS,33,33,31,
0.1,158,bot2,,,SUCCESS,33,33,31,
0.1,158,bot3,,,SUCCESS,33,33,31,
0.1,158,bot4,,,SUCCESS,33,33,31,
0.1,159,bot1,,,SUCCESS,40,40,25,
0.1,159,bot2,,,SUCCESS,40,40,25,
0.1,159,bot3,,,SUCCESS,40,40,25,
0.1,159,bot4,,,SUCCESS,52,40,25,
0.1,168,bot1,,,SUCCESS,9,9,19,
0.1,168,bot2,,,SUCCESS,9,9,19,
0.1,168,bot3,,,SUCCESS,9,9,19,
0.1,168,bot4,,,SUCCESS,9,9,19,
0.1,169,bot1,,,SUCCESS,30,30,20,
0.1,169,bot2,,,SUCCESS,30,30,20,
0.1,169,bot3,,,SUCCESS,30,30,20,
0.1,169,bot4,,,SUCCESS,30,30,20,
0.1,170,bot1,,,SUCCESS,11,11,33,
0.1,170,bot2,,,SUCCESS,11,11,33,
0.1,170,bot3,,,SUCCESS,11,11,33,
0.1,170,bot4,,,SUCCESS,11,11,33,
0.1,171,bot1,,,SUCCESS,42,42,40,
0.1,171,bot2,,,SUCCESS,42,42,40,
0.1,171,bot3,,,SUCCESS,42,42,40,
0.1,171,bot4,,,SUCCESS,42,42,40,
0.1,176,bot1,,,BURNED,39,46,12,
0.1,176,bot2,,,SUCCESS,46,46,12,
0.1,176,bot3,,,GAVE_UP,89,46,12,
0.1,176,bot4,,,SUCCESS,60,46,12,40
0.1,177,bot1,,,SUCCESS,29,29,28,
0.1,177,bot2,,,SUCCESS,29,29,28,
0.1,177,bot3,,,SUCCESS,29,29,28,
0.1,177,bot4,,,SUCCESS,29,29,28,
0.1,178,bot1,,,SUCCESS,1,1,30,
0.1,178,bot2,,,SUCCESS,1,1,30,
0.1,178,bot3,,,SUCCESS,1,1,30,
0.1,178,bot4,,,SUCCESS,1,1,30,
0.1,179,bot1,,,SUCCESS,19,19,42,
0.1,179,bot2,,,SUCCESS,19,19,42,
0.1,179,bot3,,,SUCCESS,19,19,42,
0.1,179,bot4,,,SUCCESS,19,19,42,
0.1,172,bot1,,,SUCCESS,43,43,30,
0.1,172,bot2,,,SUCCESS,43,43,30,
0.1,172,bot3,,,SUCCESS,55,43,30,
0.1,172,bot4,,,SUCCESS,45,43,30,
0.1,173,bot1,,,SUCCESS,43,43,27,
0.1,173,bot2,,,SUCCESS,43,43,27,
0.1,173,bot3,,,SUCCESS,43,43,27,
0.1,173,bot4,,,SUCCESS,43,43,27,
0.1,174,bot1,,,SUCCESS,12,12,23,
0.1,174,bot2,,,SUCCESS,12,12,23,
0.1,174,bot3,,,SUCCESS,12,12,23,
0.1,174,bot4,,,SUCCESS,12,12,23,
0.1,175,bot1,,,SUCCESS,18,18,19,
0.1,175,bot2,,,SUCCESS,18,18,19,
0.1,175,bot3,,,SUCCESS,18,18,19,
0.1,175,bot4,,,SUCCESS,18,18,19,
0.1,184,bot1,,,SUCCESS,47,47,27,
0.1,184,bot2,,,SUCCESS,47,47,27,
0.1,184,bot3,,,SUCCESS,47,47,27,
0.1,184,bot4,,,SUCCESS,47,47,27,
0.1,185,bot1,,,SUCCESS,12,10,9,
0.1,185,bot2,,,SUCCESS,12,10,9,
0.1,185,bot3,,,SUCCESS,12,10,9,
0.1,185,bot4,,,SUCCESS,12,10,9,
0.1,186,bot1,,,BURNED,40,46,3,
0.1,186,bot2,,,GAVE_UP,48,46,3,
0.1,186,bot3,,,GAVE_UP,48,46,3,
0.1,186,bot4,,,GAVE_UP,48,46,3,1
0.1,187,bot1,,,SUCCESS,32,32,48,
0.1,187,bot2,,,SUCCESS,32,32,48,
0.1,187,bot3,,,SUCCESS,32,32,48,
0.1,187,bot4,,,SUCCESS,32,32,48,
0.1,152,bot1,,,SUCCESS,63,63,36,
0.1,152,bot2,,,SUCCESS,63,63,36,
0.1,152,bot3,,,SUCCESS,63,63,36,
0.1,152,bot4,,,SUCCESS,63,63,36,
0.1,153,bot1,,,SUCCESS,30,30,5,
0.1,153,bot2,,,SUCCESS,30,30,5,
0.1,153,bot3,,,SUCCESS,30,30,5,
0.1,153,bot4,,,SUCCESS,30,30,5,
0.1,154,bot1,,,BURNED,59,56,8,
0.1,154,bot2,,,GAVE_UP,64,56,8,
0.1,154,bot3,,,GAVE_UP,64,56,8,
0.1,154,bot4,,,GAVE_UP,64,56,8,
0.1,155,bot1,,,SUCCESS,15,15,20,
0.1,155,bot2,,,SUCCESS,15,15,20,
0.1,155,bot3,,,SUCCESS,15,15,20,
0.1,155,bot4,,,SUCCESS,15,15,20,
0.1,188,bot1,,,SUCCESS,23,23,45,
0.1,188,bot2,,,SUCCESS,23,23,45,
0.1,188,bot3,,,SUCCESS,23,23,45,
0.1,188,bot4,,,SUCCESS,23,23,45,
0.1,189,bot1,,,SUCCESS,25,25,54,
0.1,189,bot2,,,SUCCESS,25,25,54,
0.1,189,bot3,,,SUCCESS,25,25,54,
0.1,189,bot4,,,SUCCESS,25,25,54,
0.1,190,bot1,,,SUCCESS,48,48,55,
0.1,190,bot2,,,SUCCESS,48,48,55,
0.1,190,bot3,,,SUCCESS,48,48,55,
0.1,190,bot4,,,SUCCESS,48,48,55,
0.1,191,bot1,,,SUCCESS,40,40,31,
0.1,191,bot2,,,SUCCESS,40,40,31,
0.1,191,bot3,,,SUCCESS,40,40,31,
0.1,191,bot4,,,SUCCESS,40,40,31,
0.1,192,bot1,,,SUCCESS,18,18,45,
0.1,192,bot2,,,SUCCESS,18,18,45,
0.1,192,bot3,,,SUCCESS,18,18,45,
0.1,192,bot4,,,SUCCESS,18,18,45,
0.1,193,bot1,,,SUCCESS,35,35,17,
0.1,193,bot2,,,SUCCESS,35,35,17,
0.1,193,bot3,,,SUCCESS,35,35,17,
0.1,193,bot4,,,SUCCESS,35,35,17,
0.1,194,bot1,,,SUCCESS,55,55,64,
0.1,194,bot2,,,SUCCESS,55,55,64,
0.1,194,bot3,,,SUCCESS,55,55,64,
0.1,194,bot4,,,SUCCESS,55,55,64,
0.1,195,bot1,,,SUCCESS,40,40,23,
0.1,195,bot2,,,SUCCESS,40,40,23,
0.1,195,bot3,,,SUCCESS,40,40,23,
0.1,195,bot4,,,SUCCESS,40,40,23,
0.1,180,bot1,,,SUCCESS,49,49,45,
0.1,180,bot2,,,SUCCESS,49,49,45,
0.1,180,bot3,,,SUCCESS,49,49,45,
0.1,180,bot4,,,SUCCESS,49,49,45,
0.1,181,bot1,,,SUCCESS,24,24,27,
0.1,181,bot2,,,SUCCESS,24,24,27,
0.1,181,bot3,,,SUCCESS,24,24,27,
0.1,181,bot4,,,SUCCESS,24,24,27,
0.1,182,bot1,,,SUCCESS,40,40,45,
0.1,182,bot2,,,SUCCESS,40,40,45,
0.1,182,bot3,,,SUCCESS,40,40,45,
0.1,182,bot4,,,SUCCESS,40,40,45,
0.1,183,bot1,,,SUCCESS,56,56,48,
0.1,183,bot2,,,SUCCESS,56,56,48,
0.1,183,bot3,,,SUCCESS,56,56,48,
0.1,183,bot4,,,SUCCESS,56,56,48,
0.15,0,bot1,,,SUCCESS,17,17,39,
0.15,0,bot2,,,SUCCESS,17,17,39,
0.15,0,bot3,,,SUCCESS,17,17,39,
0.15,0,bot4,,,SUCCESS,17,17,39,
0.15,1,bot1,,,SUCCESS,14,14,68,
0.15,1,bot2,,,SUCCESS,14,14,68,
0.15,1,bot3,,,SUCCESS,14,14,68,
0.15,1,bot4,,,SUCCESS,14,14,68,
0.15,2,bot1,,,SUCCESS,35,35,29,
0.15,2,bot2,,,SUCCESS,35,35,29,
0.15,2,bot3,,,SUCCESS,35,35,29,
0.15,2,bot4,,,SUCCESS,35,35,29,
0.15,3,bot1,,,SUCCESS,24,24,22,
0.15,3,bot2,,,SUCCESS,24,24,22,
0.15,3,bot3,,,SUCCESS,24,24,22,
0.15,3,bot4,,,SUCCESS,24,24,22,
0.15,4,bot1,,,SUCCESS,41,41,26,
0.15,4,bot2,,,SUCCESS,41,41,26,
0.15,4,bot3,,,SUCCESS,41,41,26,
0.15,4,bot4,,,SUCCESS,41,41,26,6
0.15,5,bot1,,,SUCCESS,24,24,19,
0.15,5,bot2,,,SUCCESS,24,24,19,
0.15,5,bot3,,,SUCCESS,24,24,19,
0.15,5,bot4,,,SUCCESS,24,24,19,
0.15,6,bot1,,,SUCCESS,5,5,19,
0.15,6,bot2,,,SUCCESS,5,5,19,
0.15,6,bot3,,,SUCCESS,5,5,19,
0.15,6,bot4,,,SUCCESS,5,5,19,
0.15,7,bot1,,,SUCCESS,27,27,20,
0.15,7,bot2,,,SUCCESS,27,27,20,
0.15,7,bot3,,,SUCCESS,45,27,20,
0.15,7,bot4,,,SUCCESS,29,27,20,
0.15,12,bot1,,,SUCCESS,30,30,24,
0.15,12,bot2,,,SUCCESS,30,30,24,
0.15,12,bot3,,,SUCCESS,30,30,24,
0.15,12,bot4,,,SUCCESS,30,30,24,
0.15,13,bot1,,,SUCCESS,16,16,62,
0.15,13,bot2,,,SUCCESS,16,16,62,
0.15,13,bot3,,,SUCCESS,16,16,62,
0.15,13,bot4,,,SUCCESS,16,16,62,
0.15,14,bot1,,,SUCCESS,28,28,49,
0.15,14,bot2,,,SUCCESS,28,28,49,
0.15,14,bot3,,,SUCCESS,28,28,49,
0.15,14,bot4,,,SUCCESS,28,28,49,
0.15,15,bot1,,,SUCCESS,13,13,30,
0.15,15,bot2,,,SUCCESS,13,13,30,
0.15,15,bot3,,,SUCCESS,13,13,30,
0.15,15,bot4,,,SUCCESS,13,13,30,
0.1,196,bot1,,,SUCCESS,15,15,30,
0.1,196,bot2,,,SUCCESS,15,15,30,
0.1,196,bot3,,,SUCCESS,15,15,30,
0.1,196,bot4,,,SUCCESS,15,15,30,
0.1,197,bot1,,,SUCCESS,51,51,38,
0.1,197,bot2,,,SUCCESS,51,51,38,
0.1,197,bot3,,,SUCCESS,51,51,38,
0.1,197,bot4,,,SUCCESS,51,51,38,
0.1,198,bot1,,,SUCCESS,65,65,25,
0.1,198,bot2,,,SUCCESS,65,65,25,
0.1,198,bot3,,,SUCCESS,65,65,25,
0.1,198,bot4,,,SUCCESS,65,65,25,
0.1,199,bot1,,,SUCCESS,52,52,24,
0.1,199,bot2,,,SUCCESS,52,52,24,
0.1,199,bot3,,,SUCCESS,52,52,24,
0.1,199,bot4,,,SUCCESS,52,52,24,
0.15,20,bot1,,,SUCCESS,43,43,16,
0.15,20,bot2,,,SUCCESS,43,43,16,
0.15,20,bot3,,,SUCCESS,43,43,16,
0.15,20,bot4,,,SUCCESS,43,43,16,
0.15,21,bot1,,,SUCCESS,17,17,55,
0.15,21,bot2,,,SUCCESS,17,17,55,
0.15,21,bot3,,,SUCCESS,17,17,55,
0.15,21,bot4,,,SUCCESS,17,17,55,
0.15,22,bot1,,,SUCCESS,15,15,33,
0.15,22,bot2,,,SUCCESS,15,15,33,
0.15,22,bot3,,,SUCCESS,15,15,33,
0.15,22,bot4,,,SUCCESS,15,15,33,
0.15,23,bot1,,,SUCCESS,33,33,41,
0.15,23,bot2,,,SUCCESS,33,33,41,
0.15,23,bot3,,,SUCCESS,33,33,41,
0.15,23,bot4,,,SUCCESS,33,33,41,
0.15,24,bot1,,,SUCCESS,65,65,27,
0.15,24,bot2,,,SUCCESS,65,65,27,
0.15,24,bot3,,,SUCCESS,65,65,27,
0.15,24,bot4,,,SUCCESS,65,65,27,
0.15,25,bot1,,,SUCCESS,36,36,49,
0.15,25,bot2,,,SUCCESS,36,36,49,
0.15,25,bot3,,,SUCCESS,36,36,49,
0.15,25,bot4,,,SUCCESS,36,36,49,
0.15,26,bot1,,,SUCCESS,22,22,59,
0.15,26,bot2,,,SUCCESS,22,22,59,
0.15,26,bot3,,,SUCCESS,22,22,59,
0.15,26,bot4,,,SUCCESS,22,22,59,
0.15,27,bot1,,,SUCCESS,23,23,41,
0.15,27,bot2,,,SUCCESS,23,23,41,
0.15,27,bot3,,,SUCCESS,23,23,41,
0.15,27,bot4,,,SUCCESS,23,23,41,
0.15,8,bot1,,,SUCCESS,25,25,43,
0.15,8,bot2,,,SUCCESS,25,25,43,
0.15,8,bot3,,,SUCCESS,25,25,43,
0.15,8,bot4,,,SUCCESS,25,25,43,
0.15,9,bot1,,,BURNED,14,39,20,
0.15,9,bot2,,,SUCCESS,43,39,20,
0.15,9,bot3,,,SUCCESS,39,39,20,
0.15,9,bot4,,,SUCCESS,39,39,20,
0.15,10,bot1,,,SUCCESS,41,41,33,
0.15,10,bot2,,,SUCCESS,41,41,33,
0.15,10,bot3,,,SUCCESS,41,41,33,
0.15,10,bot4,,,SUCCESS,41,41,33,
0.15,11,bot1,,,SUCCESS,48,48,31,
0.15,11,bot2,,,SUCCESS,48,48,31,
0.15,11,bot3,,,SUCCESS,48,48,31,
0.15,11,bot4,,,SUCCESS,48,48,31,
0.15,32,bot1,,,SUCCESS,13,13,24,
0.15,32,bot2,,,SUCCESS,13,13,24,
0.15,32,bot3,,,SUCCESS,13,13,24,
0.15,32,bot4,,,SUCCESS,13,13,24,
0.15,33,bot1,,,BURNED,28,31,7,
0.15,33,bot2,,,BUTTON_BURNED,44,31,7,
0.15,33,bot3,,,BUTTON_BURNED,44,31,7,
0.15,33,bot4,,,SUCCESS,39,31,7,
0.15,34,bot1,,,SUCCESS,39,39,9,
0.15,34,bot2,,,SUCCESS,39,39,9,
0.15,34,bot3,,,SUCCESS,39,39,9,
0.15,34,bot4,,,SUCCESS,39,39,9,
0.15,35,bot1,,,SUCCESS,38,38,45,
0.15,35,bot2,,,SUCCESS,38,38,45,
0.15,35,bot3,,,SUCCESS,38,38,45,
0.15,35,bot4,,,SUCCESS,38,38,45,
0.15,16,bot1,,,SUCCESS,35,35,57,
0.15,16,bot2,,,SUCCESS,35,35,57,
0.15,16,bot3,,,SUCCESS,35,35,57,
0.15,16,bot4,,,SUCCESS,35,35,57,
0.15,17,bot1,,,SUCCESS,19,19,22,
0.15,17,bot2,,,SUCCESS,19,19,22,
0.15,17,bot3,,,SUCCESS,19,19,22,
0.15,17,bot4,,,SUCCESS,19,19,22,
0.15,18,bot1,,,SUCCESS,64,64,58,
0.15,18,bot2,,,SUCCESS,64,64,58,
0.15,18,bot3,,,SUCCESS,64,64,58,
0.15,18,bot4,,,SUCCESS,64,64,58,
0.15,19,bot1,,,SUCCESS,49,49,33,
0.15,19,bot2,,,SUCCESS,49,49,33,
0.15,19,bot3,,,SUCCESS,49,49,33,
0.15,19,bot4,,,SUCCESS,49,49,33,
0.15,48,bot1,,,SUCCESS,17,17,37,
0.15,48,bot2,,,SUCCESS,17,17,37,
0.15,48,bot3,,,SUCCESS,17,17,37,
0.15,48,bot4,,,SUCCESS,17,17,37,
0.15,49,bot1,,,SUCCESS,3,3,29,
0.15,49,bot2,,,SUCCESS,3,3,29,
0.15,49,bot3,,,SUCCESS,3,3,29,
0.15,49,bot4,,,SUCCESS,3,3,29,
0.15,50,bot1,,,SUCCESS,32,32,48,
0.15,50,bot2,,,SUCCESS,32,32,48,
0.15,50,bot3,,,SUCCESS,32,32,48,
0.15,50,bot4,,,SUCCESS,32,32,48,
0.15,51,bot1,,,SUCCESS,31,31,40,
0.15,51,bot2,,,SUCCESS,31,31,40,
0.15,51,bot3,,,SUCCESS,31,31,40,
0.15,51,bot4,,,SUCCESS,31,31,40,
0.15,28,bot1,,,SUCCESS,20,20,23,
0.15,28,bot2,,,SUCCESS,20,20,23,
0.15,28,bot3,,,SUCCESS,20,20,23,
0.15,28,bot4,,,SUCCESS,20,20,23,
0.15,29,bot1,,,BURNED,27,41,7,
0.15,29,bot2,,,GAVE_UP,18,41,7,
0.15,29,bot3,,,GAVE_UP,18,41,7,
0.15,29,bot4,,,GAVE_UP,18,41,7,1
0.15,30,bot1,,,SUCCESS,41,41,14,
0.15,30,bot2,,,SUCCESS,41,41,14,
0.15,30,bot3,,,SUCCESS,41,41,14,
0.15,30,bot4,,,SUCCESS,41,41,14,
0.15,31,bot1,,,SUCCESS,68,68,44,
0.15,31,bot2,,,SUCCESS,68,68,44,
0.15,31,bot3,,,SUCCESS,68,68,44,
0.15,31,bot4,,,SUCCESS,68,68,44,
0.15,60,bot1,,,SUCCESS,38,38,48,
0.15,60,bot2,,,SUCCESS,38,38,48,
0.15,60,bot3,,,SUCCESS,38,38,48,
0.15,60,bot4,,,SUCCESS,38,38,48,
0.15,61,bot1,,,SUCCESS,11,11,36,
0.15,61,bot2,,,SUCCESS,11,11,36,
0.15,61,bot3,,,SUCCESS,11,11,36,
0.15,61,bot4,,,SUCCESS,11,11,36,
0.15,62,bot1,,,SUCCESS,24,24,14,
0.15,62,bot2,,,SUCCESS,24,24,14,
0.15,62,bot3,,,SUCCESS,24,24,14,
0.15,62,bot4,,,SUCCESS,24,24,14,
0.15,63,bot1,,,BUTTON_BURNED,9,28,3,
0.15,63,bot2,,,BUTTON_BURNED,9,28,3,
0.15,63,bot3,,,BUTTON_BURNED,9,28,3,
0.15,63,bot4,,,BUTTON_BURNED,9,28,3,1
0.15,44,bot1,,,SUCCESS,49,49,51,
0.15,44,bot2,,,SUCCESS,49,49,51,
0.15,44,bot3,,,SUCCESS,49,49,51,
0.15,44,bot4,,,SUCCESS,49,49,51,
0.15,45,bot1,,,SUCCESS,34,34,37,
0.15,45,bot2,,,SUCCESS,34,34,37,
0.15,45,bot3,,,SUCCESS,34,34,37,
0.15,45,bot4,,,SUCCESS,34,34,37,
0.15,46,bot1,,,SUCCESS,22,22,33,
0.15,46,bot2,,,SUCCESS,22,22,33,
0.15,46,bot3,,,SUCCESS,22,22,33,
0.15,46,bot4,,,SUCCESS,22,22,33,
0.15,47,bot1,,,SUCCESS,48,48,25,
0.15,47,bot2,,,SUCCESS,48,48,25,
0.15,47,bot3,,,SUCCESS,48,48,25,
0.15,47,bot4,,,SUCCESS,48,48,25,
0.15,40,bot1,,,SUCCESS,54,54,34,
0.15,40,bot2,,,SUCCESS,54,54,34,
0.15,40,bot3,,,SUCCESS,54,54,34,
0.15,40,bot4,,,SUCCESS,54,54,34,
0.15,41,bot1,,,SUCCESS,26,26,18,
0.15,41,bot2,,,SUCCESS,26,26,18,
0.15,41,bot3,,,SUCCESS,26,26,18,
0.15,41,bot4,,,SUCCESS,26,26,18,
0.15,42,bot1,,,SUCCESS,27,27,73,
0.15,42,bot2,,,SUCCESS,27,27,73,
0.15,42,bot3,,,SUCCESS,27,27,73,
0.15,42,bot4,,,SUCCESS,27,27,73,
0.15,43,bot1,,,SUCCESS,49,49,26,
0.15,43,bot2,,,SUCCESS,49,49,26,
0.15,43,bot3,,,SUCCESS,49,49,26,
0.15,43,bot4,,,SUCCESS,49,49,26,
0.15,36,bot1,,,SUCCESS,19,19,39,
0.15,36,bot2,,,SUCCESS,19,19,39,
0.15,36,bot3,,,SUCCESS,19,19,39,
0.15,36,bot4,,,SUCCESS,19,19,39,
0.15,37,bot1,,,SUCCESS,54,54,26,
0.15,37,bot2,,,SUCCESS,54,54,26,
0.15,37,bot3,,,SUCCESS,54,54,26,
0.15,37,bot4,,,SUCCESS,54,54,26,
0.15,38,bot1,,,SUCCESS,37,37,35,
0.15,38,bot2,,,SUCCESS,37,37,35,
0.15,38,bot3,,,SUCCESS,37,37,35,
0.15,38,bot4,,,SUCCESS,37,37,35,
0.15,39,bot1,,,SUCCESS,60,60,46,
0.15,39,bot2,,,SUCCESS,60,60,46,
0.15,39,bot3,,,SUCCESS,60,60,46,
0.15,39,bot4,,,SUCCESS,60,60,46,
0.15,52,bot1,,,SUCCESS,25,25,27,
0.15,52,bot2,,,SUCCESS,25,25,27,
0.15,52,bot3,,,SUCCESS,25,25,27,
0.15,52,bot4,,,SUCCESS,25,25,27,
0.15,53,bot1,,,SUCCESS,36,36,39,
0.15,53,bot2,,,SUCCESS,36,36,39,
0.15,53,bot3,,,SUCCESS,36,36,39,
0.15,53,bot4,,,SUCCESS,36,36,39,
0.15,54,bot1,,,SUCCESS,51,51,39,
0.15,54,bot2,,,SUCCESS,51,51,39,
0.15,54,bot3,,,SUCCESS,51,51,39,
0.15,54,bot4,,,SUCCESS,51,51,39,
0.15,55,bot1,,,SUCCESS,5,5,31,
0.15,55,bot2,,,SUCCESS,5,5,31,
0.15,55,bot3,,,SUCCESS,5,5,31,
0.15,55,bot4,,,SUCCESS,5,5,31,
0.15,56,bot1,,,BUTTON_BURNED,42,54,7,
0.15,56,bot2,,,GAVE_UP,40,54,7,
0.15,56,bot3,,,GAVE_UP,40,54,7,
0.15,56,bot4,,,GAVE_UP,40,54,7,20
0.15,57,bot1,,,SUCCESS,20,20,26,
0.15,57,bot2,,,SUCCESS,20,20,26,
0.15,57,bot3,,,SUCCESS,20,20,26,
0.15,57,bot4,,,SUCCESS,20,20,26,
0.15,58,bot1,,,SUCCESS,47,47,12,
0.15,58,bot2,,,SUCCESS,47,47,12,
0.15,58,bot3,,,SUCCESS,47,47,12,
0.15,58,bot4,,,SUCCESS,47,47,12,
0.15,59,bot1,,,SUCCESS,52,52,44,
0.15,59,bot2,,,SUCCESS,52,52,44,
0.15,59,bot3,,,SUCCESS,52,52,44,
0.15,59,bot4,,,SUCCESS,52,52,44,
0.15,68,bot1,,,SUCCESS,3,3,13,
0.15,68,bot2,,,SUCCESS,3,3,13,
0.15,68,bot3,,,SUCCESS,3,3,13,
0.15,68,bot4,,,SUCCESS,3,3,13,
0.15,69,bot1,,,SUCCESS,24,24,24,
0.15,69,bot2,,,SUCCESS,24,24,24,
0.15,69,bot3,,,SUCCESS,24,24,24,
0.15,69,bot4,,,SUCCESS,24,24,24,
0.15,70,bot1,,,SUCCESS,24,24,23,
0.15,70,bot2,,,SUCCESS,24,24,23,
0.15,70,bot3,,,SUCCESS,24,24,23,
0.15,70,bot4,,,SUCCESS,24,24,23,
0.15,71,bot1,,,SUCCESS,46,46,13,
0.15,71,bot2,,,SUCCESS,46,46,13,
0.15,71,bot3,,,GAVE_UP,50,46,13,
0.15,71,bot4,,,GAVE_UP,50,46,13,35
0.15,84,bot1,,,SUCCESS,40,40,14,
0.15,84,bot2,,,SUCCESS,40,40,14,
0.15,84,bot3,,,SUCCESS,40,40,14,
0.15,84,bot4,,,SUCCESS,40,40,14,
0.15,85,bot1,,,SUCCESS,29,29,47,
0.15,85,bot2,,,SUCCESS,29,29,47,
0.15,85,bot3,,,SUCCESS,29,29,47,
0.15,85,bot4,,,SUCCESS,29,29,47,
0.15,86,bot1,,,SUCCESS,16,16,47,
0.15,86,bot2,,,SUCCESS,16,16,47,
0.15,86,bot3,,,SUCCESS,16,16,47,
0.15,86,bot4,,,SUCCESS,16,16,47,
0.15,87,bot1,,,SUCCESS,40,40,38,
0.15,87,bot2,,,SUCCESS,40,40,38,
0.15,87,bot3,,,SUCCESS,40,40,38,
0.15,87,bot4,,,SUCCESS,40,40,38,
0.15,64,bot1,,,SUCCESS,56,56,60,
0.15,64,bot2,,,SUCCESS,56,56,60,
0.15,64,bot3,,,SUCCESS,56,56,60,
0.15,64,bot4,,,SUCCESS,56,56,60,
0.15,65,bot1,,,SUCCESS,2,2,58,
0.15,65,bot2,,,SUCCESS,2,2,58,
0.15,65,bot3,,,SUCCESS,2,2,58,
0.15,65,bot4,,,SUCCESS,2,2,58,
0.15,66,bot1,,,SUCCESS,48,48,28,
0.15,66,bot2,,,SUCCESS,48,48,28,
0.15,66,bot3,,,SUCCESS,48,48,28,
0.15,66,bot4,,,SUCCESS,48,48,28,
0.15,67,bot1,,,SUCCESS,27,27,61,
0.15,67,bot2,,,SUCCESS,27,27,61,
0.15,67,bot3,,,SUCCESS,27,27,61,
0.15,67,bot4,,,SUCCESS,27,27,61,
0.15,72,bot1,,,SUCCESS,30,30,22,
0.15,72,bot2,,,SUCCESS,30,30,22,
0.15,72,bot3,,,SUCCESS,30,30,22,
0.15,72,bot4,,,SUCCESS,30,30,22,
0.15,73,bot1,,,SUCCESS,45,45,62,
0.15,73,bot2,,,SUCCESS,45,45,62,
0.15,73,bot3,,,SUCCESS,45,45,62,
0.15,73,bot4,,,SUCCESS,45,45,62,
0.15,74,bot1,,,SUCCESS,30,30,43,
0.15,74,bot2,,,SUCCESS,30,30,43,
0.15,74,bot3,,,SUCCESS,30,30,43,
0.15,74,bot4,,,SUCCESS,30,30,43,
0.15,75,bot1,,,SUCCESS,31,31,21,
0.15,75,bot2,,,SUCCESS,31,31,21,
0.15,75,bot3,,,SUCCESS,31,31,21,
0.15,75,bot4,,,SUCCESS,31,31,21,
0.15,76,bot1,,,SUCCESS,39,39,50,
0.15,76,bot2,,,SUCCESS,39,39,50,
0.15,76,bot3,,,SUCCESS,39,39,50,
0.15,76,bot4,,,SUCCESS,39,39,50,
0.15,77,bot1,,,BUTTON_BURNED,27,34,6,
0.15,77,bot2,,,BUTTON_BURNED,27,34,6,
0.15,77,bot3,,,BUTTON_BURNED,27,34,6,
0.15,77,bot4,,,BUTTON_BURNED,27,34,6,
0.15,78,bot1,,,SUCCESS,51,51,48,
0.15,78,bot2,,,SUCCESS,51,51,48,
0.15,78,bot3,,,SUCCESS,51,51,48,
0.15,78,bot4,,,SUCCESS,51,51,48,
0.15,79,bot1,,,SUCCESS,18,18,10,
0.15,79,bot2,,,SUCCESS,18,18,10,
0.15,79,bot3,,,SUCCESS,18,18,10,
0.15,79,bot4,,,SUCCESS,18,18,10,
0.15,80,bot1,,,SUCCESS,57,57,31,
0.15,80,bot2,,,SUCCESS,57,57,31,
0.15,80,bot3,,,SUCCESS,57,57,31,
0.15,80,bot4,,,SUCCESS,57,57,31,
0.15,81,bot1,,,SUCCESS,43,43,56,
0.15,81,bot2,,,SUCCESS,43,43,56,
0.15,81,bot3,,,SUCCESS,43,43,56,
0.15,81,bot4,,,SUCCESS,43,43,56,
0.15,82,bot1,,,SUCCESS,43,43,19,
0.15,82,bot2,,,SUCCESS,43,43,19,
0.15,82,bot3,,,SUCCESS,43,43,19,
0.15,82,bot4,,,SUCCESS,43,43,19,
0.15,83,bot1,,,SUCCESS,43,43,39,
0.15,83,bot2,,,SUCCESS,43,43,39,
0.15,83,bot3,,,SUCCESS,43,43,39,
0.15,83,bot4,,,SUCCESS,43,43,39,
0.15,96,bot1,,,SUCCESS,53,53,20,
0.15,96,bot2,,,SUCCESS,53,53,20,
0.15,96,bot3,,,SUCCESS,53,53,20,
0.15,96,bot4,,,SUCCESS,53,53,20,
0.15,97,bot1,,,SUCCESS,13,13,14,
0.15,97,bot2,,,SUCCESS,13,13,14,
0.15,97,bot3,,,SUCCESS,13,13,14,
0.15,97,bot4,,,SUCCESS,13,13,14,
0.15,98,bot1,,,SUCCESS,28,28,27,
0.15,98,bot2,,,SUCCESS,28,28,27,
0.15,98,bot3,,,SUCCESS,28,28,27,
0.15,98,bot4,,,SUCCESS,28,28,27,
0.15,99,bot1,,,SUCCESS,26,26,52,
0.15,99,bot2,,,SUCCESS,26,26,52,
0.15,99,bot3,,,SUCCESS,26,26,52,
0.15,99,bot4,,,SUCCESS,26,26,52,
0.15,92,bot1,,,SUCCESS,46,46,37,
0.15,92,bot2,,,SUCCESS,46,46,37,
0.15,92,bot3,,,SUCCESS,46,46,37,
0.15,92,bot4,,,SUCCESS,46,46,37,
0.15,93,bot1,,,SUCCESS,38,38,42,
0.15,93,bot2,,,SUCCESS,38,38,42,
0.15,93,bot3,,,SUCCESS,38,38,42,
0.15,93,bot4,,,SUCCESS,38,38,42,
0.15,94,bot1,,,SUCCESS,21,21,30,
0.15,94,bot2,,,SUCCESS,21,21,30,
0.15,94,bot3,,,SUCCESS,21,21,30,
0.15,94,bot4,,,SUCCESS,21,21,30,
0.15,95,bot1,,,SUCCESS,46,46,38,
0.15,95,bot2,,,SUCCESS,46,46,38,
0.15,95,bot3,,,SUCCESS,46,46,38,
0.15,95,bot4,,,SUCCESS,46,46,38,
0.15,112,bot1,,,SUCCESS,7,7,9,
0.15,112,bot2,,,SUCCESS,7,7,9,
0.15,112,bot3,,,SUCCESS,7,7,9,
0.15,112,bot4,,,SUCCESS,7,7,9,
0.15,113,bot1,,,SUCCESS,23,23,13,
0.15,113,bot2,,,SUCCESS,23,23,13,
0.15,113,bot3,,,SUCCESS,23,23,13,
0.15,113,bot4,,,SUCCESS,23,23,13,
0.15,114,bot1,,,SUCCESS,27,27,31,
0.15,114,bot2,,,SUCCESS,27,27,31,
0.15,114,bot3,,,SUCCESS,27,27,31,
0.15,114,bot4,,,SUCCESS,27,27,31,
0.15,115,bot1,,,SUCCESS,48,48,49,
0.15,115,bot2,,,SUCCESS,48,48,49,
0.15,115,bot3,,,SUCCESS,48,48,49,
0.15,115,bot4,,,SUCCESS,48,48,49,
0.15,108,bot1,,,SUCCESS,47,47,45,
0.15,108,bot2,,,SUCCESS,47,47,45,
0.15,108,bot3,,,SUCCESS,47,47,45,
0.15,108,bot4,,,SUCCESS,47,47,45,
0.15,109,bot1,,,SUCCESS,5,5,18,
0.15,109,bot2,,,SUCCESS,5,5,18,
0.15,109,bot3,,,SUCCESS,5,5,18,
0.15,109,bot4,,,SUCCESS,5,5,18,
0.15,110,bot1,,,SUCCESS,28,28,39,
0.15,110,bot2,,,SUCCESS,28,28,39,
0.15,110,bot3,,,SUCCESS,28,28,39,
0.15,110,bot4,,,SUCCESS,28,28,39,
0.15,111,bot1,,,BURNED,24,57,31,
0.15,111,bot2,,,SUCCESS,59,57,31,
0.15,111,bot3,,,SUCCESS,59,57,31,
0.15,111,bot4,,,SUCCESS,59,57,31,
0.15,120,bot1,,,SUCCESS,46,46,32,
0.15,120,bot2,,,SUCCESS,46,46,32,
0.15,120,bot3,,,SUCCESS,46,46,32,
0.15,120,bot4,,,SUCCESS,48,46,32,
0.15,121,bot1,,,SUCCESS,27,27,19,
0.15,121,bot2,,,SUCCESS,27,27,19,
0.15,121,bot3,,,SUCCESS,27,27,19,
0.15,121,bot4,,,SUCCESS,27,27,19,
0.15,122,bot1,,,SUCCESS,7,7,56,
0.15,122,bot2,,,SUCCESS,7,7,56,
0.15,122,bot3,,,SUCCESS,7,7,56,
0.15,122,bot4,,,SUCCESS,7,7,56,
0.15,123,bot1,,,SUCCESS,31,31,35,
0.15,123,bot2,,,SUCCESS,31,31,35,
0.15,123,bot3,,,SUCCESS,31,31,35,
0.15,123,bot4,,,SUCCESS,31,31,35,
0.15,104,bot1,,,SUCCESS,24,24,32,
0.15,104,bot2,,,SUCCESS,24,24,32,
0.15,104,bot3,,,SUCCESS,24,24,32,
0.15,104,bot4,,,SUCCESS,24,24,32,
0.15,105,bot1,,,SUCCESS,47,47,33,
0.15,105,bot2,,,SUCCESS,47,47,33,
0.15,105,bot3,,,SUCCESS,47,47,33,
0.15,105,bot4,,,SUCCESS,47,47,33,
0.15,106,bot1,,,SUCCESS,41,41,10,
0.15,106,bot2,,,SUCCESS,41,41,10,
0.15,106,bot3,,,SUCCESS,41,41,10,
0.15,106,bot4,,,BUTTON_BURNED,46,41,10,
0.15,107,bot1,,,BURNED,14,40,24,
0.15,107,bot2,,,SUCCESS,52,40,24,
0.15,107,bot3,,,SUCCESS,62,40,24,
0.15,107,bot4,,,SUCCESS,46,40,24,
0.15,88,bot1,,,BURNED,37,55,13,
0.15,88,bot2,,,SUCCESS,65,55,13,
0.15,88,bot3,,,SUCCESS,65,55,13,
0.15,88,bot4,,,SUCCESS,65,55,13,
0.15,89,bot1,,,SUCCESS,50,50,32,
0.15,89,bot2,,,SUCCESS,50,50,32,
0.15,89,bot3,,,SUCCESS,50,50,32,
0.15,89,bot4,,,SUCCESS,50,50,32,
0.15,90,bot1,,,SUCCESS,51,51,40,
0.15,90,bot2,,,SUCCESS,51,51,40,
0.15,90,bot3,,,SUCCESS,51,51,40,
0.15,90,bot4,,,SUCCESS,51,51,40,
0.15,91,bot1,,,SUCCESS,23,23,48,
0.15,91,bot2,,,SUCCESS,23,23,48,
0.15,91,bot3,,,SUCCESS,23,23,48,
0.15,91,bot4,,,SUCCESS,23,23,48,
0.15,100,bot1,,,SUCCESS,36,36,16,
0.15,100,bot2,,,SUCCESS,36,36,16,
0.15,100,bot3,,,SUCCESS,36,36,16,
0.15,100,bot4,,,SUCCESS,56,36,16,
0.15,101,bot1,,,SUCCESS,46,46,47,
0.15,101,bot2,,,SUCCESS,46,46,47,
0.15,101,bot3,,,SUCCESS,46,46,47,
0.15,101,bot4,,,SUCCESS,46,46,47,
0.15,102,bot1,,,SUCCESS,48,48,38,
0.15,102,bot2,,,SUCCESS,48,48,38,
0.15,102,bot3,,,SUCCESS,48,48,38,
0.15,102,bot4,,,SUCCESS,48,48,38,
0.15,103,bot1,,,BUTTON_BURNED,39,68,9,
0.15,103,bot2,,,GAVE_UP,38,68,9,
0.15,103,bot3,,,GAVE_UP,38,68,9,
0.15,103,bot4,,,GAVE_UP,38,68,9,11
0.15,124,bot1,,,SUCCESS,17,17,36,
0.15,124,bot2,,,SUCCESS,17,17,36,
0.15,124,bot3,,,SUCCESS,17,17,36,
0.15,124,bot4,,,SUCCESS,17,17,36,
0.15,125,bot1,,,SUCCESS,31,31,28,
0.15,125,bot2,,,SUCCESS,31,31,28,
0.15,125,bot3,,,SUCCESS,31,31,28,
0.15,125,bot4,,,SUCCESS,31,31,28,
0.15,126,bot1,,,SUCCESS,39,39,37,
0.15,126,bot2,,,SUCCESS,39,39,37,
0.15,126,bot3,,,SUCCESS,39,39,37,
0.15,126,bot4,,,SUCCESS,39,39,37,
0.15,127,bot1,,,SUCCESS,28,28,11,
0.15,127,bot2,,,SUCCESS,28,28,11,
0.15,127,bot3,,,SUCCESS,28,28,11,
0.15,127,bot4,,,SUCCESS,28,28,11,
0.15,116,bot1,,,SUCCESS,9,9,34,
0.15,116,bot2,,,SUCCESS,9,9,34,
0.15,116,bot3,,,SUCCESS,9,9,34,
0.15,116,bot4,,,SUCCESS,9,9,34,
0.15,117,bot1,,,SUCCESS,31,31,39,
0.15,117,bot2,,,SUCCESS,31,31,39,
0.15,117,bot3,,,SUCCESS,31,31,39,
0.15,117,bot4,,,SUCCESS,31,31,39,
0.15,118,bot1,,,SUCCESS,37,37,31,
0.15,118,bot2,,,SUCCESS,37,37,31,
0.15,118,bot3,,,SUCCESS,37,37,31,
0.15,118,bot4,,,SUCCESS,37,37,31,
0.15,119,bot1,,,SUCCESS,65,65,59,
0.15,119,bot2,,,SUCCESS,65,65,59,
0.15,119,bot3,,,SUCCESS,65,65,59,
0.15,119,bot4,,,SUCCESS,65,65,59,
0.15,128,bot1,,,SUCCESS,39,39,35,
0.15,128,bot2,,,SUCCESS,39,39,35,
0.15,128,bot3,,,SUCCESS,39,39,35,
0.15,128,bot4,,,SUCCESS,39,39,35,
0.15,129,bot1,,,BUTTON_BURNED,11,56,4,
0.15,129,bot2,,,BUTTON_BURNED,11,56,4,
0.15,129,bot3,,,BUTTON_BURNED,11,56,4,
0.15,129,bot4,,,BUTTON_BURNED,11,56,4,
0.15,130,bot1,,,SUCCESS,41,41,46,
0.15,130,bot2,,,SUCCESS,41,41,46,
0.15,130,bot3,,,SUCCESS,41,41,46,
0.15,130,bot4,,,SUCCESS,41,41,46,
0.15,131,bot1,,,SUCCESS,34,34,22,
0.15,131,bot2,,,SUCCESS,34,34,22,
0.15,131,bot3,,,SUCCESS,34,34,22,
0.15,131,bot4,,,SUCCESS,34,34,22,
0.15,160,bot1,,,SUCCESS,19,19,38,
0.15,160,bot2,,,SUCCESS,19,19,38,
0.15,160,bot3,,,SUCCESS,19,19,38,
0.15,160,bot4,,,SUCCESS,19,19,38,
0.15,161,bot1,,,SUCCESS,16,16,10,
0.15,161,bot2,,,SUCCESS,16,16,10,
0.15,161,bot3,,,SUCCESS,16,16,10,
0.15,161,bot4,,,SUCCESS,16,16,10,
0.15,162,bot1,,,SUCCESS,3,3,15,
0.15,162,bot2,,,SUCCESS,3,3,15,
0.15,162,bot3,,,SUCCESS,3,3,15,
0.15,162,bot4,,,SUCCESS,3,3,15,
0.15,163,bot1,,,SUCCESS,11,11,55,
0.15,163,bot2,,,SUCCESS,11,11,55,
0.15,163,bot3,,,SUCCESS,11,11,55,
0.15,163,bot4,,,SUCCESS,11,11,55,
0.15,132,bot1,,,SUCCESS,44,44,35,
0.15,132,bot2,,,SUCCESS,44,44,35,
0.15,132,bot3,,,SUCCESS,44,44,35,
0.15,132,bot4,,,SUCCESS,44,44,35,
0.15,133,bot1,,,SUCCESS,53,53,49,
0.15,133,bot2,,,SUCCESS,53,53,49,
0.15,133,bot3,,,SUCCESS,53,53,49,
0.15,133,bot4,,,SUCCESS,53,53,49,
0.15,134,bot1,,,SUCCESS,15,15,39,
0.15,134,bot2,,,SUCCESS,15,15,39,
0.15,134,bot3,,,SUCCESS,15,15,39,
0.15,134,bot4,,,SUCCESS,15,15,39,
0.15,135,bot1,,,SUCCESS,9,9,29,
0.15,135,bot2,,,SUCCESS,9,9,29,
0.15,135,bot3,,,SUCCESS,9,9,29,
0.15,135,bot4,,,SUCCESS,9,9,29,
0.15,148,bot1,,,SUCCESS,33,33,29,
0.15,148,bot2,,,SUCCESS,33,33,29,
0.15,148,bot3,,,SUCCESS,33,33,29,
0.15,148,bot4,,,SUCCESS,33,33,29,
0.15,149,bot1,,,SUCCESS,1,1,30,
0.15,149,bot2,,,SUCCESS,1,1,30,
0.15,149,bot3,,,SUCCESS,1,1,30,
0.15,149,bot4,,,SUCCESS,1,1,30,
0.15,150,bot1,,,SUCCESS,9,9,39,
0.15,150,bot2,,,SUCCESS,9,9,39,
0.15,150,bot3,,,SUCCESS,9,9,39,
0.15,150,bot4,,,SUCCESS,9,9,39,
0.15,151,bot1,,,SUCCESS,22,22,32,
0.15,151,bot2,,,SUCCESS,22,22,32,
0.15,151,bot3,,,SUCCESS,22,22,32,
0.15,151,bot4,,,SUCCESS,22,22,32,
0.15,140,bot1,,,BURNED,12,35,19,
0.15,140,bot2,,,SUCCESS,41,35,19,
0.15,140,bot3,,,SUCCESS,49,35,19,
0.15,140,bot4,,,SUCCESS,49,35,19,
0.15,141,bot1,,,SUCCESS,20,20,29,
0.15,141,bot2,,,SUCCESS,20,20,29,
0.15,141,bot3,,,SUCCESS,20,20,29,
0.15,141,bot4,,,SUCCESS,20,20,29,
0.15,142,bot1,,,SUCCESS,6,6,10,
0.15,142,bot2,,,SUCCESS,6,6,10,
0.15,142,bot3,,,SUCCESS,6,6,10,
0.15,142,bot4,,,SUCCESS,6,6,10,
0.15,143,bot1,,,SUCCESS,32,32,37,
0.15,143,bot2,,,SUCCESS,32,32,37,
0.15,143,bot3,,,SUCCESS,32,32,37,
0.15,143,bot4,,,SUCCESS,32,32,37,
0.15,136,bot1,,,SUCCESS,47,47,47,
0.15,136,bot2,,,SUCCESS,47,47,47,
0.15,136,bot3,,,SUCCESS,47,47,47,
0.15,136,bot4,,,SUCCESS,47,47,47,
0.15,137,bot1,,,SUCCESS,33,33,15,
0.15,137,bot2,,,SUCCESS,33,33,15,
0.15,137,bot3,,,SUCCESS,33,33,15,
0.15,137,bot4,,,SUCCESS,33,33,15,
0.15,138,bot1,,,SUCCESS,20,20,57,
0.15,138,bot2,,,SUCCESS,20,20,57,
0.15,138,bot3,,,SUCCESS,20,20,57,
0.15,138,bot4,,,SUCCESS,20,20,57,
0.15,139,bot1,,,SUCCESS,41,41,45,
0.15,139,bot2,,,SUCCESS,41,41,45,
0.15,139,bot3,,,SUCCESS,41,41,45,
0.15,139,bot4,,,SUCCESS,41,41,45,
0.15,144,bot1,,,SUCCESS,29,29,5,
0.15,144,bot2,,,SUCCESS,29,29,5,
0.15,144,bot3,,,SUCCESS,39,29,5,
0.15,144,bot4,,,SUCCESS,29,29,5,14
0.15,145,bot1,,,SUCCESS,49,49,37,
0.15,145,bot2,,,SUCCESS,49,49,37,
0.15,145,bot3,,,SUCCESS,49,49,37,
0.15,145,bot4,,,SUCCESS,49,49,37,
0.15,146,bot1,,,SUCCESS,29,29,51,
0.15,146,bot2,,,SUCCESS,29,29,51,
0.15,146,bot3,,,SUCCESS,29,29,51,
0.15,146,bot4,,,SUCCESS,29,29,51,
0.15,147,bot1,,,SUCCESS,11,11,33,
0.15,147,bot2,,,SUCCESS,11,11,33,
0.15,147,bot3,,,SUCCESS,11,11,33,
0.15,147,bot4,,,SUCCESS,11,11,33,
0.15,164,bot1,,,SUCCESS,30,30,35,
0.15,164,bot2,,,SUCCESS,30,30,35,
0.15,164,bot3,,,SUCCESS,30,30,35,
0.15,164,bot4,,,SUCCESS,30,30,35,
0.15,165,bot1,,,SUCCESS,23,23,42,
0.15,165,bot2,,,SUCCESS,23,23,42,
0.15,165,bot3,,,SUCCESS,23,23,42,
0.15,165,bot4,,,SUCCESS,23,23,42,
0.15,166,bot1,,,SUCCESS,6,6,18,
0.15,166,bot2,,,SUCCESS,6,6,18,
0.15,166,bot3,,,SUCCESS,6,6,18,
0.15,166,bot4,,,SUCCESS,6,6,18,
0.15,167,bot1,,,SUCCESS,30,30,32,
0.15,167,bot2,,,SUCCESS,30,30,32,
0.15,167,bot3,,,SUCCESS,30,30,32,
0.15,167,bot4,,,SUCCESS,30,30,32,
0.15,168,bot1,,,SUCCESS,9,9,19,
0.15,168,bot2,,,SUCCESS,9,9,19,
0.15,168,bot3,,,SUCCESS,9,9,19,
0.15,168,bot4,,,SUCCESS,9,9,19,
0.15,169,bot1,,,SUCCESS,30,30,20,
0.15,169,bot2,,,SUCCESS,30,30,20,
0.15,169,bot3,,,SUCCESS,30,30,20,
0.15,169,bot4,,,SUCCESS,30,30,20,
0.15,170,bot1,,,SUCCESS,11,11,33,
0.15,170,bot2,,,SUCCESS,11,11,33,
0.15,170,bot3,,,SUCCESS,11,11,33,
0.15,170,bot4,,,SUCCESS,11,11,33,
0.15,171,bot1,,,SUCCESS,42,42,40,
0.15,171,bot2,,,SUCCESS,42,42,40,
0.15,171,bot3,,,SUCCESS,42,42,40,
0.15,171,bot4,,,SUCCESS,42,42,40,
0.15,176,bot1,,,BURNED,39,46,12,
0.15,176,bot2,,,GAVE_UP,47,46,12,
0.15,176,bot3,,,GAVE_UP,47,46,12,
0.15,176,bot4,,,GAVE_UP,47,46,12,20
0.15,177,bot1,,,SUCCESS,29,29,28,
0.15,177,bot2,,,SUCCESS,29,29,28,
0.15,177,bot3,,,SUCCESS,29,29,28,
0.15,177,bot4,,,SUCCESS,29,29,28,
0.15,178,bot1,,,SUCCESS,1,1,30,
0.15,178,bot2,,,SUCCESS,1,1,30,
0.15,178,bot3,,,SUCCESS,1,1,30,
0.15,178,bot4,,,SUCCESS,1,1,30,
0.15,179,bot1,,,SUCCESS,19,19,42,
0.15,179,bot2,,,SUCCESS,19,19,42,
0.15,179,bot3,,,SUCCESS,19,19,42,
0.15,179,bot4,,,SUCCESS,19,19,42,
0.15,156,bot1,,,BURNED,19,28,7,
0.15,156,bot2,,,GAVE_UP,35,28,7,
0.15,156,bot3,,,GAVE_UP,35,28,7,
0.15,156,bot4,,,GAVE_UP,35,28,7,6
0.15,157,bot1,,,SUCCESS,12,12,40,
0.15,157,bot2,,,SUCCESS,12,12,40,
0.15,157,bot3,,,SUCCESS,12,12,40,
0.15,157,bot4,,,SUCCESS,12,12,40,
0.15,158,bot1,,,SUCCESS,33,33,31,
0.15,158,bot2,,,SUCCESS,33,33,31,
0.15,158,bot3,,,SUCCESS,33,33,31,
0.15,158,bot4,,,SUCCESS,33,33,31,
0.15,159,bot1,,,BURNED,18,40,25,
0.15,159,bot2,,,SUCCESS,62,40,25,
0.15,159,bot3,,,SUCCESS,54,40,25,
0.15,159,bot4,,,SUCCESS,70,40,25,
0.15,152,bot1,,,SUCCESS,63,63,36,
0.15,152,bot2,,,SUCCESS,63,63,36,
0.15,152,bot3,,,SUCCESS,63,63,36,
0.15,152,bot4,,,SUCCESS,63,63,36,
0.15,153,bot1,,,BUTTON_BURNED,23,30,5,
0.15,153,bot2,,,BUTTON_BURNED,23,30,5,
0.15,153,bot3,,,BUTTON_BURNED,23,30,5,
0.15,153,bot4,,,BUTTON_BURNED,23,30,5,
0.15,154,bot1,,,BUTTON_BURNED,40,56,8,
0.15,154,bot2,,,GAVE_UP,35,56,8,
0.15,154,bot3,,,GAVE_UP,35,56,8,
0.15,154,bot4,,,GAVE_UP,35,56,8,29
0.15,155,bot1,,,SUCCESS,15,15,20,
0.15,155,bot2,,,SUCCESS,15,15,20,
0.15,155,bot3,,,SUCCESS,15,15,20,
0.15,155,bot4,,,SUCCESS,15,15,20,
0.15,172,bot1,,,BURNED,14,43,30,
0.15,172,bot2,,,SUCCESS,55,43,30,
0.15,172,bot3,,,SUCCESS,51,43,30,
0.15,172,bot4,,,SUCCESS,45,43,30,
0.15,173,bot1,,,SUCCESS,43,43,27,
0.15,173,bot2,,,SUCCESS,43,43,27,
0.15,173,bot3,,,SUCCESS,43,43,27,
0.15,173,bot4,,,SUCCESS,43,43,27,
0.15,174,bot1,,,SUCCESS,12,12,23,
0.15,174,bot2,,,SUCCESS,12,12,23,
0.15,174,bot3,,,SUCCESS,12,12,23,
0.15,174,bot4,,,SUCCESS,12,12,23,
0.15,175,bot1,,,SUCCESS,18,18,19,
0.15,175,bot2,,,SUCCESS,18,18,19,
0.15,175,bot3,,,SUCCESS,18,18,19,
0.15,175,bot4,,,SUCCESS,18,18,19,
0.15,184,bot1,,,BURNED,27,47,27,
0.15,184,bot2,,,SUCCESS,65,47,27,
0.15,184,bot3,,,SUCCESS,57,47,27,
0.15,184,bot4,,,SUCCESS,51,47,27,
0.15,185,bot1,,,SUCCESS,12,10,9,
0.15,185,bot2,,,SUCCESS,12,10,9,
0.15,185,bot3,,,SUCCESS,12,10,9,
0.15,185,bot4,,,SUCCESS,12,10,9,
0.15,186,bot1,,,BUTTON_BURNED,22,46,3,
0.15,186,bot2,,,GAVE_UP,17,46,3,
0.15,186,bot3,,,GAVE_UP,17,46,3,
0.15,186,bot4,,,GAVE_UP,17,46,3,1
0.15,187,bot1,,,SUCCESS,32,32,48,
0.15,187,bot2,,,SUCCESS,32,32,48,
0.15,187,bot3,,,SUCCESS,32,32,48,
0.15,187,bot4,,,SUCCESS,32,32,48,
0.15,188,bot1,,,SUCCESS,23,23,45,
0.15,188,bot2,,,SUCCESS,23,23,45,
0.15,188,bot3,,,SUCCESS,23,23,45,
0.15,188,bot4,,,SUCCESS,23,23,45,
0.15,189,bot1,,,SUCCESS,25,25,54,
0.15,189,bot2,,,SUCCESS,25,25,54,
0.15,189,bot3,,,SUCCESS,25,25,54,
0.15,189,bot4,,,SUCCESS,25,25,54,
0.15,190,bot1,,,SUCCESS,48,48,55,
0.15,190,bot2,,,SUCCESS,48,48,55,
0.15,190,bot3,,,SUCCESS,48,48,55,
0.15,190,bot4,,,SUCCESS,48,48,55,
0.15,191,bot1,,,SUCCESS,40,40,31,
0.15,191,bot2,,,SUCCESS,40,40,31,
0.15,191,bot3,,,SUCCESS,40,40,31,
0.15,191,bot4,,,SUCCESS,40,40,31,
0.2,0,bot1,,,SUCCESS,17,17,39,
0.2,0,bot2,,,SUCCESS,17,17,39,
0.2,0,bot3,,,SUCCESS,17,17,39,
0.2,0,bot4,,,SUCCESS,17,17,39,
0.2,1,bot1,,,SUCCESS,14,14,68,
0.2,1,bot2,,,SUCCESS,14,14,68,
0.2,1,bot3,,,SUCCESS,14,14,68,
0.2,1,bot4,,,SUCCESS,14,14,68,
0.2,2,bot1,,,SUCCESS,35,35,29,
0.2,2,bot2,,,SUCCESS,35,35,29,
0.2,2,bot3,,,SUCCESS,35,35,29,
0.2,2,bot4,,,SUCCESS,35,35,29,
0.2,3,bot1,,,SUCCESS,24,24,22,
0.2,3,bot2,,,SUCCESS,24,24,22,
0.2,3,bot3,,,SUCCESS,24,24,22,
0.2,3,bot4,,,SUCCESS,24,24,22,
0.15,180,bot1,,,SUCCESS,49,49,45,
0.15,180,bot2,,,SUCCESS,49,49,45,
0.15,180,bot3,,,SUCCESS,49,49,45,
0.15,180,bot4,,,SUCCESS,49,49,45,
0.15,181,bot1,,,SUCCESS,24,24,27,
0.15,181,bot2,,,SUCCESS,24,24,27,
0.15,181,bot3,,,SUCCESS,24,24,27,
0.15,181,bot4,,,SUCCESS,24,24,27,
0.15,182,bot1,,,SUCCESS,40,40,45,
0.15,182,bot2,,,SUCCESS,40,40,45,
0.15,182,bot3,,,SUCCESS,40,40,45,
0.15,182,bot4,,,SUCCESS,40,40,45,
0.15,183,bot1,,,SUCCESS,56,56,48,
0.15,183,bot2,,,SUCCESS,56,56,48,
0.15,183,bot3,,,SUCCESS,56,56,48,
0.15,183,bot4,,,SUCCESS,56,56,48,
0.2,4,bot1,,,SUCCESS,41,41,26,
0.2,4,bot2,,,SUCCESS,41,41,26,
0.2,4,bot3,,,SUCCESS,41,41,26,
0.2,4,bot4,,,SUCCESS,41,41,26,6
0.2,5,bot1,,,SUCCESS,24,24,19,
0.2,5,bot2,,,SUCCESS,24,24,19,
0.2,5,bot3,,,SUCCESS,24,24,19,
0.2,5,bot4,,,SUCCESS,24,24,19,
0.2,6,bot1,,,SUCCESS,5,5,19,
0.2,6,bot2,,,SUCCESS,5,5,19,
0.2,6,bot3,,,SUCCESS,5,5,19,
0.2,6,bot4,,,SUCCESS,5,5,19,
0.2,7,bot1,,,SUCCESS,27,27,20,
0.2,7,bot2,,,SUCCESS,27,27,20,
0.2,7,bot3,,,SUCCESS,45,27,20,
0.2,7,bot4,,,SUCCESS,29,27,20,
0.2,12,bot1,,,SUCCESS,30,30,24,
0.2,12,bot2,,,SUCCESS,30,30,24,
0.2,12,bot3,,,SUCCESS,30,30,24,
0.2,12,bot4,,,SUCCESS,30,30,24,
0.2,13,bot1,,,SUCCESS,16,16,62,
0.2,13,bot2,,,SUCCESS,16,16,62,
0.2,13,bot3,,,SUCCESS,16,16,62,
0.2,13,bot4,,,SUCCESS,16,16,62,
0.2,14,bot1,,,SUCCESS,28,28,49,
0.2,14,bot2,,,SUCCESS,28,28,49,
0.2,14,bot3,,,SUCCESS,28,28,49,
0.2,14,bot4,,,SUCCESS,28,28,49,
0.2,15,bot1,,,SUCCESS,13,13,30,
0.2,15,bot2,,,SUCCESS,13,13,30,
0.2,15,bot3,,,SUCCESS,13,13,30,
0.2,15,bot4,,,SUCCESS,13,13,30,
0.15,192,bot1,,,SUCCESS,18,18,45,
0.15,192,bot2,,,SUCCESS,18,18,45,
0.15,192,bot3,,,SUCCESS,18,18,45,
0.15,192,bot4,,,SUCCESS,18,18,45,
0.15,193,bot1,,,SUCCESS,35,35,17,
0.15,193,bot2,,,SUCCESS,35,35,17,
0.15,193,bot3,,,SUCCESS,35,35,17,
0.15,193,bot4,,,SUCCESS,35,35,17,
0.15,194,bot1,,,SUCCESS,55,55,64,
0.15,194,bot2,,,SUCCESS,55,55,64,
0.15,194,bot3,,,SUCCESS,55,55,64,
0.15,194,bot4,,,SUCCESS,55,55,64,
0.15,195,bot1,,,SUCCESS,40,40,23,
0.15,195,bot2,,,SUCCESS,40,40,23,
0.15,195,bot3,,,SUCCESS,40,40,23,
0.15,195,bot4,,,SUCCESS,40,40,23,
0.2,20,bot1,,,SUCCESS,43,43,16,
0.2,20,bot2,,,SUCCESS,43,43,16,
0.2,20,bot3,,,SUCCESS,43,43,16,
0.2,20,bot4,,,SUCCESS,43,43,16,
0.2,21,bot1,,,SUCCESS,17,17,55,
0.2,21,bot2,,,SUCCESS,17,17,55,
0.2,21,bot3,,,SUCCESS,17,17,55,
0.2,21,bot4,,,SUCCESS,17,17,55,
0.2,22,bot1,,,SUCCESS,15,15,33,
0.2,22,bot2,,,SUCCESS,15,15,33,
0.2,22,bot3,,,SUCCESS,15,15,33,
0.2,22,bot4,,,SUCCESS,15,15,33,
0.2,23,bot1,,,SUCCESS,33,33,41,
0.2,23,bot2,,,SUCCESS,33,33,41,
0.2,23,bot3,,,SUCCESS,33,33,41,
0.2,23,bot4,,,SUCCESS,33,33,41,
0.2,8,bot1,,,SUCCESS,25,25,43,
0.2,8,bot2,,,SUCCESS,25,25,43,
0.2,8,bot3,,,SUCCESS,25,25,43,
0.2,8,bot4,,,SUCCESS,25,25,43,
0.2,9,bot1,,,BURNED,15,39,20,
0.2,9,bot2,,,SUCCESS,47,39,20,
0.2,9,bot3,,,SUCCESS,39,39,20,
0.2,9,bot4,,,SUCCESS,39,39,20,
0.2,10,bot1,,,SUCCESS,41,41,33,
0.2,10,bot2,,,SUCCESS,41,41,33,
0.2,10,bot3,,,SUCCESS,41,41,33,
0.2,10,bot4,,,SUCCESS,41,41,33,
0.2,11,bot1,,,SUCCESS,48,48,31,
0.2,11,bot2,,,SUCCESS,48,48,31,
0.2,11,bot3,,,SUCCESS,48,48,31,
0.2,11,bot4,,,SUCCESS,48,48,31,
0.15,196,bot1,,,SUCCESS,15,15,30,
0.15,196,bot2,,,SUCCESS,15,15,30,
0.15,196,bot3,,,SUCCESS,15,15,30,
0.15,196,bot4,,,SUCCESS,15,15,30,
0.15,197,bot1,,,SUCCESS,51,51,38,
0.15,197,bot2,,,SUCCESS,51,51,38,
0.15,197,bot3,,,SUCCESS,51,51,38,
0.15,197,bot4,,,SUCCESS,51,51,38,
0.15,198,bot1,,,SUCCESS,65,65,25,
0.15,198,bot2,,,SUCCESS,65,65,25,
0.15,198,bot3,,,SUCCESS,65,65,25,
0.15,198,bot4,,,SUCCESS,65,65,25,
0.15,199,bot1,,,SUCCESS,52,52,24,
0.15,199,bot2,,,SUCCESS,52,52,24,
0.15,199,bot3,,,SUCCESS,52,52,24,
0.15,199,bot4,,,SUCCESS,52,52,24,
0.2,16,bot1,,,SUCCESS,35,35,57,
0.2,16,bot2,,,SUCCESS,35,35,57,
0.2,16,bot3,,,SUCCESS,35,35,57,
0.2,16,bot4,,,SUCCESS,35,35,57,
0.2,17,bot1,,,SUCCESS,19,19,22,
0.2,17,bot2,,,SUCCESS,19,19,22,
0.2,17,bot3,,,SUCCESS,19,19,22,
0.2,17,bot4,,,SUCCESS,19,19,22,
0.2,18,bot1,,,SUCCESS,64,64,58,
0.2,18,bot2,,,SUCCESS,64,64,58,
0.2,18,bot3,,,SUCCESS,64,64,58,
0.2,18,bot4,,,SUCCESS,64,64,58,
0.2,19,bot1,,,SUCCESS,49,49,33,
0.2,19,bot2,,,SUCCESS,49,49,33,
0.2,19,bot3,,,SUCCESS,49,49,33,
0.2,19,bot4,,,SUCCESS,49,49,33,
0.2,24,bot1,,,SUCCESS,65,65,27,
0.2,24,bot2,,,SUCCESS,65,65,27,
0.2,24,bot3,,,SUCCESS,65,65,27,
0.2,24,bot4,,,SUCCESS,65,65,27,
0.2,25,bot1,,,SUCCESS,36,36,49,
0.2,25,bot2,,,SUCCESS,36,36,49,
0.2,25,bot3,,,SUCCESS,36,36,49,
0.2,25,bot4,,,SUCCESS,36,36,49,
0.2,26,bot1,,,SUCCESS,22,22,59,
0.2,26,bot2,,,SUCCESS,22,22,59,
0.2,26,bot3,,,SUCCESS,22,22,59,
0.2,26,bot4,,,SUCCESS,22,22,59,
0.2,27,bot1,,,SUCCESS,23,23,41,
0.2,27,bot2,,,SUCCESS,23,23,41,
0.2,27,bot3,,,SUCCESS,23,23,41,
0.2,27,bot4,,,SUCCESS,23,23,41,
0.2,48,bot1,,,SUCCESS,17,17,37,
0.2,48,bot2,,,SUCCESS,17,17,37,
0.2,48,bot3,,,SUCCESS,17,17,37,
0.2,48,bot4,,,SUCCESS,17,17,37,
0.2,49,bot1,,,SUCCESS,3,3,29,
0.2,49,bot2,,,SUCCESS,3,3,29,
0.2,49,bot3,,,SUCCESS,3,3,29,
0.2,49,bot4,,,SUCCESS,3,3,29,
0.2,50,bot1,,,SUCCESS,32,32,48,
0.2,50,bot2,,,SUCCESS,32,32,48,
0.2,50,bot3,,,SUCCESS,32,32,48,
0.2,50,bot4,,,SUCCESS,32,32,48,
0.2,51,bot1,,,SUCCESS,31,31,40,
0.2,51,bot2,,,SUCCESS,31,31,40,
0.2,51,bot3,,,SUCCESS,31,31,40,
0.2,51,bot4,,,SUCCESS,31,31,40,
0.2,32,bot1,,,SUCCESS,13,13,24,
0.2,32,bot2,,,SUCCESS,13,13,24,
0.2,32,bot3,,,SUCCESS,13,13,24,
0.2,32,bot4,,,SUCCESS,13,13,24,
0.2,33,bot1,,,BURNED,27,31,7,
0.2,33,bot2,,,BUTTON_BURNED,28,31,7,
0.2,33,bot3,,,BUTTON_BURNED,28,31,7,
0.2,33,bot4,,,BUTTON_BURNED,28,31,7,12
0.2,34,bot1,,,BUTTON_BURNED,38,39,9,
0.2,34,bot2,,,BUTTON_BURNED,38,39,9,
0.2,34,bot3,,,BUTTON_BURNED,38,39,9,
0.2,34,bot4,,,BUTTON_BURNED,38,39,9,
0.2,35,bot1,,,SUCCESS,38,38,45,
0.2,35,bot2,,,SUCCESS,38,38,45,
0.2,35,bot3,,,SUCCESS,38,38,45,
0.2,35,bot4,,,SUCCESS,38,38,45,
0.2,28,bot1,,,SUCCESS,20,20,23,
0.2,28,bot2,,,SUCCESS,20,20,23,
0.2,28,bot3,,,SUCCESS,20,20,23,
0.2,28,bot4,,,SUCCESS,20,20,23,
0.2,29,bot1,,,BUTTON_BURNED,18,41,7,
0.2,29,bot2,,,GAVE_UP,9,41,7,
0.2,29,bot3,,,GAVE_UP,9,41,7,
0.2,29,bot4,,,GAVE_UP,9,41,7,1
0.2,30,bot1,,,SUCCESS,41,41,14,
0.2,30,bot2,,,SUCCESS,41,41,14,
0.2,30,bot3,,,SUCCESS,41,41,14,
0.2,30,bot4,,,SUCCESS,41,41,14,
0.2,31,bot1,,,SUCCESS,68,68,44,
0.2,31,bot2,,,SUCCESS,68,68,44,
0.2,31,bot3,,,SUCCESS,68,68,44,
0.2,31,bot4,,,SUCCESS,68,68,44,
0.2,60,bot1,,,SUCCESS,38,38,48,
0.2,60,bot2,,,SUCCESS,38,38,48,
0.2,60,bot3,,,SUCCESS,38,38,48,
0.2,60,bot4,,,SUCCESS,38,38,48,
0.2,61,bot1,,,SUCCESS,11,11,36,
0.2,61,bot2,,,SUCCESS,11,11,36,
0.2,61,bot3,,,SUCCESS,11,11,36,
0.2,61,bot4,,,SUCCESS,11,11,36,
0.2,62,bot1,,,SUCCESS,24,24,14,
0.2,62,bot2,,,SUCCESS,24,24,14,
0.2,62,bot3,,,SUCCESS,24,24,14,
0.2,62,bot4,,,SUCCESS,24,24,14,
0.2,63,bot1,,,BUTTON_BURNED,9,28,3,
0.2,63,bot2,,,BUTTON_BURNED,9,28,3,
0.2,63,bot3,,,BUTTON_BURNED,9,28,3,
0.2,63,bot4,,,BUTTON_BURNED,9,28,3,1
0.2,36,bot1,,,SUCCESS,19,19,39,
0.2,36,bot2,,,SUCCESS,19,19,39,
0.2,36,bot3,,,SUCCESS,19,19,39,
0.2,36,bot4,,,SUCCESS,19,19,39,
0.2,37,bot1,,,SUCCESS,54,54,26,
0.2,37,bot2,,,SUCCESS,54,54,26,
0.2,37,bot3,,,SUCCESS,54,54,26,
0.2,37,bot4,,,SUCCESS,54,54,26,
0.2,38,bot1,,,SUCCESS,37,37,35,
0.2,38,bot2,,,SUCCESS,37,37,35,
0.2,38,bot3,,,SUCCESS,37,37,35,
0.2,38,bot4,,,SUCCESS,37,37,35,
0.2,39,bot1,,,SUCCESS,60,60,46,
0.2,39,bot2,,,SUCCESS,60,60,46,
0.2,39,bot3,,,SUCCESS,60,60,46,
0.2,39,bot4,,,SUCCESS,60,60,46,
0.2,44,bot1,,,SUCCESS,49,49,51,
0.2,44,bot2,,,SUCCESS,49,49,51,
0.2,44,bot3,,,SUCCESS,49,49,51,
0.2,44,bot4,,,SUCCESS,49,49,51,
0.2,45,bot1,,,SUCCESS,34,34,37,
0.2,45,bot2,,,SUCCESS,34,34,37,
0.2,45,bot3,,,SUCCESS,34,34,37,
0.2,45,bot4,,,SUCCESS,34,34,37,
0.2,46,bot1,,,SUCCESS,22,22,33,
0.2,46,bot2,,,SUCCESS,22,22,33,
0.2,46,bot3,,,SUCCESS,22,22,33,
0.2,46,bot4,,,SUCCESS,22,22,33,
0.2,47,bot1,,,SUCCESS,48,48,25,
0.2,47,bot2,,,SUCCESS,48,48,25,
0.2,47,bot3,,,SUCCESS,48,48,25,
0.2,47,bot4,,,SUCCESS,48,48,25,
0.2,52,bot1,,,SUCCESS,25,25,27,
0.2,52,bot2,,,SUCCESS,25,25,27,
0.2,52,bot3,,,SUCCESS,25,25,27,
0.2,52,bot4,,,SUCCESS,25,25,27,
0.2,53,bot1,,,SUCCESS,36,36,39,
0.2,53,bot2,,,SUCCESS,36,36,39,
0.2,53,bot3,,,SUCCESS,36,36,39,
0.2,53,bot4,,,SUCCESS,36,36,39,
0.2,54,bot1,,,SUCCESS,51,51,39,
0.2,54,bot2,,,SUCCESS,51,51,39,
0.2,54,bot3,,,SUCCESS,51,51,39,
0.2,54,bot4,,,SUCCESS,51,51,39,
0.2,55,bot1,,,SUCCESS,5,5,31,
0.2,55,bot2,,,SUCCESS,5,5,31,
0.2,55,bot3,,,SUCCESS,5,5,31,
0.2,55,bot4,,,SUCCESS,5,5,31,
0.2,40,bot1,,,SUCCESS,54,54,34,
0.2,40,bot2,,,SUCCESS,54,54,34,
0.2,40,bot3,,,SUCCESS,54,54,34,
0.2,40,bot4,,,SUCCESS,54,54,34,
0.2,41,bot1,,,SUCCESS,26,26,18,
0.2,41,bot2,,,SUCCESS,26,26,18,
0.2,41,bot3,,,SUCCESS,26,26,18,
0.2,41,bot4,,,SUCCESS,26,26,18,
0.2,42,bot1,,,SUCCESS,27,27,73,
0.2,42,bot2,,,SUCCESS,27,27,73,
0.2,42,bot3,,,SUCCESS,27,27,73,
0.2,42,bot4,,,SUCCESS,27,27,73,
0.2,43,bot1,,,SUCCESS,49,49,26,
0.2,43,bot2,,,SUCCESS,49,49,26,
0.2,43,bot3,,,SUCCESS,49,49,26,
0.2,43,bot4,,,SUCCESS,49,49,26,
0.2,68,bot1,,,SUCCESS,3,3,13,
0.2,68,bot2,,,SUCCESS,3,3,13,
0.2,68,bot3,,,SUCCESS,3,3,13,
0.2,68,bot4,,,SUCCESS,3,3,13,
0.2,69,bot1,,,SUCCESS,24,24,24,
0.2,69,bot2,,,SUCCESS,24,24,24,
0.2,69,bot3,,,SUCCESS,24,24,24,
0.2,69,bot4,,,SUCCESS,24,24,24,
0.2,70,bot1,,,SUCCESS,24,24,23,
0.2,70,bot2,,,SUCCESS,24,24,23,
0.2,70,bot3,,,SUCCESS,24,24,23,
0.2,70,bot4,,,SUCCESS,24,24,23,
0.2,71,bot1,,,BURNED,38,46,13,
0.2,71,bot2,,,GAVE_UP,51,46,13,
0.2,71,bot3,,,GAVE_UP,51,46,13,
0.2,71,bot4,,,GAVE_UP,51,46,13,21
0.2,64,bot1,,,SUCCESS,56,56,60,
0.2,64,bot2,,,SUCCESS,56,56,60,
0.2,64,bot3,,,SUCCESS,56,56,60,
0.2,64,bot4,,,SUCCESS,56,56,60,
0.2,65,bot1,,,SUCCESS,2,2,58,
0.2,65,bot2,,,SUCCESS,2,2,58,
0.2,65,bot3,,,SUCCESS,2,2,58,
0.2,65,bot4,,,SUCCESS,2,2,58,
0.2,66,bot1,,,SUCCESS,48,48,28,
0.2,66,bot2,,,SUCCESS,48,48,28,
0.2,66,bot3,,,SUCCESS,48,48,28,
0.2,66,bot4,,,SUCCESS,48,48,28,
0.2,67,bot1,,,SUCCESS,27,27,61,
0.2,67,bot2,,,SUCCESS,27,27,61,
0.2,67,bot3,,,SUCCESS,27,27,61,
0.2,67,bot4,,,SUCCESS,27,27,61,
0.2,56,bot1,,,BUTTON_BURNED,28,54,7,
0.2,56,bot2,,,BUTTON_BURNED,28,54,7,
0.2,56,bot3,,,BUTTON_BURNED,28,54,7,
0.2,56,bot4,,,BUTTON_BURNED,28,54,7,8
0.2,57,bot1,,,SUCCESS,20,20,26,
0.2,57,bot2,,,SUCCESS,20,20,26,
0.2,57,bot3,,,SUCCESS,20,20,26,
0.2,57,bot4,,,SUCCESS,20,20,26,
0.2,58,bot1,,,SUCCESS,47,47,12,
0.2,58,bot2,,,SUCCESS,47,47,12,
0.2,58,bot3,,,SUCCESS,47,47,12,
0.2,58,bot4,,,SUCCESS,47,47,12,
0.2,59,bot1,,,SUCCESS,52,52,44,
0.2,59,bot2,,,SUCCESS,52,52,44,
0.2,59,bot3,,,SUCCESS,52,52,44,
0.2,59,bot4,,,SUCCESS,52,52,44,
0.2,84,bot1,,,SUCCESS,40,40,14,
0.2,84,bot2,,,SUCCESS,40,40,14,
0.2,84,bot3,,,SUCCESS,40,40,14,
0.2,84,bot4,,,SUCCESS,40,40,14,
0.2,85,bot1,,,SUCCESS,29,29,47,
0.2,85,bot2,,,SUCCESS,29,29,47,
0.2,85,bot3,,,SUCCESS,29,29,47,
0.2,85,bot4,,,SUCCESS,29,29,47,
0.2,86,bot1,,,SUCCESS,16,16,47,
0.2,86,bot2,,,SUCCESS,16,16,47,
0.2,86,bot3,,,SUCCESS,16,16,47,
0.2,86,bot4,,,SUCCESS,16,16,47,
0.2,87,bot1,,,SUCCESS,40,40,38,
0.2,87,bot2,,,SUCCESS,40,40,38,
0.2,87,bot3,,,SUCCESS,40,40,38,
0.2,87,bot4,,,SUCCESS,40,40,38,
0.2,72,bot1,,,SUCCESS,30,30,22,
0.2,72,bot2,,,SUCCESS,30,30,22,
0.2,72,bot3,,,SUCCESS,30,30,22,
0.2,72,bot4,,,SUCCESS,30,30,22,
0.2,73,bot1,,,SUCCESS,45,45,62,
0.2,73,bot2,,,SUCCESS,45,45,62,
0.2,73,bot3,,,SUCCESS,45,45,62,
0.2,73,bot4,,,SUCCESS,45,45,62,
0.2,74,bot1,,,SUCCESS,30,30,43,
0.2,74,bot2,,,SUCCESS,30,30,43,
0.2,74,bot3,,,SUCCESS,30,30,43,
0.2,74,bot4,,,SUCCESS,30,30,43,
0.2,75,bot1,,,SUCCESS,31,31,21,
0.2,75,bot2,,,SUCCESS,31,31,21,
0.2,75,bot3,,,SUCCESS,31,31,21,
0.2,75,bot4,,,SUCCESS,31,31,21,
0.2,76,bot1,,,SUCCESS,39,39,50,
0.2,76,bot2,,,SUCCESS,39,39,50,
0.2,76,bot3,,,SUCCESS,39,39,50,
0.2,76,bot4,,,SUCCESS,39,39,50,
0.2,77,bot1,,,BUTTON_BURNED,29,34,6,
0.2,77,bot2,,,BUTTON_BURNED,29,34,6,
0.2,77,bot3,,,BUTTON_BURNED,29,34,6,
0.2,77,bot4,,,BUTTON_BURNED,29,34,6,
0.2,78,bot1,,,SUCCESS,51,51,48,
0.2,78,bot2,,,SUCCESS,51,51,48,
0.2,78,bot3,,,SUCCESS,51,51,48,
0.2,78,bot4,,,SUCCESS,51,51,48,
0.2,79,bot1,,,SUCCESS,18,18,10,
0.2,79,bot2,,,SUCCESS,18,18,10,
0.2,79,bot3,,,SUCCESS,18,18,10,
0.2,79,bot4,,,SUCCESS,18,18,10,
0.2,80,bot1,,,SUCCESS,57,57,31,
0.2,80,bot2,,,SUCCESS,57,57,31,
0.2,80,bot3,,,SUCCESS,57,57,31,
0.2,80,bot4,,,SUCCESS,57,57,31,
0.2,81,bot1,,,SUCCESS,43,43,56,
0.2,81,bot2,,,SUCCESS,43,43,56,
0.2,81,bot3,,,SUCCESS,43,43,56,
0.2,81,bot4,,,SUCCESS,43,43,56,
0.2,82,bot1,,,SUCCESS,43,43,19,
0.2,82,bot2,,,SUCCESS,43,43,19,
0.2,82,bot3,,,SUCCESS,43,43,19,
0.2,82,bot4,,,SUCCESS,43,43,19,
0.2,83,bot1,,,SUCCESS,43,43,39,
0.2,83,bot2,,,SUCCESS,43,43,39,
0.2,83,bot3,,,SUCCESS,43,43,39,
0.2,83,bot4,,,SUCCESS,43,43,39,
0.2,96,bot1,,,SUCCESS,53,53,20,
0.2,96,bot2,,,SUCCESS,53,53,20,
0.2,96,bot3,,,SUCCESS,53,53,20,
0.2,96,bot4,,,SUCCESS,53,53,20,
0.2,97,bot1,,,SUCCESS,13,13,14,
0.2,97,bot2,,,SUCCESS,13,13,14,
0.2,97,bot3,,,SUCCESS,13,13,14,
0.2,97,bot4,,,SUCCESS,13,13,14,
0.2,98,bot1,,,SUCCESS,28,28,27,
0.2,98,bot2,,,SUCCESS,28,28,27,
0.2,98,bot3,,,SUCCESS,28,28,27,
0.2,98,bot4,,,SUCCESS,28,28,27,
0.2,99,bot1,,,SUCCESS,26,26,52,
0.2,99,bot2,,,SUCCESS,26,26,52,
0.2,99,bot3,,,SUCCESS,26,26,52,
0.2,99,bot4,,,SUCCESS,26,26,52,
0.2,112,bot1,,,SUCCESS,7,7,9,
0.2,112,bot2,,,SUCCESS,7,7,9,
0.2,112,bot3,,,SUCCESS,7,7,9,
0.2,112,bot4,,,SUCCESS,7,7,9,
0.2,113,bot1,,,SUCCESS,23,23,13,
0.2,113,bot2,,,SUCCESS,23,23,13,
0.2,113,bot3,,,SUCCESS,23,23,13,
0.2,113,bot4,,,SUCCESS,23,23,13,
0.2,114,bot1,,,SUCCESS,27,27,31,
0.2,114,bot2,,,SUCCESS,27,27,31,
0.2,114,bot3,,,SUCCESS,27,27,31,
0.2,114,bot4,,,SUCCESS,27,27,31,
0.2,115,bot1,,,SUCCESS,48,48,49,
0.2,115,bot2,,,SUCCESS,48,48,49,
0.2,115,bot3,,,SUCCESS,48,48,49,
0.2,115,bot4,,,SUCCESS,48,48,49,
0.2,92,bot1,,,SUCCESS,46,46,37,
0.2,92,bot2,,,SUCCESS,46,46,37,
0.2,92,bot3,,,SUCCESS,46,46,37,
0.2,92,bot4,,,SUCCESS,46,46,37,
0.2,93,bot1,,,SUCCESS,38,38,42,
0.2,93,bot2,,,SUCCESS,38,38,42,
0.2,93,bot3,,,SUCCESS,38,38,42,
0.2,93,bot4,,,SUCCESS,38,38,42,
0.2,94,bot1,,,SUCCESS,21,21,30,
0.2,94,bot2,,,SUCCESS,21,21,30,
0.2,94,bot3,,,SUCCESS,21,21,30,
0.2,94,bot4,,,SUCCESS,21,21,30,
0.2,95,bot1,,,SUCCESS,46,46,38,
0.2,95,bot2,,,SUCCESS,46,46,38,
0.2,95,bot3,,,SUCCESS,46,46,38,
0.2,95,bot4,,,SUCCESS,46,46,38,
0.2,100,bot1,,,SUCCESS,36,36,16,
0.2,100,bot2,,,SUCCESS,36,36,16,
0.2,100,bot3,,,SUCCESS,38,36,16,
0.2,100,bot4,,,SUCCESS,56,36,16,
0.2,101,bot1,,,SUCCESS,46,46,47,
0.2,101,bot2,,,SUCCESS,46,46,47,
0.2,101,bot3,,,SUCCESS,46,46,47,
0.2,101,bot4,,,SUCCESS,46,46,47,
0.2,102,bot1,,,SUCCESS,48,48,38,
0.2,102,bot2,,,SUCCESS,48,48,38,
0.2,102,bot3,,,SUCCESS,48,48,38,
0.2,102,bot4,,,SUCCESS,48,48,38,
0.2,103,bot1,,,BUTTON_BURNED,25,68,9,
0.2,103,bot2,,,GAVE_UP,23,68,9,
0.2,103,bot3,,,GAVE_UP,23,68,9,
0.2,103,bot4,,,GAVE_UP,23,68,9,5
0.2,120,bot1,,,SUCCESS,46,46,32,
0.2,120,bot2,,,SUCCESS,46,46,32,
0.2,120,bot3,,,SUCCESS,46,46,32,
0.2,120,bot4,,,SUCCESS,48,46,32,
0.2,121,bot1,,,SUCCESS,27,27,19,
0.2,121,bot2,,,SUCCESS,27,27,19,
0.2,121,bot3,,,SUCCESS,27,27,19,
0.2,121,bot4,,,SUCCESS,27,27,19,
0.2,122,bot1,,,SUCCESS,7,7,56,
0.2,122,bot2,,,SUCCESS,7,7,56,
0.2,122,bot3,,,SUCCESS,7,7,56,
0.2,122,bot4,,,SUCCESS,7,7,56,
0.2,123,bot1,,,SUCCESS,31,31,35,
0.2,123,bot2,,,SUCCESS,31,31,35,
0.2,123,bot3,,,SUCCESS,31,31,35,
0.2,123,bot4,,,SUCCESS,31,31,35,
0.2,108,bot1,,,SUCCESS,47,47,45,
0.2,108,bot2,,,SUCCESS,47,47,45,
0.2,108,bot3,,,SUCCESS,47,47,45,
0.2,108,bot4,,,SUCCESS,47,47,45,
0.2,109,bot1,,,SUCCESS,5,5,18,
0.2,109,bot2,,,SUCCESS,5,5,18,
0.2,109,bot3,,,SUCCESS,5,5,18,
0.2,109,bot4,,,SUCCESS,5,5,18,
0.2,110,bot1,,,SUCCESS,28,28,39,
0.2,110,bot2,,,SUCCESS,28,28,39,
0.2,110,bot3,,,SUCCESS,28,28,39,
0.2,110,bot4,,,SUCCESS,28,28,39,
0.2,111,bot1,,,BURNED,23,57,31,
0.2,111,bot2,,,SUCCESS,95,57,31,
0.2,111,bot3,,,SUCCESS,59,57,31,
0.2,111,bot4,,,SUCCESS,59,57,31,
0.2,88,bot1,,,BURNED,36,55,13,
0.2,88,bot2,,,GAVE_UP,57,55,13,
0.2,88,bot3,,,GAVE_UP,57,55,13,
0.2,88,bot4,,,GAVE_UP,57,55,13,
0.2,89,bot1,,,SUCCESS,50,50,32,
0.2,89,bot2,,,SUCCESS,50,50,32,
0.2,89,bot3,,,SUCCESS,50,50,32,
0.2,89,bot4,,,SUCCESS,58,50,32,
0.2,90,bot1,,,SUCCESS,51,51,40,
0.2,90,bot2,,,SUCCESS,51,51,40,
0.2,90,bot3,,,SUCCESS,51,51,40,
0.2,90,bot4,,,SUCCESS,51,51,40,
0.2,91,bot1,,,SUCCESS,23,23,48,
0.2,91,bot2,,,SUCCESS,23,23,48,
0.2,91,bot3,,,SUCCESS,23,23,48,
0.2,91,bot4,,,SUCCESS,23,23,48,
0.2,128,bot1,,,SUCCESS,39,39,35,
0.2,128,bot2,,,SUCCESS,39,39,35,
0.2,128,bot3,,,SUCCESS,39,39,35,
0.2,128,bot4,,,SUCCESS,39,39,35,
0.2,129,bot1,,,BUTTON_BURNED,6,56,4,
0.2,129,bot2,,,BUTTON_BURNED,6,56,4,
0.2,129,bot3,,,BUTTON_BURNED,6,56,4,
0.2,129,bot4,,,BUTTON_BURNED,6,56,4,
0.2,130,bot1,,,SUCCESS,41,41,46,
0.2,130,bot2,,,SUCCESS,41,41,46,
0.2,130,bot3,,,SUCCESS,41,41,46,
0.2,130,bot4,,,SUCCESS,41,41,46,
0.2,131,bot1,,,SUCCESS,34,34,22,
0.2,131,bot2,,,SUCCESS,34,34,22,
0.2,131,bot3,,,SUCCESS,34,34,22,
0.2,131,bot4,,,SUCCESS,34,34,22,
0.2,116,bot1,,,SUCCESS,9,9,34,
0.2,116,bot2,,,SUCCESS,9,9,34,
0.2,116,bot3,,,SUCCESS,9,9,34,
0.2,116,bot4,,,SUCCESS,9,9,34,
0.2,117,bot1,,,SUCCESS,31,31,39,
0.2,117,bot2,,,SUCCESS,31,31,39,
0.2,117,bot3,,,SUCCESS,31,31,39,
0.2,117,bot4,,,SUCCESS,31,31,39,
0.2,118,bot1,,,SUCCESS,37,37,31,
0.2,118,bot2,,,SUCCESS,37,37,31,
0.2,118,bot3,,,SUCCESS,37,37,31,
0.2,118,bot4,,,SUCCESS,37,37,31,
0.2,119,bot1,,,SUCCESS,65,65,59,
0.2,119,bot2,,,SUCCESS,65,65,59,
0.2,119,bot3,,,SUCCESS,65,65,59,
0.2,119,bot4,,,SUCCESS,65,65,59,
0.2,104,bot1,,,SUCCESS,24,24,32,
0.2,104,bot2,,,SUCCESS,24,24,32,
0.2,104,bot3,,,SUCCESS,24,24,32,
0.2,104,bot4,,,SUCCESS,24,24,32,
0.2,105,bot1,,,SUCCESS,47,47,33,
0.2,105,bot2,,,SUCCESS,47,47,33,
0.2,105,bot3,,,SUCCESS,47,47,33,
0.2,105,bot4,,,SUCCESS,47,47,33,
0.2,106,bot1,,,BURNED,34,41,10,
0.2,106,bot2,,,BURNED,34,41,10,
0.2,106,bot3,,,BUTTON_BURNED,47,41,10,
0.2,106,bot4,,,BUTTON_BURNED,47,41,10,21
0.2,107,bot1,,,BURNED,13,40,24,
0.2,107,bot2,,,SUCCESS,48,40,24,
0.2,107,bot3,,,BUTTON_BURNED,66,40,24,
0.2,107,bot4,,,SUCCESS,62,40,24,
0.2,124,bot1,,,SUCCESS,17,17,36,
0.2,124,bot2,,,SUCCESS,17,17,36,
0.2,124,bot3,,,SUCCESS,17,17,36,
0.2,124,bot4,,,SUCCESS,17,17,36,
0.2,125,bot1,,,SUCCESS,31,31,28,
0.2,125,bot2,,,SUCCESS,31,31,28,
0.2,125,bot3,,,SUCCESS,31,31,28,
0.2,125,bot4,,,SUCCESS,31,31,28,
0.2,126,bot1,,,SUCCESS,39,39,37,
0.2,126,bot2,,,SUCCESS,39,39,37,
0.2,126,bot3,,,SUCCESS,39,39,37,
0.2,126,bot4,,,SUCCESS,39,39,37,
0.2,127,bot1,,,SUCCESS,28,28,11,
0.2,127,bot2,,,SUCCESS,28,28,11,
0.2,127,bot3,,,SUCCESS,28,28,11,
0.2,127,bot4,,,SUCCESS,28,28,11,
0.2,132,bot1,,,SUCCESS,44,44,35,
0.2,132,bot2,,,SUCCESS,44,44,35,
0.2,132,bot3,,,SUCCESS,44,44,35,
0.2,132,bot4,,,SUCCESS,44,44,35,
0.2,133,bot1,,,SUCCESS,53,53,49,
0.2,133,bot2,,,SUCCESS,53,53,49,
0.2,133,bot3,,,SUCCESS,53,53,49,
0.2,133,bot4,,,SUCCESS,53,53,49,
0.2,134,bot1,,,SUCCESS,15,15,39,
0.2,134,bot2,,,SUCCESS,15,15,39,
0.2,134,bot3,,,SUCCESS,15,15,39,
0.2,134,bot4,,,SUCCESS,15,15,39,
0.2,135,bot1,,,SUCCESS,9,9,29,
0.2,135,bot2,,,SUCCESS,9,9,29,
0.2,135,bot3,,,SUCCESS,9,9,29,
0.2,135,bot4,,,SUCCESS,9,9,29,
0.2,160,bot1,,,SUCCESS,19,19,38,
0.2,160,bot2,,,SUCCESS,19,19,38,
0.2,160,bot3,,,SUCCESS,19,19,38,
0.2,160,bot4,,,SUCCESS,19,19,38,
0.2,161,bot1,,,SUCCESS,16,16,10,
0.2,161,bot2,,,SUCCESS,16,16,10,
0.2,161,bot3,,,SUCCESS,16,16,10,
0.2,161,bot4,,,SUCCESS,16,16,10,
0.2,162,bot1,,,SUCCESS,3,3,15,
0.2,162,bot2,,,SUCCESS,3,3,15,
0.2,162,bot3,,,SUCCESS,3,3,15,
0.2,162,bot4,,,SUCCESS,3,3,15,
0.2,163,bot1,,,SUCCESS,11,11,55,
0.2,163,bot2,,,SUCCESS,11,11,55,
0.2,163,bot3,,,SUCCESS,11,11,55,
0.2,163,bot4,,,SUCCESS,11,11,55,
0.2,144,bot1,,,BUTTON_BURNED,22,29,5,
0.2,144,bot2,,,BUTTON_BURNED,22,29,5,
0.2,144,bot3,,,BUTTON_BURNED,22,29,5,
0.2,144,bot4,,,BUTTON_BURNED,22,29,5,1
0.2,145,bot1,,,SUCCESS,49,49,37,
0.2,145,bot2,,,SUCCESS,49,49,37,
0.2,145,bot3,,,SUCCESS,49,49,37,
0.2,145,bot4,,,SUCCESS,49,49,37,
0.2,146,bot1,,,SUCCESS,29,29,51,
0.2,146,bot2,,,SUCCESS,29,29,51,
0.2,146,bot3,,,SUCCESS,29,29,51,
0.2,146,bot4,,,SUCCESS,29,29,51,
0.2,147,bot1,,,SUCCESS,11,11,33,
0.2,147,bot2,,,SUCCESS,11,11,33,
0.2,147,bot3,,,SUCCESS,11,11,33,
0.2,147,bot4,,,SUCCESS,11,11,33,
0.2,148,bot1,,,SUCCESS,33,33,29,
0.2,148,bot2,,,SUCCESS,33,33,29,
0.2,148,bot3,,,SUCCESS,33,33,29,
0.2,148,bot4,,,SUCCESS,33,33,29,
0.2,149,bot1,,,SUCCESS,1,1,30,
0.2,149,bot2,,,SUCCESS,1,1,30,
0.2,149,bot3,,,SUCCESS,1,1,30,
0.2,149,bot4,,,SUCCESS,1,1,30,
0.2,150,bot1,,,SUCCESS,9,9,39,
0.2,150,bot2,,,SUCCESS,9,9,39,
0.2,150,bot3,,,SUCCESS,9,9,39,
0.2,150,bot4,,,SUCCESS,9,9,39,
0.2,151,bot1,,,SUCCESS,22,22,32,
0.2,151,bot2,,,SUCCESS,22,22,32,
0.2,151,bot3,,,SUCCESS,22,22,32,
0.2,151,bot4,,,SUCCESS,22,22,32,
0.2,140,bot1,,,BURNED,11,35,19,
0.2,140,bot2,,,GAVE_UP,87,35,19,
0.2,140,bot3,,,SUCCESS,49,35,19,
0.2,140,bot4,,,SUCCESS,49,35,19,
0.2,141,bot1,,,SUCCESS,20,20,29,
0.2,141,bot2,,,SUCCESS,20,20,29,
0.2,141,bot3,,,SUCCESS,20,20,29,
0.2,141,bot4,,,SUCCESS,20,20,29,
0.2,142,bot1,,,SUCCESS,6,6,10,
0.2,142,bot2,,,SUCCESS,6,6,10,
0.2,142,bot3,,,SUCCESS,6,6,10,
0.2,142,bot4,,,SUCCESS,6,6,10,
0.2,143,bot1,,,SUCCESS,32,32,37,
0.2,143,bot2,,,SUCCESS,32,32,37,
0.2,143,bot3,,,SUCCESS,32,32,37,
0.2,143,bot4,,,SUCCESS,32,32,37,
0.2,136,bot1,,,SUCCESS,47,47,47,
0.2,136,bot2,,,SUCCESS,47,47,47,
0.2,136,bot3,,,SUCCESS,47,47,47,
0.2,136,bot4,,,SUCCESS,47,47,47,
0.2,137,bot1,,,SUCCESS,33,33,15,
0.2,137,bot2,,,SUCCESS,33,33,15,
0.2,137,bot3,,,SUCCESS,33,33,15,
0.2,137,bot4,,,SUCCESS,33,33,15,
0.2,138,bot1,,,SUCCESS,20,20,57,
0.2,138,bot2,,,SUCCESS,20,20,57,
0.2,138,bot3,,,SUCCESS,20,20,57,
0.2,138,bot4,,,SUCCESS,20,20,57,
0.2,139,bot1,,,SUCCESS,41,41,45,
0.2,139,bot2,,,SUCCESS,41,41,45,
0.2,139,bot3,,,SUCCESS,41,41,45,
0.2,139,bot4,,,SUCCESS,41,41,45,
0.2,168,bot1,,,SUCCESS,9,9,19,
0.2,168,bot2,,,SUCCESS,9,9,19,
0.2,168,bot3,,,SUCCESS,9,9,19,
0.2,168,bot4,,,SUCCESS,9,9,19,
0.2,169,bot1,,,SUCCESS,30,30,20,
0.2,169,bot2,,,SUCCESS,30,30,20,
0.2,169,bot3,,,SUCCESS,30,30,20,
0.2,169,bot4,,,SUCCESS,30,30,20,
0.2,170,bot1,,,SUCCESS,11,11,33,
0.2,170,bot2,,,SUCCESS,11,11,33,
0.2,170,bot3,,,SUCCESS,11,11,33,
0.2,170,bot4,,,SUCCESS,11,11,33,
0.2,171,bot1,,,SUCCESS,42,42,40,
0.2,171,bot2,,,SUCCESS,42,42,40,
0.2,171,bot3,,,SUCCESS,42,42,40,
0.2,171,bot4,,,SUCCESS,42,42,40,
0.2,164,bot1,,,SUCCESS,30,30,35,
0.2,164,bot2,,,SUCCESS,30,30,35,
0.2,164,bot3,,,SUCCESS,30,30,35,
0.2,164,bot4,,,SUCCESS,30,30,35,
0.2,165,bot1,,,SUCCESS,23,23,42,
0.2,165,bot2,,,SUCCESS,23,23,42,
0.2,165,bot3,,,SUCCESS,23,23,42,
0.2,165,bot4,,,SUCCESS,23,23,42,
0.2,166,bot1,,,SUCCESS,6,6,18,
0.2,166,bot2,,,SUCCESS,6,6,18,
0.2,166,bot3,,,SUCCESS,6,6,18,
0.2,166,bot4,,,SUCCESS,6,6,18,
0.2,167,bot1,,,SUCCESS,30,30,32,
0.2,167,bot2,,,SUCCESS,30,30,32,
0.2,167,bot3,,,SUCCESS,30,30,32,
0.2,167,bot4,,,SUCCESS,30,30,32,
0.2,176,bot1,,,BURNED,35,46,12,
0.2,176,bot2,,,GAVE_UP,29,46,12,
0.2,176,bot3,,,GAVE_UP,29,46,12,
0.2,176,bot4,,,GAVE_UP,29,46,12,11
0.2,177,bot1,,,SUCCESS,29,29,28,
0.2,177,bot2,,,SUCCESS,29,29,28,
0.2,177,bot3,,,SUCCESS,29,29,28,
0.2,177,bot4,,,SUCCESS,29,29,28,
0.2,178,bot1,,,SUCCESS,1,1,30,
0.2,178,bot2,,,SUCCESS,1,1,30,
0.2,178,bot3,,,SUCCESS,1,1,30,
0.2,178,bot4,,,SUCCESS,1,1,30,
0.2,179,bot1,,,SUCCESS,19,19,42,
0.2,179,bot2,,,SUCCESS,19,19,42,
0.2,179,bot3,,,SUCCESS,19,19,42,
0.2,179,bot4,,,SUCCESS,19,19,42,
0.2,152,bot1,,,SUCCESS,63,63,36,
0.2,152,bot2,,,SUCCESS,63,63,36,
0.2,152,bot3,,,SUCCESS,63,63,36,
0.2,152,bot4,,,SUCCESS,63,63,36,
0.2,153,bot1,,,BUTTON_BURNED,17,30,5,
0.2,153,bot2,,,BUTTON_BURNED,17,30,5,
0.2,153,bot3,,,BUTTON_BURNED,17,30,5,
0.2,153,bot4,,,BUTTON_BURNED,17,30,5,
0.2,154,bot1,,,BUTTON_BURNED,52,56,8,
0.2,154,bot2,,,GAVE_UP,43,56,8,
0.2,154,bot3,,,GAVE_UP,43,56,8,
0.2,154,bot4,,,GAVE_UP,43,56,8,3
0.2,155,bot1,,,SUCCESS,15,15,20,
0.2,155,bot2,,,SUCCESS,15,15,20,
0.2,155,bot3,,,SUCCESS,15,15,20,
0.2,155,bot4,,,SUCCESS,15,15,20,
0.2,172,bot1,,,BURNED,13,43,30,
0.2,172,bot2,,,BURNED,27,43,30,
0.2,172,bot3,,,SUCCESS,51,43,30,
0.2,172,bot4,,,SUCCESS,45,43,30,
0.2,173,bot1,,,SUCCESS,43,43,27,
0.2,173,bot2,,,SUCCESS,43,43,27,
0.2,173,bot3,,,SUCCESS,43,43,27,
0.2,173,bot4,,,SUCCESS,43,43,27,
0.2,174,bot1,,,SUCCESS,12,12,23,
0.2,174,bot2,,,SUCCESS,12,12,23,
0.2,174,bot3,,,SUCCESS,12,12,23,
0.2,174,bot4,,,SUCCESS,12,12,23,
0.2,175,bot1,,,SUCCESS,18,18,19,
0.2,175,bot2,,,SUCCESS,18,18,19,
0.2,175,bot3,,,SUCCESS,18,18,19,
0.2,175,bot4,,,SUCCESS,18,18,19,
0.2,184,bot1,,,BURNED,25,47,27,
0.2,184,bot2,,,SUCCESS,55,47,27,
0.2,184,bot3,,,SUCCESS,51,47,27,
0.2,184,bot4,,,SUCCESS,51,47,27,
0.2,185,bot1,,,SUCCESS,12,10,9,
0.2,185,bot2,,,SUCCESS,12,10,9,
0.2,185,bot3,,,SUCCESS,12,10,9,
0.2,185,bot4,,,SUCCESS,12,10,9,
0.2,186,bot1,,,BUTTON_BURNED,26,46,3,
0.2,186,bot2,,,GAVE_UP,23,46,3,
0.2,186,bot3,,,GAVE_UP,23,46,3,
0.2,186,bot4,,,GAVE_UP,23,46,3,1
0.2,187,bot1,,,SUCCESS,32,32,48,
0.2,187,bot2,,,SUCCESS,32,32,48,
0.2,187,bot3,,,SUCCESS,32,32,48,
0.2,187,bot4,,,SUCCESS,32,32,48,
0.2,156,bot1,,,BURNED,20,28,7,
0.2,156,bot2,,,GAVE_UP,33,28,7,
0.2,156,bot3,,,GAVE_UP,33,28,7,
0.2,156,bot4,,,GAVE_UP,33,28,7,5
0.2,157,bot1,,,SUCCESS,12,12,40,
0.2,157,bot2,,,SUCCESS,12,12,40,
0.2,157,bot3,,,SUCCESS,12,12,40,
0.2,157,bot4,,,SUCCESS,12,12,40,
0.2,158,bot1,,,SUCCESS,33,33,31,
0.2,158,bot2,,,SUCCESS,33,33,31,
0.2,158,bot3,,,SUCCESS,33,33,31,
0.2,158,bot4,,,SUCCESS,33,33,31,
0.2,159,bot1,,,BURNED,17,40,25,
0.2,159,bot2,,,GAVE_UP,90,40,25,
0.2,159,bot3,,,SUCCESS,80,40,25,
0.2,159,bot4,,,SUCCESS,68,40,25,
0.2,180,bot1,,,SUCCESS,49,49,45,
0.2,180,bot2,,,SUCCESS,49,49,45,
0.2,180,bot3,,,SUCCESS,49,49,45,
0.2,180,bot4,,,SUCCESS,49,49,45,
0.2,181,bot1,,,SUCCESS,24,24,27,
0.2,181,bot2,,,SUCCESS,24,24,27,
0.2,181,bot3,,,SUCCESS,24,24,27,
0.2,181,bot4,,,SUCCESS,24,24,27,
0.2,182,bot1,,,SUCCESS,40,40,45,
0.2,182,bot2,,,SUCCESS,40,40,45,
0.2,182,bot3,,,SUCCESS,40,40,45,
0.2,182,bot4,,,SUCCESS,40,40,45,
0.2,183,bot1,,,SUCCESS,56,56,48,
0.2,183,bot2,,,SUCCESS,56,56,48,
0.2,183,bot3,,,SUCCESS,56,56,48,
0.2,183,bot4,,,SUCCESS,56,56,48,
0.2,188,bot1,,,SUCCESS,23,23,45,
0.2,188,bot2,,,SUCCESS,23,23,45,
0.2,188,bot3,,,SUCCESS,23,23,45,
0.2,188,bot4,,,SUCCESS,23,23,45,
0.2,189,bot1,,,SUCCESS,25,25,54,
0.2,189,bot2,,,SUCCESS,25,25,54,
0.2,189,bot3,,,SUCCESS,25,25,54,
0.2,189,bot4,,,SUCCESS,25,25,54,
0.2,190,bot1,,,SUCCESS,48,48,55,
0.2,190,bot2,,,SUCCESS,48,48,55,
0.2,190,bot3,,,SUCCESS,48,48,55,
0.2,190,bot4,,,SUCCESS,48,48,55,
0.2,191,bot1,,,SUCCESS,40,40,31,
0.2,191,bot2,,,SUCCESS,40,40,31,
0.2,191,bot3,,,SUCCESS,40,40,31,
0.2,191,bot4,,,SUCCESS,40,40,31,
0.25,0,bot1,,,SUCCESS,17,17,39,
0.25,0,bot2,,,SUCCESS,17,17,39,
0.25,0,bot3,,,SUCCESS,17,17,39,
0.25,0,bot4,,,SUCCESS,17,17,39,
0.25,1,bot1,,,SUCCESS,14,14,68,
0.25,1,bot2,,,SUCCESS,14,14,68,
0.25,1,bot3,,,SUCCESS,14,14,68,
0.25,1,bot4,,,SUCCESS,14,14,68,
0.25,2,bot1,,,SUCCESS,35,35,29,
0.25,2,bot2,,,SUCCESS,35,35,29,
0.25,2,bot3,,,SUCCESS,35,35,29,
0.25,2,bot4,,,SUCCESS,35,35,29,
0.25,3,bot1,,,SUCCESS,24,24,22,
0.25,3,bot2,,,SUCCESS,24,24,22,
0.25,3,bot3,,,SUCCESS,24,24,22,
0.25,3,bot4,,,SUCCESS,24,24,22,
0.25,12,bot1,,,SUCCESS,30,30,24,
0.25,12,bot2,,,SUCCESS,30,30,24,
0.25,12,bot3,,,SUCCESS,30,30,24,
0.25,12,bot4,,,SUCCESS,30,30,24,
0.25,13,bot1,,,SUCCESS,16,16,62,
0.25,13,bot2,,,SUCCESS,16,16,62,
0.25,13,bot3,,,SUCCESS,16,16,62,
0.25,13,bot4,,,SUCCESS,16,16,62,
0.25,14,bot1,,,SUCCESS,28,28,49,
0.25,14,bot2,,,SUCCESS,28,28,49,
0.25,14,bot3,,,SUCCESS,28,28,49,
0.25,14,bot4,,,SUCCESS,28,28,49,
0.25,15,bot1,,,SUCCESS,13,13,30,
0.25,15,bot2,,,SUCCESS,13,13,30,
0.25,15,bot3,,,SUCCESS,13,13,30,
0.25,15,bot4,,,SUCCESS,13,13,30,
0.2,192,bot1,,,SUCCESS,18,18,45,
0.2,192,bot2,,,SUCCESS,18,18,45,
0.2,192,bot3,,,SUCCESS,18,18,45,
0.2,192,bot4,,,SUCCESS,18,18,45,
0.2,193,bot1,,,SUCCESS,35,35,17,
0.2,193,bot2,,,SUCCESS,35,35,17,
0.2,193,bot3,,,SUCCESS,35,35,17,
0.2,193,bot4,,,SUCCESS,35,35,17,
0.2,194,bot1,,,SUCCESS,55,55,64,
0.2,194,bot2,,,SUCCESS,55,55,64,
0.2,194,bot3,,,SUCCESS,55,55,64,
0.2,194,bot4,,,SUCCESS,55,55,64,
0.2,195,bot1,,,SUCCESS,40,40,23,
0.2,195,bot2,,,SUCCESS,40,40,23,
0.2,195,bot3,,,SUCCESS,40,40,23,
0.2,195,bot4,,,SUCCESS,40,40,23,
0.25,4,bot1,,,BURNED,22,41,26,
0.25,4,bot2,,,GAVE_UP,25,41,26,
0.25,4,bot3,,,GAVE_UP,25,41,26,
0.25,4,bot4,,,GAVE_UP,25,41,26,1
0.25,5,bot1,,,SUCCESS,24,24,19,
0.25,5,bot2,,,SUCCESS,24,24,19,
0.25,5,bot3,,,SUCCESS,24,24,19,
0.25,5,bot4,,,SUCCESS,24,24,19,
0.25,6,bot1,,,SUCCESS,5,5,19,
0.25,6,bot2,,,SUCCESS,5,5,19,
0.25,6,bot3,,,SUCCESS,5,5,19,
0.25,6,bot4,,,SUCCESS,5,5,19,
0.25,7,bot1,,,SUCCESS,27,27,20,
0.25,7,bot2,,,SUCCESS,27,27,20,
0.25,7,bot3,,,SUCCESS,45,27,20,
0.25,7,bot4,,,SUCCESS,29,27,20,
0.25,20,bot1,,,SUCCESS,43,43,16,
0.25,20,bot2,,,SUCCESS,43,43,16,
0.25,20,bot3,,,SUCCESS,43,43,16,
0.25,20,bot4,,,SUCCESS,43,43,16,
0.25,21,bot1,,,SUCCESS,17,17,55,
0.25,21,bot2,,,SUCCESS,17,17,55,
0.25,21,bot3,,,SUCCESS,17,17,55,
0.25,21,bot4,,,SUCCESS,17,17,55,
0.25,22,bot1,,,SUCCESS,15,15,33,
0.25,22,bot2,,,SUCCESS,15,15,33,
0.25,22,bot3,,,SUCCESS,15,15,33,
0.25,22,bot4,,,SUCCESS,15,15,33,
0.25,23,bot1,,,SUCCESS,33,33,41,
0.25,23,bot2,,,SUCCESS,33,33,41,
0.25,23,bot3,,,SUCCESS,33,33,41,
0.25,23,bot4,,,SUCCESS,33,33,41,
0.2,196,bot1,,,SUCCESS,15,15,30,
0.2,196,bot2,,,SUCCESS,15,15,30,
0.2,196,bot3,,,SUCCESS,15,15,30,
0.2,196,bot4,,,SUCCESS,15,15,30,
0.2,197,bot1,,,SUCCESS,51,51,38,
0.2,197,bot2,,,SUCCESS,51,51,38,
0.2,197,bot3,,,SUCCESS,51,51,38,
0.2,197,bot4,,,SUCCESS,51,51,38,
0.2,198,bot1,,,SUCCESS,65,65,25,
0.2,198,bot2,,,SUCCESS,65,65,25,
0.2,198,bot3,,,SUCCESS,65,65,25,
0.2,198,bot4,,,SUCCESS,65,65,25,
0.2,199,bot1,,,SUCCESS,52,52,24,
0.2,199,bot2,,,SUCCESS,52,52,24,
0.2,199,bot3,,,SUCCESS,52,52,24,
0.2,199,bot4,,,SUCCESS,52,52,24,
0.25,8,bot1,,,SUCCESS,25,25,43,
0.25,8,bot2,,,SUCCESS,25,25,43,
0.25,8,bot3,,,SUCCESS,25,25,43,
0.25,8,bot4,,,SUCCESS,25,25,43,
0.25,9,bot1,,,BURNED,14,39,20,
0.25,9,bot2,,,SUCCESS,43,39,20,
0.25,9,bot3,,,SUCCESS,39,39,20,
0.25,9,bot4,,,SUCCESS,39,39,20,6
0.25,10,bot1,,,SUCCESS,41,41,33,
0.25,10,bot2,,,SUCCESS,41,41,33,
0.25,10,bot3,,,SUCCESS,41,41,33,
0.25,10,bot4,,,SUCCESS,41,41,33,
0.25,11,bot1,,,SUCCESS,48,48,31,
0.25,11,bot2,,,SUCCESS,48,48,31,
0.25,11,bot3,,,SUCCESS,48,48,31,
0.25,11,bot4,,,SUCCESS,48,48,31,
0.25,32,bot1,,,SUCCESS,13,13,24,
0.25,32,bot2,,,SUCCESS,13,13,24,
0.25,32,bot3,,,SUCCESS,13,13,24,
0.25,32,bot4,,,SUCCESS,13,13,24,
0.25,33,bot1,,,BURNED,26,31,7,
0.25,33,bot2,,,BUTTON_BURNED,27,31,7,
0.25,33,bot3,,,BUTTON_BURNED,27,31,7,
0.25,33,bot4,,,BUTTON_BURNED,27,31,7,1
0.25,34,bot1,,,BUTTON_BURNED,37,39,9,
0.25,34,bot2,,,BUTTON_BURNED,37,39,9,
0.25,34,bot3,,,BUTTON_BURNED,37,39,9,
0.25,34,bot4,,,BUTTON_BURNED,37,39,9,
0.25,35,bot1,,,SUCCESS,38,38,45,
0.25,35,bot2,,,SUCCESS,38,38,45,
0.25,35,bot3,,,SUCCESS,38,38,45,
0.25,35,bot4,,,SUCCESS,38,38,45,
0.25,16,bot1,,,SUCCESS,35,35,57,
0.25,16,bot2,,,SUCCESS,35,35,57,
0.25,16,bot3,,,SUCCESS,35,35,57,
0.25,16,bot4,,,SUCCESS,35,35,57,
0.25,17,bot1,,,SUCCESS,19,19,22,
0.25,17,bot2,,,SUCCESS,19,19,22,
0.25,17,bot3,,,SUCCESS,19,19,22,
0.25,17,bot4,,,SUCCESS,19,19,22,
0.25,18,bot1,,,SUCCESS,64,64,58,
0.25,18,bot2,,,SUCCESS,64,64,58,
0.25,18,bot3,,,SUCCESS,64,64,58,
0.25,18,bot4,,,SUCCESS,64,64,58,
0.25,19,bot1,,,SUCCESS,49,49,33,
0.25,19,bot2,,,SUCCESS,49,49,33,
0.25,19,bot3,,,SUCCESS,49,49,33,
0.25,19,bot4,,,SUCCESS,49,49,33,
0.25,24,bot1,,,SUCCESS,65,65,27,
0.25,24,bot2,,,SUCCESS,65,65,27,
0.25,24,bot3,,,SUCCESS,65,65,27,
0.25,24,bot4,,,SUCCESS,65,65,27,
0.25,25,bot1,,,SUCCESS,36,36,49,
0.25,25,bot2,,,SUCCESS,36,36,49,
0.25,25,bot3,,,SUCCESS,36,36,49,
0.25,25,bot4,,,SUCCESS,36,36,49,
0.25,26,bot1,,,SUCCESS,22,22,59,
0.25,26,bot2,,,SUCCESS,22,22,59,
0.25,26,bot3,,,SUCCESS,22,22,59,
0.25,26,bot4,,,SUCCESS,22,22,59,
0.25,27,bot1,,,SUCCESS,23,23,41,
0.25,27,bot2,,,SUCCESS,23,23,41,
0.25,27,bot3,,,SUCCESS,23,23,41,
0.25,27,bot4,,,SUCCESS,23,23,41,
0.25,48,bot1,,,SUCCESS,17,17,37,
0.25,48,bot2,,,SUCCESS,17,17,37,
0.25,48,bot3,,,SUCCESS,17,17,37,
0.25,48,bot4,,,SUCCESS,17,17,37,
0.25,49,bot1,,,SUCCESS,3,3,29,
0.25,49,bot2,,,SUCCESS,3,3,29,
0.25,49,bot3,,,SUCCESS,3,3,29,
0.25,49,bot4,,,SUCCESS,3,3,29,
0.25,50,bot1,,,SUCCESS,32,32,48,
0.25,50,bot2,,,SUCCESS,32,32,48,
0.25,50,bot3,,,SUCCESS,32,32,48,
0.25,50,bot4,,,SUCCESS,32,32,48,
0.25,51,bot1,,,SUCCESS,31,31,40,
0.25,51,bot2,,,SUCCESS,31,31,40,
0.25,51,bot3,,,SUCCESS,31,31,40,
0.25,51,bot4,,,SUCCESS,31,31,40,
0.25,28,bot1,,,SUCCESS,20,20,23,
0.25,28,bot2,,,SUCCESS,20,20,23,
0.25,28,bot3,,,SUCCESS,20,20,23,
0.25,28,bot4,,,SUCCESS,20,20,23,
0.25,29,bot1,,,BUTTON_BURNED,20,41,7,
0.25,29,bot2,,,GAVE_UP,15,41,7,
0.25,29,bot3,,,GAVE_UP,15,41,7,
0.25,29,bot4,,,GAVE_UP,15,41,7,1
0.25,30,bot1,,,BUTTON_BURNED,37,41,14,
0.25,30,bot2,,,BUTTON_BURNED,37,41,14,
0.25,30,bot3,,,BUTTON_BURNED,37,41,14,
0.25,30,bot4,,,BUTTON_BURNED,37,41,14,
0.25,31,bot1,,,SUCCESS,68,68,44,
0.25,31,bot2,,,SUCCESS,68,68,44,
0.25,31,bot3,,,SUCCESS,68,68,44,
0.25,31,bot4,,,SUCCESS,68,68,44,
0.25,60,bot1,,,SUCCESS,38,38,48,
0.25,60,bot2,,,SUCCESS,38,38,48,
0.25,60,bot3,,,SUCCESS,38,38,48,
0.25,60,bot4,,,SUCCESS,38,38,48,
0.25,61,bot1,,,SUCCESS,11,11,36,
0.25,61,bot2,,,SUCCESS,11,11,36,
0.25,61,bot3,,,SUCCESS,11,11,36,
0.25,61,bot4,,,SUCCESS,11,11,36,
0.25,62,bot1,,,SUCCESS,24,24,14,
0.25,62,bot2,,,SUCCESS,24,24,14,
0.25,62,bot3,,,SUCCESS,24,24,14,
0.25,62,bot4,,,SUCCESS,26,24,14,
0.25,63,bot1,,,BUTTON_BURNED,9,28,3,
0.25,63,bot2,,,BUTTON_BURNED,9,28,3,
0.25,63,bot3,,,BUTTON_BURNED,9,28,3,
0.25,63,bot4,,,BUTTON_BURNED,9,28,3,1
0.25,36,bot1,,,SUCCESS,19,19,39,
0.25,36,bot2,,,SUCCESS,19,19,39,
0.25,36,bot3,,,SUCCESS,19,19,39,
0.25,36,bot4,,,SUCCESS,19,19,39,
0.25,37,bot1,,,SUCCESS,54,54,26,
0.25,37,bot2,,,SUCCESS,54,54,26,
0.25,37,bot3,,,SUCCESS,54,54,26,
0.25,37,bot4,,,SUCCESS,54,54,26,
0.25,38,bot1,,,SUCCESS,37,37,35,
0.25,38,bot2,,,SUCCESS,37,37,35,
0.25,38,bot3,,,SUCCESS,37,37,35,
0.25,38,bot4,,,SUCCESS,37,37,35,
0.25,39,bot1,,,SUCCESS,60,60,46,
0.25,39,bot2,,,SUCCESS,60,60,46,
0.25,39,bot3,,,SUCCESS,60,60,46,
0.25,39,bot4,,,SUCCESS,60,60,46,
0.25,52,bot1,,,SUCCESS,25,25,27,
0.25,52,bot2,,,SUCCESS,25,25,27,
0.25,52,bot3,,,SUCCESS,25,25,27,
0.25,52,bot4,,,SUCCESS,25,25,27,
0.25,53,bot1,,,SUCCESS,36,36,39,
0.25,53,bot2,,,SUCCESS,36,36,39,
0.25,53,bot3,,,SUCCESS,36,36,39,
0.25,53,bot4,,,SUCCESS,36,36,39,
0.25,54,bot1,,,SUCCESS,51,51,39,
0.25,54,bot2,,,SUCCESS,51,51,39,
0.25,54,bot3,,,SUCCESS,51,51,39,
0.25,54,bot4,,,SUCCESS,51,51,39,
0.25,55,bot1,,,SUCCESS,5,5,31,
0.25,55,bot2,,,SUCCESS,5,5,31,
0.25,55,bot3,,,SUCCESS,5,5,31,
0.25,55,bot4,,,SUCCESS,5,5,31,
0.25,40,bot1,,,SUCCESS,54,54,34,
0.25,40,bot2,,,SUCCESS,54,54,34,
0.25,40,bot3,,,SUCCESS,54,54,34,
0.25,40,bot4,,,SUCCESS,54,54,34,
0.25,41,bot1,,,SUCCESS,26,26,18,
0.25,41,bot2,,,SUCCESS,26,26,18,
0.25,41,bot3,,,SUCCESS,26,26,18,
0.25,41,bot4,,,SUCCESS,26,26,18,
0.25,42,bot1,,,SUCCESS,27,27,73,
0.25,42,bot2,,,SUCCESS,27,27,73,
0.25,42,bot3,,,SUCCESS,27,27,73,
0.25,42,bot4,,,SUCCESS,27,27,73,
0.25,43,bot1,,,SUCCESS,49,49,26,
0.25,43,bot2,,,SUCCESS,49,49,26,
0.25,43,bot3,,,SUCCESS,49,49,26,
0.25,43,bot4,,,SUCCESS,49,49,26,
0.25,44,bot1,,,SUCCESS,49,49,51,
0.25,44,bot2,,,SUCCESS,49,49,51,
0.25,44,bot3,,,SUCCESS,49,49,51,
0.25,44,bot4,,,SUCCESS,49,49,51,
0.25,45,bot1,,,SUCCESS,34,34,37,
0.25,45,bot2,,,SUCCESS,34,34,37,
0.25,45,bot3,,,SUCCESS,34,34,37,
0.25,45,bot4,,,SUCCESS,34,34,37,
0.25,46,bot1,,,SUCCESS,22,22,33,
0.25,46,bot2,,,SUCCESS,22,22,33,
0.25,46,bot3,,,SUCCESS,22,22,33,
0.25,46,bot4,,,SUCCESS,22,22,33,
0.25,47,bot1,,,SUCCESS,48,48,25,
0.25,47,bot2,,,SUCCESS,48,48,25,
0.25,47,bot3,,,SUCCESS,48,48,25,
0.25,47,bot4,,,SUCCESS,48,48,25,
0.25,68,bot1,,,SUCCESS,3,3,13,
0.25,68,bot2,,,SUCCESS,3,3,13,
0.25,68,bot3,,,SUCCESS,3,3,13,
0.25,68,bot4,,,SUCCESS,3,3,13,
0.25,69,bot1,,,SUCCESS,24,24,24,
0.25,69,bot2,,,SUCCESS,24,24,24,
0.25,69,bot3,,,SUCCESS,24,24,24,
0.25,69,bot4,,,SUCCESS,24,24,24,
0.25,70,bot1,,,SUCCESS,24,24,23,
0.25,70,bot2,,,SUCCESS,24,24,23,
0.25,70,bot3,,,SUCCESS,24,24,23,
0.25,70,bot4,,,SUCCESS,24,24,23,
0.25,71,bot1,,,BURNED,38,46,13,
0.25,71,bot2,,,BURNED,38,46,13,
0.25,71,bot3,,,GAVE_UP,42,46,13,
0.25,71,bot4,,,BURNED,38,46,13,11
0.25,56,bot1,,,BUTTON_BURNED,17,54,7,
0.25,56,bot2,,,BUTTON_BURNED,17,54,7,
0.25,56,bot3,,,BUTTON_BURNED,17,54,7,
0.25,56,bot4,,,BUTTON_BURNED,17,54,7,1
0.25,57,bot1,,,SUCCESS,20,20,26,
0.25,57,bot2,,,SUCCESS,20,20,26,
0.25,57,bot3,,,SUCCESS,20,20,26,
0.25,57,bot4,,,SUCCESS,20,20,26,
0.25,58,bot1,,,BUTTON_BURNED,44,47,12,
0.25,58,bot2,,,GAVE_UP,42,47,12,
0.25,58,bot3,,,GAVE_UP,42,47,12,
0.25,58,bot4,,,GAVE_UP,42,47,12,
0.25,59,bot1,,,SUCCESS,52,52,44,
0.25,59,bot2,,,SUCCESS,52,52,44,
0.25,59,bot3,,,SUCCESS,52,52,44,
0.25,59,bot4,,,SUCCESS,52,52,44,
0.25,64,bot1,,,SUCCESS,56,56,60,
0.25,64,bot2,,,SUCCESS,56,56,60,
0.25,64,bot3,,,SUCCESS,56,56,60,
0.25,64,bot4,,,SUCCESS,56,56,60,
0.25,65,bot1,,,SUCCESS,2,2,58,
0.25,65,bot2,,,SUCCESS,2,2,58,
0.25,65,bot3,,,SUCCESS,2,2,58,
0.25,65,bot4,,,SUCCESS,2,2,58,
0.25,66,bot1,,,SUCCESS,48,48,28,
0.25,66,bot2,,,SUCCESS,48,48,28,
0.25,66,bot3,,,SUCCESS,48,48,28,
0.25,66,bot4,,,SUCCESS,48,48,28,
0.25,67,bot1,,,SUCCESS,27,27,61,
0.25,67,bot2,,,SUCCESS,27,27,61,
0.25,67,bot3,,,SUCCESS,27,27,61,
0.25,67,bot4,,,SUCCESS,27,27,61,
0.25,84,bot1,,,SUCCESS,40,40,14,
0.25,84,bot2,,,SUCCESS,40,40,14,
0.25,84,bot3,,,SUCCESS,40,40,14,
0.25,84,bot4,,,SUCCESS,40,40,14,
0.25,85,bot1,,,SUCCESS,29,29,47,
0.25,85,bot2,,,SUCCESS,29,29,47,
0.25,85,bot3,,,SUCCESS,29,29,47,
0.25,85,bot4,,,SUCCESS,29,29,47,
0.25,86,bot1,,,SUCCESS,16,16,47,
0.25,86,bot2,,,SUCCESS,16,16,47,
0.25,86,bot3,,,SUCCESS,16,16,47,
0.25,86,bot4,,,SUCCESS,16,16,47,
0.25,87,bot1,,,SUCCESS,40,40,38,
0.25,87,bot2,,,SUCCESS,40,40,38,
0.25,87,bot3,,,SUCCESS,40,40,38,
0.25,87,bot4,,,SUCCESS,40,40,38,
0.25,72,bot1,,,SUCCESS,30,30,22,
0.25,72,bot2,,,SUCCESS,30,30,22,
0.25,72,bot3,,,SUCCESS,30,30,22,
0.25,72,bot4,,,SUCCESS,30,30,22,
0.25,73,bot1,,,SUCCESS,45,45,62,
0.25,73,bot2,,,SUCCESS,45,45,62,
0.25,73,bot3,,,SUCCESS,45,45,62,
0.25,73,bot4,,,SUCCESS,45,45,62,
0.25,74,bot1,,,SUCCESS,30,30,43,
0.25,74,bot2,,,SUCCESS,30,30,43,
0.25,74,bot3,,,SUCCESS,30,30,43,
0.25,74,bot4,,,SUCCESS,30,30,43,
0.25,75,bot1,,,SUCCESS,31,31,21,
0.25,75,bot2,,,SUCCESS,31,31,21,
0.25,75,bot3,,,SUCCESS,31,31,21,
0.25,75,bot4,,,SUCCESS,31,31,21,
0.25,76,bot1,,,SUCCESS,39,39,50,
0.25,76,bot2,,,SUCCESS,39,39,50,
0.25,76,bot3,,,SUCCESS,39,39,50,
0.25,76,bot4,,,SUCCESS,39,39,50,
0.25,77,bot1,,,BUTTON_BURNED,12,34,6,
0.25,77,bot2,,,BUTTON_BURNED,12,34,6,
0.25,77,bot3,,,BUTTON_BURNED,12,34,6,
0.25,77,bot4,,,BUTTON_BURNED,12,34,6,8
0.25,78,bot1,,,SUCCESS,51,51,48,
0.25,78,bot2,,,SUCCESS,51,51,48,
0.25,78,bot3,,,SUCCESS,51,51,48,
0.25,78,bot4,,,SUCCESS,51,51,48,
0.25,79,bot1,,,SUCCESS,18,18,10,
0.25,79,bot2,,,SUCCESS,18,18,10,
0.25,79,bot3,,,SUCCESS,18,18,10,
0.25,79,bot4,,,SUCCESS,18,18,10,
0.25,96,bot1,,,SUCCESS,53,53,20,
0.25,96,bot2,,,SUCCESS,53,53,20,
0.25,96,bot3,,,SUCCESS,59,53,20,
0.25,96,bot4,,,SUCCESS,53,53,20,28
0.25,97,bot1,,,SUCCESS,13,13,14,
0.25,97,bot2,,,SUCCESS,13,13,14,
0.25,97,bot3,,,SUCCESS,13,13,14,
0.25,97,bot4,,,SUCCESS,13,13,14,
0.25,98,bot1,,,SUCCESS,28,28,27,
0.25,98,bot2,,,SUCCESS,28,28,27,
0.25,98,bot3,,,SUCCESS,28,28,27,
0.25,98,bot4,,,SUCCESS,28,28,27,
0.25,99,bot1,,,SUCCESS,26,26,52,
0.25,99,bot2,,,SUCCESS,26,26,52,
0.25,99,bot3,,,SUCCESS,26,26,52,
0.25,99,bot4,,,SUCCESS,26,26,52,
0.25,80,bot1,,,SUCCESS,57,57,31,
0.25,80,bot2,,,SUCCESS,57,57,31,
0.25,80,bot3,,,SUCCESS,57,57,31,
0.25,80,bot4,,,SUCCESS,57,57,31,
0.25,81,bot1,,,SUCCESS,43,43,56,
0.25,81,bot2,,,SUCCESS,43,43,56,
0.25,81,bot3,,,SUCCESS,43,43,56,
0.25,81,bot4,,,SUCCESS,43,43,56,
0.25,82,bot1,,,SUCCESS,43,43,19,
0.25,82,bot2,,,SUCCESS,43,43,19,
0.25,82,bot3,,,SUCCESS,43,43,19,
0.25,82,bot4,,,SUCCESS,43,43,19,
0.25,83,bot1,,,SUCCESS,43,43,39,
0.25,83,bot2,,,SUCCESS,43,43,39,
0.25,83,bot3,,,SUCCESS,43,43,39,
0.25,83,bot4,,,SUCCESS,43,43,39,
0.25,92,bot1,,,SUCCESS,46,46,37,
0.25,92,bot2,,,SUCCESS,46,46,37,
0.25,92,bot3,,,SUCCESS,46,46,37,
0.25,92,bot4,,,SUCCESS,46,46,37,
0.25,93,bot1,,,SUCCESS,38,38,42,
0.25,93,bot2,,,SUCCESS,38,38,42,
0.25,93,bot3,,,SUCCESS,38,38,42,
0.25,93,bot4,,,SUCCESS,38,38,42,
0.25,94,bot1,,,SUCCESS,21,21,30,
0.25,94,bot2,,,SUCCESS,21,21,30,
0.25,94,bot3,,,SUCCESS,21,21,30,
0.25,94,bot4,,,SUCCESS,21,21,30,
0.25,95,bot1,,,SUCCESS,46,46,38,
0.25,95,bot2,,,SUCCESS,46,46,38,
0.25,95,bot3,,,SUCCESS,46,46,38,
0.25,95,bot4,,,SUCCESS,46,46,38,
0.25,112,bot1,,,SUCCESS,7,7,9,
0.25,112,bot2,,,SUCCESS,7,7,9,
0.25,112,bot3,,,SUCCESS,7,7,9,
0.25,112,bot4,,,SUCCESS,7,7,9,
0.25,113,bot1,,,SUCCESS,23,23,13,
0.25,113,bot2,,,SUCCESS,23,23,13,
0.25,113,bot3,,,SUCCESS,23,23,13,
0.25,113,bot4,,,SUCCESS,23,23,13,
0.25,114,bot1,,,SUCCESS,27,27,31,
0.25,114,bot2,,,SUCCESS,27,27,31,
0.25,114,bot3,,,SUCCESS,27,27,31,
0.25,114,bot4,,,SUCCESS,27,27,31,
0.25,115,bot1,,,SUCCESS,48,48,49,
0.25,115,bot2,,,SUCCESS,48,48,49,
0.25,115,bot3,,,SUCCESS,48,48,49,
0.25,115,bot4,,,SUCCESS,48,48,49,
0.25,108,bot1,,,SUCCESS,47,47,45,
0.25,108,bot2,,,SUCCESS,47,47,45,
0.25,108,bot3,,,SUCCESS,47,47,45,
0.25,108,bot4,,,SUCCESS,47,47,45,
0.25,109,bot1,,,SUCCESS,5,5,18,
0.25,109,bot2,,,SUCCESS,5,5,18,
0.25,109,bot3,,,SUCCESS,5,5,18,
0.25,109,bot4,,,SUCCESS,5,5,18,
0.25,110,bot1,,,SUCCESS,28,28,39,
0.25,110,bot2,,,SUCCESS,28,28,39,
0.25,110,bot3,,,SUCCESS,28,28,39,
0.25,110,bot4,,,SUCCESS,28,28,39,
0.25,111,bot1,,,BURNED,23,57,31,
0.25,111,bot2,,,SUCCESS,65,57,31,
0.25,111,bot3,,,SUCCESS,59,57,31,
0.25,111,bot4,,,SUCCESS,59,57,31,
0.25,128,bot1,,,SUCCESS,39,39,35,
0.25,128,bot2,,,SUCCESS,39,39,35,
0.25,128,bot3,,,SUCCESS,39,39,35,
0.25,128,bot4,,,SUCCESS,39,39,35,
0.25,129,bot1,,,BUTTON_BURNED,6,56,4,
0.25,129,bot2,,,BUTTON_BURNED,6,56,4,
0.25,129,bot3,,,BUTTON_BURNED,6,56,4,
0.25,129,bot4,,,BUTTON_BURNED,6,56,4,
0.25,130,bot1,,,SUCCESS,41,41,46,
0.25,130,bot2,,,SUCCESS,41,41,46,
0.25,130,bot3,,,SUCCESS,41,41,46,
0.25,130,bot4,,,SUCCESS,41,41,46,
0.25,131,bot1,,,SUCCESS,34,34,22,
0.25,131,bot2,,,SUCCESS,34,34,22,
0.25,131,bot3,,,SUCCESS,34,34,22,
0.25,131,bot4,,,SUCCESS,34,34,22,
0.25,88,bot1,,,BURNED,34,55,13,
0.25,88,bot2,,,BUTTON_BURNED,39,55,13,
0.25,88,bot3,,,BUTTON_BURNED,39,55,13,
0.25,88,bot4,,,BUTTON_BURNED,39,55,13,22
0.25,89,bot1,,,BURNED,24,50,32,
0.25,89,bot2,,,SUCCESS,60,50,32,
0.25,89,bot3,,,SUCCESS,60,50,32,
0.25,89,bot4,,,SUCCESS,58,50,32,
0.25,90,bot1,,,SUCCESS,51,51,40,
0.25,90,bot2,,,SUCCESS,51,51,40,
0.25,90,bot3,,,SUCCESS,51,51,40,
0.25,90,bot4,,,SUCCESS,51,51,40,
0.25,91,bot1,,,SUCCESS,23,23,48,
0.25,91,bot2,,,SUCCESS,23,23,48,
0.25,91,bot3,,,SUCCESS,23,23,48,
0.25,91,bot4,,,SUCCESS,23,23,48,
0.25,104,bot1,,,SUCCESS,24,24,32,
0.25,104,bot2,,,SUCCESS,24,24,32,
0.25,104,bot3,,,SUCCESS,24,24,32,
0.25,104,bot4,,,SUCCESS,24,24,32,
0.25,105,bot1,,,SUCCESS,47,47,33,
0.25,105,bot2,,,SUCCESS,47,47,33,
0.25,105,bot3,,,SUCCESS,47,47,33,
0.25,105,bot4,,,SUCCESS,47,47,33,
0.25,106,bot1,,,BUTTON_BURNED,30,41,10,
0.25,106,bot2,,,BUTTON_BURNED,30,41,10,
0.25,106,bot3,,,BUTTON_BURNED,30,41,10,
0.25,106,bot4,,,BUTTON_BURNED,30,41,10,12
0.25,107,bot1,,,BURNED,12,40,24,
0.25,107,bot2,,,SUCCESS,48,40,24,
0.25,107,bot3,,,BUTTON_BURNED,77,40,24,
0.25,107,bot4,,,BURNED,51,40,24,11
0.25,100,bot1,,,BURNED,22,36,16,
0.25,100,bot2,,,BUTTON_BURNED,54,36,16,
0.25,100,bot3,,,BUTTON_BURNED,54,36,16,
0.25,100,bot4,,,BUTTON_BURNED,54,36,16,
0.25,101,bot1,,,SUCCESS,46,46,47,
0.25,101,bot2,,,SUCCESS,46,46,47,
0.25,101,bot3,,,SUCCESS,46,46,47,
0.25,101,bot4,,,SUCCESS,46,46,47,
0.25,102,bot1,,,SUCCESS,48,48,38,
0.25,102,bot2,,,SUCCESS,48,48,38,
0.25,102,bot3,,,SUCCESS,48,48,38,
0.25,102,bot4,,,SUCCESS,48,48,38,
0.25,103,bot1,,,BUTTON_BURNED,26,68,9,
0.25,103,bot2,,,GAVE_UP,22,68,9,
0.25,103,bot3,,,GAVE_UP,22,68,9,
0.25,103,bot4,,,GAVE_UP,22,68,9,1
0.25,120,bot1,,,SUCCESS,46,46,32,
0.25,120,bot2,,,SUCCESS,46,46,32,
0.25,120,bot3,,,SUCCESS,46,46,32,
0.25,120,bot4,,,SUCCESS,48,46,32,
0.25,121,bot1,,,SUCCESS,27,27,19,
0.25,121,bot2,,,SUCCESS,27,27,19,
0.25,121,bot3,,,SUCCESS,27,27,19,
0.25,121,bot4,,,SUCCESS,27,27,19,
0.25,122,bot1,,,SUCCESS,7,7,56,
0.25,122,bot2,,,SUCCESS,7,7,56,
0.25,122,bot3,,,SUCCESS,7,7,56,
0.25,122,bot4,,,SUCCESS,7,7,56,
0.25,123,bot1,,,SUCCESS,31,31,35,
0.25,123,bot2,,,SUCCESS,31,31,35,
0.25,123,bot3,,,SUCCESS,31,31,35,
0.25,123,bot4,,,SUCCESS,31,31,35,
0.25,124,bot1,,,SUCCESS,17,17,36,
0.25,124,bot2,,,SUCCESS,17,17,36,
0.25,124,bot3,,,SUCCESS,17,17,36,
0.25,124,bot4,,,SUCCESS,17,17,36,
0.25,125,bot1,,,SUCCESS,31,31,28,
0.25,125,bot2,,,SUCCESS,31,31,28,
0.25,125,bot3,,,SUCCESS,31,31,28,
0.25,125,bot4,,,SUCCESS,31,31,28,
0.25,126,bot1,,,SUCCESS,39,39,37,
0.25,126,bot2,,,SUCCESS,39,39,37,
0.25,126,bot3,,,SUCCESS,39,39,37,
0.25,126,bot4,,,SUCCESS,39,39,37,
0.25,127,bot1,,,SUCCESS,28,28,11,
0.25,127,bot2,,,SUCCESS,28,28,11,
0.25,127,bot3,,,SUCCESS,28,28,11,
0.25,127,bot4,,,SUCCESS,28,28,11,
0.25,116,bot1,,,SUCCESS,9,9,34,
0.25,116,bot2,,,SUCCESS,9,9,34,
0.25,116,bot3,,,SUCCESS,9,9,34,
0.25,116,bot4,,,SUCCESS,9,9,34,
0.25,117,bot1,,,SUCCESS,31,31,39,
0.25,117,bot2,,,SUCCESS,31,31,39,
0.25,117,bot3,,,SUCCESS,31,31,39,
0.25,117,bot4,,,SUCCESS,31,31,39,
0.25,118,bot1,,,SUCCESS,37,37,31,
0.25,118,bot2,,,SUCCESS,37,37,31,
0.25,118,bot3,,,SUCCESS,37,37,31,
0.25,118,bot4,,,SUCCESS,37,37,31,
0.25,119,bot1,,,SUCCESS,65,65,59,
0.25,119,bot2,,,SUCCESS,65,65,59,
0.25,119,bot3,,,SUCCESS,65,65,59,
0.25,119,bot4,,,SUCCESS,65,65,59,
0.25,148,bot1,,,SUCCESS,33,33,29,
0.25,148,bot2,,,SUCCESS,33,33,29,
0.25,148,bot3,,,SUCCESS,33,33,29,
0.25,148,bot4,,,SUCCESS,33,33,29,
0.25,149,bot1,,,SUCCESS,1,1,30,
0.25,149,bot2,,,SUCCESS,1,1,30,
0.25,149,bot3,,,SUCCESS,1,1,30,
0.25,149,bot4,,,SUCCESS,1,1,30,
0.25,150,bot1,,,SUCCESS,9,9,39,
0.25,150,bot2,,,SUCCESS,9,9,39,
0.25,150,bot3,,,SUCCESS,9,9,39,
0.25,150,bot4,,,SUCCESS,9,9,39,
0.25,151,bot1,,,SUCCESS,22,22,32,
0.25,151,bot2,,,SUCCESS,22,22,32,
0.25,151,bot3,,,SUCCESS,22,22,32,
0.25,151,bot4,,,SUCCESS,22,22,32,
0.25,160,bot1,,,SUCCESS,19,19,38,
0.25,160,bot2,,,SUCCESS,19,19,38,
0.25,160,bot3,,,SUCCESS,19,19,38,
0.25,160,bot4,,,SUCCESS,19,19,38,
0.25,161,bot1,,,SUCCESS,16,16,10,
0.25,161,bot2,,,SUCCESS,16,16,10,
0.25,161,bot3,,,SUCCESS,16,16,10,
0.25,161,bot4,,,SUCCESS,16,16,10,
0.25,162,bot1,,,SUCCESS,3,3,15,
0.25,162,bot2,,,SUCCESS,3,3,15,
0.25,162,bot3,,,SUCCESS,3,3,15,
0.25,162,bot4,,,SUCCESS,3,3,15,
0.25,163,bot1,,,SUCCESS,11,11,55,
0.25,163,bot2,,,SUCCESS,11,11,55,
0.25,163,bot3,,,SUCCESS,11,11,55,
0.25,163,bot4,,,SUCCESS,11,11,55,
0.25,132,bot1,,,SUCCESS,44,44,35,
0.25,132,bot2,,,SUCCESS,44,44,35,
0.25,132,bot3,,,SUCCESS,44,44,35,
0.25,132,bot4,,,SUCCESS,44,44,35,
0.25,133,bot1,,,SUCCESS,53,53,49,
0.25,133,bot2,,,SUCCESS,53,53,49,
0.25,133,bot3,,,SUCCESS,53,53,49,
0.25,133,bot4,,,SUCCESS,53,53,49,
0.25,134,bot1,,,SUCCESS,15,15,39,
0.25,134,bot2,,,SUCCESS,15,15,39,
0.25,134,bot3,,,SUCCESS,15,15,39,
0.25,134,bot4,,,SUCCESS,15,15,39,
0.25,135,bot1,,,SUCCESS,9,9,29,
0.25,135,bot2,,,SUCCESS,9,9,29,
0.25,135,bot3,,,SUCCESS,9,9,29,
0.25,135,bot4,,,SUCCESS,9,9,29,
0.25,144,bot1,,,BUTTON_BURNED,22,29,5,
0.25,144,bot2,,,BUTTON_BURNED,22,29,5,
0.25,144,bot3,,,BUTTON_BURNED,22,29,5,
0.25,144,bot4,,,BUTTON_BURNED,22,29,5,1
0.25,145,bot1,,,SUCCESS,49,49,37,
0.25,145,bot2,,,SUCCESS,49,49,37,
0.25,145,bot3,,,SUCCESS,49,49,37,
0.25,145,bot4,,,SUCCESS,49,49,37,
0.25,146,bot1,,,SUCCESS,29,29,51,
0.25,146,bot2,,,SUCCESS,29,29,51,
0.25,146,bot3,,,SUCCESS,29,29,51,
0.25,146,bot4,,,SUCCESS,29,29,51,
0.25,147,bot1,,,SUCCESS,11,11,33,
0.25,147,bot2,,,SUCCESS,11,11,33,
0.25,147,bot3,,,SUCCESS,11,11,33,
0.25,147,bot4,,,SUCCESS,11,11,33,
0.25,164,bot1,,,SUCCESS,30,30,35,
0.25,164,bot2,,,SUCCESS,30,30,35,
0.25,164,bot3,,,SUCCESS,30,30,35,
0.25,164,bot4,,,SUCCESS,30,30,35,
0.25,165,bot1,,,SUCCESS,23,23,42,
0.25,165,bot2,,,SUCCESS,23,23,42,
0.25,165,bot3,,,SUCCESS,23,23,42,
0.25,165,bot4,,,SUCCESS,23,23,42,
0.25,166,bot1,,,SUCCESS,6,6,18,
0.25,166,bot2,,,SUCCESS,6,6,18,
0.25,166,bot3,,,SUCCESS,6,6,18,
0.25,166,bot4,,,SUCCESS,6,6,18,
0.25,167,bot1,,,SUCCESS,30,30,32,
0.25,167,bot2,,,SUCCESS,30,30,32,
0.25,167,bot3,,,SUCCESS,30,30,32,
0.25,167,bot4,,,SUCCESS,30,30,32,
0.25,140,bot1,,,BURNED,10,35,19,
0.25,140,bot2,,,GAVE_UP,53,35,19,
0.25,140,bot3,,,GAVE_UP,53,35,19,
0.25,140,bot4,,,GAVE_UP,53,35,19,6
0.25,141,bot1,,,SUCCESS,20,20,29,
0.25,141,bot2,,,SUCCESS,20,20,29,
0.25,141,bot3,,,SUCCESS,20,20,29,
0.25,141,bot4,,,SUCCESS,20,20,29,
0.25,142,bot1,,,SUCCESS,6,6,10,
0.25,142,bot2,,,SUCCESS,6,6,10,
0.25,142,bot3,,,SUCCESS,6,6,10,
0.25,142,bot4,,,SUCCESS,6,6,10,
0.25,143,bot1,,,SUCCESS,32,32,37,
0.25,143,bot2,,,SUCCESS,32,32,37,
0.25,143,bot3,,,SUCCESS,32,32,37,
0.25,143,bot4,,,SUCCESS,32,32,37,
0.25,136,bot1,,,SUCCESS,47,47,47,
0.25,136,bot2,,,SUCCESS,47,47,47,
0.25,136,bot3,,,SUCCESS,47,47,47,
0.25,136,bot4,,,SUCCESS,47,47,47,
0.25,137,bot1,,,SUCCESS,33,33,15,
0.25,137,bot2,,,SUCCESS,33,33,15,
0.25,137,bot3,,,SUCCESS,45,33,15,
0.25,137,bot4,,,SUCCESS,39,33,15,
0.25,138,bot1,,,SUCCESS,20,20,57,
0.25,138,bot2,,,SUCCESS,20,20,57,
0.25,138,bot3,,,SUCCESS,20,20,57,
0.25,138,bot4,,,SUCCESS,20,20,57,
0.25,139,bot1,,,SUCCESS,41,41,45,
0.25,139,bot2,,,SUCCESS,41,41,45,
0.25,139,bot3,,,SUCCESS,41,41,45,
0.25,139,bot4,,,SUCCESS,41,41,45,
0.25,156,bot1,,,BURNED,17,28,7,
0.25,156,bot2,,,GAVE_UP,21,28,7,
0.25,156,bot3,,,GAVE_UP,21,28,7,
0.25,156,bot4,,,GAVE_UP,21,28,7,1
0.25,157,bot1,,,SUCCESS,12,12,40,
0.25,157,bot2,,,SUCCESS,12,12,40,
0.25,157,bot3,,,SUCCESS,12,12,40,
0.25,157,bot4,,,SUCCESS,12,12,40,
0.25,158,bot1,,,SUCCESS,33,33,31,
0.25,158,bot2,,,SUCCESS,33,33,31,
0.25,158,bot3,,,SUCCESS,33,33,31,
0.25,158,bot4,,,SUCCESS,33,33,31,
0.25,159,bot1,,,BURNED,16,40,25,
0.25,159,bot2,,,GAVE_UP,52,40,25,
0.25,159,bot3,,,GAVE_UP,52,40,25,
0.25,159,bot4,,,GAVE_UP,52,40,25,18
0.25,152,bot1,,,SUCCESS,63,63,36,
0.25,152,bot2,,,SUCCESS,63,63,36,
0.25,152,bot3,,,SUCCESS,63,63,36,
0.25,152,bot4,,,SUCCESS,67,63,36,
0.25,153,bot1,,,BUTTON_BURNED,17,30,5,
0.25,153,bot2,,,BUTTON_BURNED,17,30,5,
0.25,153,bot3,,,BUTTON_BURNED,17,30,5,
0.25,153,bot4,,,BUTTON_BURNED,17,30,5,
0.25,154,bot1,,,BUTTON_BURNED,32,56,8,
0.25,154,bot2,,,GAVE_UP,30,56,8,
0.25,154,bot3,,,GAVE_UP,30,56,8,
0.25,154,bot4,,,GAVE_UP,30,56,8,1
0.25,155,bot1,,,SUCCESS,15,15,20,
0.25,155,bot2,,,SUCCESS,15,15,20,
0.25,155,bot3,,,SUCCESS,15,15,20,
0.25,155,bot4,,,SUCCESS,15,15,20,
0.25,168,bot1,,,SUCCESS,9,9,19,
0.25,168,bot2,,,SUCCESS,9,9,19,
0.25,168,bot3,,,SUCCESS,9,9,19,
0.25,168,bot4,,,SUCCESS,9,9,19,
0.25,169,bot1,,,SUCCESS,30,30,20,
0.25,169,bot2,,,SUCCESS,30,30,20,
0.25,169,bot3,,,SUCCESS,30,30,20,
0.25,169,bot4,,,SUCCESS,30,30,20,
0.25,170,bot1,,,SUCCESS,11,11,33,
0.25,170,bot2,,,SUCCESS,11,11,33,
0.25,170,bot3,,,SUCCESS,11,11,33,
0.25,170,bot4,,,SUCCESS,11,11,33,
0.25,171,bot1,,,SUCCESS,42,42,40,
0.25,171,bot2,,,SUCCESS,42,42,40,
0.25,171,bot3,,,SUCCESS,42,42,40,
0.25,171,bot4,,,SUCCESS,42,42,40,
0.25,176,bot1,,,BURNED,34,46,12,
0.25,176,bot2,,,GAVE_UP,29,46,12,
0.25,176,bot3,,,GAVE_UP,29,46,12,
0.25,176,bot4,,,GAVE_UP,29,46,12,1
0.25,177,bot1,,,SUCCESS,29,29,28,
0.25,177,bot2,,,SUCCESS,29,29,28,
0.25,177,bot3,,,SUCCESS,29,29,28,
0.25,177,bot4,,,SUCCESS,29,29,28,
0.25,178,bot1,,,SUCCESS,1,1,30,
0.25,178,bot2,,,SUCCESS,1,1,30,
0.25,178,bot3,,,SUCCESS,1,1,30,
0.25,178,bot4,,,SUCCESS,1,1,30,
0.25,179,bot1,,,SUCCESS,19,19,42,
0.25,179,bot2,,,SUCCESS,19,19,42,
0.25,179,bot3,,,SUCCESS,19,19,42,
0.25,179,bot4,,,SUCCESS,19,19,42,
0.3,0,bot1,,,SUCCESS,17,17,39,
0.3,0,bot2,,,SUCCESS,17,17,39,
0.3,0,bot3,,,SUCCESS,17,17,39,
0.3,0,bot4,,,SUCCESS,17,17,39,
0.3,1,bot1,,,SUCCESS,14,14,68,
0.3,1,bot2,,,SUCCESS,14,14,68,
0.3,1,bot3,,,SUCCESS,14,14,68,
0.3,1,bot4,,,SUCCESS,14,14,68,
0.3,2,bot1,,,SUCCESS,35,35,29,
0.3,2,bot2,,,SUCCESS,35,35,29,
0.3,2,bot3,,,SUCCESS,35,35,29,
0.3,2,bot4,,,SUCCESS,35,35,29,
0.3,3,bot1,,,SUCCESS,24,24,22,
0.3,3,bot2,,,SUCCESS,24,24,22,
0.3,3,bot3,,,SUCCESS,24,24,22,
0.3,3,bot4,,,SUCCESS,24,24,22,
0.25,184,bot1,,,SUCCESS,47,47,27,
0.25,184,bot2,,,SUCCESS,47,47,27,
0.25,184,bot3,,,SUCCESS,57,47,27,
0.25,184,bot4,,,SUCCESS,51,47,27,
0.25,185,bot1,,,SUCCESS,12,10,9,
0.25,185,bot2,,,SUCCESS,12,10,9,
0.25,185,bot3,,,SUCCESS,12,10,9,
0.25,185,bot4,,,SUCCESS,12,10,9,
0.25,186,bot1,,,BUTTON_BURNED,24,46,3,
0.25,186,bot2,,,GAVE_UP,21,46,3,
0.25,186,bot3,,,GAVE_UP,21,46,3,
0.25,186,bot4,,,GAVE_UP,21,46,3,1
0.25,187,bot1,,,SUCCESS,32,32,48,
0.25,187,bot2,,,SUCCESS,32,32,48,
0.25,187,bot3,,,SUCCESS,32,32,48,
0.25,187,bot4,,,SUCCESS,32,32,48,
0.25,172,bot1,,,BURNED,12,43,30,
0.25,172,bot2,,,SUCCESS,59,43,30,
0.25,172,bot3,,,SUCCESS,57,43,30,
0.25,172,bot4,,,SUCCESS,45,43,30,
0.25,173,bot1,,,SUCCESS,43,43,27,
0.25,173,bot2,,,SUCCESS,43,43,27,
0.25,173,bot3,,,SUCCESS,43,43,27,
0.25,173,bot4,,,SUCCESS,43,43,27,
0.25,174,bot1,,,SUCCESS,12,12,23,
0.25,174,bot2,,,SUCCESS,12,12,23,
0.25,174,bot3,,,SUCCESS,12,12,23,
0.25,174,bot4,,,SUCCESS,12,12,23,
0.25,175,bot1,,,SUCCESS,18,18,19,
0.25,175,bot2,,,SUCCESS,18,18,19,
0.25,175,bot3,,,SUCCESS,18,18,19,
0.25,175,bot4,,,SUCCESS,18,18,19,
0.3,4,bot1,,,BURNED,16,41,26,
0.3,4,bot2,,,GAVE_UP,19,41,26,
0.3,4,bot3,,,GAVE_UP,19,41,26,
0.3,4,bot4,,,GAVE_UP,19,41,26,1
0.3,5,bot1,,,SUCCESS,24,24,19,
0.3,5,bot2,,,SUCCESS,24,24,19,
0.3,5,bot3,,,SUCCESS,24,24,19,
0.3,5,bot4,,,SUCCESS,24,24,19,
0.3,6,bot1,,,SUCCESS,5,5,19,
0.3,6,bot2,,,SUCCESS,5,5,19,
0.3,6,bot3,,,SUCCESS,5,5,19,
0.3,6,bot4,,,SUCCESS,5,5,19,
0.3,7,bot1,,,BURNED,9,27,20,
0.3,7,bot2,,,SUCCESS,37,27,20,
0.3,7,bot3,,,SUCCESS,33,27,20,
0.3,7,bot4,,,SUCCESS,29,27,20,
0.25,188,bot1,,,SUCCESS,23,23,45,
0.25,188,bot2,,,SUCCESS,23,23,45,
0.25,188,bot3,,,SUCCESS,23,23,45,
0.25,188,bot4,,,SUCCESS,23,23,45,
0.25,189,bot1,,,SUCCESS,25,25,54,
0.25,189,bot2,,,SUCCESS,25,25,54,
0.25,189,bot3,,,SUCCESS,25,25,54,
0.25,189,bot4,,,SUCCESS,25,25,54,
0.25,190,bot1,,,SUCCESS,48,48,55,
0.25,190,bot2,,,SUCCESS,48,48,55,
0.25,190,bot3,,,SUCCESS,48,48,55,
0.25,190,bot4,,,SUCCESS,48,48,55,
0.25,191,bot1,,,SUCCESS,40,40,31,
0.25,191,bot2,,,SUCCESS,40,40,31,
0.25,191,bot3,,,SUCCESS,40,40,31,
0.25,191,bot4,,,SUCCESS,40,40,31,
0.25,180,bot1,,,SUCCESS,49,49,45,
0.25,180,bot2,,,SUCCESS,49,49,45,
0.25,180,bot3,,,SUCCESS,49,49,45,
0.25,180,bot4,,,SUCCESS,49,49,45,
0.25,181,bot1,,,SUCCESS,24,24,27,
0.25,181,bot2,,,SUCCESS,24,24,27,
0.25,181,bot3,,,SUCCESS,24,24,27,
0.25,181,bot4,,,SUCCESS,24,24,27,
0.25,182,bot1,,,SUCCESS,40,40,45,
0.25,182,bot2,,,SUCCESS,40,40,45,
0.25,182,bot3,,,SUCCESS,40,40,45,
0.25,182,bot4,,,SUCCESS,40,40,45,
0.25,183,bot1,,,SUCCESS,56,56,48,
0.25,183,bot2,,,SUCCESS,56,56,48,
0.25,183,bot3,,,SUCCESS,56,56,48,
0.25,183,bot4,,,SUCCESS,56,56,48,
0.3,12,bot1,,,SUCCESS,30,30,24,
0.3,12,bot2,,,SUCCESS,30,30,24,
0.3,12,bot3,,,SUCCESS,30,30,24,
0.3,12,bot4,,,SUCCESS,30,30,24,
0.3,13,bot1,,,SUCCESS,16,16,62,
0.3,13,bot2,,,SUCCESS,16,16,62,
0.3,13,bot3,,,SUCCESS,16,16,62,
0.3,13,bot4,,,SUCCESS,16,16,62,
0.3,14,bot1,,,SUCCESS,28,28,49,
0.3,14,bot2,,,SUCCESS,28,28,49,
0.3,14,bot3,,,SUCCESS,28,28,49,
0.3,14,bot4,,,SUCCESS,28,28,49,
0.3,15,bot1,,,SUCCESS,13,13,30,
0.3,15,bot2,,,SUCCESS,13,13,30,
0.3,15,bot3,,,SUCCESS,13,13,30,
0.3,15,bot4,,,SUCCESS,13,13,30,
0.3,20,bot1,,,SUCCESS,43,43,16,
0.3,20,bot2,,,SUCCESS,43,43,16,
0.3,20,bot3,,,SUCCESS,43,43,16,
0.3,20,bot4,,,SUCCESS,43,43,16,22
0.3,21,bot1,,,SUCCESS,17,17,55,
0.3,21,bot2,,,SUCCESS,17,17,55,
0.3,21,bot3,,,SUCCESS,17,17,55,
0.3,21,bot4,,,SUCCESS,17,17,55,
0.3,22,bot1,,,SUCCESS,15,15,33,
0.3,22,bot2,,,SUCCESS,15,15,33,
0.3,22,bot3,,,SUCCESS,15,15,33,
0.3,22,bot4,,,SUCCESS,15,15,33,
0.3,23,bot1,,,SUCCESS,33,33,41,
0.3,23,bot2,,,SUCCESS,33,33,41,
0.3,23,bot3,,,SUCCESS,33,33,41,
0.3,23,bot4,,,SUCCESS,33,33,41,
0.25,192,bot1,,,SUCCESS,18,18,45,
0.25,192,bot2,,,SUCCESS,18,18,45,
0.25,192,bot3,,,SUCCESS,18,18,45,
0.25,192,bot4,,,SUCCESS,18,18,45,
0.25,193,bot1,,,SUCCESS,35,35,17,
0.25,193,bot2,,,SUCCESS,35,35,17,
0.25,193,bot3,,,SUCCESS,35,35,17,
0.25,193,bot4,,,SUCCESS,57,35,17,
0.25,194,bot1,,,SUCCESS,55,55,64,
0.25,194,bot2,,,SUCCESS,55,55,64,
0.25,194,bot3,,,SUCCESS,55,55,64,
0.25,194,bot4,,,SUCCESS,55,55,64,
0.25,195,bot1,,,SUCCESS,40,40,23,
0.25,195,bot2,,,SUCCESS,40,40,23,
0.25,195,bot3,,,SUCCESS,40,40,23,
0.25,195,bot4,,,SUCCESS,40,40,23,
0.25,196,bot1,,,SUCCESS,15,15,30,
0.25,196,bot2,,,SUCCESS,15,15,30,
0.25,196,bot3,,,SUCCESS,15,15,30,
0.25,196,bot4,,,SUCCESS,15,15,30,
0.25,197,bot1,,,SUCCESS,51,51,38,
0.25,197,bot2,,,SUCCESS,51,51,38,
0.25,197,bot3,,,SUCCESS,51,51,38,
0.25,197,bot4,,,SUCCESS,53,51,38,
0.25,198,bot1,,,SUCCESS,65,65,25,
0.25,198,bot2,,,SUCCESS,65,65,25,
0.25,198,bot3,,,SUCCESS,65,65,25,
0.25,198,bot4,,,SUCCESS,65,65,25,
0.25,199,bot1,,,SUCCESS,52,52,24,
0.25,199,bot2,,,SUCCESS,52,52,24,
0.25,199,bot3,,,SUCCESS,52,52,24,
0.25,199,bot4,,,SUCCESS,52,52,24,
0.3,32,bot1,,,SUCCESS,13,13,24,
0.3,32,bot2,,,SUCCESS,13,13,24,
0.3,32,bot3,,,SUCCESS,13,13,24,
0.3,32,bot4,,,SUCCESS,13,13,24,
0.3,33,bot1,,,BUTTON_BURNED,19,31,7,
0.3,33,bot2,,,BUTTON_BURNED,19,31,7,
0.3,33,bot3,,,BUTTON_BURNED,19,31,7,
0.3,33,bot4,,,BUTTON_BURNED,19,31,7,1
0.3,34,bot1,,,BUTTON_BURNED,23,39,9,
0.3,34,bot2,,,BUTTON_BURNED,23,39,9,
0.3,34,bot3,,,BUTTON_BURNED,23,39,9,
0.3,34,bot4,,,BUTTON_BURNED,23,39,9,
0.3,35,bot1,,,SUCCESS,38,38,45,
0.3,35,bot2,,,SUCCESS,38,38,45,
0.3,35,bot3,,,SUCCESS,38,38,45,
0.3,35,bot4,,,SUCCESS,38,38,45,
0.3,8,bot1,,,SUCCESS,25,25,43,
0.3,8,bot2,,,SUCCESS,25,25,43,
0.3,8,bot3,,,SUCCESS,25,25,43,
0.3,8,bot4,,,SUCCESS,25,25,43,
0.3,9,bot1,,,BURNED,13,39,20,
0.3,9,bot2,,,SUCCESS,39,39,20,
0.3,9,bot3,,,GAVE_UP,57,39,20,
0.3,9,bot4,,,SUCCESS,39,39,20,1
0.3,10,bot1,,,SUCCESS,41,41,33,
0.3,10,bot2,,,SUCCESS,41,41,33,
0.3,10,bot3,,,SUCCESS,41,41,33,
0.3,10,bot4,,,SUCCESS,41,41,33,
0.3,11,bot1,,,SUCCESS,48,48,31,
0.3,11,bot2,,,SUCCESS,48,48,31,
0.3,11,bot3,,,SUCCESS,48,48,31,
0.3,11,bot4,,,SUCCESS,48,48,31,
0.3,24,bot1,,,SUCCESS,65,65,27,
0.3,24,bot2,,,SUCCESS,65,65,27,
0.3,24,bot3,,,SUCCESS,65,65,27,
0.3,24,bot4,,,SUCCESS,65,65,27,
0.3,25,bot1,,,SUCCESS,36,36,49,
0.3,25,bot2,,,SUCCESS,36,36,49,
0.3,25,bot3,,,SUCCESS,36,36,49,
0.3,25,bot4,,,SUCCESS,36,36,49,
0.3,26,bot1,,,SUCCESS,22,22,59,
0.3,26,bot2,,,SUCCESS,22,22,59,
0.3,26,bot3,,,SUCCESS,22,22,59,
0.3,26,bot4,,,SUCCESS,22,22,59,
0.3,27,bot1,,,SUCCESS,23,23,41,
0.3,27,bot2,,,SUCCESS,23,23,41,
0.3,27,bot3,,,SUCCESS,23,23,41,
0.3,27,bot4,,,SUCCESS,23,23,41,
0.3,16,bot1,,,SUCCESS,35,35,57,
0.3,16,bot2,,,SUCCESS,35,35,57,
0.3,16,bot3,,,SUCCESS,35,35,57,
0.3,16,bot4,,,SUCCESS,35,35,57,
0.3,17,bot1,,,SUCCESS,19,19,22,
0.3,17,bot2,,,SUCCESS,19,19,22,
0.3,17,bot3,,,SUCCESS,19,19,22,
0.3,17,bot4,,,SUCCESS,19,19,22,
0.3,18,bot1,,,SUCCESS,64,64,58,
0.3,18,bot2,,,SUCCESS,64,64,58,
0.3,18,bot3,,,SUCCESS,64,64,58,
0.3,18,bot4,,,SUCCESS,64,64,58,
0.3,19,bot1,,,SUCCESS,49,49,33,
0.3,19,bot2,,,SUCCESS,49,49,33,
0.3,19,bot3,,,SUCCESS,49,49,33,
0.3,19,bot4,,,SUCCESS,49,49,33,
0.3,48,bot1,,,SUCCESS,17,17,37,
0.3,48,bot2,,,SUCCESS,17,17,37,
0.3,48,bot3,,,SUCCESS,17,17,37,
0.3,48,bot4,,,SUCCESS,17,17,37,
0.3,49,bot1,,,SUCCESS,3,3,29,
0.3,49,bot2,,,SUCCESS,3,3,29,
0.3,49,bot3,,,SUCCESS,3,3,29,
0.3,49,bot4,,,SUCCESS,3,3,29,
0.3,50,bot1,,,SUCCESS,32,32,48,
0.3,50,bot2,,,SUCCESS,32,32,48,
0.3,50,bot3,,,SUCCESS,32,32,48,
0.3,50,bot4,,,SUCCESS,32,32,48,
0.3,51,bot1,,,SUCCESS,31,31,40,
0.3,51,bot2,,,SUCCESS,31,31,40,
0.3,51,bot3,,,SUCCESS,31,31,40,
0.3,51,bot4,,,SUCCESS,31,31,40,
0.3,28,bot1,,,SUCCESS,20,20,23,
0.3,28,bot2,,,SUCCESS,20,20,23,
0.3,28,bot3,,,SUCCESS,20,20,23,
0.3,28,bot4,,,SUCCESS,20,20,23,
0.3,29,bot1,,,BUTTON_BURNED,17,41,7,
0.3,29,bot2,,,GAVE_UP,14,41,7,
0.3,29,bot3,,,GAVE_UP,14,41,7,
0.3,29,bot4,,,GAVE_UP,14,41,7,1
0.3,30,bot1,,,BUTTON_BURNED,34,41,14,
0.3,30,bot2,,,BUTTON_BURNED,34,41,14,
0.3,30,bot3,,,BUTTON_BURNED,34,41,14,
0.3,30,bot4,,,BUTTON_BURNED,34,41,14,
0.3,31,bot1,,,SUCCESS,68,68,44,
0.3,31,bot2,,,SUCCESS,68,68,44,
0.3,31,bot3,,,SUCCESS,68,68,44,
0.3,31,bot4,,,SUCCESS,68,68,44,
0.3,60,bot1,,,SUCCESS,38,38,48,
0.3,60,bot2,,,SUCCESS,38,38,48,
0.3,60,bot3,,,SUCCESS,38,38,48,
0.3,60,bot4,,,SUCCESS,38,38,48,
0.3,61,bot1,,,SUCCESS,11,11,36,
0.3,61,bot2,,,SUCCESS,11,11,36,
0.3,61,bot3,,,SUCCESS,11,11,36,
0.3,61,bot4,,,SUCCESS,11,11,36,
0.3,62,bot1,,,SUCCESS,24,24,14,
0.3,62,bot2,,,SUCCESS,24,24,14,
0.3,62,bot3,,,SUCCESS,24,24,14,
0.3,62,bot4,,,SUCCESS,26,24,14,
0.3,63,bot1,,,BUTTON_BURNED,7,28,3,
0.3,63,bot2,,,BUTTON_BURNED,7,28,3,
0.3,63,bot3,,,BUTTON_BURNED,7,28,3,
0.3,63,bot4,,,BUTTON_BURNED,7,28,3,1
0.3,52,bot1,,,SUCCESS,25,25,27,
0.3,52,bot2,,,SUCCESS,25,25,27,
0.3,52,bot3,,,SUCCESS,25,25,27,
0.3,52,bot4,,,SUCCESS,25,25,27,
0.3,53,bot1,,,SUCCESS,36,36,39,
0.3,53,bot2,,,SUCCESS,36,36,39,
0.3,53,bot3,,,SUCCESS,36,36,39,
0.3,53,bot4,,,SUCCESS,36,36,39,
0.3,54,bot1,,,SUCCESS,51,51,39,
0.3,54,bot2,,,SUCCESS,51,51,39,
0.3,54,bot3,,,SUCCESS,51,51,39,
0.3,54,bot4,,,SUCCESS,51,51,39,
0.3,55,bot1,,,SUCCESS,5,5,31,
0.3,55,bot2,,,SUCCESS,5,5,31,
0.3,55,bot3,,,SUCCESS,5,5,31,
0.3,55,bot4,,,SUCCESS,5,5,31,
0.3,40,bot1,,,SUCCESS,54,54,34,
0.3,40,bot2,,,SUCCESS,54,54,34,
0.3,40,bot3,,,SUCCESS,54,54,34,
0.3,40,bot4,,,SUCCESS,54,54,34,
0.3,41,bot1,,,SUCCESS,26,26,18,
0.3,41,bot2,,,SUCCESS,26,26,18,
0.3,41,bot3,,,SUCCESS,26,26,18,
0.3,41,bot4,,,SUCCESS,26,26,18,
0.3,42,bot1,,,SUCCESS,27,27,73,
0.3,42,bot2,,,SUCCESS,27,27,73,
0.3,42,bot3,,,SUCCESS,27,27,73,
0.3,42,bot4,,,SUCCESS,27,27,73,
0.3,43,bot1,,,SUCCESS,49,49,26,
0.3,43,bot2,,,SUCCESS,49,49,26,
0.3,43,bot3,,,SUCCESS,49,49,26,
0.3,43,bot4,,,SUCCESS,49,49,26,
0.3,68,bot1,,,SUCCESS,3,3,13,
0.3,68,bot2,,,SUCCESS,3,3,13,
0.3,68,bot3,,,SUCCESS,3,3,13,
0.3,68,bot4,,,SUCCESS,3,3,13,
0.3,69,bot1,,,SUCCESS,24,24,24,
0.3,69,bot2,,,SUCCESS,24,24,24,
0.3,69,bot3,,,SUCCESS,24,24,24,
0.3,69,bot4,,,SUCCESS,24,24,24,
0.3,70,bot1,,,SUCCESS,24,24,23,
0.3,70,bot2,,,SUCCESS,24,24,23,
0.3,70,bot3,,,SUCCESS,24,24,23,
0.3,70,bot4,,,SUCCESS,24,24,23,
0.3,71,bot1,,,BURNED,36,46,13,
0.3,71,bot2,,,GAVE_UP,35,46,13,
0.3,71,bot3,,,GAVE_UP,35,46,13,
0.3,71,bot4,,,GAVE_UP,35,46,13,6
0.3,36,bot1,,,SUCCESS,19,19,39,
0.3,36,bot2,,,SUCCESS,19,19,39,
0.3,36,bot3,,,SUCCESS,19,19,39,
0.3,36,bot4,,,SUCCESS,19,19,39,
0.3,37,bot1,,,SUCCESS,54,54,26,
0.3,37,bot2,,,SUCCESS,54,54,26,
0.3,37,bot3,,,GAVE_UP,72,54,26,
0.3,37,bot4,,,SUCCESS,54,54,26,31
0.3,38,bot1,,,SUCCESS,37,37,35,
0.3,38,bot2,,,SUCCESS,37,37,35,
0.3,38,bot3,,,SUCCESS,37,37,35,
0.3,38,bot4,,,SUCCESS,37,37,35,
0.3,39,bot1,,,SUCCESS,60,60,46,
0.3,39,bot2,,,SUCCESS,60,60,46,
0.3,39,bot3,,,SUCCESS,60,60,46,
0.3,39,bot4,,,SUCCESS,60,60,46,
0.3,44,bot1,,,SUCCESS,49,49,51,
0.3,44,bot2,,,SUCCESS,49,49,51,
0.3,44,bot3,,,SUCCESS,49,49,51,
0.3,44,bot4,,,SUCCESS,49,49,51,
0.3,45,bot1,,,SUCCESS,34,34,37,
0.3,45,bot2,,,SUCCESS,34,34,37,
0.3,45,bot3,,,SUCCESS,34,34,37,
0.3,45,bot4,,,SUCCESS,34,34,37,
0.3,46,bot1,,,SUCCESS,22,22,33,
0.3,46,bot2,,,SUCCESS,22,22,33,
0.3,46,bot3,,,SUCCESS,22,22,33,
0.3,46,bot4,,,SUCCESS,22,22,33,
0.3,47,bot1,,,SUCCESS,48,48,25,
0.3,47,bot2,,,SUCCESS,48,48,25,
0.3,47,bot3,,,SUCCESS,48,48,25,
0.3,47,bot4,,,SUCCESS,48,48,25,
0.3,56,bot1,,,BUTTON_BURNED,17,54,7,
0.3,56,bot2,,,BUTTON_BURNED,17,54,7,
0.3,56,bot3,,,BUTTON_BURNED,17,54,7,
0.3,56,bot4,,,BUTTON_BURNED,17,54,7,1
0.3,57,bot1,,,SUCCESS,20,20,26,
0.3,57,bot2,,,SUCCESS,20,20,26,
0.3,57,bot3,,,SUCCESS,20,20,26,
0.3,57,bot4,,,SUCCESS,20,20,26,
0.3,58,bot1,,,BUTTON_BURNED,33,47,12,
0.3,58,bot2,,,BUTTON_BURNED,33,47,12,
0.3,58,bot3,,,BUTTON_BURNED,33,47,12,
0.3,58,bot4,,,BUTTON_BURNED,33,47,12,
0.3,59,bot1,,,SUCCESS,52,52,44,
0.3,59,bot2,,,SUCCESS,52,52,44,
0.3,59,bot3,,,SUCCESS,52,52,44,
0.3,59,bot4,,,SUCCESS,52,52,44,
0.3,72,bot1,,,SUCCESS,30,30,22,
0.3,72,bot2,,,SUCCESS,30,30,22,
0.3,72,bot3,,,SUCCESS,30,30,22,
0.3,72,bot4,,,SUCCESS,30,30,22,
0.3,73,bot1,,,SUCCESS,45,45,62,
0.3,73,bot2,,,SUCCESS,45,45,62,
0.3,73,bot3,,,SUCCESS,45,45,62,
0.3,73,bot4,,,SUCCESS,45,45,62,
0.3,74,bot1,,,SUCCESS,30,30,43,
0.3,74,bot2,,,SUCCESS,30,30,43,
0.3,74,bot3,,,SUCCESS,30,30,43,
0.3,74,bot4,,,SUCCESS,30,30,43,
0.3,75,bot1,,,SUCCESS,31,31,21,
0.3,75,bot2,,,SUCCESS,31,31,21,
0.3,75,bot3,,,SUCCESS,31,31,21,
0.3,75,bot4,,,SUCCESS,31,31,21,
0.3,64,bot1,,,SUCCESS,56,56,60,
0.3,64,bot2,,,SUCCESS,56,56,60,
0.3,64,bot3,,,SUCCESS,56,56,60,
0.3,64,bot4,,,SUCCESS,56,56,60,
0.3,65,bot1,,,SUCCESS,2,2,58,
0.3,65,bot2,,,SUCCESS,2,2,58,
0.3,65,bot3,,,SUCCESS,2,2,58,
0.3,65,bot4,,,SUCCESS,2,2,58,
0.3,66,bot1,,,SUCCESS,48,48,28,
0.3,66,bot2,,,SUCCESS,48,48,28,
0.3,66,bot3,,,SUCCESS,48,48,28,
0.3,66,bot4,,,SUCCESS,48,48,28,
0.3,67,bot1,,,SUCCESS,27,27,61,
0.3,67,bot2,,,SUCCESS,27,27,61,
0.3,67,bot3,,,SUCCESS,27,27,61,
0.3,67,bot4,,,SUCCESS,27,27,61,
0.3,84,bot1,,,BUTTON_BURNED,35,40,14,
0.3,84,bot2,,,BUTTON_BURNED,35,40,14,
0.3,84,bot3,,,BUTTON_BURNED,35,40,14,
0.3,84,bot4,,,BUTTON_BURNED,35,40,14,
0.3,85,bot1,,,SUCCESS,29,29,47,
0.3,85,bot2,,,SUCCESS,29,29,47,
0.3,85,bot3,,,SUCCESS,29,29,47,
0.3,85,bot4,,,SUCCESS,29,29,47,
0.3,86,bot1,,,SUCCESS,16,16,47,
0.3,86,bot2,,,SUCCESS,16,16,47,
0.3,86,bot3,,,SUCCESS,16,16,47,
0.3,86,bot4,,,SUCCESS,16,16,47,
0.3,87,bot1,,,SUCCESS,40,40,38,
0.3,87,bot2,,,SUCCESS,40,40,38,
0.3,87,bot3,,,SUCCESS,40,40,38,
0.3,87,bot4,,,SUCCESS,40,40,38,
0.3,76,bot1,,,SUCCESS,39,39,50,
0.3,76,bot2,,,SUCCESS,39,39,50,
0.3,76,bot3,,,SUCCESS,39,39,50,
0.3,76,bot4,,,SUCCESS,39,39,50,
0.3,77,bot1,,,BUTTON_BURNED,12,34,6,
0.3,77,bot2,,,BUTTON_BURNED,12,34,6,
0.3,77,bot3,,,BUTTON_BURNED,12,34,6,
0.3,77,bot4,,,BUTTON_BURNED,12,34,6,
0.3,78,bot1,,,SUCCESS,51,51,48,
0.3,78,bot2,,,SUCCESS,51,51,48,
0.3,78,bot3,,,SUCCESS,63,51,48,
0.3,78,bot4,,,SUCCESS,55,51,48,
0.3,79,bot1,,,SUCCESS,18,18,10,
0.3,79,bot2,,,SUCCESS,18,18,10,
0.3,79,bot3,,,SUCCESS,18,18,10,
0.3,79,bot4,,,SUCCESS,18,18,10,
0.3,96,bot1,,,BURNED,42,53,20,
0.3,96,bot2,,,GAVE_UP,35,53,20,
0.3,96,bot3,,,GAVE_UP,35,53,20,
0.3,96,bot4,,,GAVE_UP,35,53,20,18
0.3,97,bot1,,,SUCCESS,13,13,14,
0.3,97,bot2,,,SUCCESS,13,13,14,
0.3,97,bot3,,,SUCCESS,13,13,14,
0.3,97,bot4,,,SUCCESS,13,13,14,
0.3,98,bot1,,,SUCCESS,28,28,27,
0.3,98,bot2,,,SUCCESS,28,28,27,
0.3,98,bot3,,,SUCCESS,28,28,27,
0.3,98,bot4,,,SUCCESS,28,28,27,
0.3,99,bot1,,,SUCCESS,26,26,52,
0.3,99,bot2,,,SUCCESS,26,26,52,
0.3,99,bot3,,,SUCCESS,26,26,52,
0.3,99,bot4,,,SUCCESS,26,26,52,
0.3,80,bot1,,,SUCCESS,57,57,31,
0.3,80,bot2,,,SUCCESS,57,57,31,
0.3,80,bot3,,,SUCCESS,57,57,31,
0.3,80,bot4,,,SUCCESS,57,57,31,
0.3,81,bot1,,,SUCCESS,43,43,56,
0.3,81,bot2,,,SUCCESS,43,43,56,
0.3,81,bot3,,,SUCCESS,43,43,56,
0.3,81,bot4,,,SUCCESS,43,43,56,
0.3,82,bot1,,,SUCCESS,43,43,19,
0.3,82,bot2,,,SUCCESS,43,43,19,
0.3,82,bot3,,,SUCCESS,43,43,19,
0.3,82,bot4,,,SUCCESS,43,43,19,
0.3,83,bot1,,,SUCCESS,43,43,39,
0.3,83,bot2,,,SUCCESS,43,43,39,
0.3,83,bot3,,,SUCCESS,43,43,39,
0.3,83,bot4,,,SUCCESS,43,43,39,
0.3,92,bot1,,,SUCCESS,46,46,37,
0.3,92,bot2,,,SUCCESS,46,46,37,
0.3,92,bot3,,,SUCCESS,46,46,37,
0.3,92,bot4,,,SUCCESS,46,46,37,
0.3,93,bot1,,,SUCCESS,38,38,42,
0.3,93,bot2,,,SUCCESS,38,38,42,
0.3,93,bot3,,,SUCCESS,38,38,42,
0.3,93,bot4,,,SUCCESS,38,38,42,
0.3,94,bot1,,,SUCCESS,21,21,30,
0.3,94,bot2,,,SUCCESS,21,21,30,
0.3,94,bot3,,,SUCCESS,21,21,30,
0.3,94,bot4,,,SUCCESS,21,21,30,
0.3,95,bot1,,,SUCCESS,46,46,38,
0.3,95,bot2,,,SUCCESS,46,46,38,
0.3,95,bot3,,,SUCCESS,46,46,38,
0.3,95,bot4,,,SUCCESS,46,46,38,
0.3,108,bot1,,,SUCCESS,47,47,45,
0.3,108,bot2,,,SUCCESS,47,47,45,
0.3,108,bot3,,,SUCCESS,47,47,45,
0.3,108,bot4,,,SUCCESS,47,47,45,
0.3,109,bot1,,,SUCCESS,5,5,18,
0.3,109,bot2,,,SUCCESS,5,5,18,
0.3,109,bot3,,,SUCCESS,5,5,18,
0.3,109,bot4,,,SUCCESS,5,5,18,
0.3,110,bot1,,,SUCCESS,28,28,39,
0.3,110,bot2,,,SUCCESS,28,28,39,
0.3,110,bot3,,,SUCCESS,28,28,39,
0.3,110,bot4,,,SUCCESS,28,28,39,
0.3,111,bot1,,,BURNED,23,57,31,
0.3,111,bot2,,,GAVE_UP,59,57,31,
0.3,111,bot3,,,SUCCESS,61,57,31,
0.3,111,bot4,,,BURNED,41,57,31,19
0.3,100,bot1,,,BURNED,22,36,16,
0.3,100,bot2,,,BUTTON_BURNED,56,36,16,
0.3,100,bot3,,,BUTTON_BURNED,56,36,16,
0.3,100,bot4,,,SUCCESS,56,36,16,23
0.3,101,bot1,,,SUCCESS,46,46,47,
0.3,101,bot2,,,SUCCESS,46,46,47,
0.3,101,bot3,,,SUCCESS,46,46,47,
0.3,101,bot4,,,SUCCESS,46,46,47,
0.3,102,bot1,,,SUCCESS,48,48,38,
0.3,102,bot2,,,SUCCESS,48,48,38,
0.3,102,bot3,,,SUCCESS,48,48,38,
0.3,102,bot4,,,SUCCESS,48,48,38,
0.3,103,bot1,,,BUTTON_BURNED,23,68,9,
0.3,103,bot2,,,GAVE_UP,20,68,9,
0.3,103,bot3,,,GAVE_UP,20,68,9,
0.3,103,bot4,,,GAVE_UP,20,68,9,1
0.3,112,bot1,,,SUCCESS,7,7,9,
0.3,112,bot2,,,SUCCESS,7,7,9,
0.3,112,bot3,,,SUCCESS,7,7,9,
0.3,112,bot4,,,SUCCESS,7,7,9,
0.3,113,bot1,,,SUCCESS,23,23,13,
0.3,113,bot2,,,SUCCESS,23,23,13,
0.3,113,bot3,,,SUCCESS,23,23,13,
0.3,113,bot4,,,SUCCESS,23,23,13,
0.3,114,bot1,,,SUCCESS,27,27,31,
0.3,114,bot2,,,SUCCESS,27,27,31,
0.3,114,bot3,,,SUCCESS,27,27,31,
0.3,114,bot4,,,SUCCESS,27,27,31,
0.3,115,bot1,,,SUCCESS,48,48,49,
0.3,115,bot2,,,SUCCESS,48,48,49,
0.3,115,bot3,,,SUCCESS,48,48,49,
0.3,115,bot4,,,SUCCESS,48,48,49,
0.3,88,bot1,,,BURNED,31,55,13,
0.3,88,bot2,,,BUTTON_BURNED,40,55,13,
0.3,88,bot3,,,BUTTON_BURNED,40,55,13,
0.3,88,bot4,,,BUTTON_BURNED,40,55,13,19
0.3,89,bot1,,,BURNED,25,50,32,
0.3,89,bot2,,,BURNED,25,50,32,
0.3,89,bot3,,,SUCCESS,66,50,32,
0.3,89,bot4,,,SUCCESS,58,50,32,
0.3,90,bot1,,,SUCCESS,51,51,40,
0.3,90,bot2,,,SUCCESS,51,51,40,
0.3,90,bot3,,,SUCCESS,51,51,40,
0.3,90,bot4,,,SUCCESS,51,51,40,
0.3,91,bot1,,,SUCCESS,23,23,48,
0.3,91,bot2,,,SUCCESS,23,23,48,
0.3,91,bot3,,,SUCCESS,23,23,48,
0.3,91,bot4,,,SUCCESS,23,23,48,
0.3,120,bot1,,,BURNED,18,46,32,
0.3,120,bot2,,,SUCCESS,56,46,32,
0.3,120,bot3,,,SUCCESS,72,46,32,
0.3,120,bot4,,,SUCCESS,48,46,32,
0.3,121,bot1,,,SUCCESS,27,27,19,
0.3,121,bot2,,,SUCCESS,27,27,19,
0.3,121,bot3,,,SUCCESS,27,27,19,
0.3,121,bot4,,,SUCCESS,27,27,19,
0.3,122,bot1,,,SUCCESS,7,7,56,
0.3,122,bot2,,,SUCCESS,7,7,56,
0.3,122,bot3,,,SUCCESS,7,7,56,
0.3,122,bot4,,,SUCCESS,7,7,56,
0.3,123,bot1,,,SUCCESS,31,31,35,
0.3,123,bot2,,,SUCCESS,31,31,35,
0.3,123,bot3,,,SUCCESS,31,31,35,
0.3,123,bot4,,,SUCCESS,31,31,35,
0.3,116,bot1,,,SUCCESS,9,9,34,
0.3,116,bot2,,,SUCCESS,9,9,34,
0.3,116,bot3,,,SUCCESS,9,9,34,
0.3,116,bot4,,,SUCCESS,9,9,34,
0.3,117,bot1,,,SUCCESS,31,31,39,
0.3,117,bot2,,,SUCCESS,31,31,39,
0.3,117,bot3,,,SUCCESS,31,31,39,
0.3,117,bot4,,,SUCCESS,31,31,39,
0.3,118,bot1,,,SUCCESS,37,37,31,
0.3,118,bot2,,,SUCCESS,37,37,31,
0.3,118,bot3,,,SUCCESS,37,37,31,
0.3,118,bot4,,,SUCCESS,37,37,31,
0.3,119,bot1,,,SUCCESS,65,65,59,
0.3,119,bot2,,,SUCCESS,65,65,59,
0.3,119,bot3,,,SUCCESS,65,65,59,
0.3,119,bot4,,,SUCCESS,65,65,59,
0.3,104,bot1,,,SUCCESS,24,24,32,
0.3,104,bot2,,,SUCCESS,24,24,32,
0.3,104,bot3,,,SUCCESS,24,24,32,
0.3,104,bot4,,,SUCCESS,24,24,32,
0.3,105,bot1,,,SUCCESS,47,47,33,
0.3,105,bot2,,,SUCCESS,47,47,33,
0.3,105,bot3,,,SUCCESS,47,47,33,
0.3,105,bot4,,,SUCCESS,47,47,33,
0.3,106,bot1,,,BUTTON_BURNED,34,41,10,
0.3,106,bot2,,,BUTTON_BURNED,34,41,10,
0.3,106,bot3,,,BUTTON_BURNED,34,41,10,
0.3,106,bot4,,,BUTTON_BURNED,34,41,10,7
0.3,107,bot1,,,BURNED,12,40,24,
0.3,107,bot2,,,GAVE_UP,29,40,24,
0.3,107,bot3,,,GAVE_UP,29,40,24,
0.3,107,bot4,,,GAVE_UP,68,40,24,44
0.3,124,bot1,,,SUCCESS,17,17,36,
0.3,124,bot2,,,SUCCESS,17,17,36,
0.3,124,bot3,,,SUCCESS,17,17,36,
0.3,124,bot4,,,SUCCESS,17,17,36,
0.3,125,bot1,,,SUCCESS,31,31,28,
0.3,125,bot2,,,SUCCESS,31,31,28,
0.3,125,bot3,,,SUCCESS,31,31,28,
0.3,125,bot4,,,SUCCESS,31,31,28,
0.3,126,bot1,,,SUCCESS,39,39,37,
0.3,126,bot2,,,SUCCESS,39,39,37,
0.3,126,bot3,,,SUCCESS,39,39,37,
0.3,126,bot4,,,SUCCESS,39,39,37,
0.3,127,bot1,,,BURNED,27,28,11,
0.3,127,bot2,,,BURNED,27,28,11,
0.3,127,bot3,,,BURNED,27,28,11,
0.3,127,bot4,,,BURNED,27,28,11,
0.3,132,bot1,,,SUCCESS,44,44,35,
0.3,132,bot2,,,SUCCESS,44,44,35,
0.3,132,bot3,,,SUCCESS,44,44,35,
0.3,132,bot4,,,SUCCESS,44,44,35,
0.3,133,bot1,,,SUCCESS,53,53,49,
0.3,133,bot2,,,SUCCESS,53,53,49,
0.3,133,bot3,,,SUCCESS,53,53,49,
0.3,133,bot4,,,SUCCESS,53,53,49,
0.3,134,bot1,,,SUCCESS,15,15,39,
0.3,134,bot2,,,SUCCESS,15,15,39,
0.3,134,bot3,,,SUCCESS,15,15,39,
0.3,134,bot4,,,SUCCESS,15,15,39,
0.3,135,bot1,,,SUCCESS,9,9,29,
0.3,135,bot2,,,SUCCESS,9,9,29,
0.3,135,bot3,,,SUCCESS,9,9,29,
0.3,135,bot4,,,SUCCESS,9,9,29,
0.3,128,bot1,,,SUCCESS,39,39,35,
0.3,128,bot2,,,SUCCESS,39,39,35,
0.3,128,bot3,,,SUCCESS,39,39,35,
0.3,128,bot4,,,SUCCESS,39,39,35,
0.3,129,bot1,,,BUTTON_BURNED,6,56,4,
0.3,129,bot2,,,BUTTON_BURNED,6,56,4,
0.3,129,bot3,,,BUTTON_BURNED,6,56,4,
0.3,129,bot4,,,BUTTON_BURNED,6,56,4,6
0.3,130,bot1,,,SUCCESS,41,41,46,
0.3,130,bot2,,,SUCCESS,41,41,46,
0.3,130,bot3,,,SUCCESS,41,41,46,
0.3,130,bot4,,,SUCCESS,41,41,46,
0.3,131,bot1,,,SUCCESS,34,34,22,
0.3,131,bot2,,,SUCCESS,34,34,22,
0.3,131,bot3,,,SUCCESS,34,34,22,
0.3,131,bot4,,,SUCCESS,34,34,22,
0.3,148,bot1,,,SUCCESS,33,33,29,
0.3,148,bot2,,,SUCCESS,33,33,29,
0.3,148,bot3,,,SUCCESS,33,33,29,
0.3,148,bot4,,,SUCCESS,33,33,29,
0.3,149,bot1,,,SUCCESS,1,1,30,
0.3,149,bot2,,,SUCCESS,1,1,30,
0.3,149,bot3,,,SUCCESS,1,1,30,
0.3,149,bot4,,,SUCCESS,1,1,30,
0.3,150,bot1,,,SUCCESS,9,9,39,
0.3,150,bot2,,,SUCCESS,9,9,39,
0.3,150,bot3,,,SUCCESS,9,9,39,
0.3,150,bot4,,,SUCCESS,9,9,39,
0.3,151,bot1,,,SUCCESS,22,22,32,
0.3,151,bot2,,,SUCCESS,22,22,32,
0.3,151,bot3,,,SUCCESS,22,22,32,
0.3,151,bot4,,,SUCCESS,22,22,32,
0.3,160,bot1,,,SUCCESS,19,19,38,
0.3,160,bot2,,,SUCCESS,19,19,38,
0.3,160,bot3,,,SUCCESS,19,19,38,
0.3,160,bot4,,,SUCCESS,19,19,38,
0.3,161,bot1,,,BUTTON_BURNED,14,16,10,
0.3,161,bot2,,,BUTTON_BURNED,14,16,10,
0.3,161,bot3,,,BUTTON_BURNED,14,16,10,
0.3,161,bot4,,,BUTTON_BURNED,14,16,10,
0.3,162,bot1,,,SUCCESS,3,3,15,
0.3,162,bot2,,,SUCCESS,3,3,15,
0.3,162,bot3,,,SUCCESS,3,3,15,
0.3,162,bot4,,,SUCCESS,3,3,15,
0.3,163,bot1,,,SUCCESS,11,11,55,
0.3,163,bot2,,,SUCCESS,11,11,55,
0.3,163,bot3,,,SUCCESS,11,11,55,
0.3,163,bot4,,,SUCCESS,11,11,55,
0.3,140,bot1,,,BURNED,10,35,19,
0.3,140,bot2,,,BURNED,17,35,19,
0.3,140,bot3,,,GAVE_UP,47,35,19,
0.3,140,bot4,,,GAVE_UP,47,35,19,25
0.3,141,bot1,,,SUCCESS,20,20,29,
0.3,141,bot2,,,SUCCESS,20,20,29,
0.3,141,bot3,,,SUCCESS,20,20,29,
0.3,141,bot4,,,SUCCESS,20,20,29,
0.3,142,bot1,,,SUCCESS,6,6,10,
0.3,142,bot2,,,SUCCESS,6,6,10,
0.3,142,bot3,,,SUCCESS,6,6,10,
0.3,142,bot4,,,SUCCESS,6,6,10,
0.3,143,bot1,,,SUCCESS,32,32,37,
0.3,143,bot2,,,SUCCESS,32,32,37,
0.3,143,bot3,,,SUCCESS,32,32,37,
0.3,143,bot4,,,SUCCESS,32,32,37,
0.3,136,bot1,,,SUCCESS,47,47,47,
0.3,136,bot2,,,SUCCESS,47,47,47,
0.3,136,bot3,,,SUCCESS,47,47,47,
0.3,136,bot4,,,SUCCESS,47,47,47,
0.3,137,bot1,,,BURNED,24,33,15,
0.3,137,bot2,,,SUCCESS,55,33,15,
0.3,137,bot3,,,SUCCESS,45,33,15,
0.3,137,bot4,,,SUCCESS,39,33,15,
0.3,138,bot1,,,SUCCESS,20,20,57,
0.3,138,bot2,,,SUCCESS,20,20,57,
0.3,138,bot3,,,SUCCESS,20,20,57,
0.3,138,bot4,,,SUCCESS,20,20,57,
0.3,139,bot1,,,SUCCESS,41,41,45,
0.3,139,bot2,,,SUCCESS,41,41,45,
0.3,139,bot3,,,SUCCESS,41,41,45,
0.3,139,bot4,,,SUCCESS,41,41,45,
0.3,144,bot1,,,BUTTON_BURNED,22,29,5,
0.3,144,bot2,,,BUTTON_BURNED,22,29,5,
0.3,144,bot3,,,BUTTON_BURNED,22,29,5,
0.3,144,bot4,,,BUTTON_BURNED,22,29,5,1
0.3,145,bot1,,,SUCCESS,49,49,37,
0.3,145,bot2,,,SUCCESS,49,49,37,
0.3,145,bot3,,,SUCCESS,49,49,37,
0.3,145,bot4,,,SUCCESS,49,49,37,
0.3,146,bot1,,,SUCCESS,29,29,51,
0.3,146,bot2,,,SUCCESS,29,29,51,
0.3,146,bot3,,,SUCCESS,29,29,51,
0.3,146,bot4,,,SUCCESS,29,29,51,
0.3,147,bot1,,,SUCCESS,11,11,33,
0.3,147,bot2,,,SUCCESS,11,11,33,
0.3,147,bot3,,,SUCCESS,11,11,33,
0.3,147,bot4,,,SUCCESS,11,11,33,
0.3,164,bot1,,,SUCCESS,30,30,35,
0.3,164,bot2,,,SUCCESS,30,30,35,
0.3,164,bot3,,,SUCCESS,30,30,35,
0.3,164,bot4,,,SUCCESS,30,30,35,
0.3,165,bot1,,,SUCCESS,23,23,42,
0.3,165,bot2,,,SUCCESS,23,23,42,
0.3,165,bot3,,,SUCCESS,23,23,42,
0.3,165,bot4,,,SUCCESS,23,23,42,
0.3,166,bot1,,,SUCCESS,6,6,18,
0.3,166,bot2,,,SUCCESS,6,6,18,
0.3,166,bot3,,,SUCCESS,6,6,18,
0.3,166,bot4,,,SUCCESS,6,6,18,
0.3,167,bot1,,,SUCCESS,30,30,32,
0.3,167,bot2,,,SUCCESS,30,30,32,
0.3,167,bot3,,,SUCCESS,30,30,32,
0.3,167,bot4,,,SUCCESS,30,30,32,
0.3,156,bot1,,,BUTTON_BURNED,14,28,7,
0.3,156,bot2,,,BUTTON_BURNED,14,28,7,
0.3,156,bot3,,,BUTTON_BURNED,14,28,7,
0.3,156,bot4,,,BUTTON_BURNED,14,28,7,1
0.3,157,bot1,,,SUCCESS,12,12,40,
0.3,157,bot2,,,SUCCESS,12,12,40,
0.3,157,bot3,,,SUCCESS,12,12,40,
0.3,157,bot4,,,SUCCESS,12,12,40,
0.3,158,bot1,,,SUCCESS,33,33,31,
0.3,158,bot2,,,SUCCESS,33,33,31,
0.3,158,bot3,,,SUCCESS,33,33,31,
0.3,158,bot4,,,SUCCESS,33,33,31,
0.3,159,bot1,,,BURNED,15,40,25,
0.3,159,bot2,,,GAVE_UP,58,40,25,
0.3,159,bot3,,,GAVE_UP,58,40,25,
0.3,159,bot4,,,GAVE_UP,58,40,25,15
0.3,168,bot1,,,SUCCESS,9,9,19,
0.3,168,bot2,,,SUCCESS,9,9,19,
0.3,168,bot3,,,SUCCESS,9,9,19,
0.3,168,bot4,,,SUCCESS,9,9,19,
0.3,169,bot1,,,SUCCESS,30,30,20,
0.3,169,bot2,,,SUCCESS,30,30,20,
0.3,169,bot3,,,SUCCESS,30,30,20,
0.3,169,bot4,,,SUCCESS,30,30,20,
0.3,170,bot1,,,SUCCESS,11,11,33,
0.3,170,bot2,,,SUCCESS,11,11,33,
0.3,170,bot3,,,SUCCESS,11,11,33,
0.3,170,bot4,,,SUCCESS,11,11,33,
0.3,171,bot1,,,SUCCESS,42,42,40,
0.3,171,bot2,,,SUCCESS,42,42,40,
0.3,171,bot3,,,SUCCESS,42,42,40,
0.3,171,bot4,,,SUCCESS,42,42,40,
0.3,176,bot1,,,BURNED,33,46,12,
0.3,176,bot2,,,GAVE_UP,39,46,12,
0.3,176,bot3,,,GAVE_UP,39,46,12,
0.3,176,bot4,,,GAVE_UP,39,46,12,1
0.3,177,bot1,,,SUCCESS,29,29,28,
0.3,177,bot2,,,SUCCESS,29,29,28,
0.3,177,bot3,,,SUCCESS,29,29,28,
0.3,177,bot4,,,SUCCESS,29,29,28,
0.3,178,bot1,,,SUCCESS,1,1,30,
0.3,178,bot2,,,SUCCESS,1,1,30,
0.3,178,bot3,,,SUCCESS,1,1,30,
0.3,178,bot4,,,SUCCESS,1,1,30,
0.3,179,bot1,,,SUCCESS,19,19,42,
0.3,179,bot2,,,SUCCESS,19,19,42,
0.3,179,bot3,,,SUCCESS,19,19,42,
0.3,179,bot4,,,SUCCESS,19,19,42,
0.3,152,bot1,,,SUCCESS,63,63,36,
0.3,152,bot2,,,SUCCESS,63,63,36,
0.3,152,bot3,,,SUCCESS,63,63,36,
0.3,152,bot4,,,SUCCESS,83,63,36,
0.3,153,bot1,,,BUTTON_BURNED,19,30,5,
0.3,153,bot2,,,GAVE_UP,18,30,5,
0.3,153,bot3,,,GAVE_UP,18,30,5,
0.3,153,bot4,,,GAVE_UP,18,30,5,
0.3,154,bot1,,,BUTTON_BURNED,22,56,8,
0.3,154,bot2,,,GAVE_UP,16,56,8,
0.3,154,bot3,,,GAVE_UP,16,56,8,
0.3,154,bot4,,,GAVE_UP,16,56,8,1
0.3,155,bot1,,,SUCCESS,15,15,20,
0.3,155,bot2,,,SUCCESS,15,15,20,
0.3,155,bot3,,,SUCCESS,15,15,20,
0.3,155,bot4,,,SUCCESS,15,15,20,
0.3,184,bot1,,,BURNED,22,47,27,
0.3,184,bot2,,,SUCCESS,51,47,27,
0.3,184,bot3,,,SUCCESS,51,47,27,
0.3,184,bot4,,,SUCCESS,51,47,27,10
0.3,185,bot1,,,SUCCESS,12,10,9,
0.3,185,bot2,,,SUCCESS,12,10,9,
0.3,185,bot3,,,SUCCESS,12,10,9,
0.3,185,bot4,,,SUCCESS,12,10,9,
0.3,186,bot1,,,BUTTON_BURNED,18,46,3,
0.3,186,bot2,,,GAVE_UP,17,46,3,
0.3,186,bot3,,,GAVE_UP,17,46,3,
0.3,186,bot4,,,GAVE_UP,17,46,3,1
0.3,187,bot1,,,SUCCESS,32,32,48,
0.3,187,bot2,,,SUCCESS,32,32,48,
0.3,187,bot3,,,SUCCESS,32,32,48,
0.3,187,bot4,,,SUCCESS,32,32,48,
0.3,180,bot1,,,SUCCESS,49,49,45,
0.3,180,bot2,,,SUCCESS,49,49,45,
0.3,180,bot3,,,SUCCESS,49,49,45,
0.3,180,bot4,,,SUCCESS,49,49,45,
0.3,181,bot1,,,SUCCESS,24,24,27,
0.3,181,bot2,,,SUCCESS,24,24,27,
0.3,181,bot3,,,SUCCESS,24,24,27,
0.3,181,bot4,,,SUCCESS,24,24,27,
0.3,182,bot1,,,SUCCESS,40,40,45,
0.3,182,bot2,,,SUCCESS,40,40,45,
0.3,182,bot3,,,SUCCESS,40,40,45,
0.3,182,bot4,,,SUCCESS,40,40,45,
0.3,183,bot1,,,SUCCESS,56,56,48,
0.3,183,bot2,,,SUCCESS,56,56,48,
0.3,183,bot3,,,SUCCESS,56,56,48,
0.3,183,bot4,,,SUCCESS,56,56,48,
0.3,172,bot1,,,BURNED,12,43,30,
0.3,172,bot2,,,SUCCESS,53,43,30,
0.3,172,bot3,,,SUCCESS,51,43,30,
0.3,172,bot4,,,SUCCESS,45,43,30,
0.3,173,bot1,,,SUCCESS,43,43,27,
0.3,173,bot2,,,SUCCESS,43,43,27,
0.3,173,bot3,,,SUCCESS,43,43,27,
0.3,173,bot4,,,SUCCESS,51,43,27,
0.3,174,bot1,,,SUCCESS,12,12,23,
0.3,174,bot2,,,SUCCESS,12,12,23,
0.3,174,bot3,,,SUCCESS,12,12,23,
0.3,174,bot4,,,SUCCESS,12,12,23,
0.3,175,bot1,,,SUCCESS,18,18,19,
0.3,175,bot2,,,SUCCESS,18,18,19,
0.3,175,bot3,,,SUCCESS,18,18,19,
0.3,175,bot4,,,SUCCESS,18,18,19,
0.3,188,bot1,,,SUCCESS,23,23,45,
0.3,188,bot2,,,SUCCESS,23,23,45,
0.3,188,bot3,,,SUCCESS,23,23,45,
0.3,188,bot4,,,SUCCESS,23,23,45,
0.3,189,bot1,,,SUCCESS,25,25,54,
0.3,189,bot2,,,SUCCESS,25,25,54,
0.3,189,bot3,,,SUCCESS,25,25,54,
0.3,189,bot4,,,SUCCESS,25,25,54,
0.3,190,bot1,,,SUCCESS,48,48,55,
0.3,190,bot2,,,SUCCESS,48,48,55,
0.3,190,bot3,,,SUCCESS,48,48,55,
0.3,190,bot4,,,SUCCESS,48,48,55,
0.3,191,bot1,,,SUCCESS,40,40,31,
0.3,191,bot2,,,SUCCESS,40,40,31,
0.3,191,bot3,,,SUCCESS,40,40,31,
0.3,191,bot4,,,SUCCESS,40,40,31,
0.35,0,bot1,,,SUCCESS,17,17,39,
0.35,0,bot2,,,SUCCESS,17,17,39,
0.35,0,bot3,,,SUCCESS,17,17,39,
0.35,0,bot4,,,SUCCESS,17,17,39,
0.35,1,bot1,,,SUCCESS,14,14,68,
0.35,1,bot2,,,SUCCESS,14,14,68,
0.35,1,bot3,,,SUCCESS,14,14,68,
0.35,1,bot4,,,SUCCESS,14,14,68,
0.35,2,bot1,,,SUCCESS,35,35,29,
0.35,2,bot2,,,SUCCESS,35,35,29,
0.35,2,bot3,,,SUCCESS,35,35,29,
0.35,2,bot4,,,SUCCESS,35,35,29,
0.35,3,bot1,,,SUCCESS,24,24,22,
0.35,3,bot2,,,SUCCESS,24,24,22,
0.35,3,bot3,,,SUCCESS,24,24,22,
0.35,3,bot4,,,SUCCESS,24,24,22,
0.35,4,bot1,,,BURNED,16,41,26,
0.35,4,bot2,,,BURNED,20,41,26,
0.35,4,bot3,,,BUTTON_BURNED,74,41,26,
0.35,4,bot4,,,BURNED,20,41,26,1
0.35,5,bot1,,,SUCCESS,24,24,19,
0.35,5,bot2,,,SUCCESS,24,24,19,
0.35,5,bot3,,,SUCCESS,24,24,19,
0.35,5,bot4,,,SUCCESS,24,24,19,
0.35,6,bot1,,,SUCCESS,5,5,19,
0.35,6,bot2,,,SUCCESS,5,5,19,
0.35,6,bot3,,,SUCCESS,5,5,19,
0.35,6,bot4,,,SUCCESS,5,5,19,
0.35,7,bot1,,,BURNED,9,27,20,
0.35,7,bot2,,,SUCCESS,33,27,20,
0.35,7,bot3,,,SUCCESS,31,27,20,
0.35,7,bot4,,,SUCCESS,29,27,20,
0.35,12,bot1,,,SUCCESS,30,30,24,
0.35,12,bot2,,,SUCCESS,30,30,24,
0.35,12,bot3,,,SUCCESS,30,30,24,
0.35,12,bot4,,,SUCCESS,30,30,24,
0.35,13,bot1,,,SUCCESS,16,16,62,
0.35,13,bot2,,,SUCCESS,16,16,62,
0.35,13,bot3,,,SUCCESS,16,16,62,
0.35,13,bot4,,,SUCCESS,16,16,62,
0.35,14,bot1,,,SUCCESS,28,28,49,
0.35,14,bot2,,,SUCCESS,28,28,49,
0.35,14,bot3,,,SUCCESS,28,28,49,
0.35,14,bot4,,,SUCCESS,28,28,49,
0.35,15,bot1,,,SUCCESS,13,13,30,
0.35,15,bot2,,,SUCCESS,13,13,30,
0.35,15,bot3,,,SUCCESS,13,13,30,
0.35,15,bot4,,,SUCCESS,13,13,30,
0.35,20,bot1,,,BURNED,39,43,16,
0.35,20,bot2,,,BURNED,39,43,16,
0.35,20,bot3,,,BUTTON_BURNED,39,43,16,
0.35,20,bot4,,,BURNED,39,43,16,18
0.35,21,bot1,,,SUCCESS,17,17,55,
0.35,21,bot2,,,SUCCESS,17,17,55,
0.35,21,bot3,,,SUCCESS,17,17,55,
0.35,21,bot4,,,SUCCESS,17,17,55,
0.35,22,bot1,,,SUCCESS,15,15,33,
0.35,22,bot2,,,SUCCESS,15,15,33,
0.35,22,bot3,,,SUCCESS,15,15,33,
0.35,22,bot4,,,SUCCESS,15,15,33,
0.35,23,bot1,,,SUCCESS,33,33,41,
0.35,23,bot2,,,SUCCESS,33,33,41,
0.35,23,bot3,,,SUCCESS,33,33,41,
0.35,23,bot4,,,SUCCESS,33,33,41,
0.3,192,bot1,,,SUCCESS,18,18,45,
0.3,192,bot2,,,SUCCESS,18,18,45,
0.3,192,bot3,,,SUCCESS,18,18,45,
0.3,192,bot4,,,SUCCESS,18,18,45,
0.3,193,bot1,,,SUCCESS,35,35,17,
0.3,193,bot2,,,SUCCESS,35,35,17,
0.3,193,bot3,,,SUCCESS,35,35,17,
0.3,193,bot4,,,BUTTON_BURNED,51,35,17,
0.3,194,bot1,,,SUCCESS,55,55,64,
0.3,194,bot2,,,SUCCESS,55,55,64,
0.3,194,bot3,,,SUCCESS,55,55,64,
0.3,194,bot4,,,SUCCESS,55,55,64,
0.3,195,bot1,,,SUCCESS,40,40,23,
0.3,195,bot2,,,SUCCESS,40,40,23,
0.3,195,bot3,,,SUCCESS,52,40,23,
0.3,195,bot4,,,SUCCESS,40,40,23,
0.35,32,bot1,,,SUCCESS,13,13,24,
0.35,32,bot2,,,SUCCESS,13,13,24,
0.35,32,bot3,,,SUCCESS,13,13,24,
0.35,32,bot4,,,SUCCESS,13,13,24,
0.35,33,bot1,,,BUTTON_BURNED,18,31,7,
0.35,33,bot2,,,BUTTON_BURNED,18,31,7,
0.35,33,bot3,,,BUTTON_BURNED,18,31,7,
0.35,33,bot4,,,BUTTON_BURNED,18,31,7,1
0.35,34,bot1,,,BUTTON_BURNED,25,39,9,
0.35,34,bot2,,,BUTTON_BURNED,25,39,9,
0.35,34,bot3,,,BUTTON_BURNED,25,39,9,
0.35,34,bot4,,,BUTTON_BURNED,25,39,9,9
0.35,35,bot1,,,SUCCESS,38,38,45,
0.35,35,bot2,,,SUCCESS,38,38,45,
0.35,35,bot3,,,SUCCESS,38,38,45,
0.35,35,bot4,,,SUCCESS,38,38,45,
0.35,8,bot1,,,SUCCESS,25,25,43,
0.35,8,bot2,,,SUCCESS,25,25,43,
0.35,8,bot3,,,SUCCESS,25,25,43,
0.35,8,bot4,,,SUCCESS,25,25,43,
0.35,9,bot1,,,BURNED,13,39,20,
0.35,9,bot2,,,SUCCESS,39,39,20,
0.35,9,bot3,,,SUCCESS,39,39,20,
0.35,9,bot4,,,SUCCESS,39,39,20,1
0.35,10,bot1,,,SUCCESS,41,41,33,
0.35,10,bot2,,,SUCCESS,41,41,33,
0.35,10,bot3,,,SUCCESS,41,41,33,
0.35,10,bot4,,,SUCCESS,41,41,33,
0.35,11,bot1,,,SUCCESS,48,48,31,
0.35,11,bot2,,,SUCCESS,48,48,31,
0.35,11,bot3,,,SUCCESS,48,48,31,
0.35,11,bot4,,,SUCCESS,48,48,31,
0.35,16,bot1,,,SUCCESS,35,35,57,
0.35,16,bot2,,,SUCCESS,35,35,57,
0.35,16,bot3,,,SUCCESS,35,35,57,
0.35,16,bot4,,,SUCCESS,35,35,57,
0.35,17,bot1,,,SUCCESS,19,19,22,
0.35,17,bot2,,,SUCCESS,19,19,22,
0.35,17,bot3,,,SUCCESS,19,19,22,
0.35,17,bot4,,,SUCCESS,19,19,22,
0.35,18,bot1,,,SUCCESS,64,64,58,
0.35,18,bot2,,,SUCCESS,64,64,58,
0.35,18,bot3,,,SUCCESS,64,64,58,
0.35,18,bot4,,,SUCCESS,64,64,58,
0.35,19,bot1,,,SUCCESS,49,49,33,
0.35,19,bot2,,,SUCCESS,49,49,33,
0.35,19,bot3,,,SUCCESS,49,49,33,
0.35,19,bot4,,,SUCCESS,49,49,33,
0.3,196,bot1,,,SUCCESS,15,15,30,
0.3,196,bot2,,,SUCCESS,15,15,30,
0.3,196,bot3,,,SUCCESS,15,15,30,
0.3,196,bot4,,,SUCCESS,15,15,30,
0.3,197,bot1,,,BURNED,25,51,38,
0.3,197,bot2,,,GAVE_UP,27,51,38,
0.3,197,bot3,,,SUCCESS,71,51,38,
0.3,197,bot4,,,SUCCESS,57,51,38,
0.3,198,bot1,,,SUCCESS,65,65,25,
0.3,198,bot2,,,SUCCESS,65,65,25,
0.3,198,bot3,,,SUCCESS,65,65,25,
0.3,198,bot4,,,SUCCESS,65,65,25,
0.3,199,bot1,,,SUCCESS,52,52,24,
0.3,199,bot2,,,SUCCESS,52,52,24,
0.3,199,bot3,,,SUCCESS,52,52,24,
0.3,199,bot4,,,SUCCESS,52,52,24,
0.35,28,bot1,,,SUCCESS,20,20,23,
0.35,28,bot2,,,SUCCESS,20,20,23,
0.35,28,bot3,,,SUCCESS,20,20,23,
0.35,28,bot4,,,SUCCESS,20,20,23,
0.35,29,bot1,,,BUTTON_BURNED,16,41,7,
0.35,29,bot2,,,GAVE_UP,10,41,7,
0.35,29,bot3,,,GAVE_UP,10,41,7,
0.35,29,bot4,,,GAVE_UP,10,41,7,1
0.35,30,bot1,,,BUTTON_BURNED,28,41,14,
0.35,30,bot2,,,BUTTON_BURNED,28,41,14,
0.35,30,bot3,,,BUTTON_BURNED,28,41,14,
0.35,30,bot4,,,BUTTON_BURNED,28,41,14,
0.35,31,bot1,,,SUCCESS,68,68,44,
0.35,31,bot2,,,SUCCESS,68,68,44,
0.35,31,bot3,,,SUCCESS,68,68,44,
0.35,31,bot4,,,SUCCESS,68,68,44,
0.35,24,bot1,,,BUTTON_BURNED,61,65,27,
0.35,24,bot2,,,BUTTON_BURNED,61,65,27,
0.35,24,bot3,,,BUTTON_BURNED,61,65,27,
0.35,24,bot4,,,BUTTON_BURNED,61,65,27,44
0.35,25,bot1,,,SUCCESS,36,36,49,
0.35,25,bot2,,,SUCCESS,36,36,49,
0.35,25,bot3,,,SUCCESS,36,36,49,
0.35,25,bot4,,,SUCCESS,36,36,49,
0.35,26,bot1,,,SUCCESS,22,22,59,
0.35,26,bot2,,,SUCCESS,22,22,59,
0.35,26,bot3,,,SUCCESS,22,22,59,
0.35,26,bot4,,,SUCCESS,22,22,59,
0.35,27,bot1,,,SUCCESS,23,23,41,
0.35,27,bot2,,,SUCCESS,23,23,41,
0.35,27,bot3,,,SUCCESS,23,23,41,
0.35,27,bot4,,,SUCCESS,23,23,41,
0.35,48,bot1,,,SUCCESS,17,17,37,
0.35,48,bot2,,,SUCCESS,17,17,37,
0.35,48,bot3,,,SUCCESS,17,17,37,
0.35,48,bot4,,,SUCCESS,17,17,37,
0.35,49,bot1,,,SUCCESS,3,3,29,
0.35,49,bot2,,,SUCCESS,3,3,29,
0.35,49,bot3,,,SUCCESS,3,3,29,
0.35,49,bot4,,,SUCCESS,3,3,29,
0.35,50,bot1,,,SUCCESS,32,32,48,
0.35,50,bot2,,,SUCCESS,32,32,48,
0.35,50,bot3,,,SUCCESS,32,32,48,
0.35,50,bot4,,,SUCCESS,32,32,48,
0.35,51,bot1,,,SUCCESS,31,31,40,
0.35,51,bot2,,,SUCCESS,31,31,40,
0.35,51,bot3,,,SUCCESS,31,31,40,
0.35,51,bot4,,,SUCCESS,31,31,40,
0.35,60,bot1,,,SUCCESS,38,38,48,
0.35,60,bot2,,,SUCCESS,38,38,48,
0.35,60,bot3,,,SUCCESS,38,38,48,
0.35,60,bot4,,,SUCCESS,38,38,48,
0.35,61,bot1,,,SUCCESS,11,11,36,
0.35,61,bot2,,,SUCCESS,11,11,36,
0.35,61,bot3,,,SUCCESS,11,11,36,
0.35,61,bot4,,,SUCCESS,11,11,36,
0.35,62,bot1,,,SUCCESS,24,24,14,
0.35,62,bot2,,,SUCCESS,24,24,14,
0.35,62,bot3,,,SUCCESS,24,24,14,
0.35,62,bot4,,,SUCCESS,26,24,14,
0.35,63,bot1,,,BUTTON_BURNED,7,28,3,
0.35,63,bot2,,,BUTTON_BURNED,7,28,3,
0.35,63,bot3,,,BUTTON_BURNED,7,28,3,
0.35,63,bot4,,,BUTTON_BURNED,7,28,3,1
0.35,68,bot1,,,SUCCESS,3,3,13,
0.35,68,bot2,,,SUCCESS,3,3,13,
0.35,68,bot3,,,SUCCESS,3,3,13,
0.35,68,bot4,,,SUCCESS,3,3,13,
0.35,69,bot1,,,SUCCESS,24,24,24,
0.35,69,bot2,,,SUCCESS,24,24,24,
0.35,69,bot3,,,SUCCESS,24,24,24,
0.35,69,bot4,,,SUCCESS,24,24,24,
0.35,70,bot1,,,SUCCESS,24,24,23,
0.35,70,bot2,,,SUCCESS,24,24,23,
0.35,70,bot3,,,SUCCESS,24,24,23,
0.35,70,bot4,,,SUCCESS,24,24,23,
0.35,71,bot1,,,BURNED,33,46,13,
0.35,71,bot2,,,GAVE_UP,26,46,13,
0.35,71,bot3,,,GAVE_UP,26,46,13,
0.35,71,bot4,,,GAVE_UP,26,46,13,2
0.35,40,bot1,,,SUCCESS,54,54,34,
0.35,40,bot2,,,SUCCESS,54,54,34,
0.35,40,bot3,,,SUCCESS,54,54,34,
0.35,40,bot4,,,SUCCESS,54,54,34,
0.35,41,bot1,,,SUCCESS,26,26,18,
0.35,41,bot2,,,SUCCESS,26,26,18,
0.35,41,bot3,,,SUCCESS,26,26,18,
0.35,41,bot4,,,SUCCESS,26,26,18,
0.35,42,bot1,,,SUCCESS,27,27,73,
0.35,42,bot2,,,SUCCESS,27,27,73,
0.35,42,bot3,,,SUCCESS,27,27,73,
0.35,42,bot4,,,SUCCESS,27,27,73,
0.35,43,bot1,,,SUCCESS,49,49,26,
0.35,43,bot2,,,SUCCESS,49,49,26,
0.35,43,bot3,,,SUCCESS,49,49,26,
0.35,43,bot4,,,SUCCESS,49,49,26,
0.35,36,bot1,,,SUCCESS,19,19,39,
0.35,36,bot2,,,SUCCESS,19,19,39,
0.35,36,bot3,,,SUCCESS,19,19,39,
0.35,36,bot4,,,SUCCESS,19,19,39,
0.35,37,bot1,,,BURNED,39,54,26,
0.35,37,bot2,,,GAVE_UP,54,54,26,
0.35,37,bot3,,,GAVE_UP,54,54,26,
0.35,37,bot4,,,SUCCESS,54,54,26,29
0.35,38,bot1,,,SUCCESS,37,37,35,
0.35,38,bot2,,,SUCCESS,37,37,35,
0.35,38,bot3,,,SUCCESS,37,37,35,
0.35,38,bot4,,,SUCCESS,37,37,35,
0.35,39,bot1,,,SUCCESS,60,60,46,
0.35,39,bot2,,,SUCCESS,60,60,46,
0.35,39,bot3,,,SUCCESS,60,60,46,
0.35,39,bot4,,,SUCCESS,60,60,46,
0.35,52,bot1,,,SUCCESS,25,25,27,
0.35,52,bot2,,,SUCCESS,25,25,27,
0.35,52,bot3,,,SUCCESS,25,25,27,
0.35,52,bot4,,,SUCCESS,25,25,27,
0.35,53,bot1,,,SUCCESS,36,36,39,
0.35,53,bot2,,,SUCCESS,36,36,39,
0.35,53,bot3,,,SUCCESS,36,36,39,
0.35,53,bot4,,,SUCCESS,36,36,39,
0.35,54,bot1,,,SUCCESS,51,51,39,
0.35,54,bot2,,,SUCCESS,51,51,39,
0.35,54,bot3,,,SUCCESS,51,51,39,
0.35,54,bot4,,,SUCCESS,51,51,39,
0.35,55,bot1,,,SUCCESS,5,5,31,
0.35,55,bot2,,,SUCCESS,5,5,31,
0.35,55,bot3,,,SUCCESS,5,5,31,
0.35,55,bot4,,,SUCCESS,5,5,31,
0.35,44,bot1,,,SUCCESS,49,49,51,
0.35,44,bot2,,,SUCCESS,49,49,51,
0.35,44,bot3,,,SUCCESS,49,49,51,
0.35,44,bot4,,,SUCCESS,49,49,51,
0.35,45,bot1,,,SUCCESS,34,34,37,
0.35,45,bot2,,,SUCCESS,34,34,37,
0.35,45,bot3,,,SUCCESS,34,34,37,
0.35,45,bot4,,,SUCCESS,34,34,37,
0.35,46,bot1,,,SUCCESS,22,22,33,
0.35,46,bot2,,,SUCCESS,22,22,33,
0.35,46,bot3,,,SUCCESS,22,22,33,
0.35,46,bot4,,,SUCCESS,22,22,33,
0.35,47,bot1,,,SUCCESS,48,48,25,
0.35,47,bot2,,,SUCCESS,48,48,25,
0.35,47,bot3,,,GAVE_UP,48,48,25,
0.35,47,bot4,,,SUCCESS,48,48,25,10
0.35,56,bot1,,,BUTTON_BURNED,17,54,7,
0.35,56,bot2,,,BUTTON_BURNED,17,54,7,
0.35,56,bot3,,,BUTTON_BURNED,17,54,7,
0.35,56,bot4,,,BUTTON_BURNED,17,54,7,1
0.35,57,bot1,,,SUCCESS,20,20,26,
0.35,57,bot2,,,SUCCESS,20,20,26,
0.35,57,bot3,,,SUCCESS,20,20,26,
0.35,57,bot4,,,SUCCESS,20,20,26,
0.35,58,bot1,,,BUTTON_BURNED,22,47,12,
0.35,58,bot2,,,BUTTON_BURNED,22,47,12,
0.35,58,bot3,,,BUTTON_BURNED,22,47,12,
0.35,58,bot4,,,BUTTON_BURNED,22,47,12,18
0.35,59,bot1,,,SUCCESS,52,52,44,
0.35,59,bot2,,,SUCCESS,52,52,44,
0.35,59,bot3,,,SUCCESS,52,52,44,
0.35,59,bot4,,,SUCCESS,52,52,44,
0.35,64,bot1,,,SUCCESS,56,56,60,
0.35,64,bot2,,,SUCCESS,56,56,60,
0.35,64,bot3,,,SUCCESS,56,56,60,
0.35,64,bot4,,,SUCCESS,56,56,60,
0.35,65,bot1,,,SUCCESS,2,2,58,
0.35,65,bot2,,,SUCCESS,2,2,58,
0.35,65,bot3,,,SUCCESS,2,2,58,
0.35,65,bot4,,,SUCCESS,2,2,58,
0.35,66,bot1,,,SUCCESS,48,48,28,
0.35,66,bot2,,,SUCCESS,48,48,28,
0.35,66,bot3,,,SUCCESS,48,48,28,
0.35,66,bot4,,,SUCCESS,48,48,28,
0.35,67,bot1,,,SUCCESS,27,27,61,
0.35,67,bot2,,,SUCCESS,27,27,61,
0.35,67,bot3,,,SUCCESS,27,27,61,
0.35,67,bot4,,,SUCCESS,27,27,61,
0.35,72,bot1,,,SUCCESS,30,30,22,
0.35,72,bot2,,,SUCCESS,30,30,22,
0.35,72,bot3,,,SUCCESS,30,30,22,
0.35,72,bot4,,,SUCCESS,30,30,22,
0.35,73,bot1,,,SUCCESS,45,45,62,
0.35,73,bot2,,,SUCCESS,45,45,62,
0.35,73,bot3,,,SUCCESS,45,45,62,
0.35,73,bot4,,,SUCCESS,45,45,62,
0.35,74,bot1,,,SUCCESS,30,30,43,
0.35,74,bot2,,,SUCCESS,30,30,43,
0.35,74,bot3,,,SUCCESS,30,30,43,
0.35,74,bot4,,,SUCCESS,30,30,43,
0.35,75,bot1,,,SUCCESS,31,31,21,
0.35,75,bot2,,,SUCCESS,31,31,21,
0.35,75,bot3,,,SUCCESS,31,31,21,
0.35,75,bot4,,,SUCCESS,31,31,21,
0.35,84,bot1,,,BUTTON_BURNED,31,40,14,
0.35,84,bot2,,,BUTTON_BURNED,31,40,14,
0.35,84,bot3,,,BUTTON_BURNED,31,40,14,
0.35,84,bot4,,,BUTTON_BURNED,31,40,14,
0.35,85,bot1,,,SUCCESS,29,29,47,
0.35,85,bot2,,,SUCCESS,29,29,47,
0.35,85,bot3,,,SUCCESS,29,29,47,
0.35,85,bot4,,,SUCCESS,29,29,47,
0.35,86,bot1,,,SUCCESS,16,16,47,
0.35,86,bot2,,,SUCCESS,16,16,47,
0.35,86,bot3,,,SUCCESS,16,16,47,
0.35,86,bot4,,,SUCCESS,16,16,47,
0.35,87,bot1,,,SUCCESS,40,40,38,
0.35,87,bot2,,,SUCCESS,40,40,38,
0.35,87,bot3,,,SUCCESS,40,40,38,
0.35,87,bot4,,,SUCCESS,40,40,38,
0.35,76,bot1,,,SUCCESS,39,39,50,
0.35,76,bot2,,,SUCCESS,39,39,50,
0.35,76,bot3,,,SUCCESS,39,39,50,
0.35,76,bot4,,,SUCCESS,39,39,50,
0.35,77,bot1,,,BUTTON_BURNED,12,34,6,
0.35,77,bot2,,,BUTTON_BURNED,12,34,6,
0.35,77,bot3,,,BUTTON_BURNED,12,34,6,
0.35,77,bot4,,,BUTTON_BURNED,12,34,6,5
0.35,78,bot1,,,SUCCESS,51,51,48,
0.35,78,bot2,,,SUCCESS,51,51,48,
0.35,78,bot3,,,SUCCESS,63,51,48,
0.35,78,bot4,,,SUCCESS,53,51,48,
0.35,79,bot1,,,SUCCESS,18,18,10,
0.35,79,bot2,,,SUCCESS,18,18,10,
0.35,79,bot3,,,SUCCESS,18,18,10,
0.35,79,bot4,,,SUCCESS,18,18,10,
0.35,96,bot1,,,BURNED,37,53,20,
0.35,96,bot2,,,GAVE_UP,31,53,20,
0.35,96,bot3,,,GAVE_UP,31,53,20,
0.35,96,bot4,,,GAVE_UP,31,53,20,13
0.35,97,bot1,,,SUCCESS,13,13,14,
0.35,97,bot2,,,SUCCESS,13,13,14,
0.35,97,bot3,,,SUCCESS,13,13,14,
0.35,97,bot4,,,SUCCESS,13,13,14,
0.35,98,bot1,,,SUCCESS,28,28,27,
0.35,98,bot2,,,SUCCESS,28,28,27,
0.35,98,bot3,,,SUCCESS,28,28,27,
0.35,98,bot4,,,SUCCESS,28,28,27,
0.35,99,bot1,,,SUCCESS,26,26,52,
0.35,99,bot2,,,SUCCESS,26,26,52,
0.35,99,bot3,,,SUCCESS,26,26,52,
0.35,99,bot4,,,SUCCESS,26,26,52,
0.35,112,bot1,,,SUCCESS,7,7,9,
0.35,112,bot2,,,SUCCESS,7,7,9,
0.35,112,bot3,,,SUCCESS,7,7,9,
0.35,112,bot4,,,SUCCESS,7,7,9,
0.35,113,bot1,,,SUCCESS,23,23,13,
0.35,113,bot2,,,SUCCESS,23,23,13,
0.35,113,bot3,,,SUCCESS,23,23,13,
0.35,113,bot4,,,SUCCESS,23,23,13,
0.35,114,bot1,,,SUCCESS,27,27,31,
0.35,114,bot2,,,SUCCESS,27,27,31,
0.35,114,bot3,,,SUCCESS,27,27,31,
0.35,114,bot4,,,SUCCESS,27,27,31,
0.35,115,bot1,,,SUCCESS,48,48,49,
0.35,115,bot2,,,SUCCESS,48,48,49,
0.35,115,bot3,,,SUCCESS,48,48,49,
0.35,115,bot4,,,SUCCESS,48,48,49,
0.35,88,bot1,,,BURNED,29,55,13,
0.35,88,bot2,,,BUTTON_BURNED,39,55,13,
0.35,88,bot3,,,BUTTON_BURNED,39,55,13,
0.35,88,bot4,,,BUTTON_BURNED,39,55,13,13
0.35,89,bot1,,,BURNED,29,50,32,
0.35,89,bot2,,,GAVE_UP,32,50,32,
0.35,89,bot3,,,SUCCESS,68,50,32,
0.35,89,bot4,,,SUCCESS,58,50,32,
0.35,90,bot1,,,BURNED,23,51,40,
0.35,90,bot2,,,GAVE_UP,24,51,40,
0.35,90,bot3,,,GAVE_UP,35,51,40,
0.35,90,bot4,,,GAVE_UP,24,51,40,9
0.35,91,bot1,,,SUCCESS,23,23,48,
0.35,91,bot2,,,SUCCESS,23,23,48,
0.35,91,bot3,,,SUCCESS,23,23,48,
0.35,91,bot4,,,SUCCESS,23,23,48,
0.35,92,bot1,,,SUCCESS,46,46,37,
0.35,92,bot2,,,SUCCESS,46,46,37,
0.35,92,bot3,,,SUCCESS,46,46,37,
0.35,92,bot4,,,SUCCESS,46,46,37,
0.35,93,bot1,,,SUCCESS,38,38,42,
0.35,93,bot2,,,SUCCESS,38,38,42,
0.35,93,bot3,,,SUCCESS,38,38,42,
0.35,93,bot4,,,SUCCESS,38,38,42,
0.35,94,bot1,,,SUCCESS,21,21,30,
0.35,94,bot2,,,SUCCESS,21,21,30,
0.35,94,bot3,,,SUCCESS,21,21,30,
0.35,94,bot4,,,SUCCESS,21,21,30,
0.35,95,bot1,,,SUCCESS,46,46,38,
0.35,95,bot2,,,SUCCESS,46,46,38,
0.35,95,bot3,,,SUCCESS,46,46,38,
0.35,95,bot4,,,SUCCESS,46,46,38,
0.35,108,bot1,,,SUCCESS,47,47,45,
0.35,108,bot2,,,SUCCESS,47,47,45,
0.35,108,bot3,,,SUCCESS,47,47,45,
0.35,108,bot4,,,SUCCESS,47,47,45,
0.35,109,bot1,,,SUCCESS,5,5,18,
0.35,109,bot2,,,SUCCESS,5,5,18,
0.35,109,bot3,,,SUCCESS,5,5,18,
0.35,109,bot4,,,SUCCESS,5,5,18,
0.35,110,bot1,,,SUCCESS,28,28,39,
0.35,110,bot2,,,SUCCESS,28,28,39,
0.35,110,bot3,,,SUCCESS,28,28,39,
0.35,110,bot4,,,SUCCESS,28,28,39,
0.35,111,bot1,,,BURNED,22,57,31,
0.35,111,bot2,,,BURNED,41,57,31,
0.35,111,bot3,,,SUCCESS,67,57,31,
0.35,111,bot4,,,BURNED,41,57,31,18
0.35,80,bot1,,,SUCCESS,57,57,31,
0.35,80,bot2,,,SUCCESS,57,57,31,
0.35,80,bot3,,,BUTTON_BURNED,76,57,31,
0.35,80,bot4,,,SUCCESS,71,57,31,
0.35,81,bot1,,,SUCCESS,43,43,56,
0.35,81,bot2,,,SUCCESS,43,43,56,
0.35,81,bot3,,,SUCCESS,43,43,56,
0.35,81,bot4,,,SUCCESS,43,43,56,
0.35,82,bot1,,,SUCCESS,43,43,19,
0.35,82,bot2,,,SUCCESS,43,43,19,
0.35,82,bot3,,,SUCCESS,43,43,19,
0.35,82,bot4,,,SUCCESS,43,43,19,
0.35,83,bot1,,,SUCCESS,43,43,39,
0.35,83,bot2,,,SUCCESS,43,43,39,
0.35,83,bot3,,,SUCCESS,43,43,39,
0.35,83,bot4,,,SUCCESS,45,43,39,
0.35,100,bot1,,,BURNED,24,36,16,
0.35,100,bot2,,,GAVE_UP,23,36,16,
0.35,100,bot3,,,BUTTON_BURNED,55,36,16,
0.35,100,bot4,,,BUTTON_BURNED,55,36,16,29
0.35,101,bot1,,,SUCCESS,46,46,47,
0.35,101,bot2,,,SUCCESS,46,46,47,
0.35,101,bot3,,,SUCCESS,46,46,47,
0.35,101,bot4,,,SUCCESS,46,46,47,
0.35,102,bot1,,,SUCCESS,48,48,38,
0.35,102,bot2,,,SUCCESS,48,48,38,
0.35,102,bot3,,,SUCCESS,48,48,38,
0.35,102,bot4,,,SUCCESS,48,48,38,
0.35,103,bot1,,,BUTTON_BURNED,25,68,9,
0.35,103,bot2,,,GAVE_UP,23,68,9,
0.35,103,bot3,,,GAVE_UP,23,68,9,
0.35,103,bot4,,,GAVE_UP,23,68,9,1
0.35,128,bot1,,,SUCCESS,39,39,35,
0.35,128,bot2,,,SUCCESS,39,39,35,
0.35,128,bot3,,,SUCCESS,39,39,35,
0.35,128,bot4,,,SUCCESS,39,39,35,
0.35,129,bot1,,,BUTTON_BURNED,6,56,4,
0.35,129,bot2,,,BUTTON_BURNED,6,56,4,
0.35,129,bot3,,,BUTTON_BURNED,6,56,4,
0.35,129,bot4,,,BUTTON_BURNED,6,56,4,3
0.35,130,bot1,,,SUCCESS,41,41,46,
0.35,130,bot2,,,SUCCESS,41,41,46,
0.35,130,bot3,,,SUCCESS,41,41,46,
0.35,130,bot4,,,SUCCESS,41,41,46,
0.35,131,bot1,,,SUCCESS,34,34,22,
0.35,131,bot2,,,SUCCESS,34,34,22,
0.35,131,bot3,,,SUCCESS,34,34,22,
0.35,131,bot4,,,SUCCESS,34,34,22,
0.35,120,bot1,,,SUCCESS,46,46,32,
0.35,120,bot2,,,SUCCESS,46,46,32,
0.35,120,bot3,,,SUCCESS,58,46,32,
0.35,120,bot4,,,SUCCESS,48,46,32,
0.35,121,bot1,,,SUCCESS,27,27,19,
0.35,121,bot2,,,SUCCESS,27,27,19,
0.35,121,bot3,,,SUCCESS,27,27,19,
0.35,121,bot4,,,SUCCESS,27,27,19,
0.35,122,bot1,,,SUCCESS,7,7,56,
0.35,122,bot2,,,SUCCESS,7,7,56,
0.35,122,bot3,,,SUCCESS,7,7,56,
0.35,122,bot4,,,SUCCESS,7,7,56,
0.35,123,bot1,,,SUCCESS,31,31,35,
0.35,123,bot2,,,SUCCESS,31,31,35,
0.35,123,bot3,,,SUCCESS,31,31,35,
0.35,123,bot4,,,SUCCESS,31,31,35,
0.35,116,bot1,,,SUCCESS,9,9,34,
0.35,116,bot2,,,SUCCESS,9,9,34,
0.35,116,bot3,,,SUCCESS,9,9,34,
0.35,116,bot4,,,SUCCESS,9,9,34,
0.35,117,bot1,,,SUCCESS,31,31,39,
0.35,117,bot2,,,SUCCESS,31,31,39,
0.35,117,bot3,,,SUCCESS,31,31,39,
0.35,117,bot4,,,SUCCESS,31,31,39,
0.35,118,bot1,,,SUCCESS,37,37,31,
0.35,118,bot2,,,SUCCESS,37,37,31,
0.35,118,bot3,,,SUCCESS,37,37,31,
0.35,118,bot4,,,SUCCESS,37,37,31,
0.35,119,bot1,,,SUCCESS,65,65,59,
0.35,119,bot2,,,SUCCESS,65,65,59,
0.35,119,bot3,,,SUCCESS,65,65,59,
0.35,119,bot4,,,SUCCESS,65,65,59,
0.35,124,bot1,,,SUCCESS,17,17,36,
0.35,124,bot2,,,SUCCESS,17,17,36,
0.35,124,bot3,,,SUCCESS,17,17,36,
0.35,124,bot4,,,SUCCESS,17,17,36,
0.35,125,bot1,,,SUCCESS,31,31,28,
0.35,125,bot2,,,SUCCESS,31,31,28,
0.35,125,bot3,,,SUCCESS,31,31,28,
0.35,125,bot4,,,SUCCESS,31,31,28,
0.35,126,bot1,,,SUCCESS,39,39,37,
0.35,126,bot2,,,SUCCESS,39,39,37,
0.35,126,bot3,,,SUCCESS,39,39,37,
0.35,126,bot4,,,SUCCESS,39,39,37,
0.35,127,bot1,,,BURNED,25,28,11,
0.35,127,bot2,,,GAVE_UP,22,28,11,
0.35,127,bot3,,,GAVE_UP,22,28,11,
0.35,127,bot4,,,GAVE_UP,22,28,11,
0.35,104,bot1,,,SUCCESS,24,24,32,
0.35,104,bot2,,,SUCCESS,24,24,32,
0.35,104,bot3,,,SUCCESS,24,24,32,
0.35,104,bot4,,,SUCCESS,24,24,32,
0.35,105,bot1,,,SUCCESS,47,47,33,
0.35,105,bot2,,,SUCCESS,47,47,33,
0.35,105,bot3,,,SUCCESS,47,47,33,
0.35,105,bot4,,,SUCCESS,47,47,33,
0.35,106,bot1,,,BURNED,32,41,10,
0.35,106,bot2,,,BUTTON_BURNED,43,41,10,
0.35,106,bot3,,,BUTTON_BURNED,43,41,10,
0.35,106,bot4,,,BUTTON_BURNED,43,41,10,4
0.35,107,bot1,,,BURNED,12,40,24,
0.35,107,bot2,,,GAVE_UP,37,40,24,
0.35,107,bot3,,,GAVE_UP,42,40,24,
0.35,107,bot4,,,BUTTON_BURNED,62,40,24,41
0.35,132,bot1,,,SUCCESS,44,44,35,
0.35,132,bot2,,,SUCCESS,44,44,35,
0.35,132,bot3,,,SUCCESS,44,44,35,
0.35,132,bot4,,,SUCCESS,44,44,35,
0.35,133,bot1,,,SUCCESS,53,53,49,
0.35,133,bot2,,,SUCCESS,53,53,49,
0.35,133,bot3,,,SUCCESS,53,53,49,
0.35,133,bot4,,,SUCCESS,53,53,49,
0.35,134,bot1,,,SUCCESS,15,15,39,
0.35,134,bot2,,,SUCCESS,15,15,39,
0.35,134,bot3,,,SUCCESS,15,15,39,
0.35,134,bot4,,,SUCCESS,15,15,39,
0.35,135,bot1,,,SUCCESS,9,9,29,
0.35,135,bot2,,,SUCCESS,9,9,29,
0.35,135,bot3,,,SUCCESS,9,9,29,
0.35,135,bot4,,,SUCCESS,9,9,29,
0.35,160,bot1,,,SUCCESS,19,19,38,
0.35,160,bot2,,,SUCCESS,19,19,38,
0.35,160,bot3,,,SUCCESS,19,19,38,
0.35,160,bot4,,,SUCCESS,19,19,38,
0.35,161,bot1,,,SUCCESS,16,16,10,
0.35,161,bot2,,,SUCCESS,16,16,10,
0.35,161,bot3,,,SUCCESS,16,16,10,
0.35,161,bot4,,,SUCCESS,16,16,10,
0.35,162,bot1,,,SUCCESS,3,3,15,
0.35,162,bot2,,,SUCCESS,3,3,15,
0.35,162,bot3,,,SUCCESS,3,3,15,
0.35,162,bot4,,,SUCCESS,3,3,15,
0.35,163,bot1,,,SUCCESS,11,11,55,
0.35,163,bot2,,,SUCCESS,11,11,55,
0.35,163,bot3,,,SUCCESS,11,11,55,
0.35,163,bot4,,,SUCCESS,11,11,55,
0.35,148,bot1,,,SUCCESS,33,33,29,
0.35,148,bot2,,,SUCCESS,33,33,29,
0.35,148,bot3,,,SUCCESS,33,33,29,
0.35,148,bot4,,,SUCCESS,33,33,29,
0.35,149,bot1,,,SUCCESS,1,1,30,
0.35,149,bot2,,,SUCCESS,1,1,30,
0.35,149,bot3,,,SUCCESS,1,1,30,
0.35,149,bot4,,,SUCCESS,1,1,30,
0.35,150,bot1,,,SUCCESS,9,9,39,
0.35,150,bot2,,,SUCCESS,9,9,39,
0.35,150,bot3,,,SUCCESS,9,9,39,
0.35,150,bot4,,,SUCCESS,9,9,39,
0.35,151,bot1,,,SUCCESS,22,22,32,
0.35,151,bot2,,,SUCCESS,22,22,32,
0.35,151,bot3,,,SUCCESS,22,22,32,
0.35,151,bot4,,,SUCCESS,22,22,32,
0.35,140,bot1,,,BURNED,10,35,19,
0.35,140,bot2,,,BURNED,16,35,19,
0.35,140,bot3,,,GAVE_UP,40,35,19,
0.35,140,bot4,,,GAVE_UP,40,35,19,3
0.35,141,bot1,,,SUCCESS,20,20,29,
0.35,141,bot2,,,SUCCESS,20,20,29,
0.35,141,bot3,,,SUCCESS,20,20,29,
0.35,141,bot4,,,SUCCESS,20,20,29,
0.35,142,bot1,,,SUCCESS,6,6,10,
0.35,142,bot2,,,SUCCESS,6,6,10,
0.35,142,bot3,,,SUCCESS,6,6,10,
0.35,142,bot4,,,SUCCESS,6,6,10,
0.35,143,bot1,,,SUCCESS,32,32,37,
0.35,143,bot2,,,SUCCESS,32,32,37,
0.35,143,bot3,,,SUCCESS,32,32,37,
0.35,143,bot4,,,SUCCESS,32,32,37,
0.35,136,bot1,,,SUCCESS,47,47,47,
0.35,136,bot2,,,SUCCESS,47,47,47,
0.35,136,bot3,,,SUCCESS,47,47,47,
0.35,136,bot4,,,SUCCESS,47,47,47,
0.35,137,bot1,,,BURNED,23,33,15,
0.35,137,bot2,,,BUTTON_BURNED,37,33,15,
0.35,137,bot3,,,BUTTON_BURNED,37,33,15,
0.35,137,bot4,,,BUTTON_BURNED,37,33,15,
0.35,138,bot1,,,SUCCESS,20,20,57,
0.35,138,bot2,,,SUCCESS,20,20,57,
0.35,138,bot3,,,SUCCESS,20,20,57,
0.35,138,bot4,,,SUCCESS,20,20,57,
0.35,139,bot1,,,SUCCESS,41,41,45,
0.35,139,bot2,,,SUCCESS,41,41,45,
0.35,139,bot3,,,SUCCESS,41,41,45,
0.35,139,bot4,,,SUCCESS,41,41,45,
0.35,144,bot1,,,BUTTON_BURNED,19,29,5,
0.35,144,bot2,,,BUTTON_BURNED,19,29,5,
0.35,144,bot3,,,BUTTON_BURNED,19,29,5,
0.35,144,bot4,,,BUTTON_BURNED,19,29,5,1
0.35,145,bot1,,,SUCCESS,49,49,37,
0.35,145,bot2,,,SUCCESS,49,49,37,
0.35,145,bot3,,,SUCCESS,49,49,37,
0.35,145,bot4,,,SUCCESS,49,49,37,
0.35,146,bot1,,,SUCCESS,29,29,51,
0.35,146,bot2,,,SUCCESS,29,29,51,
0.35,146,bot3,,,SUCCESS,29,29,51,
0.35,146,bot4,,,SUCCESS,29,29,51,
0.35,147,bot1,,,SUCCESS,11,11,33,
0.35,147,bot2,,,SUCCESS,11,11,33,
0.35,147,bot3,,,SUCCESS,11,11,33,
0.35,147,bot4,,,SUCCESS,11,11,33,
0.35,164,bot1,,,SUCCESS,30,30,35,
0.35,164,bot2,,,SUCCESS,30,30,35,
0.35,164,bot3,,,SUCCESS,30,30,35,
0.35,164,bot4,,,SUCCESS,30,30,35,
0.35,165,bot1,,,SUCCESS,23,23,42,
0.35,165,bot2,,,SUCCESS,23,23,42,
0.35,165,bot3,,,SUCCESS,23,23,42,
0.35,165,bot4,,,SUCCESS,23,23,42,
0.35,166,bot1,,,SUCCESS,6,6,18,
0.35,166,bot2,,,SUCCESS,6,6,18,
0.35,166,bot3,,,SUCCESS,6,6,18,
0.35,166,bot4,,,SUCCESS,6,6,18,
0.35,167,bot1,,,SUCCESS,30,30,32,
0.35,167,bot2,,,SUCCESS,30,30,32,
0.35,167,bot3,,,SUCCESS,30,30,32,
0.35,167,bot4,,,SUCCESS,30,30,32,
0.35,168,bot1,,,SUCCESS,9,9,19,
0.35,168,bot2,,,SUCCESS,9,9,19,
0.35,168,bot3,,,SUCCESS,9,9,19,
0.35,168,bot4,,,SUCCESS,9,9,19,
0.35,169,bot1,,,SUCCESS,30,30,20,
0.35,169,bot2,,,SUCCESS,30,30,20,
0.35,169,bot3,,,SUCCESS,30,30,20,
0.35,169,bot4,,,SUCCESS,30,30,20,
0.35,170,bot1,,,SUCCESS,11,11,33,
0.35,170,bot2,,,SUCCESS,11,11,33,
0.35,170,bot3,,,SUCCESS,11,11,33,
0.35,170,bot4,,,SUCCESS,11,11,33,
0.35,171,bot1,,,SUCCESS,42,42,40,
0.35,171,bot2,,,SUCCESS,42,42,40,
0.35,171,bot3,,,SUCCESS,42,42,40,
0.35,171,bot4,,,SUCCESS,42,42,40,
0.35,156,bot1,,,BURNED,16,28,7,
0.35,156,bot2,,,GAVE_UP,10,28,7,
0.35,156,bot3,,,GAVE_UP,10,28,7,
0.35,156,bot4,,,GAVE_UP,10,28,7,1
0.35,157,bot1,,,SUCCESS,12,12,40,
0.35,157,bot2,,,SUCCESS,12,12,40,
0.35,157,bot3,,,SUCCESS,12,12,40,
0.35,157,bot4,,,SUCCESS,12,12,40,
0.35,158,bot1,,,SUCCESS,33,33,31,
0.35,158,bot2,,,SUCCESS,33,33,31,
0.35,158,bot3,,,SUCCESS,33,33,31,
0.35,158,bot4,,,SUCCESS,33,33,31,
0.35,159,bot1,,,BURNED,14,40,25,
0.35,159,bot2,,,GAVE_UP,53,40,25,
0.35,159,bot3,,,GAVE_UP,53,40,25,
0.35,159,bot4,,,GAVE_UP,53,40,25,
0.35,176,bot1,,,BURNED,31,46,12,
0.35,176,bot2,,,GAVE_UP,21,46,12,
0.35,176,bot3,,,GAVE_UP,21,46,12,
0.35,176,bot4,,,GAVE_UP,21,46,12,1
0.35,177,bot1,,,SUCCESS,29,29,28,
0.35,177,bot2,,,SUCCESS,29,29,28,
0.35,177,bot3,,,SUCCESS,29,29,28,
0.35,177,bot4,,,SUCCESS,29,29,28,
0.35,178,bot1,,,SUCCESS,1,1,30,
0.35,178,bot2,,,SUCCESS,1,1,30,
0.35,178,bot3,,,SUCCESS,1,1,30,
0.35,178,bot4,,,SUCCESS,1,1,30,
0.35,179,bot1,,,SUCCESS,19,19,42,
0.35,179,bot2,,,SUCCESS,19,19,42,
0.35,179,bot3,,,SUCCESS,19,19,42,
0.35,179,bot4,,,SUCCESS,19,19,42,
0.35,152,bot1,,,BURNED,45,63,36,
0.35,152,bot2,,,GAVE_UP,74,63,36,
0.35,152,bot3,,,GAVE_UP,74,63,36,
0.35,152,bot4,,,SUCCESS,65,63,36,
0.35,153,bot1,,,BUTTON_BURNED,12,30,5,
0.35,153,bot2,,,BUTTON_BURNED,12,30,5,
0.35,153,bot3,,,BUTTON_BURNED,12,30,5,
0.35,153,bot4,,,BUTTON_BURNED,12,30,5,
0.35,154,bot1,,,BUTTON_BURNED,27,56,8,
0.35,154,bot2,,,GAVE_UP,20,56,8,
0.35,154,bot3,,,GAVE_UP,20,56,8,
0.35,154,bot4,,,GAVE_UP,20,56,8,1
0.35,155,bot1,,,SUCCESS,15,15,20,
0.35,155,bot2,,,SUCCESS,15,15,20,
0.35,155,bot3,,,SUCCESS,15,15,20,
0.35,155,bot4,,,SUCCESS,15,15,20,
0.4,0,bot1,,,SUCCESS,17,17,39,
0.4,0,bot2,,,SUCCESS,17,17,39,
0.4,0,bot3,,,SUCCESS,17,17,39,
0.4,0,bot4,,,SUCCESS,17,17,39,
0.4,1,bot1,,,SUCCESS,14,14,68,
0.4,1,bot2,,,SUCCESS,14,14,68,
0.4,1,bot3,,,SUCCESS,14,14,68,
0.4,1,bot4,,,SUCCESS,14,14,68,
0.4,2,bot1,,,SUCCESS,35,35,29,
0.4,2,bot2,,,SUCCESS,35,35,29,
0.4,2,bot3,,,SUCCESS,35,35,29,
0.4,2,bot4,,,SUCCESS,35,35,29,
0.4,3,bot1,,,SUCCESS,24,24,22,
0.4,3,bot2,,,SUCCESS,24,24,22,
0.4,3,bot3,,,SUCCESS,24,24,22,
0.4,3,bot4,,,SUCCESS,24,24,22,
0.35,172,bot1,,,BURNED,12,43,30,
0.35,172,bot2,,,SUCCESS,53,43,30,
0.35,172,bot3,,,SUCCESS,51,43,30,
0.35,172,bot4,,,SUCCESS,45,43,30,
0.35,173,bot1,,,BURNED,23,43,27,
0.35,173,bot2,,,GAVE_UP,25,43,27,
0.35,173,bot3,,,GAVE_UP,25,43,27,
0.35,173,bot4,,,SUCCESS,51,43,27,
0.35,174,bot1,,,SUCCESS,12,12,23,
0.35,174,bot2,,,SUCCESS,12,12,23,
0.35,174,bot3,,,SUCCESS,12,12,23,
0.35,174,bot4,,,SUCCESS,12,12,23,
0.35,175,bot1,,,SUCCESS,18,18,19,
0.35,175,bot2,,,SUCCESS,18,18,19,
0.35,175,bot3,,,SUCCESS,18,18,19,
0.35,175,bot4,,,SUCCESS,18,18,19,
0.35,184,bot1,,,BURNED,21,47,27,
0.35,184,bot2,,,SUCCESS,51,47,27,
0.35,184,bot3,,,SUCCESS,51,47,27,
0.35,184,bot4,,,SUCCESS,51,47,27,7
0.35,185,bot1,,,SUCCESS,12,10,9,
0.35,185,bot2,,,SUCCESS,12,10,9,
0.35,185,bot3,,,SUCCESS,12,10,9,
0.35,185,bot4,,,SUCCESS,12,10,9,
0.35,186,bot1,,,BUTTON_BURNED,19,46,3,
0.35,186,bot2,,,GAVE_UP,16,46,3,
0.35,186,bot3,,,GAVE_UP,16,46,3,
0.35,186,bot4,,,GAVE_UP,16,46,3,1
0.35,187,bot1,,,SUCCESS,32,32,48,
0.35,187,bot2,,,SUCCESS,32,32,48,
0.35,187,bot3,,,SUCCESS,32,32,48,
0.35,187,bot4,,,SUCCESS,32,32,48,
0.4,4,bot1,,,BURNED,15,41,26,
0.4,4,bot2,,,GAVE_UP,16,41,26,
0.4,4,bot3,,,GAVE_UP,16,41,26,
0.4,4,bot4,,,GAVE_UP,16,41,26,1
0.4,5,bot1,,,SUCCESS,24,24,19,
0.4,5,bot2,,,SUCCESS,24,24,19,
0.4,5,bot3,,,SUCCESS,24,24,19,
0.4,5,bot4,,,SUCCESS,24,24,19,
0.4,6,bot1,,,SUCCESS,5,5,19,
0.4,6,bot2,,,SUCCESS,5,5,19,
0.4,6,bot3,,,SUCCESS,5,5,19,
0.4,6,bot4,,,SUCCESS,5,5,19,
0.4,7,bot1,,,BURNED,9,27,20,
0.4,7,bot2,,,SUCCESS,33,27,20,
0.4,7,bot3,,,GAVE_UP,38,27,20,
0.4,7,bot4,,,SUCCESS,29,27,20,
0.35,180,bot1,,,SUCCESS,49,49,45,
0.35,180,bot2,,,SUCCESS,49,49,45,
0.35,180,bot3,,,SUCCESS,49,49,45,
0.35,180,bot4,,,SUCCESS,49,49,45,
0.35,181,bot1,,,SUCCESS,24,24,27,
0.35,181,bot2,,,SUCCESS,24,24,27,
0.35,181,bot3,,,SUCCESS,24,24,27,
0.35,181,bot4,,,SUCCESS,24,24,27,
0.35,182,bot1,,,SUCCESS,40,40,45,
0.35,182,bot2,,,SUCCESS,40,40,45,
0.35,182,bot3,,,SUCCESS,40,40,45,
0.35,182,bot4,,,SUCCESS,40,40,45,
0.35,183,bot1,,,SUCCESS,56,56,48,
0.35,183,bot2,,,SUCCESS,56,56,48,
0.35,183,bot3,,,SUCCESS,56,56,48,
0.35,183,bot4,,,SUCCESS,56,56,48,
0.35,188,bot1,,,SUCCESS,23,23,45,
0.35,188,bot2,,,SUCCESS,23,23,45,
0.35,188,bot3,,,SUCCESS,23,23,45,
0.35,188,bot4,,,SUCCESS,23,23,45,
0.35,189,bot1,,,SUCCESS,25,25,54,
0.35,189,bot2,,,SUCCESS,25,25,54,
0.35,189,bot3,,,SUCCESS,25,25,54,
0.35,189,bot4,,,SUCCESS,25,25,54,
0.35,190,bot1,,,SUCCESS,48,48,55,
0.35,190,bot2,,,SUCCESS,48,48,55,
0.35,190,bot3,,,SUCCESS,48,48,55,
0.35,190,bot4,,,SUCCESS,48,48,55,
0.35,191,bot1,,,SUCCESS,40,40,31,
0.35,191,bot2,,,SUCCESS,40,40,31,
0.35,191,bot3,,,SUCCESS,40,40,31,
0.35,191,bot4,,,SUCCESS,40,40,31,
0.4,12,bot1,,,SUCCESS,30,30,24,
0.4,12,bot2,,,SUCCESS,30,30,24,
0.4,12,bot3,,,SUCCESS,30,30,24,
0.4,12,bot4,,,SUCCESS,30,30,24,
0.4,13,bot1,,,SUCCESS,16,16,62,
0.4,13,bot2,,,SUCCESS,16,16,62,
0.4,13,bot3,,,SUCCESS,16,16,62,
0.4,13,bot4,,,SUCCESS,16,16,62,
0.4,14,bot1,,,SUCCESS,28,28,49,
0.4,14,bot2,,,SUCCESS,28,28,49,
0.4,14,bot3,,,SUCCESS,28,28,49,
0.4,14,bot4,,,SUCCESS,28,28,49,
0.4,15,bot1,,,SUCCESS,13,13,30,
0.4,15,bot2,,,SUCCESS,13,13,30,
0.4,15,bot3,,,SUCCESS,13,13,30,
0.4,15,bot4,,,SUCCESS,13,13,30,
0.35,192,bot1,,,SUCCESS,18,18,45,
0.35,192,bot2,,,SUCCESS,18,18,45,
0.35,192,bot3,,,SUCCESS,18,18,45,
0.35,192,bot4,,,SUCCESS,18,18,45,
0.35,193,bot1,,,BURNED,17,35,17,
0.35,193,bot2,,,BURNED,17,35,17,
0.35,193,bot3,,,GAVE_UP,27,35,17,
0.35,193,bot4,,,BURNED,32,35,17,29
0.35,194,bot1,,,SUCCESS,55,55,64,
0.35,194,bot2,,,SUCCESS,55,55,64,
0.35,194,bot3,,,SUCCESS,55,55,64,
0.35,194,bot4,,,SUCCESS,55,55,64,
0.35,195,bot1,,,SUCCESS,40,40,23,
0.35,195,bot2,,,SUCCESS,40,40,23,
0.35,195,bot3,,,SUCCESS,40,40,23,
0.35,195,bot4,,,SUCCESS,40,40,23,
0.4,20,bot1,,,BUTTON_BURNED,35,43,16,
0.4,20,bot2,,,BUTTON_BURNED,35,43,16,
0.4,20,bot3,,,BUTTON_BURNED,35,43,16,
0.4,20,bot4,,,BUTTON_BURNED,35,43,16,11
0.4,21,bot1,,,SUCCESS,17,17,55,
0.4,21,bot2,,,SUCCESS,17,17,55,
0.4,21,bot3,,,SUCCESS,17,17,55,
0.4,21,bot4,,,SUCCESS,17,17,55,
0.4,22,bot1,,,SUCCESS,15,15,33,
0.4,22,bot2,,,SUCCESS,15,15,33,
0.4,22,bot3,,,SUCCESS,15,15,33,
0.4,22,bot4,,,SUCCESS,15,15,33,
0.4,23,bot1,,,SUCCESS,33,33,41,
0.4,23,bot2,,,SUCCESS,33,33,41,
0.4,23,bot3,,,SUCCESS,33,33,41,
0.4,23,bot4,,,SUCCESS,33,33,41,
0.4,32,bot1,,,SUCCESS,13,13,24,
0.4,32,bot2,,,SUCCESS,13,13,24,
0.4,32,bot3,,,SUCCESS,13,13,24,
0.4,32,bot4,,,SUCCESS,13,13,24,
0.4,33,bot1,,,BUTTON_BURNED,17,31,7,
0.4,33,bot2,,,BUTTON_BURNED,17,31,7,
0.4,33,bot3,,,BUTTON_BURNED,17,31,7,
0.4,33,bot4,,,BUTTON_BURNED,17,31,7,1
0.4,34,bot1,,,BUTTON_BURNED,24,39,9,
0.4,34,bot2,,,GAVE_UP,22,39,9,
0.4,34,bot3,,,GAVE_UP,22,39,9,
0.4,34,bot4,,,GAVE_UP,22,39,9,7
0.4,35,bot1,,,SUCCESS,38,38,45,
0.4,35,bot2,,,SUCCESS,38,38,45,
0.4,35,bot3,,,SUCCESS,38,38,45,
0.4,35,bot4,,,SUCCESS,38,38,45,
0.4,8,bot1,,,SUCCESS,25,25,43,
0.4,8,bot2,,,SUCCESS,25,25,43,
0.4,8,bot3,,,SUCCESS,25,25,43,
0.4,8,bot4,,,SUCCESS,25,25,43,
0.4,9,bot1,,,BURNED,11,39,20,
0.4,9,bot2,,,GAVE_UP,18,39,20,
0.4,9,bot3,,,GAVE_UP,18,39,20,
0.4,9,bot4,,,GAVE_UP,18,39,20,1
0.4,10,bot1,,,SUCCESS,41,41,33,
0.4,10,bot2,,,SUCCESS,41,41,33,
0.4,10,bot3,,,SUCCESS,41,41,33,
0.4,10,bot4,,,SUCCESS,41,41,33,
0.4,11,bot1,,,SUCCESS,48,48,31,
0.4,11,bot2,,,SUCCESS,48,48,31,
0.4,11,bot3,,,SUCCESS,48,48,31,
0.4,11,bot4,,,SUCCESS,52,48,31,
0.35,196,bot1,,,SUCCESS,15,15,30,
0.35,196,bot2,,,SUCCESS,15,15,30,
0.35,196,bot3,,,SUCCESS,15,15,30,
0.35,196,bot4,,,SUCCESS,15,15,30,
0.35,197,bot1,,,SUCCESS,51,51,38,
0.35,197,bot2,,,SUCCESS,51,51,38,
0.35,197,bot3,,,SUCCESS,51,51,38,
0.35,197,bot4,,,SUCCESS,57,51,38,
0.35,198,bot1,,,BUTTON_BURNED,55,65,25,
0.35,198,bot2,,,GAVE_UP,48,65,25,
0.35,198,bot3,,,GAVE_UP,48,65,25,
0.35,198,bot4,,,GAVE_UP,48,65,25,
0.35,199,bot1,,,SUCCESS,52,52,24,
0.35,199,bot2,,,SUCCESS,52,52,24,
0.35,199,bot3,,,SUCCESS,52,52,24,
0.35,199,bot4,,,SUCCESS,52,52,24,
0.4,24,bot1,,,BURNED,64,65,27,
0.4,24,bot2,,,BUTTON_BURNED,65,65,27,
0.4,24,bot3,,,BUTTON_BURNED,65,65,27,
0.4,24,bot4,,,BUTTON_BURNED,65,65,27,35
0.4,25,bot1,,,SUCCESS,36,36,49,
0.4,25,bot2,,,SUCCESS,36,36,49,
0.4,25,bot3,,,SUCCESS,36,36,49,
0.4,25,bot4,,,SUCCESS,36,36,49,
0.4,26,bot1,,,SUCCESS,22,22,59,
0.4,26,bot2,,,SUCCESS,22,22,59,
0.4,26,bot3,,,SUCCESS,22,22,59,
0.4,26,bot4,,,SUCCESS,22,22,59,
0.4,27,bot1,,,SUCCESS,23,23,41,
0.4,27,bot2,,,SUCCESS,23,23,41,
0.4,27,bot3,,,SUCCESS,23,23,41,
0.4,27,bot4,,,SUCCESS,23,23,41,
0.4,16,bot1,,,SUCCESS,35,35,57,
0.4,16,bot2,,,SUCCESS,35,35,57,
0.4,16,bot3,,,SUCCESS,35,35,57,
0.4,16,bot4,,,SUCCESS,35,35,57,
0.4,17,bot1,,,SUCCESS,19,19,22,
0.4,17,bot2,,,SUCCESS,19,19,22,
0.4,17,bot3,,,SUCCESS,19,19,22,
0.4,17,bot4,,,SUCCESS,19,19,22,
0.4,18,bot1,,,SUCCESS,64,64,58,
0.4,18,bot2,,,SUCCESS,64,64,58,
0.4,18,bot3,,,SUCCESS,64,64,58,
0.4,18,bot4,,,SUCCESS,64,64,58,
0.4,19,bot1,,,SUCCESS,49,49,33,
0.4,19,bot2,,,SUCCESS,49,49,33,
0.4,19,bot3,,,SUCCESS,49,49,33,
0.4,19,bot4,,,SUCCESS,49,49,33,
0.4,28,bot1,,,SUCCESS,20,20,23,
0.4,28,bot2,,,SUCCESS,20,20,23,
0.4,28,bot3,,,SUCCESS,20,20,23,
0.4,28,bot4,,,SUCCESS,20,20,23,
0.4,29,bot1,,,BUTTON_BURNED,13,41,7,
0.4,29,bot2,,,GAVE_UP,7,41,7,
0.4,29,bot3,,,GAVE_UP,7,41,7,
0.4,29,bot4,,,GAVE_UP,7,41,7,1
0.4,30,bot1,,,BUTTON_BURNED,32,41,14,
0.4,30,bot2,,,BUTTON_BURNED,32,41,14,
0.4,30,bot3,,,BUTTON_BURNED,32,41,14,
0.4,30,bot4,,,BUTTON_BURNED,32,41,14,
0.4,31,bot1,,,SUCCESS,68,68,44,
0.4,31,bot2,,,SUCCESS,68,68,44,
0.4,31,bot3,,,SUCCESS,68,68,44,
0.4,31,bot4,,,SUCCESS,68,68,44,
0.4,48,bot1,,,SUCCESS,17,17,37,
0.4,48,bot2,,,SUCCESS,17,17,37,
0.4,48,bot3,,,SUCCESS,17,17,37,
0.4,48,bot4,,,SUCCESS,17,17,37,
0.4,49,bot1,,,SUCCESS,3,3,29,
0.4,49,bot2,,,SUCCESS,3,3,29,
0.4,49,bot3,,,SUCCESS,3,3,29,
0.4,49,bot4,,,SUCCESS,3,3,29,
0.4,50,bot1,,,SUCCESS,32,32,48,
0.4,50,bot2,,,SUCCESS,32,32,48,
0.4,50,bot3,,,SUCCESS,32,32,48,
0.4,50,bot4,,,SUCCESS,32,32,48,
0.4,51,bot1,,,SUCCESS,31,31,40,
0.4,51,bot2,,,SUCCESS,31,31,40,
0.4,51,bot3,,,SUCCESS,31,31,40,
0.4,51,bot4,,,SUCCESS,31,31,40,
0.4,60,bot1,,,SUCCESS,38,38,48,
0.4,60,bot2,,,SUCCESS,38,38,48,
0.4,60,bot3,,,SUCCESS,38,38,48,
0.4,60,bot4,,,SUCCESS,38,38,48,
0.4,61,bot1,,,SUCCESS,11,11,36,
0.4,61,bot2,,,SUCCESS,11,11,36,
0.4,61,bot3,,,SUCCESS,11,11,36,
0.4,61,bot4,,,SUCCESS,11,11,36,
0.4,62,bot1,,,BURNED,16,24,14,
0.4,62,bot2,,,BURNED,16,24,14,
0.4,62,bot3,,,BUTTON_BURNED,29,24,14,
0.4,62,bot4,,,SUCCESS,26,24,14,
0.4,63,bot1,,,BUTTON_BURNED,7,28,3,
0.4,63,bot2,,,BUTTON_BURNED,7,28,3,
0.4,63,bot3,,,BUTTON_BURNED,7,28,3,
0.4,63,bot4,,,BUTTON_BURNED,7,28,3,1
0.4,52,bot1,,,SUCCESS,25,25,27,
0.4,52,bot2,,,SUCCESS,25,25,27,
0.4,52,bot3,,,SUCCESS,25,25,27,
0.4,52,bot4,,,SUCCESS,25,25,27,
0.4,53,bot1,,,SUCCESS,36,36,39,
0.4,53,bot2,,,SUCCESS,36,36,39,
0.4,53,bot3,,,SUCCESS,36,36,39,
0.4,53,bot4,,,SUCCESS,36,36,39,
0.4,54,bot1,,,SUCCESS,51,51,39,
0.4,54,bot2,,,SUCCESS,51,51,39,
0.4,54,bot3,,,SUCCESS,51,51,39,
0.4,54,bot4,,,SUCCESS,51,51,39,
0.4,55,bot1,,,SUCCESS,5,5,31,
0.4,55,bot2,,,SUCCESS,5,5,31,
0.4,55,bot3,,,SUCCESS,5,5,31,
0.4,55,bot4,,,SUCCESS,5,5,31,
0.4,68,bot1,,,SUCCESS,3,3,13,
0.4,68,bot2,,,SUCCESS,3,3,13,
0.4,68,bot3,,,SUCCESS,3,3,13,
0.4,68,bot4,,,SUCCESS,3,3,13,
0.4,69,bot1,,,SUCCESS,24,24,24,
0.4,69,bot2,,,SUCCESS,24,24,24,
0.4,69,bot3,,,SUCCESS,24,24,24,
0.4,69,bot4,,,SUCCESS,24,24,24,
0.4,70,bot1,,,SUCCESS,24,24,23,
0.4,70,bot2,,,SUCCESS,24,24,23,
0.4,70,bot3,,,SUCCESS,24,24,23,
0.4,70,bot4,,,SUCCESS,24,24,23,
0.4,71,bot1,,,BUTTON_BURNED,27,46,13,
0.4,71,bot2,,,GAVE_UP,23,46,13,
0.4,71,bot3,,,GAVE_UP,23,46,13,
0.4,71,bot4,,,GAVE_UP,23,46,13,1
0.4,36,bot1,,,SUCCESS,19,19,39,
0.4,36,bot2,,,SUCCESS,19,19,39,
0.4,36,bot3,,,SUCCESS,19,19,39,
0.4,36,bot4,,,SUCCESS,19,19,39,
0.4,37,bot1,,,BURNED,38,54,26,
0.4,37,bot2,,,GAVE_UP,51,54,26,
0.4,37,bot3,,,GAVE_UP,51,54,26,
0.4,37,bot4,,,SUCCESS,54,54,26,22
0.4,38,bot1,,,SUCCESS,37,37,35,
0.4,38,bot2,,,SUCCESS,37,37,35,
0.4,38,bot3,,,SUCCESS,37,37,35,
0.4,38,bot4,,,SUCCESS,37,37,35,
0.4,39,bot1,,,SUCCESS,60,60,46,
0.4,39,bot2,,,SUCCESS,60,60,46,
0.4,39,bot3,,,SUCCESS,60,60,46,
0.4,39,bot4,,,SUCCESS,60,60,46,
0.4,40,bot1,,,SUCCESS,54,54,34,
0.4,40,bot2,,,SUCCESS,54,54,34,
0.4,40,bot3,,,SUCCESS,54,54,34,
0.4,40,bot4,,,SUCCESS,54,54,34,
0.4,41,bot1,,,SUCCESS,26,26,18,
0.4,41,bot2,,,SUCCESS,26,26,18,
0.4,41,bot3,,,SUCCESS,26,26,18,
0.4,41,bot4,,,SUCCESS,26,26,18,
0.4,42,bot1,,,SUCCESS,27,27,73,
0.4,42,bot2,,,SUCCESS,27,27,73,
0.4,42,bot3,,,SUCCESS,27,27,73,
0.4,42,bot4,,,SUCCESS,27,27,73,
0.4,43,bot1,,,SUCCESS,49,49,26,
0.4,43,bot2,,,SUCCESS,49,49,26,
0.4,43,bot3,,,SUCCESS,49,49,26,
0.4,43,bot4,,,SUCCESS,49,49,26,
0.4,44,bot1,,,SUCCESS,49,49,51,
0.4,44,bot2,,,SUCCESS,49,49,51,
0.4,44,bot3,,,SUCCESS,49,49,51,
0.4,44,bot4,,,SUCCESS,49,49,51,
0.4,45,bot1,,,SUCCESS,34,34,37,
0.4,45,bot2,,,SUCCESS,34,34,37,
0.4,45,bot3,,,SUCCESS,34,34,37,
0.4,45,bot4,,,SUCCESS,34,34,37,
0.4,46,bot1,,,SUCCESS,22,22,33,
0.4,46,bot2,,,SUCCESS,22,22,33,
0.4,46,bot3,,,SUCCESS,22,22,33,
0.4,46,bot4,,,SUCCESS,22,22,33,
0.4,47,bot1,,,SUCCESS,48,48,25,
0.4,47,bot2,,,SUCCESS,48,48,25,
0.4,47,bot3,,,GAVE_UP,50,48,25,
0.4,47,bot4,,,SUCCESS,48,48,25,9
0.4,56,bot1,,,BUTTON_BURNED,16,54,7,
0.4,56,bot2,,,BUTTON_BURNED,16,54,7,
0.4,56,bot3,,,BUTTON_BURNED,16,54,7,
0.4,56,bot4,,,BUTTON_BURNED,16,54,7,1
0.4,57,bot1,,,SUCCESS,20,20,26,
0.4,57,bot2,,,SUCCESS,20,20,26,
0.4,57,bot3,,,SUCCESS,20,20,26,
0.4,57,bot4,,,SUCCESS,20,20,26,
0.4,58,bot1,,,BUTTON_BURNED,26,47,12,
0.4,58,bot2,,,GAVE_UP,23,47,12,
0.4,58,bot3,,,GAVE_UP,23,47,12,
0.4,58,bot4,,,GAVE_UP,23,47,12,
0.4,59,bot1,,,SUCCESS,52,52,44,
0.4,59,bot2,,,SUCCESS,52,52,44,
0.4,59,bot3,,,SUCCESS,52,52,44,
0.4,59,bot4,,,SUCCESS,56,52,44,
0.4,64,bot1,,,SUCCESS,56,56,60,
0.4,64,bot2,,,SUCCESS,56,56,60,
0.4,64,bot3,,,SUCCESS,56,56,60,
0.4,64,bot4,,,SUCCESS,56,56,60,
0.4,65,bot1,,,SUCCESS,2,2,58,
0.4,65,bot2,,,SUCCESS,2,2,58,
0.4,65,bot3,,,SUCCESS,2,2,58,
0.4,65,bot4,,,SUCCESS,2,2,58,
0.4,66,bot1,,,SUCCESS,48,48,28,
0.4,66,bot2,,,SUCCESS,48,48,28,
0.4,66,bot3,,,SUCCESS,48,48,28,
0.4,66,bot4,,,SUCCESS,48,48,28,25
0.4,67,bot1,,,SUCCESS,27,27,61,
0.4,67,bot2,,,SUCCESS,27,27,61,
0.4,67,bot3,,,SUCCESS,27,27,61,
0.4,67,bot4,,,SUCCESS,27,27,61,
0.4,84,bot1,,,BUTTON_BURNED,28,40,14,
0.4,84,bot2,,,BUTTON_BURNED,28,40,14,
0.4,84,bot3,,,BUTTON_BURNED,28,40,14,
0.4,84,bot4,,,BUTTON_BURNED,28,40,14,
0.4,85,bot1,,,SUCCESS,29,29,47,
0.4,85,bot2,,,SUCCESS,29,29,47,
0.4,85,bot3,,,SUCCESS,29,29,47,
0.4,85,bot4,,,SUCCESS,29,29,47,
0.4,86,bot1,,,SUCCESS,16,16,47,
0.4,86,bot2,,,SUCCESS,16,16,47,
0.4,86,bot3,,,SUCCESS,16,16,47,
0.4,86,bot4,,,SUCCESS,16,16,47,
0.4,87,bot1,,,SUCCESS,40,40,38,
0.4,87,bot2,,,SUCCESS,40,40,38,
0.4,87,bot3,,,SUCCESS,40,40,38,
0.4,87,bot4,,,SUCCESS,40,40,38,
0.4,72,bot1,,,SUCCESS,30,30,22,
0.4,72,bot2,,,SUCCESS,30,30,22,
0.4,72,bot3,,,SUCCESS,30,30,22,
0.4,72,bot4,,,SUCCESS,30,30,22,
0.4,73,bot1,,,SUCCESS,45,45,62,
0.4,73,bot2,,,SUCCESS,45,45,62,
0.4,73,bot3,,,SUCCESS,45,45,62,
0.4,73,bot4,,,SUCCESS,45,45,62,
0.4,74,bot1,,,SUCCESS,30,30,43,
0.4,74,bot2,,,SUCCESS,30,30,43,
0.4,74,bot3,,,SUCCESS,30,30,43,
0.4,74,bot4,,,SUCCESS,30,30,43,
0.4,75,bot1,,,SUCCESS,31,31,21,
0.4,75,bot2,,,SUCCESS,31,31,21,
0.4,75,bot3,,,SUCCESS,31,31,21,
0.4,75,bot4,,,SUCCESS,31,31,21,
0.4,96,bot1,,,BURNED,36,53,20,
0.4,96,bot2,,,GAVE_UP,30,53,20,
0.4,96,bot3,,,GAVE_UP,30,53,20,
0.4,96,bot4,,,GAVE_UP,30,53,20,5
0.4,97,bot1,,,SUCCESS,13,13,14,
0.4,97,bot2,,,SUCCESS,13,13,14,
0.4,97,bot3,,,SUCCESS,13,13,14,
0.4,97,bot4,,,SUCCESS,13,13,14,
0.4,98,bot1,,,SUCCESS,28,28,27,
0.4,98,bot2,,,SUCCESS,28,28,27,
0.4,98,bot3,,,SUCCESS,28,28,27,
0.4,98,bot4,,,SUCCESS,28,28,27,
0.4,99,bot1,,,SUCCESS,26,26,52,
0.4,99,bot2,,,SUCCESS,26,26,52,
0.4,99,bot3,,,SUCCESS,26,26,52,
0.4,99,bot4,,,SUCCESS,26,26,52,
0.4,76,bot1,,,SUCCESS,39,39,50,
0.4,76,bot2,,,SUCCESS,39,39,50,
0.4,76,bot3,,,SUCCESS,39,39,50,
0.4,76,bot4,,,SUCCESS,39,39,50,
0.4,77,bot1,,,BUTTON_BURNED,8,34,6,
0.4,77,bot2,,,BUTTON_BURNED,8,34,6,
0.4,77,bot3,,,BUTTON_BURNED,8,34,6,
0.4,77,bot4,,,BUTTON_BURNED,8,34,6,4
0.4,78,bot1,,,BURNED,9,51,48,
0.4,78,bot2,,,BURNED,9,51,48,
0.4,78,bot3,,,SUCCESS,79,51,48,
0.4,78,bot4,,,SUCCESS,53,51,48,
0.4,79,bot1,,,SUCCESS,18,18,10,
0.4,79,bot2,,,SUCCESS,18,18,10,
0.4,79,bot3,,,SUCCESS,18,18,10,
0.4,79,bot4,,,SUCCESS,18,18,10,
0.4,88,bot1,,,BURNED,28,55,13,
0.4,88,bot2,,,GAVE_UP,26,55,13,
0.4,88,bot3,,,GAVE_UP,26,55,13,
0.4,88,bot4,,,GAVE_UP,26,55,13,7
0.4,89,bot1,,,BURNED,21,50,32,
0.4,89,bot2,,,BURNED,21,50,32,
0.4,89,bot3,,,BURNED,21,50,32,
0.4,89,bot4,,,SUCCESS,58,50,32,
0.4,90,bot1,,,BURNED,23,51,40,
0.4,90,bot2,,,BURNED,23,51,40,
0.4,90,bot3,,,GAVE_UP,33,51,40,
0.4,90,bot4,,,BURNED,23,51,40,2
0.4,91,bot1,,,SUCCESS,23,23,48,
0.4,91,bot2,,,SUCCESS,23,23,48,
0.4,91,bot3,,,SUCCESS,23,23,48,
0.4,91,bot4,,,SUCCESS,23,23,48,
0.4,112,bot1,,,SUCCESS,7,7,9,
0.4,112,bot2,,,SUCCESS,7,7,9,
0.4,112,bot3,,,SUCCESS,7,7,9,
0.4,112,bot4,,,SUCCESS,7,7,9,
0.4,113,bot1,,,SUCCESS,23,23,13,
0.4,113,bot2,,,SUCCESS,23,23,13,
0.4,113,bot3,,,SUCCESS,23,23,13,
0.4,113,bot4,,,SUCCESS,23,23,13,
0.4,114,bot1,,,SUCCESS,27,27,31,
0.4,114,bot2,,,SUCCESS,27,27,31,
0.4,114,bot3,,,SUCCESS,27,27,31,
0.4,114,bot4,,,SUCCESS,27,27,31,
0.4,115,bot1,,,SUCCESS,48,48,49,
0.4,115,bot2,,,SUCCESS,48,48,49,
0.4,115,bot3,,,SUCCESS,48,48,49,
0.4,115,bot4,,,SUCCESS,48,48,49,
0.4,92,bot1,,,SUCCESS,46,46,37,
0.4,92,bot2,,,SUCCESS,46,46,37,
0.4,92,bot3,,,SUCCESS,46,46,37,
0.4,92,bot4,,,SUCCESS,50,46,37,
0.4,93,bot1,,,SUCCESS,38,38,42,
0.4,93,bot2,,,SUCCESS,38,38,42,
0.4,93,bot3,,,SUCCESS,38,38,42,
0.4,93,bot4,,,SUCCESS,38,38,42,
0.4,94,bot1,,,SUCCESS,21,21,30,
0.4,94,bot2,,,SUCCESS,21,21,30,
0.4,94,bot3,,,SUCCESS,21,21,30,
0.4,94,bot4,,,SUCCESS,21,21,30,
0.4,95,bot1,,,SUCCESS,46,46,38,
0.4,95,bot2,,,SUCCESS,46,46,38,
0.4,95,bot3,,,SUCCESS,46,46,38,
0.4,95,bot4,,,SUCCESS,46,46,38,
0.4,100,bot1,,,BURNED,24,36,16,
0.4,100,bot2,,,BUTTON_BURNED,47,36,16,
0.4,100,bot3,,,BUTTON_BURNED,47,36,16,
0.4,100,bot4,,,BUTTON_BURNED,47,36,16,22
0.4,101,bot1,,,SUCCESS,46,46,47,
0.4,101,bot2,,,SUCCESS,46,46,47,
0.4,101,bot3,,,SUCCESS,46,46,47,
0.4,101,bot4,,,SUCCESS,46,46,47,
0.4,102,bot1,,,SUCCESS,48,48,38,
0.4,102,bot2,,,SUCCESS,48,48,38,
0.4,102,bot3,,,SUCCESS,48,48,38,
0.4,102,bot4,,,SUCCESS,48,48,38,
0.4,103,bot1,,,BUTTON_BURNED,18,68,9,
0.4,103,bot2,,,GAVE_UP,17,68,9,
0.4,103,bot3,,,GAVE_UP,17,68,9,
0.4,103,bot4,,,GAVE_UP,17,68,9,1
0.4,80,bot1,,,BURNED,46,57,31,
0.4,80,bot2,,,BUTTON_BURNED,66,57,31,
0.4,80,bot3,,,BUTTON_BURNED,66,57,31,
0.4,80,bot4,,,SUCCESS,65,57,31,
0.4,81,bot1,,,SUCCESS,43,43,56,
0.4,81,bot2,,,SUCCESS,43,43,56,
0.4,81,bot3,,,SUCCESS,43,43,56,
0.4,81,bot4,,,SUCCESS,43,43,56,
0.4,82,bot1,,,SUCCESS,43,43,19,
0.4,82,bot2,,,SUCCESS,43,43,19,
0.4,82,bot3,,,SUCCESS,43,43,19,
0.4,82,bot4,,,SUCCESS,43,43,19,
0.4,83,bot1,,,SUCCESS,43,43,39,
0.4,83,bot2,,,SUCCESS,43,43,39,
0.4,83,bot3,,,SUCCESS,43,43,39,
0.4,83,bot4,,,SUCCESS,45,43,39,
0.4,104,bot1,,,SUCCESS,24,24,32,
0.4,104,bot2,,,SUCCESS,24,24,32,
0.4,104,bot3,,,SUCCESS,24,24,32,
0.4,104,bot4,,,SUCCESS,24,24,32,
0.4,105,bot1,,,SUCCESS,47,47,33,
0.4,105,bot2,,,SUCCESS,47,47,33,
0.4,105,bot3,,,SUCCESS,47,47,33,
0.4,105,bot4,,,SUCCESS,47,47,33,
0.4,106,bot1,,,BURNED,27,41,10,
0.4,106,bot2,,,BUTTON_BURNED,35,41,10,
0.4,106,bot3,,,BUTTON_BURNED,35,41,10,
0.4,106,bot4,,,BUTTON_BURNED,35,41,10,1
0.4,107,bot1,,,BURNED,12,40,24,
0.4,107,bot2,,,GAVE_UP,39,40,24,
0.4,107,bot3,,,BURNED,36,40,24,
0.4,107,bot4,,,GAVE_UP,50,40,24,14
0.4,120,bot1,,,SUCCESS,46,46,32,
0.4,120,bot2,,,SUCCESS,46,46,32,
0.4,120,bot3,,,SUCCESS,64,46,32,
0.4,120,bot4,,,SUCCESS,50,46,32,
0.4,121,bot1,,,SUCCESS,27,27,19,
0.4,121,bot2,,,SUCCESS,27,27,19,
0.4,121,bot3,,,SUCCESS,27,27,19,
0.4,121,bot4,,,SUCCESS,27,27,19,
0.4,122,bot1,,,SUCCESS,7,7,56,
0.4,122,bot2,,,SUCCESS,7,7,56,
0.4,122,bot3,,,SUCCESS,7,7,56,
0.4,122,bot4,,,SUCCESS,7,7,56,
0.4,123,bot1,,,SUCCESS,31,31,35,
0.4,123,bot2,,,SUCCESS,31,31,35,
0.4,123,bot3,,,SUCCESS,31,31,35,
0.4,123,bot4,,,SUCCESS,31,31,35,
0.4,116,bot1,,,SUCCESS,9,9,34,
0.4,116,bot2,,,SUCCESS,9,9,34,
0.4,116,bot3,,,SUCCESS,9,9,34,
0.4,116,bot4,,,SUCCESS,9,9,34,
0.4,117,bot1,,,SUCCESS,31,31,39,
0.4,117,bot2,,,SUCCESS,31,31,39,
0.4,117,bot3,,,SUCCESS,31,31,39,
0.4,117,bot4,,,SUCCESS,31,31,39,
0.4,118,bot1,,,SUCCESS,37,37,31,
0.4,118,bot2,,,SUCCESS,37,37,31,
0.4,118,bot3,,,SUCCESS,37,37,31,
0.4,118,bot4,,,SUCCESS,37,37,31,
0.4,119,bot1,,,SUCCESS,65,65,59,
0.4,119,bot2,,,SUCCESS,65,65,59,
0.4,119,bot3,,,SUCCESS,65,65,59,
0.4,119,bot4,,,SUCCESS,65,65,59,
0.4,108,bot1,,,SUCCESS,47,47,45,
0.4,108,bot2,,,SUCCESS,47,47,45,
0.4,108,bot3,,,SUCCESS,47,47,45,
0.4,108,bot4,,,SUCCESS,47,47,45,
0.4,109,bot1,,,SUCCESS,5,5,18,
0.4,109,bot2,,,SUCCESS,5,5,18,
0.4,109,bot3,,,SUCCESS,5,5,18,
0.4,109,bot4,,,SUCCESS,5,5,18,
0.4,110,bot1,,,SUCCESS,28,28,39,
0.4,110,bot2,,,SUCCESS,28,28,39,
0.4,110,bot3,,,SUCCESS,28,28,39,
0.4,110,bot4,,,SUCCESS,28,28,39,
0.4,111,bot1,,,BURNED,22,57,31,
0.4,111,bot2,,,GAVE_UP,41,57,31,
0.4,111,bot3,,,GAVE_UP,41,57,31,
0.4,111,bot4,,,GAVE_UP,65,57,31,25
0.4,128,bot1,,,SUCCESS,39,39,35,
0.4,128,bot2,,,SUCCESS,39,39,35,
0.4,128,bot3,,,SUCCESS,39,39,35,
0.4,128,bot4,,,SUCCESS,39,39,35,
0.4,129,bot1,,,BUTTON_BURNED,6,56,4,
0.4,129,bot2,,,BUTTON_BURNED,6,56,4,
0.4,129,bot3,,,BUTTON_BURNED,6,56,4,
0.4,129,bot4,,,BUTTON_BURNED,6,56,4,2
0.4,130,bot1,,,SUCCESS,41,41,46,
0.4,130,bot2,,,SUCCESS,41,41,46,
0.4,130,bot3,,,SUCCESS,41,41,46,
0.4,130,bot4,,,SUCCESS,41,41,46,
0.4,131,bot1,,,SUCCESS,34,34,22,
0.4,131,bot2,,,SUCCESS,34,34,22,
0.4,131,bot3,,,SUCCESS,34,34,22,
0.4,131,bot4,,,SUCCESS,34,34,22,
0.4,124,bot1,,,SUCCESS,17,17,36,
0.4,124,bot2,,,SUCCESS,17,17,36,
0.4,124,bot3,,,SUCCESS,17,17,36,
0.4,124,bot4,,,SUCCESS,17,17,36,
0.4,125,bot1,,,SUCCESS,31,31,28,
0.4,125,bot2,,,SUCCESS,31,31,28,
0.4,125,bot3,,,SUCCESS,31,31,28,
0.4,125,bot4,,,SUCCESS,31,31,28,
0.4,126,bot1,,,SUCCESS,39,39,37,
0.4,126,bot2,,,SUCCESS,39,39,37,
0.4,126,bot3,,,SUCCESS,39,39,37,
0.4,126,bot4,,,SUCCESS,39,39,37,1
0.4,127,bot1,,,BURNED,24,28,11,
0.4,127,bot2,,,GAVE_UP,17,28,11,
0.4,127,bot3,,,GAVE_UP,17,28,11,
0.4,127,bot4,,,GAVE_UP,17,28,11,
0.4,140,bot1,,,BURNED,10,35,19,
0.4,140,bot2,,,BURNED,10,35,19,
0.4,140,bot3,,,GAVE_UP,39,35,19,
0.4,140,bot4,,,BURNED,10,35,19,1
0.4,141,bot1,,,SUCCESS,20,20,29,
0.4,141,bot2,,,SUCCESS,20,20,29,
0.4,141,bot3,,,SUCCESS,20,20,29,
0.4,141,bot4,,,SUCCESS,20,20,29,
0.4,142,bot1,,,SUCCESS,6,6,10,
0.4,142,bot2,,,SUCCESS,6,6,10,
0.4,142,bot3,,,SUCCESS,6,6,10,
0.4,142,bot4,,,SUCCESS,6,6,10,
0.4,143,bot1,,,SUCCESS,32,32,37,
0.4,143,bot2,,,SUCCESS,32,32,37,
0.4,143,bot3,,,SUCCESS,32,32,37,
0.4,143,bot4,,,SUCCESS,32,32,37,
0.4,132,bot1,,,SUCCESS,44,44,35,
0.4,132,bot2,,,SUCCESS,44,44,35,
0.4,132,bot3,,,SUCCESS,44,44,35,
0.4,132,bot4,,,SUCCESS,44,44,35,
0.4,133,bot1,,,SUCCESS,53,53,49,
0.4,133,bot2,,,SUCCESS,53,53,49,
0.4,133,bot3,,,SUCCESS,53,53,49,
0.4,133,bot4,,,SUCCESS,53,53,49,
0.4,134,bot1,,,SUCCESS,15,15,39,
0.4,134,bot2,,,SUCCESS,15,15,39,
0.4,134,bot3,,,SUCCESS,15,15,39,
0.4,134,bot4,,,SUCCESS,15,15,39,
0.4,135,bot1,,,SUCCESS,9,9,29,
0.4,135,bot2,,,SUCCESS,9,9,29,
0.4,135,bot3,,,SUCCESS,9,9,29,
0.4,135,bot4,,,SUCCESS,9,9,29,
0.4,160,bot1,,,SUCCESS,19,19,38,
0.4,160,bot2,,,SUCCESS,19,19,38,
0.4,160,bot3,,,SUCCESS,19,19,38,
0.4,160,bot4,,,SUCCESS,19,19,38,
0.4,161,bot1,,,SUCCESS,16,16,10,
0.4,161,bot2,,,SUCCESS,16,16,10,
0.4,161,bot3,,,SUCCESS,16,16,10,
0.4,161,bot4,,,SUCCESS,16,16,10,
0.4,162,bot1,,,SUCCESS,3,3,15,
0.4,162,bot2,,,SUCCESS,3,3,15,
0.4,162,bot3,,,SUCCESS,3,3,15,
0.4,162,bot4,,,SUCCESS,3,3,15,
0.4,163,bot1,,,SUCCESS,11,11,55,
0.4,163,bot2,,,SUCCESS,11,11,55,
0.4,163,bot3,,,SUCCESS,11,11,55,
0.4,163,bot4,,,SUCCESS,11,11,55,
0.4,148,bot1,,,SUCCESS,33,33,29,
0.4,148,bot2,,,SUCCESS,33,33,29,
0.4,148,bot3,,,SUCCESS,33,33,29,
0.4,148,bot4,,,SUCCESS,33,33,29,
0.4,149,bot1,,,SUCCESS,1,1,30,
0.4,149,bot2,,,SUCCESS,1,1,30,
0.4,149,bot3,,,SUCCESS,1,1,30,
0.4,149,bot4,,,SUCCESS,1,1,30,
0.4,150,bot1,,,SUCCESS,9,9,39,
0.4,150,bot2,,,SUCCESS,9,9,39,
0.4,150,bot3,,,SUCCESS,9,9,39,
0.4,150,bot4,,,SUCCESS,9,9,39,
0.4,151,bot1,,,SUCCESS,22,22,32,
0.4,151,bot2,,,SUCCESS,22,22,32,
0.4,151,bot3,,,SUCCESS,22,22,32,
0.4,151,bot4,,,SUCCESS,22,22,32,
0.4,136,bot1,,,SUCCESS,47,47,47,
0.4,136,bot2,,,SUCCESS,47,47,47,
0.4,136,bot3,,,SUCCESS,47,47,47,
0.4,136,bot4,,,SUCCESS,47,47,47,
0.4,137,bot1,,,BURNED,20,33,15,
0.4,137,bot2,,,BUTTON_BURNED,36,33,15,
0.4,137,bot3,,,BUTTON_BURNED,36,33,15,
0.4,137,bot4,,,BUTTON_BURNED,36,33,15,14
0.4,138,bot1,,,SUCCESS,20,20,57,
0.4,138,bot2,,,SUCCESS,20,20,57,
0.4,138,bot3,,,SUCCESS,20,20,57,
0.4,138,bot4,,,SUCCESS,20,20,57,
0.4,139,bot1,,,SUCCESS,41,41,45,
0.4,139,bot2,,,SUCCESS,41,41,45,
0.4,139,bot3,,,SUCCESS,41,41,45,
0.4,139,bot4,,,SUCCESS,41,41,45,
0.4,164,bot1,,,SUCCESS,30,30,35,
0.4,164,bot2,,,SUCCESS,30,30,35,
0.4,164,bot3,,,SUCCESS,30,30,35,
0.4,164,bot4,,,SUCCESS,30,30,35,
0.4,165,bot1,,,SUCCESS,23,23,42,
0.4,165,bot2,,,SUCCESS,23,23,42,
0.4,165,bot3,,,SUCCESS,23,23,42,
0.4,165,bot4,,,SUCCESS,23,23,42,
0.4,166,bot1,,,SUCCESS,6,6,18,
0.4,166,bot2,,,SUCCESS,6,6,18,
0.4,166,bot3,,,SUCCESS,6,6,18,
0.4,166,bot4,,,SUCCESS,6,6,18,
0.4,167,bot1,,,SUCCESS,30,30,32,
0.4,167,bot2,,,SUCCESS,30,30,32,
0.4,167,bot3,,,SUCCESS,30,30,32,
0.4,167,bot4,,,SUCCESS,30,30,32,
0.4,156,bot1,,,BURNED,16,28,7,
0.4,156,bot2,,,GAVE_UP,10,28,7,
0.4,156,bot3,,,GAVE_UP,10,28,7,
0.4,156,bot4,,,GAVE_UP,10,28,7,1
0.4,157,bot1,,,SUCCESS,12,12,40,
0.4,157,bot2,,,SUCCESS,12,12,40,
0.4,157,bot3,,,SUCCESS,12,12,40,
0.4,157,bot4,,,SUCCESS,12,12,40,
0.4,158,bot1,,,SUCCESS,33,33,31,
0.4,158,bot2,,,SUCCESS,33,33,31,
0.4,158,bot3,,,SUCCESS,33,33,31,
0.4,158,bot4,,,SUCCESS,33,33,31,
0.4,159,bot1,,,BURNED,15,40,25,
0.4,159,bot2,,,GAVE_UP,38,40,25,
0.4,159,bot3,,,GAVE_UP,38,40,25,
0.4,159,bot4,,,GAVE_UP,38,40,25,
0.4,168,bot1,,,SUCCESS,9,9,19,
0.4,168,bot2,,,SUCCESS,9,9,19,
0.4,168,bot3,,,SUCCESS,9,9,19,
0.4,168,bot4,,,SUCCESS,9,9,19,
0.4,169,bot1,,,SUCCESS,30,30,20,
0.4,169,bot2,,,SUCCESS,30,30,20,
0.4,169,bot3,,,SUCCESS,30,30,20,
0.4,169,bot4,,,SUCCESS,30,30,20,
0.4,170,bot1,,,SUCCESS,11,11,33,
0.4,170,bot2,,,SUCCESS,11,11,33,
0.4,170,bot3,,,SUCCESS,11,11,33,
0.4,170,bot4,,,SUCCESS,11,11,33,
0.4,171,bot1,,,SUCCESS,42,42,40,
0.4,171,bot2,,,SUCCESS,42,42,40,
0.4,171,bot3,,,SUCCESS,42,42,40,
0.4,171,bot4,,,SUCCESS,42,42,40,
0.4,144,bot1,,,BUTTON_BURNED,12,29,5,
0.4,144,bot2,,,BUTTON_BURNED,12,29,5,
0.4,144,bot3,,,BUTTON_BURNED,12,29,5,
0.4,144,bot4,,,BUTTON_BURNED,12,29,5,1
0.4,145,bot1,,,SUCCESS,49,49,37,
0.4,145,bot2,,,SUCCESS,49,49,37,
0.4,145,bot3,,,SUCCESS,49,49,37,
0.4,145,bot4,,,SUCCESS,49,49,37,
0.4,146,bot1,,,SUCCESS,29,29,51,
0.4,146,bot2,,,SUCCESS,29,29,51,
0.4,146,bot3,,,SUCCESS,29,29,51,
0.4,146,bot4,,,SUCCESS,29,29,51,
0.4,147,bot1,,,SUCCESS,11,11,33,
0.4,147,bot2,,,SUCCESS,11,11,33,
0.4,147,bot3,,,SUCCESS,11,11,33,
0.4,147,bot4,,,SUCCESS,11,11,33,
0.4,176,bot1,,,BUTTON_BURNED,24,46,12,
0.4,176,bot2,,,GAVE_UP,18,46,12,
0.4,176,bot3,,,GAVE_UP,18,46,12,
0.4,176,bot4,,,GAVE_UP,18,46,12,1
0.4,177,bot1,,,SUCCESS,29,29,28,
0.4,177,bot2,,,SUCCESS,29,29,28,
0.4,177,bot3,,,SUCCESS,29,29,28,
0.4,177,bot4,,,SUCCESS,29,29,28,
0.4,178,bot1,,,SUCCESS,1,1,30,
0.4,178,bot2,,,SUCCESS,1,1,30,
0.4,178,bot3,,,SUCCESS,1,1,30,
0.4,178,bot4,,,SUCCESS,1,1,30,
0.4,179,bot1,,,SUCCESS,19,19,42,
0.4,179,bot2,,,SUCCESS,19,19,42,
0.4,179,bot3,,,SUCCESS,19,19,42,
0.4,179,bot4,,,SUCCESS,19,19,42,
0.4,152,bot1,,,BURNED,43,63,36,
0.4,152,bot2,,,GAVE_UP,62,63,36,
0.4,152,bot3,,,GAVE_UP,62,63,36,
0.4,152,bot4,,,SUCCESS,65,63,36,
0.4,153,bot1,,,BUTTON_BURNED,10,30,5,
0.4,153,bot2,,,BUTTON_BURNED,10,30,5,
0.4,153,bot3,,,BUTTON_BURNED,10,30,5,
0.4,153,bot4,,,BUTTON_BURNED,10,30,5,
0.4,154,bot1,,,BUTTON_BURNED,18,56,8,
0.4,154,bot2,,,GAVE_UP,17,56,8,
0.4,154,bot3,,,GAVE_UP,17,56,8,
0.4,154,bot4,,,GAVE_UP,17,56,8,1
0.4,155,bot1,,,SUCCESS,15,15,20,
0.4,155,bot2,,,SUCCESS,15,15,20,
0.4,155,bot3,,,SUCCESS,15,15,20,
0.4,155,bot4,,,SUCCESS,15,15,20,
0.4,184,bot1,,,BURNED,20,47,27,
0.4,184,bot2,,,GAVE_UP,34,47,27,
0.4,184,bot3,,,GAVE_UP,34,47,27,
0.4,184,bot4,,,GAVE_UP,34,47,27,1
0.4,185,bot1,,,SUCCESS,12,10,9,
0.4,185,bot2,,,SUCCESS,12,10,9,
0.4,185,bot3,,,SUCCESS,12,10,9,
0.4,185,bot4,,,SUCCESS,12,10,9,
0.4,186,bot1,,,BUTTON_BURNED,6,46,3,
0.4,186,bot2,,,GAVE_UP,5,46,3,
0.4,186,bot3,,,GAVE_UP,5,46,3,
0.4,186,bot4,,,GAVE_UP,5,46,3,1
0.4,187,bot1,,,SUCCESS,32,32,48,
0.4,187,bot2,,,SUCCESS,32,32,48,
0.4,187,bot3,,,SUCCESS,32,32,48,
0.4,187,bot4,,,SUCCESS,32,32,48,
0.45,0,bot1,,,SUCCESS,17,17,39,
0.45,0,bot2,,,SUCCESS,17,17,39,
0.45,0,bot3,,,SUCCESS,17,17,39,
0.45,0,bot4,,,SUCCESS,17,17,39,
0.45,1,bot1,,,SUCCESS,14,14,68,
0.45,1,bot2,,,SUCCESS,14,14,68,
0.45,1,bot3,,,SUCCESS,14,14,68,
0.45,1,bot4,,,SUCCESS,14,14,68,
0.45,2,bot1,,,SUCCESS,35,35,29,
0.45,2,bot2,,,SUCCESS,35,35,29,
0.45,2,bot3,,,SUCCESS,35,35,29,
0.45,2,bot4,,,SUCCESS,35,35,29,
0.45,3,bot1,,,SUCCESS,24,24,22,
0.45,3,bot2,,,SUCCESS,24,24,22,
0.45,3,bot3,,,SUCCESS,24,24,22,
0.45,3,bot4,,,SUCCESS,24,24,22,
0.45,4,bot1,,,BURNED,17,41,26,
0.45,4,bot2,,,GAVE_UP,15,41,26,
0.45,4,bot3,,,GAVE_UP,15,41,26,
0.45,4,bot4,,,GAVE_UP,15,41,26,1
0.45,5,bot1,,,SUCCESS,24,24,19,
0.45,5,bot2,,,SUCCESS,24,24,19,
0.45,5,bot3,,,SUCCESS,24,24,19,
0.45,5,bot4,,,SUCCESS,24,24,19,
0.45,6,bot1,,,SUCCESS,5,5,19,
0.45,6,bot2,,,SUCCESS,5,5,19,
0.45,6,bot3,,,SUCCESS,5,5,19,
0.45,6,bot4,,,SUCCESS,5,5,19,
0.45,7,bot1,,,BURNED,8,27,20,
0.45,7,bot2,,,SUCCESS,33,27,20,
0.45,7,bot3,,,SUCCESS,31,27,20,
0.45,7,bot4,,,SUCCESS,29,27,20,
0.4,172,bot1,,,BURNED,12,43,30,
0.4,172,bot2,,,BURNED,21,43,30,
0.4,172,bot3,,,SUCCESS,47,43,30,
0.4,172,bot4,,,SUCCESS,45,43,30,
0.4,173,bot1,,,BURNED,24,43,27,
0.4,173,bot2,,,GAVE_UP,30,43,27,
0.4,173,bot3,,,GAVE_UP,30,43,27,
0.4,173,bot4,,,SUCCESS,51,43,27,
0.4,174,bot1,,,SUCCESS,12,12,23,
0.4,174,bot2,,,SUCCESS,12,12,23,
0.4,174,bot3,,,SUCCESS,12,12,23,
0.4,174,bot4,,,SUCCESS,12,12,23,
0.4,175,bot1,,,SUCCESS,18,18,19,
0.4,175,bot2,,,SUCCESS,18,18,19,
0.4,175,bot3,,,SUCCESS,18,18,19,
0.4,175,bot4,,,SUCCESS,18,18,19,
0.4,188,bot1,,,SUCCESS,23,23,45,
0.4,188,bot2,,,SUCCESS,23,23,45,
0.4,188,bot3,,,SUCCESS,23,23,45,
0.4,188,bot4,,,SUCCESS,23,23,45,
0.4,189,bot1,,,SUCCESS,25,25,54,
0.4,189,bot2,,,SUCCESS,25,25,54,
0.4,189,bot3,,,SUCCESS,25,25,54,
0.4,189,bot4,,,SUCCESS,25,25,54,
0.4,190,bot1,,,SUCCESS,48,48,55,
0.4,190,bot2,,,SUCCESS,48,48,55,
0.4,190,bot3,,,SUCCESS,48,48,55,
0.4,190,bot4,,,SUCCESS,48,48,55,
0.4,191,bot1,,,SUCCESS,40,40,31,
0.4,191,bot2,,,SUCCESS,40,40,31,
0.4,191,bot3,,,SUCCESS,40,40,31,
0.4,191,bot4,,,SUCCESS,40,40,31,
0.4,180,bot1,,,SUCCESS,49,49,45,
0.4,180,bot2,,,SUCCESS,49,49,45,
0.4,180,bot3,,,SUCCESS,49,49,45,
0.4,180,bot4,,,SUCCESS,49,49,45,
0.4,181,bot1,,,SUCCESS,24,24,27,
0.4,181,bot2,,,SUCCESS,24,24,27,
0.4,181,bot3,,,SUCCESS,24,24,27,
0.4,181,bot4,,,SUCCESS,24,24,27,
0.4,182,bot1,,,SUCCESS,40,40,45,
0.4,182,bot2,,,SUCCESS,40,40,45,
0.4,182,bot3,,,SUCCESS,40,40,45,
0.4,182,bot4,,,SUCCESS,40,40,45,
0.4,183,bot1,,,SUCCESS,56,56,48,
0.4,183,bot2,,,SUCCESS,56,56,48,
0.4,183,bot3,,,SUCCESS,56,56,48,
0.4,183,bot4,,,SUCCESS,56,56,48,
0.45,12,bot1,,,SUCCESS,30,30,24,
0.45,12,bot2,,,SUCCESS,30,30,24,
0.45,12,bot3,,,SUCCESS,30,30,24,
0.45,12,bot4,,,SUCCESS,30,30,24,
0.45,13,bot1,,,SUCCESS,16,16,62,
0.45,13,bot2,,,SUCCESS,16,16,62,
0.45,13,bot3,,,SUCCESS,16,16,62,
0.45,13,bot4,,,SUCCESS,16,16,62,
0.45,14,bot1,,,SUCCESS,28,28,49,
0.45,14,bot2,,,SUCCESS,28,28,49,
0.45,14,bot3,,,SUCCESS,28,28,49,
0.45,14,bot4,,,SUCCESS,28,28,49,
0.45,15,bot1,,,SUCCESS,13,13,30,
0.45,15,bot2,,,SUCCESS,13,13,30,
0.45,15,bot3,,,SUCCESS,13,13,30,
0.45,15,bot4,,,SUCCESS,13,13,30,
0.4,192,bot1,,,SUCCESS,18,18,45,
0.4,192,bot2,,,SUCCESS,18,18,45,
0.4,192,bot3,,,SUCCESS,18,18,45,
0.4,192,bot4,,,SUCCESS,18,18,45,
0.4,193,bot1,,,BURNED,17,35,17,
0.4,193,bot2,,,GAVE_UP,33,35,17,
0.4,193,bot3,,,GAVE_UP,33,35,17,
0.4,193,bot4,,,BUTTON_BURNED,36,35,17,15
0.4,194,bot1,,,SUCCESS,55,55,64,
0.4,194,bot2,,,SUCCESS,55,55,64,
0.4,194,bot3,,,SUCCESS,55,55,64,
0.4,194,bot4,,,SUCCESS,55,55,64,
0.4,195,bot1,,,SUCCESS,40,40,23,
0.4,195,bot2,,,SUCCESS,40,40,23,
0.4,195,bot3,,,SUCCESS,50,40,23,
0.4,195,bot4,,,SUCCESS,40,40,23,
0.45,8,bot1,,,SUCCESS,25,25,43,
0.45,8,bot2,,,SUCCESS,25,25,43,
0.45,8,bot3,,,SUCCESS,25,25,43,
0.45,8,bot4,,,SUCCESS,25,25,43,
0.45,9,bot1,,,BURNED,11,39,20,
0.45,9,bot2,,,GAVE_UP,17,39,20,
0.45,9,bot3,,,GAVE_UP,17,39,20,
0.45,9,bot4,,,GAVE_UP,17,39,20,1
0.45,10,bot1,,,SUCCESS,41,41,33,
0.45,10,bot2,,,SUCCESS,41,41,33,
0.45,10,bot3,,,SUCCESS,41,41,33,
0.45,10,bot4,,,SUCCESS,41,41,33,
0.45,11,bot1,,,SUCCESS,48,48,31,
0.45,11,bot2,,,SUCCESS,48,48,31,
0.45,11,bot3,,,SUCCESS,48,48,31,
0.45,11,bot4,,,SUCCESS,48,48,31,
0.45,20,bot1,,,SUCCESS,43,43,16,
0.45,20,bot2,,,SUCCESS,43,43,16,
0.45,20,bot3,,,SUCCESS,43,43,16,
0.45,20,bot4,,,SUCCESS,43,43,16,14
0.45,21,bot1,,,SUCCESS,17,17,55,
0.45,21,bot2,,,SUCCESS,17,17,55,
0.45,21,bot3,,,SUCCESS,17,17,55,
0.45,21,bot4,,,SUCCESS,17,17,55,
0.45,22,bot1,,,SUCCESS,15,15,33,
0.45,22,bot2,,,SUCCESS,15,15,33,
0.45,22,bot3,,,SUCCESS,15,15,33,
0.45,22,bot4,,,SUCCESS,15,15,33,
0.45,23,bot1,,,SUCCESS,33,33,41,
0.45,23,bot2,,,SUCCESS,33,33,41,
0.45,23,bot3,,,SUCCESS,33,33,41,
0.45,23,bot4,,,SUCCESS,33,33,41,
0.45,32,bot1,,,SUCCESS,13,13,24,
0.45,32,bot2,,,SUCCESS,13,13,24,
0.45,32,bot3,,,SUCCESS,13,13,24,
0.45,32,bot4,,,SUCCESS,13,13,24,
0.45,33,bot1,,,BUTTON_BURNED,12,31,7,
0.45,33,bot2,,,BUTTON_BURNED,12,31,7,
0.45,33,bot3,,,BUTTON_BURNED,12,31,7,
0.45,33,bot4,,,BUTTON_BURNED,12,31,7,1
0.45,34,bot1,,,BUTTON_BURNED,16,39,9,
0.45,34,bot2,,,BUTTON_BURNED,16,39,9,
0.45,34,bot3,,,BUTTON_BURNED,16,39,9,
0.45,34,bot4,,,BUTTON_BURNED,16,39,9,6
0.45,35,bot1,,,SUCCESS,38,38,45,
0.45,35,bot2,,,SUCCESS,38,38,45,
0.45,35,bot3,,,SUCCESS,38,38,45,
0.45,35,bot4,,,SUCCESS,38,38,45,
0.4,196,bot1,,,SUCCESS,15,15,30,
0.4,196,bot2,,,SUCCESS,15,15,30,
0.4,196,bot3,,,SUCCESS,15,15,30,
0.4,196,bot4,,,SUCCESS,15,15,30,
0.4,197,bot1,,,SUCCESS,51,51,38,
0.4,197,bot2,,,SUCCESS,51,51,38,
0.4,197,bot3,,,SUCCESS,53,51,38,
0.4,197,bot4,,,SUCCESS,57,51,38,
0.4,198,bot1,,,BUTTON_BURNED,52,65,25,
0.4,198,bot2,,,GAVE_UP,49,65,25,
0.4,198,bot3,,,GAVE_UP,49,65,25,
0.4,198,bot4,,,GAVE_UP,49,65,25,
0.4,199,bot1,,,SUCCESS,52,52,24,
0.4,199,bot2,,,SUCCESS,52,52,24,
0.4,199,bot3,,,SUCCESS,52,52,24,
0.4,199,bot4,,,SUCCESS,52,52,24,
0.45,24,bot1,,,BUTTON_BURNED,52,65,27,
0.45,24,bot2,,,BUTTON_BURNED,52,65,27,
0.45,24,bot3,,,BUTTON_BURNED,52,65,27,
0.45,24,bot4,,,BUTTON_BURNED,52,65,27,27
0.45,25,bot1,,,SUCCESS,36,36,49,
0.45,25,bot2,,,SUCCESS,36,36,49,
0.45,25,bot3,,,SUCCESS,36,36,49,
0.45,25,bot4,,,SUCCESS,36,36,49,
0.45,26,bot1,,,SUCCESS,22,22,59,
0.45,26,bot2,,,SUCCESS,22,22,59,
0.45,26,bot3,,,SUCCESS,22,22,59,
0.45,26,bot4,,,SUCCESS,22,22,59,
0.45,27,bot1,,,SUCCESS,23,23,41,
0.45,27,bot2,,,SUCCESS,23,23,41,
0.45,27,bot3,,,SUCCESS,23,23,41,
0.45,27,bot4,,,SUCCESS,23,23,41,
0.45,48,bot1,,,SUCCESS,17,17,37,
0.45,48,bot2,,,SUCCESS,17,17,37,
0.45,48,bot3,,,SUCCESS,17,17,37,
0.45,48,bot4,,,SUCCESS,17,17,37,
0.45,49,bot1,,,SUCCESS,3,3,29,
0.45,49,bot2,,,SUCCESS,3,3,29,
0.45,49,bot3,,,SUCCESS,3,3,29,
0.45,49,bot4,,,SUCCESS,3,3,29,
0.45,50,bot1,,,SUCCESS,32,32,48,
0.45,50,bot2,,,SUCCESS,32,32,48,
0.45,50,bot3,,,SUCCESS,32,32,48,
0.45,50,bot4,,,SUCCESS,32,32,48,
0.45,51,bot1,,,SUCCESS,31,31,40,
0.45,51,bot2,,,SUCCESS,31,31,40,
0.45,51,bot3,,,SUCCESS,31,31,40,
0.45,51,bot4,,,SUCCESS,31,31,40,
0.45,16,bot1,,,SUCCESS,35,35,57,
0.45,16,bot2,,,SUCCESS,35,35,57,
0.45,16,bot3,,,SUCCESS,35,35,57,
0.45,16,bot4,,,SUCCESS,35,35,57,
0.45,17,bot1,,,SUCCESS,19,19,22,
0.45,17,bot2,,,SUCCESS,19,19,22,
0.45,17,bot3,,,SUCCESS,19,19,22,
0.45,17,bot4,,,SUCCESS,19,19,22,
0.45,18,bot1,,,SUCCESS,64,64,58,
0.45,18,bot2,,,SUCCESS,64,64,58,
0.45,18,bot3,,,SUCCESS,64,64,58,
0.45,18,bot4,,,SUCCESS,64,64,58,
0.45,19,bot1,,,SUCCESS,49,49,33,
0.45,19,bot2,,,SUCCESS,49,49,33,
0.45,19,bot3,,,SUCCESS,49,49,33,
0.45,19,bot4,,,SUCCESS,49,49,33,
0.45,28,bot1,,,SUCCESS,20,20,23,
0.45,28,bot2,,,SUCCESS,20,20,23,
0.45,28,bot3,,,SUCCESS,20,20,23,
0.45,28,bot4,,,SUCCESS,20,20,23,
0.45,29,bot1,,,BUTTON_BURNED,10,41,7,
0.45,29,bot2,,,GAVE_UP,7,41,7,
0.45,29,bot3,,,GAVE_UP,7,41,7,
0.45,29,bot4,,,GAVE_UP,7,41,7,1
0.45,30,bot1,,,BUTTON_BURNED,23,41,14,
0.45,30,bot2,,,BUTTON_BURNED,23,41,14,
0.45,30,bot3,,,BUTTON_BURNED,23,41,14,
0.45,30,bot4,,,BUTTON_BURNED,23,41,14,
0.45,31,bot1,,,SUCCESS,68,68,44,
0.45,31,bot2,,,SUCCESS,68,68,44,
0.45,31,bot3,,,SUCCESS,68,68,44,
0.45,31,bot4,,,SUCCESS,68,68,44,
0.45,52,bot1,,,SUCCESS,25,25,27,
0.45,52,bot2,,,SUCCESS,25,25,27,
0.45,52,bot3,,,SUCCESS,25,25,27,
0.45,52,bot4,,,SUCCESS,25,25,27,
0.45,53,bot1,,,SUCCESS,36,36,39,
0.45,53,bot2,,,SUCCESS,36,36,39,
0.45,53,bot3,,,SUCCESS,36,36,39,
0.45,53,bot4,,,SUCCESS,36,36,39,
0.45,54,bot1,,,SUCCESS,51,51,39,
0.45,54,bot2,,,SUCCESS,51,51,39,
0.45,54,bot3,,,SUCCESS,51,51,39,
0.45,54,bot4,,,SUCCESS,51,51,39,
0.45,55,bot1,,,SUCCESS,5,5,31,
0.45,55,bot2,,,SUCCESS,5,5,31,
0.45,55,bot3,,,SUCCESS,5,5,31,
0.45,55,bot4,,,SUCCESS,5,5,31,
0.45,36,bot1,,,SUCCESS,19,19,39,
0.45,36,bot2,,,SUCCESS,19,19,39,
0.45,36,bot3,,,SUCCESS,19,19,39,
0.45,36,bot4,,,SUCCESS,19,19,39,
0.45,37,bot1,,,BURNED,39,54,26,
0.45,37,bot2,,,GAVE_UP,42,54,26,
0.45,37,bot3,,,GAVE_UP,42,54,26,
0.45,37,bot4,,,GAVE_UP,42,54,26,18
0.45,38,bot1,,,SUCCESS,37,37,35,
0.45,38,bot2,,,SUCCESS,37,37,35,
0.45,38,bot3,,,SUCCESS,37,37,35,
0.45,38,bot4,,,SUCCESS,37,37,35,
0.45,39,bot1,,,SUCCESS,60,60,46,
0.45,39,bot2,,,SUCCESS,60,60,46,
0.45,39,bot3,,,SUCCESS,60,60,46,
0.45,39,bot4,,,SUCCESS,60,60,46,
0.45,60,bot1,,,SUCCESS,38,38,48,
0.45,60,bot2,,,SUCCESS,38,38,48,
0.45,60,bot3,,,SUCCESS,38,38,48,
0.45,60,bot4,,,SUCCESS,38,38,48,
0.45,61,bot1,,,SUCCESS,11,11,36,
0.45,61,bot2,,,SUCCESS,11,11,36,
0.45,61,bot3,,,SUCCESS,11,11,36,
0.45,61,bot4,,,SUCCESS,11,11,36,
0.45,62,bot1,,,BURNED,18,24,14,
0.45,62,bot2,,,GAVE_UP,17,24,14,
0.45,62,bot3,,,GAVE_UP,17,24,14,
0.45,62,bot4,,,SUCCESS,26,24,14,
0.45,63,bot1,,,BUTTON_BURNED,7,28,3,
0.45,63,bot2,,,BUTTON_BURNED,7,28,3,
0.45,63,bot3,,,BUTTON_BURNED,7,28,3,
0.45,63,bot4,,,BUTTON_BURNED,7,28,3,1
0.45,68,bot1,,,SUCCESS,3,3,13,
0.45,68,bot2,,,SUCCESS,3,3,13,
0.45,68,bot3,,,SUCCESS,3,3,13,
0.45,68,bot4,,,SUCCESS,3,3,13,
0.45,69,bot1,,,SUCCESS,24,24,24,
0.45,69,bot2,,,SUCCESS,24,24,24,
0.45,69,bot3,,,SUCCESS,24,24,24,
0.45,69,bot4,,,SUCCESS,24,24,24,
0.45,70,bot1,,,SUCCESS,24,24,23,
0.45,70,bot2,,,SUCCESS,24,24,23,
0.45,70,bot3,,,SUCCESS,24,24,23,
0.45,70,bot4,,,SUCCESS,24,24,23,
0.45,71,bot1,,,BUTTON_BURNED,27,46,13,
0.45,71,bot2,,,GAVE_UP,26,46,13,
0.45,71,bot3,,,GAVE_UP,26,46,13,
0.45,71,bot4,,,GAVE_UP,26,46,13,1
0.45,40,bot1,,,SUCCESS,54,54,34,
0.45,40,bot2,,,SUCCESS,54,54,34,
0.45,40,bot3,,,SUCCESS,54,54,34,
0.45,40,bot4,,,SUCCESS,54,54,34,
0.45,41,bot1,,,SUCCESS,26,26,18,
0.45,41,bot2,,,SUCCESS,26,26,18,
0.45,41,bot3,,,SUCCESS,26,26,18,
0.45,41,bot4,,,GAVE_UP,24,26,18,9
0.45,42,bot1,,,SUCCESS,27,27,73,
0.45,42,bot2,,,SUCCESS,27,27,73,
0.45,42,bot3,,,SUCCESS,27,27,73,
0.45,42,bot4,,,SUCCESS,27,27,73,
0.45,43,bot1,,,SUCCESS,49,49,26,
0.45,43,bot2,,,SUCCESS,49,49,26,
0.45,43,bot3,,,SUCCESS,49,49,26,
0.45,43,bot4,,,SUCCESS,49,49,26,
0.45,44,bot1,,,SUCCESS,49,49,51,
0.45,44,bot2,,,SUCCESS,49,49,51,
0.45,44,bot3,,,SUCCESS,49,49,51,
0.45,44,bot4,,,SUCCESS,49,49,51,
0.45,45,bot1,,,SUCCESS,34,34,37,
0.45,45,bot2,,,SUCCESS,34,34,37,
0.45,45,bot3,,,SUCCESS,34,34,37,
0.45,45,bot4,,,SUCCESS,34,34,37,
0.45,46,bot1,,,SUCCESS,22,22,33,
0.45,46,bot2,,,SUCCESS,22,22,33,
0.45,46,bot3,,,SUCCESS,22,22,33,
0.45,46,bot4,,,SUCCESS,22,22,33,
0.45,47,bot1,,,BURNED,30,48,25,
0.45,47,bot2,,,GAVE_UP,47,48,25,
0.45,47,bot3,,,GAVE_UP,47,48,25,
0.45,47,bot4,,,GAVE_UP,47,48,25,7
0.45,56,bot1,,,BUTTON_BURNED,13,54,7,
0.45,56,bot2,,,BUTTON_BURNED,13,54,7,
0.45,56,bot3,,,BUTTON_BURNED,13,54,7,
0.45,56,bot4,,,BUTTON_BURNED,13,54,7,1
0.45,57,bot1,,,SUCCESS,20,20,26,
0.45,57,bot2,,,SUCCESS,20,20,26,
0.45,57,bot3,,,SUCCESS,20,20,26,
0.45,57,bot4,,,SUCCESS,20,20,26,
0.45,58,bot1,,,BUTTON_BURNED,31,47,12,
0.45,58,bot2,,,GAVE_UP,27,47,12,
0.45,58,bot3,,,GAVE_UP,27,47,12,
0.45,58,bot4,,,GAVE_UP,27,47,12,
0.45,59,bot1,,,SUCCESS,52,52,44,
0.45,59,bot2,,,SUCCESS,52,52,44,
0.45,59,bot3,,,SUCCESS,52,52,44,
0.45,59,bot4,,,SUCCESS,56,52,44,
0.45,64,bot1,,,SUCCESS,56,56,60,
0.45,64,bot2,,,SUCCESS,56,56,60,
0.45,64,bot3,,,SUCCESS,56,56,60,
0.45,64,bot4,,,SUCCESS,56,56,60,
0.45,65,bot1,,,SUCCESS,2,2,58,
0.45,65,bot2,,,SUCCESS,2,2,58,
0.45,65,bot3,,,SUCCESS,2,2,58,
0.45,65,bot4,,,SUCCESS,2,2,58,
0.45,66,bot1,,,SUCCESS,48,48,28,
0.45,66,bot2,,,SUCCESS,48,48,28,
0.45,66,bot3,,,SUCCESS,48,48,28,
0.45,66,bot4,,,SUCCESS,48,48,28,19
0.45,67,bot1,,,SUCCESS,27,27,61,
0.45,67,bot2,,,SUCCESS,27,27,61,
0.45,67,bot3,,,SUCCESS,27,27,61,
0.45,67,bot4,,,SUCCESS,27,27,61,
0.45,84,bot1,,,BUTTON_BURNED,29,40,14,
0.45,84,bot2,,,BUTTON_BURNED,29,40,14,
0.45,84,bot3,,,BUTTON_BURNED,29,40,14,
0.45,84,bot4,,,BUTTON_BURNED,29,40,14,
0.45,85,bot1,,,SUCCESS,29,29,47,
0.45,85,bot2,,,SUCCESS,29,29,47,
0.45,85,bot3,,,SUCCESS,29,29,47,
0.45,85,bot4,,,SUCCESS,29,29,47,
0.45,86,bot1,,,SUCCESS,16,16,47,
0.45,86,bot2,,,SUCCESS,16,16,47,
0.45,86,bot3,,,SUCCESS,16,16,47,
0.45,86,bot4,,,SUCCESS,16,16,47,
0.45,87,bot1,,,SUCCESS,40,40,38,
0.45,87,bot2,,,SUCCESS,40,40,38,
0.45,87,bot3,,,SUCCESS,40,40,38,
0.45,87,bot4,,,SUCCESS,40,40,38,
0.45,76,bot1,,,SUCCESS,39,39,50,
0.45,76,bot2,,,SUCCESS,39,39,50,
0.45,76,bot3,,,SUCCESS,39,39,50,
0.45,76,bot4,,,SUCCESS,39,39,50,
0.45,77,bot1,,,BUTTON_BURNED,8,34,6,
0.45,77,bot2,,,BUTTON_BURNED,8,34,6,
0.45,77,bot3,,,BUTTON_BURNED,8,34,6,
0.45,77,bot4,,,BUTTON_BURNED,8,34,6,2
0.45,78,bot1,,,SUCCESS,51,51,48,
0.45,78,bot2,,,SUCCESS,51,51,48,
0.45,78,bot3,,,SUCCESS,59,51,48,
0.45,78,bot4,,,SUCCESS,53,51,48,
0.45,79,bot1,,,SUCCESS,18,18,10,
0.45,79,bot2,,,SUCCESS,18,18,10,
0.45,79,bot3,,,SUCCESS,18,18,10,
0.45,79,bot4,,,SUCCESS,18,18,10,
0.45,72,bot1,,,BUTTON_BURNED,29,30,22,
0.45,72,bot2,,,BUTTON_BURNED,29,30,22,
0.45,72,bot3,,,BUTTON_BURNED,29,30,22,
0.45,72,bot4,,,BUTTON_BURNED,29,30,22,
0.45,73,bot1,,,SUCCESS,45,45,62,
0.45,73,bot2,,,SUCCESS,45,45,62,
0.45,73,bot3,,,SUCCESS,45,45,62,
0.45,73,bot4,,,SUCCESS,45,45,62,
0.45,74,bot1,,,SUCCESS,30,30,43,
0.45,74,bot2,,,SUCCESS,30,30,43,
0.45,74,bot3,,,SUCCESS,30,30,43,
0.45,74,bot4,,,SUCCESS,30,30,43,
0.45,75,bot1,,,SUCCESS,31,31,21,
0.45,75,bot2,,,SUCCESS,31,31,21,
0.45,75,bot3,,,SUCCESS,31,31,21,
0.45,75,bot4,,,SUCCESS,31,31,21,
0.45,96,bot1,,,BUTTON_BURNED,32,53,20,
0.45,96,bot2,,,GAVE_UP,25,53,20,
0.45,96,bot3,,,GAVE_UP,25,53,20,
0.45,96,bot4,,,GAVE_UP,25,53,20,2
0.45,97,bot1,,,SUCCESS,13,13,14,
0.45,97,bot2,,,SUCCESS,13,13,14,
0.45,97,bot3,,,SUCCESS,13,13,14,
0.45,97,bot4,,,SUCCESS,13,13,14,
0.45,98,bot1,,,SUCCESS,28,28,27,
0.45,98,bot2,,,SUCCESS,28,28,27,
0.45,98,bot3,,,SUCCESS,28,28,27,
0.45,98,bot4,,,SUCCESS,28,28,27,
0.45,99,bot1,,,SUCCESS,26,26,52,
0.45,99,bot2,,,SUCCESS,26,26,52,
0.45,99,bot3,,,SUCCESS,26,26,52,
0.45,99,bot4,,,SUCCESS,26,26,52,
0.45,88,bot1,,,BUTTON_BURNED,21,55,13,
0.45,88,bot2,,,BUTTON_BURNED,21,55,13,
0.45,88,bot3,,,BUTTON_BURNED,21,55,13,
0.45,88,bot4,,,BUTTON_BURNED,21,55,13,1
0.45,89,bot1,,,BURNED,22,50,32,
0.45,89,bot2,,,BUTTON_BURNED,43,50,32,
0.45,89,bot3,,,GAVE_UP,23,50,32,
0.45,89,bot4,,,BUTTON_BURNED,43,50,32,26
0.45,90,bot1,,,BURNED,21,51,40,
0.45,90,bot2,,,GAVE_UP,31,51,40,
0.45,90,bot3,,,GAVE_UP,31,51,40,
0.45,90,bot4,,,GAVE_UP,31,51,40,1
0.45,91,bot1,,,SUCCESS,23,23,48,
0.45,91,bot2,,,SUCCESS,23,23,48,
0.45,91,bot3,,,SUCCESS,23,23,48,
0.45,91,bot4,,,SUCCESS,23,23,48,
0.45,112,bot1,,,SUCCESS,7,7,9,
0.45,112,bot2,,,SUCCESS,7,7,9,
0.45,112,bot3,,,SUCCESS,7,7,9,
0.45,112,bot4,,,SUCCESS,7,7,9,
0.45,113,bot1,,,SUCCESS,23,23,13,
0.45,113,bot2,,,SUCCESS,23,23,13,
0.45,113,bot3,,,SUCCESS,23,23,13,
0.45,113,bot4,,,SUCCESS,23,23,13,
0.45,114,bot1,,,SUCCESS,27,27,31,
0.45,114,bot2,,,SUCCESS,27,27,31,
0.45,114,bot3,,,SUCCESS,27,27,31,
0.45,114,bot4,,,SUCCESS,27,27,31,
0.45,115,bot1,,,SUCCESS,48,48,49,
0.45,115,bot2,,,SUCCESS,48,48,49,
0.45,115,bot3,,,SUCCESS,48,48,49,
0.45,115,bot4,,,SUCCESS,48,48,49,
0.45,80,bot1,,,BURNED,47,57,31,
0.45,80,bot2,,,BUTTON_BURNED,68,57,31,
0.45,80,bot3,,,BUTTON_BURNED,68,57,31,
0.45,80,bot4,,,SUCCESS,63,57,31,
0.45,81,bot1,,,SUCCESS,43,43,56,
0.45,81,bot2,,,SUCCESS,43,43,56,
0.45,81,bot3,,,SUCCESS,43,43,56,
0.45,81,bot4,,,SUCCESS,43,43,56,
0.45,82,bot1,,,BURNED,40,43,19,
0.45,82,bot2,,,GAVE_UP,37,43,19,
0.45,82,bot3,,,GAVE_UP,37,43,19,
0.45,82,bot4,,,GAVE_UP,37,43,19,
0.45,83,bot1,,,BURNED,11,43,39,
0.45,83,bot2,,,SUCCESS,43,43,39,
0.45,83,bot3,,,SUCCESS,57,43,39,
0.45,83,bot4,,,SUCCESS,45,43,39,
0.45,104,bot1,,,SUCCESS,24,24,32,
0.45,104,bot2,,,SUCCESS,24,24,32,
0.45,104,bot3,,,SUCCESS,24,24,32,
0.45,104,bot4,,,SUCCESS,24,24,32,
0.45,105,bot1,,,SUCCESS,47,47,33,
0.45,105,bot2,,,SUCCESS,47,47,33,
0.45,105,bot3,,,SUCCESS,47,47,33,
0.45,105,bot4,,,SUCCESS,47,47,33,
0.45,106,bot1,,,BUTTON_BURNED,23,41,10,
0.45,106,bot2,,,BUTTON_BURNED,23,41,10,
0.45,106,bot3,,,BUTTON_BURNED,23,41,10,
0.45,106,bot4,,,BUTTON_BURNED,23,41,10,1
0.45,107,bot1,,,BURNED,13,40,24,
0.45,107,bot2,,,BUTTON_BURNED,40,40,24,
0.45,107,bot3,,,BURNED,19,40,24,
0.45,107,bot4,,,BURNED,19,40,24,2
0.45,92,bot1,,,SUCCESS,46,46,37,
0.45,92,bot2,,,SUCCESS,46,46,37,
0.45,92,bot3,,,SUCCESS,48,46,37,
0.45,92,bot4,,,SUCCESS,50,46,37,14
0.45,93,bot1,,,SUCCESS,38,38,42,
0.45,93,bot2,,,SUCCESS,38,38,42,
0.45,93,bot3,,,SUCCESS,38,38,42,
0.45,93,bot4,,,SUCCESS,38,38,42,
0.45,94,bot1,,,SUCCESS,21,21,30,
0.45,94,bot2,,,SUCCESS,21,21,30,
0.45,94,bot3,,,SUCCESS,21,21,30,
0.45,94,bot4,,,SUCCESS,21,21,30,
0.45,95,bot1,,,SUCCESS,46,46,38,
0.45,95,bot2,,,SUCCESS,46,46,38,
0.45,95,bot3,,,SUCCESS,46,46,38,
0.45,95,bot4,,,SUCCESS,46,46,38,
0.45,108,bot1,,,SUCCESS,47,47,45,
0.45,108,bot2,,,SUCCESS,47,47,45,
0.45,108,bot3,,,SUCCESS,47,47,45,
0.45,108,bot4,,,SUCCESS,47,47,45,
0.45,109,bot1,,,SUCCESS,5,5,18,
0.45,109,bot2,,,SUCCESS,5,5,18,
0.45,109,bot3,,,SUCCESS,5,5,18,
0.45,109,bot4,,,SUCCESS,5,5,18,
0.45,110,bot1,,,SUCCESS,28,28,39,
0.45,110,bot2,,,SUCCESS,28,28,39,
0.45,110,bot3,,,SUCCESS,28,28,39,
0.45,110,bot4,,,SUCCESS,28,28,39,
0.45,111,bot1,,,BURNED,19,57,31,
0.45,111,bot2,,,GAVE_UP,37,57,31,
0.45,111,bot3,,,GAVE_UP,37,57,31,
0.45,111,bot4,,,GAVE_UP,37,57,31,13
0.45,100,bot1,,,BURNED,22,36,16,
0.45,100,bot2,,,BUTTON_BURNED,41,36,16,
0.45,100,bot3,,,BUTTON_BURNED,41,36,16,
0.45,100,bot4,,,BUTTON_BURNED,41,36,16,19
0.45,101,bot1,,,SUCCESS,46,46,47,
0.45,101,bot2,,,SUCCESS,46,46,47,
0.45,101,bot3,,,SUCCESS,46,46,47,
0.45,101,bot4,,,SUCCESS,46,46,47,
0.45,102,bot1,,,BURNED,26,48,38,
0.45,102,bot2,,,BURNED,26,48,38,
0.45,102,bot3,,,SUCCESS,50,48,38,
0.45,102,bot4,,,SUCCESS,48,48,38,
0.45,103,bot1,,,BUTTON_BURNED,17,68,9,
0.45,103,bot2,,,GAVE_UP,15,68,9,
0.45,103,bot3,,,GAVE_UP,15,68,9,
0.45,103,bot4,,,GAVE_UP,15,68,9,1
0.45,116,bot1,,,SUCCESS,9,9,34,
0.45,116,bot2,,,SUCCESS,9,9,34,
0.45,116,bot3,,,SUCCESS,9,9,34,
0.45,116,bot4,,,SUCCESS,9,9,34,
0.45,117,bot1,,,SUCCESS,31,31,39,
0.45,117,bot2,,,SUCCESS,31,31,39,
0.45,117,bot3,,,SUCCESS,31,31,39,
0.45,117,bot4,,,SUCCESS,31,31,39,
0.45,118,bot1,,,SUCCESS,37,37,31,
0.45,118,bot2,,,SUCCESS,37,37,31,
0.45,118,bot3,,,SUCCESS,37,37,31,
0.45,118,bot4,,,SUCCESS,37,37,31,
0.45,119,bot1,,,SUCCESS,65,65,59,
0.45,119,bot2,,,SUCCESS,65,65,59,
0.45,119,bot3,,,SUCCESS,65,65,59,
0.45,119,bot4,,,SUCCESS,65,65,59,
0.45,120,bot1,,,BURNED,18,46,32,
0.45,120,bot2,,,BURNED,18,46,32,
0.45,120,bot3,,,GAVE_UP,74,46,32,
0.45,120,bot4,,,SUCCESS,56,46,32,
0.45,121,bot1,,,SUCCESS,27,27,19,
0.45,121,bot2,,,SUCCESS,27,27,19,
0.45,121,bot3,,,SUCCESS,27,27,19,
0.45,121,bot4,,,SUCCESS,27,27,19,
0.45,122,bot1,,,SUCCESS,7,7,56,
0.45,122,bot2,,,SUCCESS,7,7,56,
0.45,122,bot3,,,SUCCESS,7,7,56,
0.45,122,bot4,,,SUCCESS,7,7,56,
0.45,123,bot1,,,SUCCESS,31,31,35,
0.45,123,bot2,,,SUCCESS,31,31,35,
0.45,123,bot3,,,SUCCESS,31,31,35,
0.45,123,bot4,,,SUCCESS,31,31,35,
0.45,124,bot1,,,SUCCESS,17,17,36,
0.45,124,bot2,,,SUCCESS,17,17,36,
0.45,124,bot3,,,SUCCESS,17,17,36,
0.45,124,bot4,,,SUCCESS,17,17,36,
0.45,125,bot1,,,SUCCESS,31,31,28,
0.45,125,bot2,,,SUCCESS,31,31,28,
0.45,125,bot3,,,SUCCESS,31,31,28,
0.45,125,bot4,,,SUCCESS,31,31,28,
0.45,126,bot1,,,SUCCESS,39,39,37,
0.45,126,bot2,,,SUCCESS,39,39,37,
0.45,126,bot3,,,SUCCESS,39,39,37,
0.45,126,bot4,,,SUCCESS,39,39,37,3
0.45,127,bot1,,,BURNED,25,28,11,
0.45,127,bot2,,,GAVE_UP,23,28,11,
0.45,127,bot3,,,GAVE_UP,23,28,11,
0.45,127,bot4,,,GAVE_UP,23,28,11,2
0.45,140,bot1,,,BURNED,12,35,19,
0.45,140,bot2,,,GAVE_UP,28,35,19,
0.45,140,bot3,,,GAVE_UP,28,35,19,
0.45,140,bot4,,,GAVE_UP,28,35,19,1
0.45,141,bot1,,,SUCCESS,20,20,29,
0.45,141,bot2,,,SUCCESS,20,20,29,
0.45,141,bot3,,,SUCCESS,20,20,29,
0.45,141,bot4,,,SUCCESS,20,20,29,
0.45,142,bot1,,,SUCCESS,6,6,10,
0.45,142,bot2,,,SUCCESS,6,6,10,
0.45,142,bot3,,,SUCCESS,6,6,10,
0.45,142,bot4,,,SUCCESS,6,6,10,
0.45,143,bot1,,,SUCCESS,32,32,37,
0.45,143,bot2,,,SUCCESS,32,32,37,
0.45,143,bot3,,,SUCCESS,32,32,37,
0.45,143,bot4,,,SUCCESS,32,32,37,
0.45,128,bot1,,,SUCCESS,39,39,35,
0.45,128,bot2,,,SUCCESS,39,39,35,
0.45,128,bot3,,,SUCCESS,39,39,35,
0.45,128,bot4,,,SUCCESS,39,39,35,
0.45,129,bot1,,,BUTTON_BURNED,5,56,4,
0.45,129,bot2,,,GAVE_UP,4,56,4,
0.45,129,bot3,,,GAVE_UP,4,56,4,
0.45,129,bot4,,,GAVE_UP,4,56,4,1
0.45,130,bot1,,,SUCCESS,41,41,46,
0.45,130,bot2,,,SUCCESS,41,41,46,
0.45,130,bot3,,,SUCCESS,41,41,46,
0.45,130,bot4,,,SUCCESS,41,41,46,
0.45,131,bot1,,,SUCCESS,34,34,22,
0.45,131,bot2,,,SUCCESS,34,34,22,
0.45,131,bot3,,,SUCCESS,34,34,22,
0.45,131,bot4,,,SUCCESS,34,34,22,
0.45,132,bot1,,,SUCCESS,44,44,35,
0.45,132,bot2,,,SUCCESS,44,44,35,
0.45,132,bot3,,,SUCCESS,44,44,35,
0.45,132,bot4,,,SUCCESS,44,44,35,
0.45,133,bot1,,,SUCCESS,53,53,49,
0.45,133,bot2,,,SUCCESS,53,53,49,
0.45,133,bot3,,,SUCCESS,53,53,49,
0.45,133,bot4,,,SUCCESS,53,53,49,
0.45,134,bot1,,,SUCCESS,15,15,39,
0.45,134,bot2,,,SUCCESS,15,15,39,
0.45,134,bot3,,,SUCCESS,15,15,39,
0.45,134,bot4,,,SUCCESS,15,15,39,
0.45,135,bot1,,,SUCCESS,9,9,29,
0.45,135,bot2,,,SUCCESS,9,9,29,
0.45,135,bot3,,,SUCCESS,9,9,29,
0.45,135,bot4,,,SUCCESS,9,9,29,
0.45,160,bot1,,,SUCCESS,19,19,38,
0.45,160,bot2,,,SUCCESS,19,19,38,
0.45,160,bot3,,,SUCCESS,19,19,38,
0.45,160,bot4,,,SUCCESS,19,19,38,
0.45,161,bot1,,,BUTTON_BURNED,12,16,10,
0.45,161,bot2,,,BUTTON_BURNED,12,16,10,
0.45,161,bot3,,,BUTTON_BURNED,12,16,10,
0.45,161,bot4,,,BUTTON_BURNED,12,16,10,
0.45,162,bot1,,,SUCCESS,3,3,15,
0.45,162,bot2,,,SUCCESS,3,3,15,
0.45,162,bot3,,,SUCCESS,3,3,15,
0.45,162,bot4,,,SUCCESS,3,3,15,
0.45,163,bot1,,,SUCCESS,11,11,55,
0.45,163,bot2,,,SUCCESS,11,11,55,
0.45,163,bot3,,,SUCCESS,11,11,55,
0.45,163,bot4,,,SUCCESS,11,11,55,
0.45,148,bot1,,,SUCCESS,33,33,29,
0.45,148,bot2,,,SUCCESS,33,33,29,
0.45,148,bot3,,,SUCCESS,33,33,29,
0.45,148,bot4,,,SUCCESS,33,33,29,
0.45,149,bot1,,,SUCCESS,1,1,30,
0.45,149,bot2,,,SUCCESS,1,1,30,
0.45,149,bot3,,,SUCCESS,1,1,30,
0.45,149,bot4,,,SUCCESS,1,1,30,
0.45,150,bot1,,,SUCCESS,9,9,39,
0.45,150,bot2,,,SUCCESS,9,9,39,
0.45,150,bot3,,,SUCCESS,9,9,39,
0.45,150,bot4,,,SUCCESS,9,9,39,
0.45,151,bot1,,,SUCCESS,22,22,32,
0.45,151,bot2,,,SUCCESS,22,22,32,
0.45,151,bot3,,,SUCCESS,22,22,32,
0.45,151,bot4,,,SUCCESS,22,22,32,
0.45,144,bot1,,,BUTTON_BURNED,9,29,5,
0.45,144,bot2,,,BUTTON_BURNED,9,29,5,
0.45,144,bot3,,,BUTTON_BURNED,9,29,5,
0.45,144,bot4,,,BUTTON_BURNED,9,29,5,1
0.45,145,bot1,,,SUCCESS,49,49,37,
0.45,145,bot2,,,SUCCESS,49,49,37,
0.45,145,bot3,,,SUCCESS,49,49,37,
0.45,145,bot4,,,SUCCESS,49,49,37,
0.45,146,bot1,,,SUCCESS,29,29,51,
0.45,146,bot2,,,SUCCESS,29,29,51,
0.45,146,bot3,,,SUCCESS,29,29,51,
0.45,146,bot4,,,SUCCESS,29,29,51,
0.45,147,bot1,,,SUCCESS,11,11,33,
0.45,147,bot2,,,SUCCESS,11,11,33,
0.45,147,bot3,,,SUCCESS,11,11,33,
0.45,147,bot4,,,SUCCESS,11,11,33,
0.45,164,bot1,,,SUCCESS,30,30,35,
0.45,164,bot2,,,SUCCESS,30,30,35,
0.45,164,bot3,,,SUCCESS,30,30,35,
0.45,164,bot4,,,SUCCESS,30,30,35,
0.45,165,bot1,,,SUCCESS,23,23,42,
0.45,165,bot2,,,SUCCESS,23,23,42,
0.45,165,bot3,,,SUCCESS,23,23,42,
0.45,165,bot4,,,SUCCESS,23,23,42,
0.45,166,bot1,,,SUCCESS,6,6,18,
0.45,166,bot2,,,SUCCESS,6,6,18,
0.45,166,bot3,,,SUCCESS,6,6,18,
0.45,166,bot4,,,SUCCESS,6,6,18,
0.45,167,bot1,,,SUCCESS,30,30,32,
0.45,167,bot2,,,SUCCESS,30,30,32,
0.45,167,bot3,,,SUCCESS,30,30,32,
0.45,167,bot4,,,SUCCESS,30,30,32,
0.45,168,bot1,,,SUCCESS,9,9,19,
0.45,168,bot2,,,SUCCESS,9,9,19,
0.45,168,bot3,,,SUCCESS,9,9,19,
0.45,168,bot4,,,SUCCESS,9,9,19,
0.45,169,bot1,,,SUCCESS,30,30,20,
0.45,169,bot2,,,SUCCESS,30,30,20,
0.45,169,bot3,,,SUCCESS,30,30,20,
0.45,169,bot4,,,SUCCESS,30,30,20,
0.45,170,bot1,,,SUCCESS,11,11,33,
0.45,170,bot2,,,SUCCESS,11,11,33,
0.45,170,bot3,,,SUCCESS,11,11,33,
0.45,170,bot4,,,SUCCESS,11,11,33,
0.45,171,bot1,,,SUCCESS,42,42,40,
0.45,171,bot2,,,SUCCESS,42,42,40,
0.45,171,bot3,,,SUCCESS,42,42,40,
0.45,171,bot4,,,SUCCESS,42,42,40,
0.45,176,bot1,,,BURNED,31,46,12,
0.45,176,bot2,,,GAVE_UP,20,46,12,
0.45,176,bot3,,,GAVE_UP,20,46,12,
0.45,176,bot4,,,GAVE_UP,20,46,12,1
0.45,177,bot1,,,SUCCESS,29,29,28,
0.45,177,bot2,,,SUCCESS,29,29,28,
0.45,177,bot3,,,SUCCESS,29,29,28,
0.45,177,bot4,,,SUCCESS,29,29,28,
0.45,178,bot1,,,SUCCESS,1,1,30,
0.45,178,bot2,,,SUCCESS,1,1,30,
0.45,178,bot3,,,SUCCESS,1,1,30,
0.45,178,bot4,,,SUCCESS,1,1,30,
0.45,179,bot1,,,SUCCESS,19,19,42,
0.45,179,bot2,,,SUCCESS,19,19,42,
0.45,179,bot3,,,SUCCESS,19,19,42,
0.45,179,bot4,,,SUCCESS,19,19,42,
0.45,136,bot1,,,SUCCESS,47,47,47,
0.45,136,bot2,,,SUCCESS,47,47,47,
0.45,136,bot3,,,SUCCESS,47,47,47,
0.45,136,bot4,,,SUCCESS,47,47,47,
0.45,137,bot1,,,BURNED,21,33,15,
0.45,137,bot2,,,BUTTON_BURNED,34,33,15,
0.45,137,bot3,,,BUTTON_BURNED,34,33,15,
0.45,137,bot4,,,BUTTON_BURNED,34,33,15,13
0.45,138,bot1,,,SUCCESS,20,20,57,
0.45,138,bot2,,,SUCCESS,20,20,57,
0.45,138,bot3,,,SUCCESS,20,20,57,
0.45,138,bot4,,,SUCCESS,20,20,57,
0.45,139,bot1,,,SUCCESS,41,41,45,
0.45,139,bot2,,,SUCCESS,41,41,45,
0.45,139,bot3,,,SUCCESS,41,41,45,
0.45,139,bot4,,,SUCCESS,41,41,45,
0.45,156,bot1,,,BUTTON_BURNED,13,28,7,
0.45,156,bot2,,,GAVE_UP,9,28,7,
0.45,156,bot3,,,GAVE_UP,9,28,7,
0.45,156,bot4,,,GAVE_UP,9,28,7,1
0.45,157,bot1,,,SUCCESS,12,12,40,
0.45,157,bot2,,,SUCCESS,12,12,40,
0.45,157,bot3,,,SUCCESS,12,12,40,
0.45,157,bot4,,,SUCCESS,12,12,40,
0.45,158,bot1,,,SUCCESS,33,33,31,
0.45,158,bot2,,,SUCCESS,33,33,31,
0.45,158,bot3,,,SUCCESS,33,33,31,
0.45,158,bot4,,,SUCCESS,33,33,31,
0.45,159,bot1,,,BURNED,13,40,25,
0.45,159,bot2,,,GAVE_UP,48,40,25,
0.45,159,bot3,,,GAVE_UP,48,40,25,
0.45,159,bot4,,,GAVE_UP,48,40,25,
0.45,152,bot1,,,BURNED,44,63,36,
0.45,152,bot2,,,GAVE_UP,68,63,36,
0.45,152,bot3,,,GAVE_UP,68,63,36,
0.45,152,bot4,,,SUCCESS,65,63,36,
0.45,153,bot1,,,BUTTON_BURNED,10,30,5,
0.45,153,bot2,,,BUTTON_BURNED,10,30,5,
0.45,153,bot3,,,BUTTON_BURNED,10,30,5,
0.45,153,bot4,,,BUTTON_BURNED,10,30,5,
0.45,154,bot1,,,BUTTON_BURNED,17,56,8,
0.45,154,bot2,,,GAVE_UP,16,56,8,
0.45,154,bot3,,,GAVE_UP,16,56,8,
0.45,154,bot4,,,GAVE_UP,16,56,8,1
0.45,155,bot1,,,SUCCESS,15,15,20,
0.45,155,bot2,,,SUCCESS,15,15,20,
0.45,155,bot3,,,SUCCESS,15,15,20,
0.45,155,bot4,,,SUCCESS,15,15,20,
0.45,184,bot1,,,BURNED,20,47,27,
0.45,184,bot2,,,GAVE_UP,27,47,27,
0.45,184,bot3,,,GAVE_UP,37,47,27,
0.45,184,bot4,,,GAVE_UP,27,47,27,1
0.45,185,bot1,,,SUCCESS,12,10,9,
0.45,185,bot2,,,SUCCESS,12,10,9,
0.45,185,bot3,,,SUCCESS,12,10,9,
0.45,185,bot4,,,SUCCESS,12,10,9,
0.45,186,bot1,,,BUTTON_BURNED,6,46,3,
0.45,186,bot2,,,GAVE_UP,4,46,3,
0.45,186,bot3,,,GAVE_UP,4,46,3,
0.45,186,bot4,,,GAVE_UP,4,46,3,1
0.45,187,bot1,,,SUCCESS,32,32,48,
0.45,187,bot2,,,SUCCESS,32,32,48,
0.45,187,bot3,,,SUCCESS,32,32,48,
0.45,187,bot4,,,SUCCESS,32,32,48,
0.5,0,bot1,,,SUCCESS,17,17,39,
0.5,0,bot2,,,SUCCESS,17,17,39,
0.5,0,bot3,,,SUCCESS,17,17,39,
0.5,0,bot4,,,SUCCESS,17,17,39,
0.5,1,bot1,,,SUCCESS,14,14,68,
0.5,1,bot2,,,SUCCESS,14,14,68,
0.5,1,bot3,,,SUCCESS,14,14,68,
0.5,1,bot4,,,SUCCESS,14,14,68,
0.5,2,bot1,,,SUCCESS,35,35,29,
0.5,2,bot2,,,SUCCESS,35,35,29,
0.5,2,bot3,,,SUCCESS,35,35,29,
0.5,2,bot4,,,SUCCESS,35,35,29,
0.5,3,bot1,,,SUCCESS,24,24,22,
0.5,3,bot2,,,SUCCESS,24,24,22,
0.5,3,bot3,,,SUCCESS,24,24,22,
0.5,3,bot4,,,SUCCESS,24,24,22,
0.45,172,bot1,,,BURNED,11,43,30,
0.45,172,bot2,,,BURNED,28,43,30,
0.45,172,bot3,,,SUCCESS,53,43,30,
0.45,172,bot4,,,SUCCESS,45,43,30,
0.45,173,bot1,,,BURNED,24,43,27,
0.45,173,bot2,,,GAVE_UP,23,43,27,
0.45,173,bot3,,,GAVE_UP,23,43,27,
0.45,173,bot4,,,SUCCESS,51,43,27,27
0.45,174,bot1,,,SUCCESS,12,12,23,
0.45,174,bot2,,,SUCCESS,12,12,23,
0.45,174,bot3,,,SUCCESS,12,12,23,
0.45,174,bot4,,,SUCCESS,12,12,23,
0.45,175,bot1,,,SUCCESS,18,18,19,
0.45,175,bot2,,,SUCCESS,18,18,19,
0.45,175,bot3,,,SUCCESS,18,18,19,
0.45,175,bot4,,,SUCCESS,18,18,19,
0.5,4,bot1,,,BURNED,11,41,26,
0.5,4,bot2,,,BURNED,28,41,26,
0.5,4,bot3,,,GAVE_UP,31,41,26,
0.5,4,bot4,,,BURNED,28,41,26,1
0.5,5,bot1,,,SUCCESS,24,24,19,
0.5,5,bot2,,,SUCCESS,24,24,19,
0.5,5,bot3,,,SUCCESS,24,24,19,
0.5,5,bot4,,,SUCCESS,24,24,19,
0.5,6,bot1,,,SUCCESS,5,5,19,
0.5,6,bot2,,,SUCCESS,5,5,19,
0.5,6,bot3,,,SUCCESS,5,5,19,
0.5,6,bot4,,,SUCCESS,5,5,19,
0.5,7,bot1,,,BURNED,8,27,20,
0.5,7,bot2,,,SUCCESS,33,27,20,
0.5,7,bot3,,,SUCCESS,31,27,20,
0.5,7,bot4,,,SUCCESS,29,27,20,
0.45,188,bot1,,,SUCCESS,23,23,45,
0.45,188,bot2,,,SUCCESS,23,23,45,
0.45,188,bot3,,,SUCCESS,23,23,45,
0.45,188,bot4,,,SUCCESS,23,23,45,
0.45,189,bot1,,,SUCCESS,25,25,54,
0.45,189,bot2,,,SUCCESS,25,25,54,
0.45,189,bot3,,,SUCCESS,25,25,54,
0.45,189,bot4,,,SUCCESS,25,25,54,
0.45,190,bot1,,,SUCCESS,48,48,55,
0.45,190,bot2,,,SUCCESS,48,48,55,
0.45,190,bot3,,,SUCCESS,48,48,55,
0.45,190,bot4,,,SUCCESS,48,48,55,
0.45,191,bot1,,,SUCCESS,40,40,31,
0.45,191,bot2,,,SUCCESS,40,40,31,
0.45,191,bot3,,,SUCCESS,40,40,31,
0.45,191,bot4,,,SUCCESS,40,40,31,
0.45,180,bot1,,,BURNED,7,49,45,
0.45,180,bot2,,,BURNED,13,49,45,
0.45,180,bot3,,,SUCCESS,49,49,45,
0.45,180,bot4,,,SUCCESS,49,49,45,
0.45,181,bot1,,,SUCCESS,24,24,27,
0.45,181,bot2,,,SUCCESS,24,24,27,
0.45,181,bot3,,,SUCCESS,24,24,27,
0.45,181,bot4,,,SUCCESS,24,24,27,
0.45,182,bot1,,,SUCCESS,40,40,45,
0.45,182,bot2,,,SUCCESS,40,40,45,
0.45,182,bot3,,,SUCCESS,40,40,45,
0.45,182,bot4,,,SUCCESS,40,40,45,
0.45,183,bot1,,,SUCCESS,56,56,48,
0.45,183,bot2,,,SUCCESS,56,56,48,
0.45,183,bot3,,,SUCCESS,56,56,48,
0.45,183,bot4,,,SUCCESS,60,56,48,
0.5,12,bot1,,,SUCCESS,30,30,24,
0.5,12,bot2,,,SUCCESS,30,30,24,
0.5,12,bot3,,,SUCCESS,30,30,24,
0.5,12,bot4,,,SUCCESS,30,30,24,
0.5,13,bot1,,,SUCCESS,16,16,62,
0.5,13,bot2,,,SUCCESS,16,16,62,
0.5,13,bot3,,,SUCCESS,16,16,62,
0.5,13,bot4,,,SUCCESS,16,16,62,
0.5,14,bot1,,,SUCCESS,28,28,49,
0.5,14,bot2,,,SUCCESS,28,28,49,
0.5,14,bot3,,,SUCCESS,28,28,49,
0.5,14,bot4,,,SUCCESS,28,28,49,
0.5,15,bot1,,,SUCCESS,13,13,30,
0.5,15,bot2,,,SUCCESS,13,13,30,
0.5,15,bot3,,,SUCCESS,13,13,30,
0.5,15,bot4,,,SUCCESS,13,13,30,
0.45,192,bot1,,,SUCCESS,18,18,45,
0.45,192,bot2,,,SUCCESS,18,18,45,
0.45,192,bot3,,,SUCCESS,18,18,45,
0.45,192,bot4,,,SUCCESS,18,18,45,
0.45,193,bot1,,,BURNED,21,35,17,
0.45,193,bot2,,,GAVE_UP,19,35,17,
0.45,193,bot3,,,GAVE_UP,24,35,17,
0.45,193,bot4,,,GAVE_UP,21,35,17,7
0.45,194,bot1,,,SUCCESS,55,55,64,
0.45,194,bot2,,,SUCCESS,55,55,64,
0.45,194,bot3,,,SUCCESS,55,55,64,
0.45,194,bot4,,,SUCCESS,55,55,64,
0.45,195,bot1,,,BURNED,15,40,23,
0.45,195,bot2,,,BURNED,15,40,23,
0.45,195,bot3,,,SUCCESS,50,40,23,
0.45,195,bot4,,,SUCCESS,44,40,23,
0.5,8,bot1,,,SUCCESS,25,25,43,
0.5,8,bot2,,,SUCCESS,25,25,43,
0.5,8,bot3,,,SUCCESS,25,25,43,
0.5,8,bot4,,,SUCCESS,25,25,43,
0.5,9,bot1,,,BURNED,11,39,20,
0.5,9,bot2,,,BURNED,15,39,20,
0.5,9,bot3,,,GAVE_UP,32,39,20,
0.5,9,bot4,,,BURNED,15,39,20,1
0.5,10,bot1,,,SUCCESS,41,41,33,
0.5,10,bot2,,,SUCCESS,41,41,33,
0.5,10,bot3,,,SUCCESS,41,41,33,
0.5,10,bot4,,,SUCCESS,41,41,33,
0.5,11,bot1,,,SUCCESS,48,48,31,
0.5,11,bot2,,,SUCCESS,48,48,31,
0.5,11,bot3,,,SUCCESS,48,48,31,
0.5,11,bot4,,,SUCCESS,52,48,31,
0.5,20,bot1,,,BUTTON_BURNED,31,43,16,
0.5,20,bot2,,,BUTTON_BURNED,31,43,16,
0.5,20,bot3,,,BUTTON_BURNED,31,43,16,
0.5,20,bot4,,,BUTTON_BURNED,31,43,16,4
0.5,21,bot1,,,SUCCESS,17,17,55,
0.5,21,bot2,,,SUCCESS,17,17,55,
0.5,21,bot3,,,SUCCESS,17,17,55,
0.5,21,bot4,,,SUCCESS,17,17,55,
0.5,22,bot1,,,SUCCESS,15,15,33,
0.5,22,bot2,,,SUCCESS,15,15,33,
0.5,22,bot3,,,SUCCESS,15,15,33,
0.5,22,bot4,,,SUCCESS,15,15,33,
0.5,23,bot1,,,SUCCESS,33,33,41,
0.5,23,bot2,,,SUCCESS,33,33,41,
0.5,23,bot3,,,SUCCESS,33,33,41,
0.5,23,bot4,,,SUCCESS,33,33,41,
0.5,32,bot1,,,SUCCESS,13,13,24,
0.5,32,bot2,,,SUCCESS,13,13,24,
0.5,32,bot3,,,SUCCESS,13,13,24,
0.5,32,bot4,,,SUCCESS,13,13,24,
0.5,33,bot1,,,BUTTON_BURNED,12,31,7,
0.5,33,bot2,,,BUTTON_BURNED,12,31,7,
0.5,33,bot3,,,BUTTON_BURNED,12,31,7,
0.5,33,bot4,,,BUTTON_BURNED,12,31,7,1
0.5,34,bot1,,,BUTTON_BURNED,16,39,9,
0.5,34,bot2,,,BUTTON_BURNED,16,39,9,
0.5,34,bot3,,,BUTTON_BURNED,16,39,9,
0.5,34,bot4,,,BUTTON_BURNED,16,39,9,5
0.5,35,bot1,,,SUCCESS,38,38,45,
0.5,35,bot2,,,SUCCESS,38,38,45,
0.5,35,bot3,,,SUCCESS,38,38,45,
0.5,35,bot4,,,SUCCESS,38,38,45,
0.45,196,bot1,,,SUCCESS,15,15,30,
0.45,196,bot2,,,SUCCESS,15,15,30,
0.45,196,bot3,,,SUCCESS,15,15,30,
0.45,196,bot4,,,SUCCESS,15,15,30,
0.45,197,bot1,,,BURNED,9,51,38,
0.45,197,bot2,,,BURNED,9,51,38,
0.45,197,bot3,,,BUTTON_BURNED,65,51,38,
0.45,197,bot4,,,SUCCESS,57,51,38,
0.45,198,bot1,,,BUTTON_BURNED,40,65,25,
0.45,198,bot2,,,GAVE_UP,38,65,25,
0.45,198,bot3,,,GAVE_UP,38,65,25,
0.45,198,bot4,,,GAVE_UP,38,65,25,29
0.45,199,bot1,,,BUTTON_BURNED,46,52,24,
0.45,199,bot2,,,BUTTON_BURNED,46,52,24,
0.45,199,bot3,,,BUTTON_BURNED,46,52,24,
0.45,199,bot4,,,BUTTON_BURNED,46,52,24,
0.5,24,bot1,,,BUTTON_BURNED,55,65,27,
0.5,24,bot2,,,GAVE_UP,54,65,27,
0.5,24,bot3,,,GAVE_UP,54,65,27,
0.5,24,bot4,,,GAVE_UP,54,65,27,37
0.5,25,bot1,,,SUCCESS,36,36,49,
0.5,25,bot2,,,SUCCESS,36,36,49,
0.5,25,bot3,,,SUCCESS,36,36,49,
0.5,25,bot4,,,SUCCESS,36,36,49,
0.5,26,bot1,,,SUCCESS,22,22,59,
0.5,26,bot2,,,SUCCESS,22,22,59,
0.5,26,bot3,,,SUCCESS,22,22,59,
0.5,26,bot4,,,SUCCESS,22,22,59,
0.5,27,bot1,,,SUCCESS,23,23,41,
0.5,27,bot2,,,SUCCESS,23,23,41,
0.5,27,bot3,,,SUCCESS,23,23,41,
0.5,27,bot4,,,SUCCESS,23,23,41,
0.5,28,bot1,,,SUCCESS,20,20,23,
0.5,28,bot2,,,SUCCESS,20,20,23,
0.5,28,bot3,,,SUCCESS,20,20,23,
0.5,28,bot4,,,SUCCESS,20,20,23,
0.5,29,bot1,,,BUTTON_BURNED,10,41,7,
0.5,29,bot2,,,GAVE_UP,6,41,7,
0.5,29,bot3,,,GAVE_UP,6,41,7,
0.5,29,bot4,,,GAVE_UP,6,41,7,1
0.5,30,bot1,,,BUTTON_BURNED,26,41,14,
0.5,30,bot2,,,BUTTON_BURNED,26,41,14,
0.5,30,bot3,,,BUTTON_BURNED,26,41,14,
0.5,30,bot4,,,BUTTON_BURNED,26,41,14,
0.5,31,bot1,,,SUCCESS,68,68,44,
0.5,31,bot2,,,SUCCESS,68,68,44,
0.5,31,bot3,,,SUCCESS,68,68,44,
0.5,31,bot4,,,SUCCESS,68,68,44,
0.5,16,bot1,,,SUCCESS,35,35,57,
0.5,16,bot2,,,SUCCESS,35,35,57,
0.5,16,bot3,,,SUCCESS,35,35,57,
0.5,16,bot4,,,SUCCESS,35,35,57,
0.5,17,bot1,,,SUCCESS,19,19,22,
0.5,17,bot2,,,SUCCESS,19,19,22,
0.5,17,bot3,,,SUCCESS,19,19,22,
0.5,17,bot4,,,SUCCESS,19,19,22,
0.5,18,bot1,,,SUCCESS,64,64,58,
0.5,18,bot2,,,SUCCESS,64,64,58,
0.5,18,bot3,,,SUCCESS,64,64,58,
0.5,18,bot4,,,SUCCESS,64,64,58,
0.5,19,bot1,,,SUCCESS,49,49,33,
0.5,19,bot2,,,SUCCESS,49,49,33,
0.5,19,bot3,,,SUCCESS,49,49,33,
0.5,19,bot4,,,SUCCESS,49,49,33,
0.5,48,bot1,,,SUCCESS,17,17,37,
0.5,48,bot2,,,SUCCESS,17,17,37,
0.5,48,bot3,,,SUCCESS,17,17,37,
0.5,48,bot4,,,SUCCESS,17,17,37,
0.5,49,bot1,,,SUCCESS,3,3,29,
0.5,49,bot2,,,SUCCESS,3,3,29,
0.5,49,bot3,,,SUCCESS,3,3,29,
0.5,49,bot4,,,SUCCESS,3,3,29,
0.5,50,bot1,,,SUCCESS,32,32,48,
0.5,50,bot2,,,SUCCESS,32,32,48,
0.5,50,bot3,,,SUCCESS,32,32,48,
0.5,50,bot4,,,SUCCESS,32,32,48,
0.5,51,bot1,,,SUCCESS,31,31,40,
0.5,51,bot2,,,SUCCESS,31,31,40,
0.5,51,bot3,,,SUCCESS,31,31,40,
0.5,51,bot4,,,SUCCESS,31,31,40,
0.5,68,bot1,,,SUCCESS,3,3,13,
0.5,68,bot2,,,SUCCESS,3,3,13,
0.5,68,bot3,,,SUCCESS,3,3,13,
0.5,68,bot4,,,SUCCESS,3,3,13,
0.5,69,bot1,,,SUCCESS,24,24,24,
0.5,69,bot2,,,SUCCESS,24,24,24,
0.5,69,bot3,,,SUCCESS,24,24,24,
0.5,69,bot4,,,SUCCESS,24,24,24,
0.5,70,bot1,,,SUCCESS,24,24,23,
0.5,70,bot2,,,SUCCESS,24,24,23,
0.5,70,bot3,,,SUCCESS,24,24,23,
0.5,70,bot4,,,SUCCESS,24,24,23,
0.5,71,bot1,,,BUTTON_BURNED,23,46,13,
0.5,71,bot2,,,GAVE_UP,20,46,13,
0.5,71,bot3,,,GAVE_UP,20,46,13,
0.5,71,bot4,,,GAVE_UP,20,46,13,1
0.5,52,bot1,,,SUCCESS,25,25,27,
0.5,52,bot2,,,SUCCESS,25,25,27,
0.5,52,bot3,,,SUCCESS,25,25,27,
0.5,52,bot4,,,SUCCESS,25,25,27,
0.5,53,bot1,,,SUCCESS,36,36,39,
0.5,53,bot2,,,SUCCESS,36,36,39,
0.5,53,bot3,,,SUCCESS,36,36,39,
0.5,53,bot4,,,SUCCESS,36,36,39,
0.5,54,bot1,,,SUCCESS,51,51,39,
0.5,54,bot2,,,SUCCESS,51,51,39,
0.5,54,bot3,,,SUCCESS,51,51,39,
0.5,54,bot4,,,SUCCESS,51,51,39,
0.5,55,bot1,,,SUCCESS,5,5,31,
0.5,55,bot2,,,SUCCESS,5,5,31,
0.5,55,bot3,,,SUCCESS,5,5,31,
0.5,55,bot4,,,SUCCESS,5,5,31,
0.5,60,bot1,,,SUCCESS,38,38,48,
0.5,60,bot2,,,SUCCESS,38,38,48,
0.5,60,bot3,,,SUCCESS,38,38,48,
0.5,60,bot4,,,SUCCESS,38,38,48,
0.5,61,bot1,,,SUCCESS,11,11,36,
0.5,61,bot2,,,SUCCESS,11,11,36,
0.5,61,bot3,,,SUCCESS,11,11,36,
0.5,61,bot4,,,SUCCESS,11,11,36,
0.5,62,bot1,,,BURNED,18,24,14,
0.5,62,bot2,,,GAVE_UP,17,24,14,
0.5,62,bot3,,,BUTTON_BURNED,25,24,14,
0.5,62,bot4,,,GAVE_UP,17,24,14,5
0.5,63,bot1,,,BUTTON_BURNED,7,28,3,
0.5,63,bot2,,,BUTTON_BURNED,7,28,3,
0.5,63,bot3,,,BUTTON_BURNED,7,28,3,
0.5,63,bot4,,,BUTTON_BURNED,7,28,3,1
0.5,36,bot1,,,SUCCESS,19,19,39,
0.5,36,bot2,,,SUCCESS,19,19,39,
0.5,36,bot3,,,SUCCESS,19,19,39,
0.5,36,bot4,,,SUCCESS,19,19,39,
0.5,37,bot1,,,BURNED,37,54,26,
0.5,37,bot2,,,GAVE_UP,38,54,26,
0.5,37,bot3,,,GAVE_UP,38,54,26,
0.5,37,bot4,,,GAVE_UP,38,54,26,15
0.5,38,bot1,,,SUCCESS,37,37,35,
0.5,38,bot2,,,SUCCESS,37,37,35,
0.5,38,bot3,,,SUCCESS,37,37,35,
0.5,38,bot4,,,SUCCESS,37,37,35,
0.5,39,bot1,,,SUCCESS,60,60,46,
0.5,39,bot2,,,SUCCESS,60,60,46,
0.5,39,bot3,,,SUCCESS,60,60,46,
0.5,39,bot4,,,SUCCESS,60,60,46,
0.5,44,bot1,,,SUCCESS,49,49,51,
0.5,44,bot2,,,SUCCESS,49,49,51,
0.5,44,bot3,,,SUCCESS,49,49,51,
0.5,44,bot4,,,SUCCESS,49,49,51,
0.5,45,bot1,,,SUCCESS,34,34,37,
0.5,45,bot2,,,SUCCESS,34,34,37,
0.5,45,bot3,,,SUCCESS,34,34,37,
0.5,45,bot4,,,SUCCESS,34,34,37,
0.5,46,bot1,,,SUCCESS,22,22,33,
0.5,46,bot2,,,SUCCESS,22,22,33,
0.5,46,bot3,,,SUCCESS,22,22,33,
0.5,46,bot4,,,SUCCESS,22,22,33,
0.5,47,bot1,,,BURNED,28,48,25,
0.5,47,bot2,,,GAVE_UP,38,48,25,
0.5,47,bot3,,,GAVE_UP,38,48,25,
0.5,47,bot4,,,GAVE_UP,38,48,25,7
0.5,56,bot1,,,BUTTON_BURNED,13,54,7,
0.5,56,bot2,,,BUTTON_BURNED,13,54,7,
0.5,56,bot3,,,BUTTON_BURNED,13,54,7,
0.5,56,bot4,,,BUTTON_BURNED,13,54,7,1
0.5,57,bot1,,,SUCCESS,20,20,26,
0.5,57,bot2,,,SUCCESS,20,20,26,
0.5,57,bot3,,,SUCCESS,20,20,26,
0.5,57,bot4,,,SUCCESS,20,20,26,
0.5,58,bot1,,,BUTTON_BURNED,17,47,12,
0.5,58,bot2,,,BUTTON_BURNED,17,47,12,
0.5,58,bot3,,,BUTTON_BURNED,17,47,12,
0.5,58,bot4,,,BUTTON_BURNED,17,47,12,
0.5,59,bot1,,,SUCCESS,52,52,44,
0.5,59,bot2,,,SUCCESS,52,52,44,
0.5,59,bot3,,,SUCCESS,52,52,44,
0.5,59,bot4,,,SUCCESS,56,52,44,
0.5,40,bot1,,,SUCCESS,54,54,34,
0.5,40,bot2,,,SUCCESS,54,54,34,
0.5,40,bot3,,,SUCCESS,54,54,34,
0.5,40,bot4,,,SUCCESS,54,54,34,
0.5,41,bot1,,,SUCCESS,26,26,18,
0.5,41,bot2,,,SUCCESS,26,26,18,
0.5,41,bot3,,,SUCCESS,26,26,18,
0.5,41,bot4,,,GAVE_UP,36,26,18,8
0.5,42,bot1,,,SUCCESS,27,27,73,
0.5,42,bot2,,,SUCCESS,27,27,73,
0.5,42,bot3,,,SUCCESS,27,27,73,
0.5,42,bot4,,,SUCCESS,27,27,73,
0.5,43,bot1,,,SUCCESS,49,49,26,
0.5,43,bot2,,,SUCCESS,49,49,26,
0.5,43,bot3,,,SUCCESS,49,49,26,
0.5,43,bot4,,,SUCCESS,49,49,26,27
0.5,64,bot1,,,SUCCESS,56,56,60,
0.5,64,bot2,,,SUCCESS,56,56,60,
0.5,64,bot3,,,SUCCESS,56,56,60,
0.5,64,bot4,,,SUCCESS,56,56,60,
0.5,65,bot1,,,SUCCESS,2,2,58,
0.5,65,bot2,,,SUCCESS,2,2,58,
0.5,65,bot3,,,SUCCESS,2,2,58,
0.5,65,bot4,,,SUCCESS,2,2,58,
0.5,66,bot1,,,BURNED,40,48,28,
0.5,66,bot2,,,GAVE_UP,43,48,28,
0.5,66,bot3,,,GAVE_UP,43,48,28,
0.5,66,bot4,,,GAVE_UP,43,48,28,15
0.5,67,bot1,,,SUCCESS,27,27,61,
0.5,67,bot2,,,SUCCESS,27,27,61,
0.5,67,bot3,,,SUCCESS,27,27,61,
0.5,67,bot4,,,SUCCESS,27,27,61,
0.5,84,bot1,,,BUTTON_BURNED,32,40,14,
0.5,84,bot2,,,BUTTON_BURNED,32,40,14,
0.5,84,bot3,,,BUTTON_BURNED,32,40,14,
0.5,84,bot4,,,BUTTON_BURNED,32,40,14,
0.5,85,bot1,,,SUCCESS,29,29,47,
0.5,85,bot2,,,SUCCESS,29,29,47,
0.5,85,bot3,,,SUCCESS,29,29,47,
0.5,85,bot4,,,SUCCESS,29,29,47,
0.5,86,bot1,,,SUCCESS,16,16,47,
0.5,86,bot2,,,SUCCESS,16,16,47,
0.5,86,bot3,,,SUCCESS,16,16,47,
0.5,86,bot4,,,SUCCESS,16,16,47,
0.5,87,bot1,,,SUCCESS,40,40,38,
0.5,87,bot2,,,SUCCESS,40,40,38,
0.5,87,bot3,,,SUCCESS,40,40,38,
0.5,87,bot4,,,SUCCESS,40,40,38,
0.5,96,bot1,,,BURNED,35,53,20,
0.5,96,bot2,,,GAVE_UP,23,53,20,
0.5,96,bot3,,,GAVE_UP,23,53,20,
0.5,96,bot4,,,GAVE_UP,23,53,20,1
0.5,97,bot1,,,SUCCESS,13,13,14,
0.5,97,bot2,,,SUCCESS,13,13,14,
0.5,97,bot3,,,SUCCESS,13,13,14,
0.5,97,bot4,,,SUCCESS,13,13,14,
0.5,98,bot1,,,SUCCESS,28,28,27,
0.5,98,bot2,,,SUCCESS,28,28,27,
0.5,98,bot3,,,SUCCESS,28,28,27,
0.5,98,bot4,,,SUCCESS,28,28,27,
0.5,99,bot1,,,SUCCESS,26,26,52,
0.5,99,bot2,,,SUCCESS,26,26,52,
0.5,99,bot3,,,SUCCESS,26,26,52,
0.5,99,bot4,,,SUCCESS,26,26,52,
0.5,76,bot1,,,SUCCESS,39,39,50,
0.5,76,bot2,,,SUCCESS,39,39,50,
0.5,76,bot3,,,SUCCESS,39,39,50,
0.5,76,bot4,,,SUCCESS,39,39,50,
0.5,77,bot1,,,BUTTON_BURNED,8,34,6,
0.5,77,bot2,,,BUTTON_BURNED,8,34,6,
0.5,77,bot3,,,BUTTON_BURNED,8,34,6,
0.5,77,bot4,,,BUTTON_BURNED,8,34,6,1
0.5,78,bot1,,,SUCCESS,51,51,48,
0.5,78,bot2,,,SUCCESS,51,51,48,
0.5,78,bot3,,,SUCCESS,59,51,48,
0.5,78,bot4,,,SUCCESS,53,51,48,
0.5,79,bot1,,,BUTTON_BURNED,17,18,10,
0.5,79,bot2,,,BUTTON_BURNED,17,18,10,
0.5,79,bot3,,,BUTTON_BURNED,17,18,10,
0.5,79,bot4,,,BUTTON_BURNED,17,18,10,
0.5,72,bot1,,,BUTTON_BURNED,29,30,22,
0.5,72,bot2,,,BUTTON_BURNED,29,30,22,
0.5,72,bot3,,,BUTTON_BURNED,29,30,22,
0.5,72,bot4,,,BUTTON_BURNED,29,30,22,
0.5,73,bot1,,,SUCCESS,45,45,62,
0.5,73,bot2,,,SUCCESS,45,45,62,
0.5,73,bot3,,,SUCCESS,45,45,62,
0.5,73,bot4,,,SUCCESS,45,45,62,
0.5,74,bot1,,,SUCCESS,30,30,43,
0.5,74,bot2,,,SUCCESS,30,30,43,
0.5,74,bot3,,,SUCCESS,30,30,43,
0.5,74,bot4,,,SUCCESS,30,30,43,
0.5,75,bot1,,,SUCCESS,31,31,21,
0.5,75,bot2,,,SUCCESS,31,31,21,
0.5,75,bot3,,,SUCCESS,31,31,21,
0.5,75,bot4,,,SUCCESS,31,31,21,
0.5,92,bot1,,,SUCCESS,46,46,37,
0.5,92,bot2,,,SUCCESS,46,46,37,
0.5,92,bot3,,,SUCCESS,48,46,37,
0.5,92,bot4,,,GAVE_UP,23,46,37,10
0.5,93,bot1,,,SUCCESS,38,38,42,
0.5,93,bot2,,,SUCCESS,38,38,42,
0.5,93,bot3,,,SUCCESS,38,38,42,
0.5,93,bot4,,,SUCCESS,38,38,42,
0.5,94,bot1,,,SUCCESS,21,21,30,
0.5,94,bot2,,,SUCCESS,21,21,30,
0.5,94,bot3,,,SUCCESS,21,21,30,
0.5,94,bot4,,,SUCCESS,21,21,30,
0.5,95,bot1,,,SUCCESS,46,46,38,
0.5,95,bot2,,,SUCCESS,46,46,38,
0.5,95,bot3,,,SUCCESS,46,46,38,
0.5,95,bot4,,,SUCCESS,46,46,38,
0.5,88,bot1,,,BUTTON_BURNED,22,55,13,
0.5,88,bot2,,,BUTTON_BURNED,22,55,13,
0.5,88,bot3,,,BUTTON_BURNED,22,55,13,
0.5,88,bot4,,,BUTTON_BURNED,22,55,13,1
0.5,89,bot1,,,BURNED,24,50,32,
0.5,89,bot2,,,BUTTON_BURNED,53,50,32,
0.5,89,bot3,,,BUTTON_BURNED,53,50,32,
0.5,89,bot4,,,BUTTON_BURNED,53,50,32,2
0.5,90,bot1,,,BURNED,23,51,40,
0.5,90,bot2,,,GAVE_UP,32,51,40,
0.5,90,bot3,,,GAVE_UP,32,51,40,
0.5,90,bot4,,,GAVE_UP,32,51,40,1
0.5,91,bot1,,,SUCCESS,23,23,48,
0.5,91,bot2,,,SUCCESS,23,23,48,
0.5,91,bot3,,,SUCCESS,23,23,48,
0.5,91,bot4,,,SUCCESS,23,23,48,
0.5,112,bot1,,,SUCCESS,7,7,9,
0.5,112,bot2,,,SUCCESS,7,7,9,
0.5,112,bot3,,,SUCCESS,7,7,9,
0.5,112,bot4,,,SUCCESS,7,7,9,
0.5,113,bot1,,,BUTTON_BURNED,21,23,13,
0.5,113,bot2,,,BUTTON_BURNED,21,23,13,
0.5,113,bot3,,,BUTTON_BURNED,21,23,13,
0.5,113,bot4,,,BUTTON_BURNED,21,23,13,
0.5,114,bot1,,,SUCCESS,27,27,31,
0.5,114,bot2,,,SUCCESS,27,27,31,
0.5,114,bot3,,,SUCCESS,27,27,31,
0.5,114,bot4,,,SUCCESS,27,27,31,
0.5,115,bot1,,,SUCCESS,48,48,49,
0.5,115,bot2,,,SUCCESS,48,48,49,
0.5,115,bot3,,,SUCCESS,48,48,49,
0.5,115,bot4,,,SUCCESS,48,48,49,
0.5,80,bot1,,,BURNED,39,57,31,
0.5,80,bot2,,,BUTTON_BURNED,52,57,31,
0.5,80,bot3,,,BUTTON_BURNED,52,57,31,
0.5,80,bot4,,,BUTTON_BURNED,52,57,31,32
0.5,81,bot1,,,SUCCESS,43,43,56,
0.5,81,bot2,,,SUCCESS,43,43,56,
0.5,81,bot3,,,SUCCESS,43,43,56,
0.5,81,bot4,,,SUCCESS,43,43,56,
0.5,82,bot1,,,BURNED,33,43,19,
0.5,82,bot2,,,BURNED,33,43,19,
0.5,82,bot3,,,BURNED,33,43,19,
0.5,82,bot4,,,BURNED,33,43,19,
0.5,83,bot1,,,BURNED,11,43,39,
0.5,83,bot2,,,BURNED,11,43,39,
0.5,83,bot3,,,SUCCESS,43,43,39,
0.5,83,bot4,,,SUCCESS,45,43,39,
0.5,104,bot1,,,SUCCESS,24,24,32,
0.5,104,bot2,,,SUCCESS,24,24,32,
0.5,104,bot3,,,SUCCESS,24,24,32,
0.5,104,bot4,,,SUCCESS,24,24,32,
0.5,105,bot1,,,SUCCESS,47,47,33,
0.5,105,bot2,,,SUCCESS,47,47,33,
0.5,105,bot3,,,SUCCESS,47,47,33,
0.5,105,bot4,,,SUCCESS,47,47,33,
0.5,106,bot1,,,BUTTON_BURNED,16,41,10,
0.5,106,bot2,,,BUTTON_BURNED,16,41,10,
0.5,106,bot3,,,BUTTON_BURNED,16,41,10,
0.5,106,bot4,,,BUTTON_BURNED,16,41,10,1
0.5,107,bot1,,,BURNED,13,40,24,
0.5,107,bot2,,,GAVE_UP,30,40,24,
0.5,107,bot3,,,BURNED,30,40,24,
0.5,107,bot4,,,GAVE_UP,30,40,24,1
0.5,124,bot1,,,SUCCESS,17,17,36,
0.5,124,bot2,,,SUCCESS,17,17,36,
0.5,124,bot3,,,SUCCESS,17,17,36,
0.5,124,bot4,,,SUCCESS,17,17,36,
0.5,125,bot1,,,SUCCESS,31,31,28,
0.5,125,bot2,,,SUCCESS,31,31,28,
0.5,125,bot3,,,SUCCESS,31,31,28,
0.5,125,bot4,,,SUCCESS,31,31,28,
0.5,126,bot1,,,BURNED,10,39,37,
0.5,126,bot2,,,BURNED,10,39,37,
0.5,126,bot3,,,GAVE_UP,10,39,37,
0.5,126,bot4,,,BURNED,10,39,37,5
0.5,127,bot1,,,BUTTON_BURNED,25,28,11,
0.5,127,bot2,,,GAVE_UP,23,28,11,
0.5,127,bot3,,,GAVE_UP,23,28,11,
0.5,127,bot4,,,GAVE_UP,23,28,11,1
0.5,100,bot1,,,BURNED,19,36,16,
0.5,100,bot2,,,BURNED,19,36,16,
0.5,100,bot3,,,BUTTON_BURNED,38,36,16,
0.5,100,bot4,,,BUTTON_BURNED,38,36,16,11
0.5,101,bot1,,,SUCCESS,46,46,47,
0.5,101,bot2,,,SUCCESS,46,46,47,
0.5,101,bot3,,,SUCCESS,46,46,47,
0.5,101,bot4,,,SUCCESS,46,46,47,
0.5,102,bot1,,,SUCCESS,48,48,38,
0.5,102,bot2,,,SUCCESS,48,48,38,
0.5,102,bot3,,,SUCCESS,48,48,38,
0.5,102,bot4,,,SUCCESS,48,48,38,
0.5,103,bot1,,,BUTTON_BURNED,15,68,9,
0.5,103,bot2,,,GAVE_UP,13,68,9,
0.5,103,bot3,,,GAVE_UP,13,68,9,
0.5,103,bot4,,,GAVE_UP,13,68,9,1
0.5,108,bot1,,,SUCCESS,47,47,45,
0.5,108,bot2,,,SUCCESS,47,47,45,
0.5,108,bot3,,,SUCCESS,47,47,45,
0.5,108,bot4,,,SUCCESS,47,47,45,
0.5,109,bot1,,,SUCCESS,5,5,18,
0.5,109,bot2,,,SUCCESS,5,5,18,
0.5,109,bot3,,,SUCCESS,5,5,18,
0.5,109,bot4,,,SUCCESS,5,5,18,
0.5,110,bot1,,,SUCCESS,28,28,39,
0.5,110,bot2,,,SUCCESS,28,28,39,
0.5,110,bot3,,,SUCCESS,28,28,39,
0.5,110,bot4,,,SUCCESS,28,28,39,
0.5,111,bot1,,,BURNED,20,57,31,
0.5,111,bot2,,,GAVE_UP,34,57,31,
0.5,111,bot3,,,GAVE_UP,34,57,31,
0.5,111,bot4,,,GAVE_UP,43,57,31,17
0.5,120,bot1,,,BURNED,13,46,32,
0.5,120,bot2,,,BURNED,13,46,32,
0.5,120,bot3,,,GAVE_UP,69,46,32,
0.5,120,bot4,,,SUCCESS,56,46,32,32
0.5,121,bot1,,,SUCCESS,27,27,19,
0.5,121,bot2,,,SUCCESS,27,27,19,
0.5,121,bot3,,,SUCCESS,27,27,19,
0.5,121,bot4,,,SUCCESS,27,27,19,
0.5,122,bot1,,,SUCCESS,7,7,56,
0.5,122,bot2,,,SUCCESS,7,7,56,
0.5,122,bot3,,,SUCCESS,7,7,56,
0.5,122,bot4,,,SUCCESS,7,7,56,
0.5,123,bot1,,,SUCCESS,31,31,35,
0.5,123,bot2,,,SUCCESS,31,31,35,
0.5,123,bot3,,,SUCCESS,31,31,35,
0.5,123,bot4,,,SUCCESS,31,31,35,
0.5,116,bot1,,,SUCCESS,9,9,34,
0.5,116,bot2,,,SUCCESS,9,9,34,
0.5,116,bot3,,,SUCCESS,9,9,34,
0.5,116,bot4,,,SUCCESS,9,9,34,
0.5,117,bot1,,,SUCCESS,31,31,39,
0.5,117,bot2,,,SUCCESS,31,31,39,
0.5,117,bot3,,,SUCCESS,31,31,39,
0.5,117,bot4,,,SUCCESS,31,31,39,
0.5,118,bot1,,,SUCCESS,37,37,31,
0.5,118,bot2,,,SUCCESS,37,37,31,
0.5,118,bot3,,,SUCCESS,37,37,31,
0.5,118,bot4,,,SUCCESS,37,37,31,
0.5,119,bot1,,,SUCCESS,65,65,59,
0.5,119,bot2,,,SUCCESS,65,65,59,
0.5,119,bot3,,,SUCCESS,65,65,59,
0.5,119,bot4,,,SUCCESS,65,65,59,
0.5,148,bot1,,,SUCCESS,33,33,29,
0.5,148,bot2,,,SUCCESS,33,33,29,
0.5,148,bot3,,,SUCCESS,33,33,29,
0.5,148,bot4,,,SUCCESS,33,33,29,
0.5,149,bot1,,,SUCCESS,1,1,30,
0.5,149,bot2,,,SUCCESS,1,1,30,
0.5,149,bot3,,,SUCCESS,1,1,30,
0.5,149,bot4,,,SUCCESS,1,1,30,
0.5,150,bot1,,,SUCCESS,9,9,39,
0.5,150,bot2,,,SUCCESS,9,9,39,
0.5,150,bot3,,,SUCCESS,9,9,39,
0.5,150,bot4,,,SUCCESS,9,9,39,
0.5,151,bot1,,,SUCCESS,22,22,32,
0.5,151,bot2,,,SUCCESS,22,22,32,
0.5,151,bot3,,,SUCCESS,22,22,32,
0.5,151,bot4,,,SUCCESS,22,22,32,
0.5,128,bot1,,,SUCCESS,39,39,35,
0.5,128,bot2,,,SUCCESS,39,39,35,
0.5,128,bot3,,,SUCCESS,39,39,35,
0.5,128,bot4,,,SUCCESS,39,39,35,
0.5,129,bot1,,,BUTTON_BURNED,5,56,4,
0.5,129,bot2,,,GAVE_UP,4,56,4,
0.5,129,bot3,,,GAVE_UP,4,56,4,
0.5,129,bot4,,,GAVE_UP,4,56,4,1
0.5,130,bot1,,,SUCCESS,41,41,46,
0.5,130,bot2,,,SUCCESS,41,41,46,
0.5,130,bot3,,,SUCCESS,41,41,46,
0.5,130,bot4,,,SUCCESS,41,41,46,
0.5,131,bot1,,,SUCCESS,34,34,22,
0.5,131,bot2,,,SUCCESS,34,34,22,
0.5,131,bot3,,,SUCCESS,34,34,22,
0.5,131,bot4,,,SUCCESS,34,34,22,
0.5,140,bot1,,,BURNED,12,35,19,
0.5,140,bot2,,,GAVE_UP,27,35,19,
0.5,140,bot3,,,GAVE_UP,27,35,19,
0.5,140,bot4,,,GAVE_UP,27,35,19,1
0.5,141,bot1,,,SUCCESS,20,20,29,
0.5,141,bot2,,,SUCCESS,20,20,29,
0.5,141,bot3,,,SUCCESS,20,20,29,
0.5,141,bot4,,,SUCCESS,20,20,29,
0.5,142,bot1,,,SUCCESS,6,6,10,
0.5,142,bot2,,,SUCCESS,6,6,10,
0.5,142,bot3,,,SUCCESS,6,6,10,
0.5,142,bot4,,,SUCCESS,6,6,10,
0.5,143,bot1,,,SUCCESS,32,32,37,
0.5,143,bot2,,,SUCCESS,32,32,37,
0.5,143,bot3,,,SUCCESS,32,32,37,
0.5,143,bot4,,,SUCCESS,32,32,37,
0.5,160,bot1,,,SUCCESS,19,19,38,
0.5,160,bot2,,,SUCCESS,19,19,38,
0.5,160,bot3,,,SUCCESS,19,19,38,
0.5,160,bot4,,,SUCCESS,19,19,38,
0.5,161,bot1,,,BUTTON_BURNED,15,16,10,
0.5,161,bot2,,,BUTTON_BURNED,15,16,10,
0.5,161,bot3,,,BUTTON_BURNED,15,16,10,
0.5,161,bot4,,,BUTTON_BURNED,15,16,10,
0.5,162,bot1,,,SUCCESS,3,3,15,
0.5,162,bot2,,,SUCCESS,3,3,15,
0.5,162,bot3,,,SUCCESS,3,3,15,
0.5,162,bot4,,,SUCCESS,3,3,15,
0.5,163,bot1,,,SUCCESS,11,11,55,
0.5,163,bot2,,,SUCCESS,11,11,55,
0.5,163,bot3,,,SUCCESS,11,11,55,
0.5,163,bot4,,,SUCCESS,11,11,55,
0.5,132,bot1,,,SUCCESS,44,44,35,
0.5,132,bot2,,,SUCCESS,44,44,35,
0.5,132,bot3,,,SUCCESS,44,44,35,
0.5,132,bot4,,,SUCCESS,44,44,35,
0.5,133,bot1,,,SUCCESS,53,53,49,
0.5,133,bot2,,,SUCCESS,53,53,49,
0.5,133,bot3,,,SUCCESS,53,53,49,
0.5,133,bot4,,,SUCCESS,53,53,49,
0.5,134,bot1,,,SUCCESS,15,15,39,
0.5,134,bot2,,,SUCCESS,15,15,39,
0.5,134,bot3,,,SUCCESS,15,15,39,
0.5,134,bot4,,,SUCCESS,15,15,39,
0.5,135,bot1,,,SUCCESS,9,9,29,
0.5,135,bot2,,,SUCCESS,9,9,29,
0.5,135,bot3,,,SUCCESS,9,9,29,
0.5,135,bot4,,,SUCCESS,9,9,29,
0.5,144,bot1,,,BUTTON_BURNED,9,29,5,
0.5,144,bot2,,,BUTTON_BURNED,9,29,5,
0.5,144,bot3,,,BUTTON_BURNED,9,29,5,
0.5,144,bot4,,,BUTTON_BURNED,9,29,5,1
0.5,145,bot1,,,SUCCESS,49,49,37,
0.5,145,bot2,,,SUCCESS,49,49,37,
0.5,145,bot3,,,SUCCESS,49,49,37,
0.5,145,bot4,,,SUCCESS,49,49,37,
0.5,146,bot1,,,SUCCESS,29,29,51,
0.5,146,bot2,,,SUCCESS,29,29,51,
0.5,146,bot3,,,SUCCESS,29,29,51,
0.5,146,bot4,,,SUCCESS,29,29,51,
0.5,147,bot1,,,SUCCESS,11,11,33,
0.5,147,bot2,,,SUCCESS,11,11,33,
0.5,147,bot3,,,SUCCESS,11,11,33,
0.5,147,bot4,,,SUCCESS,11,11,33,
0.5,164,bot1,,,SUCCESS,30,30,35,
0.5,164,bot2,,,SUCCESS,30,30,35,
0.5,164,bot3,,,SUCCESS,30,30,35,
0.5,164,bot4,,,SUCCESS,30,30,35,
0.5,165,bot1,,,SUCCESS,23,23,42,
0.5,165,bot2,,,SUCCESS,23,23,42,
0.5,165,bot3,,,SUCCESS,23,23,42,
0.5,165,bot4,,,SUCCESS,23,23,42,
0.5,166,bot1,,,SUCCESS,6,6,18,
0.5,166,bot2,,,SUCCESS,6,6,18,
0.5,166,bot3,,,SUCCESS,6,6,18,
0.5,166,bot4,,,SUCCESS,6,6,18,
0.5,167,bot1,,,SUCCESS,30,30,32,
0.5,167,bot2,,,SUCCESS,30,30,32,
0.5,167,bot3,,,SUCCESS,30,30,32,
0.5,167,bot4,,,SUCCESS,30,30,32,
0.5,152,bot1,,,BURNED,42,63,36,
0.5,152,bot2,,,GAVE_UP,53,63,36,
0.5,152,bot3,,,GAVE_UP,53,63,36,
0.5,152,bot4,,,GAVE_UP,53,63,36,
0.5,153,bot1,,,BUTTON_BURNED,9,30,5,
0.5,153,bot2,,,BUTTON_BURNED,9,30,5,
0.5,153,bot3,,,BUTTON_BURNED,9,30,5,
0.5,153,bot4,,,BUTTON_BURNED,9,30,5,
0.5,154,bot1,,,BUTTON_BURNED,14,56,8,
0.5,154,bot2,,,GAVE_UP,13,56,8,
0.5,154,bot3,,,GAVE_UP,13,56,8,
0.5,154,bot4,,,GAVE_UP,13,56,8,1
0.5,155,bot1,,,SUCCESS,15,15,20,
0.5,155,bot2,,,SUCCESS,15,15,20,
0.5,155,bot3,,,SUCCESS,15,15,20,
0.5,155,bot4,,,SUCCESS,15,15,20,
0.5,156,bot1,,,BURNED,13,28,7,
0.5,156,bot2,,,GAVE_UP,9,28,7,
0.5,156,bot3,,,GAVE_UP,9,28,7,
0.5,156,bot4,,,GAVE_UP,9,28,7,1
0.5,157,bot1,,,SUCCESS,12,12,40,
0.5,157,bot2,,,SUCCESS,12,12,40,
0.5,157,bot3,,,SUCCESS,12,12,40,
0.5,157,bot4,,,SUCCESS,12,12,40,
0.5,158,bot1,,,SUCCESS,33,33,31,
0.5,158,bot2,,,SUCCESS,33,33,31,
0.5,158,bot3,,,SUCCESS,33,33,31,
0.5,158,bot4,,,SUCCESS,33,33,31,
0.5,159,bot1,,,BURNED,12,40,25,
0.5,159,bot2,,,GAVE_UP,36,40,25,
0.5,159,bot3,,,GAVE_UP,36,40,25,
0.5,159,bot4,,,GAVE_UP,36,40,25,14
0.5,168,bot1,,,SUCCESS,9,9,19,
0.5,168,bot2,,,SUCCESS,9,9,19,
0.5,168,bot3,,,SUCCESS,9,9,19,
0.5,168,bot4,,,SUCCESS,9,9,19,
0.5,169,bot1,,,SUCCESS,30,30,20,
0.5,169,bot2,,,SUCCESS,30,30,20,
0.5,169,bot3,,,SUCCESS,30,30,20,
0.5,169,bot4,,,SUCCESS,30,30,20,
0.5,170,bot1,,,SUCCESS,11,11,33,
0.5,170,bot2,,,SUCCESS,11,11,33,
0.5,170,bot3,,,SUCCESS,11,11,33,
0.5,170,bot4,,,SUCCESS,11,11,33,
0.5,171,bot1,,,SUCCESS,42,42,40,
0.5,171,bot2,,,SUCCESS,42,42,40,
0.5,171,bot3,,,SUCCESS,42,42,40,
0.5,171,bot4,,,SUCCESS,42,42,40,
0.5,136,bot1,,,SUCCESS,47,47,47,
0.5,136,bot2,,,SUCCESS,47,47,47,
0.5,136,bot3,,,SUCCESS,47,47,47,
0.5,136,bot4,,,SUCCESS,47,47,47,
0.5,137,bot1,,,BURNED,22,33,15,
0.5,137,bot2,,,BUTTON_BURNED,38,33,15,
0.5,137,bot3,,,BUTTON_BURNED,38,33,15,
0.5,137,bot4,,,BUTTON_BURNED,38,33,15,1
0.5,138,bot1,,,SUCCESS,20,20,57,
0.5,138,bot2,,,SUCCESS,20,20,57,
0.5,138,bot3,,,SUCCESS,20,20,57,
0.5,138,bot4,,,SUCCESS,20,20,57,
0.5,139,bot1,,,SUCCESS,41,41,45,
0.5,139,bot2,,,SUCCESS,41,41,45,
0.5,139,bot3,,,SUCCESS,41,41,45,
0.5,139,bot4,,,SUCCESS,41,41,45,
0.5,176,bot1,,,BUTTON_BURNED,20,46,12,
0.5,176,bot2,,,GAVE_UP,16,46,12,
0.5,176,bot3,,,GAVE_UP,16,46,12,
0.5,176,bot4,,,GAVE_UP,16,46,12,1
0.5,177,bot1,,,SUCCESS,29,29,28,
0.5,177,bot2,,,SUCCESS,29,29,28,
0.5,177,bot3,,,SUCCESS,29,29,28,
0.5,177,bot4,,,SUCCESS,29,29,28,
0.5,178,bot1,,,SUCCESS,1,1,30,
0.5,178,bot2,,,SUCCESS,1,1,30,
0.5,178,bot3,,,SUCCESS,1,1,30,
0.5,178,bot4,,,SUCCESS,1,1,30,
0.5,179,bot1,,,SUCCESS,19,19,42,
0.5,179,bot2,,,SUCCESS,19,19,42,
0.5,179,bot3,,,SUCCESS,19,19,42,
0.5,179,bot4,,,SUCCESS,19,19,42,
0.5,184,bot1,,,BURNED,20,47,27,
0.5,184,bot2,,,GAVE_UP,32,47,27,
0.5,184,bot3,,,GAVE_UP,32,47,27,
0.5,184,bot4,,,GAVE_UP,32,47,27,1
0.5,185,bot1,,,BURNED,8,10,9,
0.5,185,bot2,,,BURNED,8,10,9,
0.5,185,bot3,,,BURNED,8,10,9,
0.5,185,bot4,,,BURNED,8,10,9,
0.5,186,bot1,,,BUTTON_BURNED,6,46,3,
0.5,186,bot2,,,GAVE_UP,4,46,3,
0.5,186,bot3,,,GAVE_UP,4,46,3,
0.5,186,bot4,,,GAVE_UP,4,46,3,1
0.5,187,bot1,,,SUCCESS,32,32,48,
0.5,187,bot2,,,SUCCESS,32,32,48,
0.5,187,bot3,,,SUCCESS,32,32,48,
0.5,187,bot4,,,SUCCESS,32,32,48,
0.55,0,bot1,,,SUCCESS,17,17,39,
0.55,0,bot2,,,SUCCESS,17,17,39,
0.55,0,bot3,,,SUCCESS,17,17,39,
0.55,0,bot4,,,SUCCESS,17,17,39,
0.55,1,bot1,,,SUCCESS,14,14,68,
0.55,1,bot2,,,SUCCESS,14,14,68,
0.55,1,bot3,,,SUCCESS,14,14,68,
0.55,1,bot4,,,SUCCESS,14,14,68,
0.55,2,bot1,,,SUCCESS,35,35,29,
0.55,2,bot2,,,SUCCESS,35,35,29,
0.55,2,bot3,,,SUCCESS,35,35,29,
0.55,2,bot4,,,SUCCESS,35,35,29,
0.55,3,bot1,,,SUCCESS,24,24,22,
0.55,3,bot2,,,SUCCESS,24,24,22,
0.55,3,bot3,,,SUCCESS,24,24,22,
0.55,3,bot4,,,SUCCESS,24,24,22,
0.5,172,bot1,,,BURNED,11,43,30,
0.5,172,bot2,,,GAVE_UP,40,43,30,
0.5,172,bot3,,,SUCCESS,47,43,30,
0.5,172,bot4,,,GAVE_UP,44,43,30,17
0.5,173,bot1,,,BURNED,22,43,27,
0.5,173,bot2,,,GAVE_UP,37,43,27,
0.5,173,bot3,,,GAVE_UP,37,43,27,
0.5,173,bot4,,,BUTTON_BURNED,48,43,27,20
0.5,174,bot1,,,SUCCESS,12,12,23,
0.5,174,bot2,,,SUCCESS,12,12,23,
0.5,174,bot3,,,SUCCESS,12,12,23,
0.5,174,bot4,,,SUCCESS,12,12,23,
0.5,175,bot1,,,SUCCESS,18,18,19,
0.5,175,bot2,,,SUCCESS,18,18,19,
0.5,175,bot3,,,SUCCESS,18,18,19,
0.5,175,bot4,,,SUCCESS,18,18,19,
0.5,180,bot1,,,SUCCESS,49,49,45,
0.5,180,bot2,,,SUCCESS,49,49,45,
0.5,180,bot3,,,SUCCESS,49,49,45,
0.5,180,bot4,,,SUCCESS,49,49,45,
0.5,181,bot1,,,SUCCESS,24,24,27,
0.5,181,bot2,,,SUCCESS,24,24,27,
0.5,181,bot3,,,SUCCESS,24,24,27,
0.5,181,bot4,,,SUCCESS,24,24,27,
0.5,182,bot1,,,SUCCESS,40,40,45,
0.5,182,bot2,,,SUCCESS,40,40,45,
0.5,182,bot3,,,SUCCESS,40,40,45,
0.5,182,bot4,,,SUCCESS,40,40,45,
0.5,183,bot1,,,SUCCESS,56,56,48,
0.5,183,bot2,,,SUCCESS,56,56,48,
0.5,183,bot3,,,SUCCESS,56,56,48,
0.5,183,bot4,,,SUCCESS,56,56,48,
0.5,188,bot1,,,SUCCESS,23,23,45,
0.5,188,bot2,,,SUCCESS,23,23,45,
0.5,188,bot3,,,SUCCESS,23,23,45,
0.5,188,bot4,,,SUCCESS,23,23,45,
0.5,189,bot1,,,SUCCESS,25,25,54,
0.5,189,bot2,,,SUCCESS,25,25,54,
0.5,189,bot3,,,SUCCESS,25,25,54,
0.5,189,bot4,,,SUCCESS,25,25,54,
0.5,190,bot1,,,SUCCESS,48,48,55,
0.5,190,bot2,,,SUCCESS,48,48,55,
0.5,190,bot3,,,SUCCESS,48,48,55,
0.5,190,bot4,,,SUCCESS,48,48,55,
0.5,191,bot1,,,SUCCESS,40,40,31,
0.5,191,bot2,,,SUCCESS,40,40,31,
0.5,191,bot3,,,SUCCESS,40,40,31,
0.5,191,bot4,,,SUCCESS,40,40,31,
0.5,192,bot1,,,SUCCESS,18,18,45,
0.5,192,bot2,,,SUCCESS,18,18,45,
0.5,192,bot3,,,SUCCESS,18,18,45,
0.5,192,bot4,,,SUCCESS,18,18,45,
0.5,193,bot1,,,BURNED,14,35,17,
0.5,193,bot2,,,GAVE_UP,18,35,17,
0.5,193,bot3,,,BURNED,33,35,17,
0.5,193,bot4,,,GAVE_UP,18,35,17,6
0.5,194,bot1,,,SUCCESS,55,55,64,
0.5,194,bot2,,,SUCCESS,55,55,64,
0.5,194,bot3,,,SUCCESS,55,55,64,
0.5,194,bot4,,,SUCCESS,55,55,64,
0.5,195,bot1,,,BURNED,15,40,23,
0.5,195,bot2,,,BURNED,17,40,23,
0.5,195,bot3,,,GAVE_UP,36,40,23,
0.5,195,bot4,,,GAVE_UP,38,40,23,21
0.55,12,bot1,,,SUCCESS,30,30,24,
0.55,12,bot2,,,SUCCESS,30,30,24,
0.55,12,bot3,,,SUCCESS,30,30,24,
0.55,12,bot4,,,SUCCESS,30,30,24,
0.55,13,bot1,,,SUCCESS,16,16,62,
0.55,13,bot2,,,SUCCESS,16,16,62,
0.55,13,bot3,,,SUCCESS,16,16,62,
0.55,13,bot4,,,SUCCESS,16,16,62,
0.55,14,bot1,,,SUCCESS,28,28,49,
0.55,14,bot2,,,SUCCESS,28,28,49,
0.55,14,bot3,,,SUCCESS,28,28,49,
0.55,14,bot4,,,SUCCESS,28,28,49,
0.55,15,bot1,,,SUCCESS,13,13,30,
0.55,15,bot2,,,SUCCESS,13,13,30,
0.55,15,bot3,,,SUCCESS,13,13,30,
0.55,15,bot4,,,SUCCESS,13,13,30,
0.55,4,bot1,,,BURNED,11,41,26,
0.55,4,bot2,,,GAVE_UP,43,41,26,
0.55,4,bot3,,,GAVE_UP,43,41,26,
0.55,4,bot4,,,GAVE_UP,43,41,26,1
0.55,5,bot1,,,SUCCESS,24,24,19,
0.55,5,bot2,,,SUCCESS,24,24,19,
0.55,5,bot3,,,SUCCESS,24,24,19,
0.55,5,bot4,,,SUCCESS,24,24,19,
0.55,6,bot1,,,SUCCESS,5,5,19,
0.55,6,bot2,,,SUCCESS,5,5,19,
0.55,6,bot3,,,SUCCESS,5,5,19,
0.55,6,bot4,,,SUCCESS,5,5,19,
0.55,7,bot1,,,BURNED,7,27,20,
0.55,7,bot2,,,BURNED,28,27,20,
0.55,7,bot3,,,SUCCESS,31,27,20,
0.55,7,bot4,,,SUCCESS,29,27,20,
0.5,196,bot1,,,SUCCESS,15,15,30,
0.5,196,bot2,,,SUCCESS,15,15,30,
0.5,196,bot3,,,SUCCESS,15,15,30,
0.5,196,bot4,,,SUCCESS,15,15,30,
0.5,197,bot1,,,BURNED,9,51,38,
0.5,197,bot2,,,BUTTON_BURNED,75,51,38,
0.5,197,bot3,,,SUCCESS,63,51,38,
0.5,197,bot4,,,SUCCESS,57,51,38,
0.5,198,bot1,,,BUTTON_BURNED,43,65,25,
0.5,198,bot2,,,GAVE_UP,41,65,25,
0.5,198,bot3,,,GAVE_UP,41,65,25,
0.5,198,bot4,,,GAVE_UP,41,65,25,31
0.5,199,bot1,,,BUTTON_BURNED,50,52,24,
0.5,199,bot2,,,BUTTON_BURNED,50,52,24,
0.5,199,bot3,,,BUTTON_BURNED,50,52,24,
0.5,199,bot4,,,BUTTON_BURNED,50,52,24,
0.55,32,bot1,,,SUCCESS,13,13,24,
0.55,32,bot2,,,SUCCESS,13,13,24,
0.55,32,bot3,,,SUCCESS,13,13,24,
0.55,32,bot4,,,SUCCESS,13,13,24,
0.55,33,bot1,,,BUTTON_BURNED,10,31,7,
0.55,33,bot2,,,BUTTON_BURNED,10,31,7,
0.55,33,bot3,,,BUTTON_BURNED,10,31,7,
0.55,33,bot4,,,BUTTON_BURNED,10,31,7,1
0.55,34,bot1,,,BUTTON_BURNED,14,39,9,
0.55,34,bot2,,,BUTTON_BURNED,14,39,9,
0.55,34,bot3,,,BUTTON_BURNED,14,39,9,
0.55,34,bot4,,,BUTTON_BURNED,14,39,9,5
0.55,35,bot1,,,SUCCESS,38,38,45,
0.55,35,bot2,,,SUCCESS,38,38,45,
0.55,35,bot3,,,SUCCESS,38,38,45,
0.55,35,bot4,,,SUCCESS,38,38,45,
0.55,20,bot1,,,BUTTON_BURNED,30,43,16,
0.55,20,bot2,,,BUTTON_BURNED,30,43,16,
0.55,20,bot3,,,BUTTON_BURNED,30,43,16,
0.55,20,bot4,,,BUTTON_BURNED,30,43,16,4
0.55,21,bot1,,,SUCCESS,17,17,55,
0.55,21,bot2,,,SUCCESS,17,17,55,
0.55,21,bot3,,,SUCCESS,17,17,55,
0.55,21,bot4,,,SUCCESS,17,17,55,
0.55,22,bot1,,,SUCCESS,15,15,33,
0.55,22,bot2,,,SUCCESS,15,15,33,
0.55,22,bot3,,,SUCCESS,15,15,33,
0.55,22,bot4,,,SUCCESS,15,15,33,
0.55,23,bot1,,,SUCCESS,33,33,41,
0.55,23,bot2,,,SUCCESS,33,33,41,
0.55,23,bot3,,,SUCCESS,33,33,41,
0.55,23,bot4,,,SUCCESS,33,33,41,
0.55,8,bot1,,,SUCCESS,25,25,43,
0.55,8,bot2,,,SUCCESS,25,25,43,
0.55,8,bot3,,,SUCCESS,25,25,43,
0.55,8,bot4,,,SUCCESS,25,25,43,
0.55,9,bot1,,,BURNED,11,39,20,
0.55,9,bot2,,,GAVE_UP,18,39,20,
0.55,9,bot3,,,GAVE_UP,27,39,20,
0.55,9,bot4,,,GAVE_UP,18,39,20,1
0.55,10,bot1,,,BURNED,35,41,33,
0.55,10,bot2,,,BURNED,35,41,33,
0.55,10,bot3,,,BURNED,35,41,33,
0.55,10,bot4,,,BURNED,35,41,33,
0.55,11,bot1,,,BURNED,43,48,31,
0.55,11,bot2,,,GAVE_UP,40,48,31,
0.55,11,bot3,,,GAVE_UP,40,48,31,
0.55,11,bot4,,,BUTTON_BURNED,44,48,31,28
0.55,24,bot1,,,BUTTON_BURNED,44,65,27,
0.55,24,bot2,,,GAVE_UP,42,65,27,
0.55,24,bot3,,,GAVE_UP,42,65,27,
0.55,24,bot4,,,GAVE_UP,42,65,27,20
0.55,25,bot1,,,SUCCESS,36,36,49,
0.55,25,bot2,,,SUCCESS,36,36,49,
0.55,25,bot3,,,SUCCESS,36,36,49,
0.55,25,bot4,,,SUCCESS,36,36,49,
0.55,26,bot1,,,SUCCESS,22,22,59,
0.55,26,bot2,,,SUCCESS,22,22,59,
0.55,26,bot3,,,SUCCESS,22,22,59,
0.55,26,bot4,,,SUCCESS,22,22,59,
0.55,27,bot1,,,SUCCESS,23,23,41,
0.55,27,bot2,,,SUCCESS,23,23,41,
0.55,27,bot3,,,SUCCESS,23,23,41,
0.55,27,bot4,,,SUCCESS,23,23,41,
0.55,28,bot1,,,SUCCESS,20,20,23,
0.55,28,bot2,,,SUCCESS,20,20,23,
0.55,28,bot3,,,SUCCESS,20,20,23,
0.55,28,bot4,,,SUCCESS,20,20,23,
0.55,29,bot1,,,BUTTON_BURNED,14,41,7,
0.55,29,bot2,,,GAVE_UP,6,41,7,
0.55,29,bot3,,,GAVE_UP,6,41,7,
0.55,29,bot4,,,GAVE_UP,6,41,7,1
0.55,30,bot1,,,BUTTON_BURNED,20,41,14,
0.55,30,bot2,,,BUTTON_BURNED,20,41,14,
0.55,30,bot3,,,BUTTON_BURNED,20,41,14,
0.55,30,bot4,,,BUTTON_BURNED,20,41,14,
0.55,31,bot1,,,SUCCESS,68,68,44,
0.55,31,bot2,,,SUCCESS,68,68,44,
0.55,31,bot3,,,SUCCESS,68,68,44,
0.55,31,bot4,,,SUCCESS,68,68,44,
0.55,48,bot1,,,SUCCESS,17,17,37,
0.55,48,bot2,,,SUCCESS,17,17,37,
0.55,48,bot3,,,SUCCESS,17,17,37,
0.55,48,bot4,,,SUCCESS,17,17,37,
0.55,49,bot1,,,SUCCESS,3,3,29,
0.55,49,bot2,,,SUCCESS,3,3,29,
0.55,49,bot3,,,SUCCESS,3,3,29,
0.55,49,bot4,,,SUCCESS,3,3,29,
0.55,50,bot1,,,SUCCESS,32,32,48,
0.55,50,bot2,,,SUCCESS,32,32,48,
0.55,50,bot3,,,SUCCESS,32,32,48,
0.55,50,bot4,,,SUCCESS,32,32,48,
0.55,51,bot1,,,SUCCESS,31,31,40,
0.55,51,bot2,,,SUCCESS,31,31,40,
0.55,51,bot3,,,SUCCESS,31,31,40,
0.55,51,bot4,,,SUCCESS,31,31,40,
0.55,16,bot1,,,SUCCESS,35,35,57,
0.55,16,bot2,,,SUCCESS,35,35,57,
0.55,16,bot3,,,SUCCESS,35,35,57,
0.55,16,bot4,,,SUCCESS,35,35,57,
0.55,17,bot1,,,SUCCESS,19,19,22,
0.55,17,bot2,,,SUCCESS,19,19,22,
0.55,17,bot3,,,SUCCESS,19,19,22,
0.55,17,bot4,,,SUCCESS,19,19,22,
0.55,18,bot1,,,SUCCESS,64,64,58,
0.55,18,bot2,,,SUCCESS,64,64,58,
0.55,18,bot3,,,SUCCESS,64,64,58,
0.55,18,bot4,,,SUCCESS,64,64,58,
0.55,19,bot1,,,SUCCESS,49,49,33,
0.55,19,bot2,,,SUCCESS,49,49,33,
0.55,19,bot3,,,GAVE_UP,49,49,33,
0.55,19,bot4,,,SUCCESS,49,49,33,27
0.55,52,bot1,,,SUCCESS,25,25,27,
0.55,52,bot2,,,SUCCESS,25,25,27,
0.55,52,bot3,,,SUCCESS,25,25,27,
0.55,52,bot4,,,SUCCESS,25,25,27,
0.55,53,bot1,,,SUCCESS,36,36,39,
0.55,53,bot2,,,SUCCESS,36,36,39,
0.55,53,bot3,,,SUCCESS,36,36,39,
0.55,53,bot4,,,SUCCESS,36,36,39,
0.55,54,bot1,,,SUCCESS,51,51,39,
0.55,54,bot2,,,SUCCESS,51,51,39,
0.55,54,bot3,,,SUCCESS,51,51,39,
0.55,54,bot4,,,SUCCESS,51,51,39,
0.55,55,bot1,,,SUCCESS,5,5,31,
0.55,55,bot2,,,SUCCESS,5,5,31,
0.55,55,bot3,,,SUCCESS,5,5,31,
0.55,55,bot4,,,SUCCESS,5,5,31,
0.55,68,bot1,,,SUCCESS,3,3,13,
0.55,68,bot2,,,SUCCESS,3,3,13,
0.55,68,bot3,,,SUCCESS,3,3,13,
0.55,68,bot4,,,SUCCESS,3,3,13,
0.55,69,bot1,,,SUCCESS,24,24,24,
0.55,69,bot2,,,SUCCESS,24,24,24,
0.55,69,bot3,,,SUCCESS,24,24,24,
0.55,69,bot4,,,SUCCESS,24,24,24,
0.55,70,bot1,,,SUCCESS,24,24,23,
0.55,70,bot2,,,SUCCESS,24,24,23,
0.55,70,bot3,,,SUCCESS,24,24,23,
0.55,70,bot4,,,SUCCESS,24,24,23,
0.55,71,bot1,,,BUTTON_BURNED,23,46,13,
0.55,71,bot2,,,GAVE_UP,19,46,13,
0.55,71,bot3,,,GAVE_UP,19,46,13,
0.55,71,bot4,,,GAVE_UP,19,46,13,1
0.55,56,bot1,,,BUTTON_BURNED,12,54,7,
0.55,56,bot2,,,BUTTON_BURNED,12,54,7,
0.55,56,bot3,,,BUTTON_BURNED,12,54,7,
0.55,56,bot4,,,BUTTON_BURNED,12,54,7,1
0.55,57,bot1,,,SUCCESS,20,20,26,
0.55,57,bot2,,,SUCCESS,20,20,26,
0.55,57,bot3,,,SUCCESS,20,20,26,
0.55,57,bot4,,,SUCCESS,20,20,26,
0.55,58,bot1,,,BUTTON_BURNED,18,47,12,
0.55,58,bot2,,,BUTTON_BURNED,18,47,12,
0.55,58,bot3,,,BUTTON_BURNED,18,47,12,
0.55,58,bot4,,,BUTTON_BURNED,18,47,12,18
0.55,59,bot1,,,BURNED,22,52,44,
0.55,59,bot2,,,BURNED,25,52,44,
0.55,59,bot3,,,BURNED,25,52,44,
0.55,59,bot4,,,BURNED,27,52,44,14
0.55,36,bot1,,,SUCCESS,19,19,39,
0.55,36,bot2,,,SUCCESS,19,19,39,
0.55,36,bot3,,,SUCCESS,19,19,39,
0.55,36,bot4,,,SUCCESS,19,19,39,
0.55,37,bot1,,,BURNED,36,54,26,
0.55,37,bot2,,,GAVE_UP,39,54,26,
0.55,37,bot3,,,GAVE_UP,39,54,26,
0.55,37,bot4,,,GAVE_UP,39,54,26,13
0.55,38,bot1,,,SUCCESS,37,37,35,
0.55,38,bot2,,,SUCCESS,37,37,35,
0.55,38,bot3,,,SUCCESS,37,37,35,
0.55,38,bot4,,,SUCCESS,37,37,35,
0.55,39,bot1,,,SUCCESS,60,60,46,
0.55,39,bot2,,,SUCCESS,60,60,46,
0.55,39,bot3,,,SUCCESS,60,60,46,
0.55,39,bot4,,,SUCCESS,62,60,46,
0.55,60,bot1,,,SUCCESS,38,38,48,
0.55,60,bot2,,,SUCCESS,38,38,48,
0.55,60,bot3,,,SUCCESS,38,38,48,
0.55,60,bot4,,,SUCCESS,38,38,48,
0.55,61,bot1,,,SUCCESS,11,11,36,
0.55,61,bot2,,,SUCCESS,11,11,36,
0.55,61,bot3,,,SUCCESS,11,11,36,
0.55,61,bot4,,,SUCCESS,11,11,36,
0.55,62,bot1,,,BURNED,16,24,14,
0.55,62,bot2,,,BURNED,16,24,14,
0.55,62,bot3,,,BUTTON_BURNED,23,24,14,
0.55,62,bot4,,,BURNED,16,24,14,1
0.55,63,bot1,,,BUTTON_BURNED,6,28,3,
0.55,63,bot2,,,BUTTON_BURNED,6,28,3,
0.55,63,bot3,,,BUTTON_BURNED,6,28,3,
0.55,63,bot4,,,BUTTON_BURNED,6,28,3,1
0.55,44,bot1,,,SUCCESS,49,49,51,
0.55,44,bot2,,,SUCCESS,49,49,51,
0.55,44,bot3,,,SUCCESS,49,49,51,
0.55,44,bot4,,,SUCCESS,49,49,51,
0.55,45,bot1,,,SUCCESS,34,34,37,
0.55,45,bot2,,,SUCCESS,34,34,37,
0.55,45,bot3,,,SUCCESS,34,34,37,
0.55,45,bot4,,,SUCCESS,34,34,37,
0.55,46,bot1,,,SUCCESS,22,22,33,
0.55,46,bot2,,,SUCCESS,22,22,33,
0.55,46,bot3,,,SUCCESS,22,22,33,
0.55,46,bot4,,,SUCCESS,22,22,33,
0.55,47,bot1,,,BURNED,28,48,25,
0.55,47,bot2,,,GAVE_UP,39,48,25,
0.55,47,bot3,,,GAVE_UP,39,48,25,
0.55,47,bot4,,,GAVE_UP,39,48,25,5
0.55,40,bot1,,,SUCCESS,54,54,34,
0.55,40,bot2,,,SUCCESS,54,54,34,
0.55,40,bot3,,,SUCCESS,54,54,34,
0.55,40,bot4,,,SUCCESS,54,54,34,35
0.55,41,bot1,,,SUCCESS,26,26,18,
0.55,41,bot2,,,SUCCESS,26,26,18,
0.55,41,bot3,,,SUCCESS,26,26,18,
0.55,41,bot4,,,GAVE_UP,32,26,18,7
0.55,42,bot1,,,SUCCESS,27,27,73,
0.55,42,bot2,,,SUCCESS,27,27,73,
0.55,42,bot3,,,SUCCESS,27,27,73,
0.55,42,bot4,,,SUCCESS,27,27,73,
0.55,43,bot1,,,BUTTON_BURNED,42,49,26,
0.55,43,bot2,,,GAVE_UP,39,49,26,
0.55,43,bot3,,,GAVE_UP,39,49,26,
0.55,43,bot4,,,GAVE_UP,39,49,26,20
0.55,64,bot1,,,SUCCESS,56,56,60,
0.55,64,bot2,,,SUCCESS,56,56,60,
0.55,64,bot3,,,SUCCESS,56,56,60,
0.55,64,bot4,,,SUCCESS,56,56,60,
0.55,65,bot1,,,SUCCESS,2,2,58,
0.55,65,bot2,,,SUCCESS,2,2,58,
0.55,65,bot3,,,SUCCESS,2,2,58,
0.55,65,bot4,,,SUCCESS,2,2,58,
0.55,66,bot1,,,BURNED,40,48,28,
0.55,66,bot2,,,GAVE_UP,39,48,28,
0.55,66,bot3,,,GAVE_UP,39,48,28,
0.55,66,bot4,,,GAVE_UP,39,48,28,13
0.55,67,bot1,,,SUCCESS,27,27,61,
0.55,67,bot2,,,SUCCESS,27,27,61,
0.55,67,bot3,,,SUCCESS,27,27,61,
0.55,67,bot4,,,SUCCESS,27,27,61,
0.55,84,bot1,,,BUTTON_BURNED,31,40,14,
0.55,84,bot2,,,BUTTON_BURNED,31,40,14,
0.55,84,bot3,,,BUTTON_BURNED,31,40,14,
0.55,84,bot4,,,BUTTON_BURNED,31,40,14,
0.55,85,bot1,,,SUCCESS,29,29,47,
0.55,85,bot2,,,SUCCESS,29,29,47,
0.55,85,bot3,,,SUCCESS,29,29,47,
0.55,85,bot4,,,SUCCESS,29,29,47,
0.55,86,bot1,,,SUCCESS,16,16,47,
0.55,86,bot2,,,SUCCESS,16,16,47,
0.55,86,bot3,,,SUCCESS,16,16,47,
0.55,86,bot4,,,SUCCESS,16,16,47,
0.55,87,bot1,,,SUCCESS,40,40,38,
0.55,87,bot2,,,SUCCESS,40,40,38,
0.55,87,bot3,,,SUCCESS,40,40,38,
0.55,87,bot4,,,SUCCESS,40,40,38,
0.55,96,bot1,,,BURNED,34,53,20,
0.55,96,bot2,,,GAVE_UP,23,53,20,
0.55,96,bot3,,,GAVE_UP,23,53,20,
0.55,96,bot4,,,GAVE_UP,23,53,20,1
0.55,97,bot1,,,SUCCESS,13,13,14,
0.55,97,bot2,,,SUCCESS,13,13,14,
0.55,97,bot3,,,SUCCESS,13,13,14,
0.55,97,bot4,,,SUCCESS,13,13,14,
0.55,98,bot1,,,SUCCESS,28,28,27,
0.55,98,bot2,,,SUCCESS,28,28,27,
0.55,98,bot3,,,SUCCESS,28,28,27,
0.55,98,bot4,,,SUCCESS,28,28,27,
0.55,99,bot1,,,SUCCESS,26,26,52,
0.55,99,bot2,,,SUCCESS,26,26,52,
0.55,99,bot3,,,SUCCESS,26,26,52,
0.55,99,bot4,,,SUCCESS,26,26,52,
0.55,88,bot1,,,BUTTON_BURNED,23,55,13,
0.55,88,bot2,,,BUTTON_BURNED,23,55,13,
0.55,88,bot3,,,BUTTON_BURNED,23,55,13,
0.55,88,bot4,,,BUTTON_BURNED,23,55,13,1
0.55,89,bot1,,,BURNED,18,50,32,
0.55,89,bot2,,,BURNED,18,50,32,
0.55,89,bot3,,,GAVE_UP,40,50,32,
0.55,89,bot4,,,BURNED,18,50,32,2
0.55,90,bot1,,,BURNED,16,51,40,
0.55,90,bot2,,,GAVE_UP,24,51,40,
0.55,90,bot3,,,GAVE_UP,24,51,40,
0.55,90,bot4,,,GAVE_UP,24,51,40,1
0.55,91,bot1,,,SUCCESS,23,23,48,
0.55,91,bot2,,,SUCCESS,23,23,48,
0.55,91,bot3,,,SUCCESS,23,23,48,
0.55,91,bot4,,,SUCCESS,23,23,48,
0.55,76,bot1,,,SUCCESS,39,39,50,
0.55,76,bot2,,,SUCCESS,39,39,50,
0.55,76,bot3,,,SUCCESS,39,39,50,
0.55,76,bot4,,,SUCCESS,39,39,50,
0.55,77,bot1,,,BUTTON_BURNED,13,34,6,
0.55,77,bot2,,,BUTTON_BURNED,13,34,6,
0.55,77,bot3,,,BUTTON_BURNED,13,34,6,
0.55,77,bot4,,,BUTTON_BURNED,13,34,6,1
0.55,78,bot1,,,BURNED,8,51,48,
0.55,78,bot2,,,BURNED,34,51,48,
0.55,78,bot3,,,SUCCESS,59,51,48,
0.55,78,bot4,,,SUCCESS,53,51,48,
0.55,79,bot1,,,SUCCESS,18,18,10,
0.55,79,bot2,,,SUCCESS,18,18,10,
0.55,79,bot3,,,SUCCESS,18,18,10,
0.55,79,bot4,,,SUCCESS,18,18,10,
0.55,72,bot1,,,BUTTON_BURNED,27,30,22,
0.55,72,bot2,,,BUTTON_BURNED,27,30,22,
0.55,72,bot3,,,BUTTON_BURNED,27,30,22,
0.55,72,bot4,,,BUTTON_BURNED,27,30,22,
0.55,73,bot1,,,SUCCESS,45,45,62,
0.55,73,bot2,,,SUCCESS,45,45,62,
0.55,73,bot3,,,SUCCESS,45,45,62,
0.55,73,bot4,,,SUCCESS,45,45,62,
0.55,74,bot1,,,SUCCESS,30,30,43,
0.55,74,bot2,,,SUCCESS,30,30,43,
0.55,74,bot3,,,SUCCESS,30,30,43,
0.55,74,bot4,,,SUCCESS,30,30,43,
0.55,75,bot1,,,BURNED,24,31,21,
0.55,75,bot2,,,SUCCESS,33,31,21,
0.55,75,bot3,,,SUCCESS,33,31,21,
0.55,75,bot4,,,SUCCESS,33,31,21,12
0.55,80,bot1,,,BURNED,39,57,31,
0.55,80,bot2,,,BUTTON_BURNED,48,57,31,
0.55,80,bot3,,,BUTTON_BURNED,48,57,31,
0.55,80,bot4,,,BUTTON_BURNED,48,57,31,27
0.55,81,bot1,,,SUCCESS,43,43,56,
0.55,81,bot2,,,SUCCESS,43,43,56,
0.55,81,bot3,,,SUCCESS,43,43,56,
0.55,81,bot4,,,SUCCESS,43,43,56,
0.55,82,bot1,,,BURNED,32,43,19,
0.55,82,bot2,,,GAVE_UP,31,43,19,
0.55,82,bot3,,,GAVE_UP,31,43,19,
0.55,82,bot4,,,GAVE_UP,31,43,19,
0.55,83,bot1,,,BURNED,11,43,39,
0.55,83,bot2,,,BURNED,15,43,39,
0.55,83,bot3,,,SUCCESS,43,43,39,
0.55,83,bot4,,,SUCCESS,45,43,39,
0.55,104,bot1,,,SUCCESS,24,24,32,
0.55,104,bot2,,,SUCCESS,24,24,32,
0.55,104,bot3,,,SUCCESS,24,24,32,
0.55,104,bot4,,,SUCCESS,24,24,32,
0.55,105,bot1,,,SUCCESS,47,47,33,
0.55,105,bot2,,,SUCCESS,47,47,33,
0.55,105,bot3,,,SUCCESS,47,47,33,
0.55,105,bot4,,,SUCCESS,47,47,33,
0.55,106,bot1,,,BUTTON_BURNED,21,41,10,
0.55,106,bot2,,,BUTTON_BURNED,21,41,10,
0.55,106,bot3,,,BUTTON_BURNED,21,41,10,
0.55,106,bot4,,,BUTTON_BURNED,21,41,10,1
0.55,107,bot1,,,BURNED,13,40,24,
0.55,107,bot2,,,BURNED,16,40,24,
0.55,107,bot3,,,GAVE_UP,17,40,24,
0.55,107,bot4,,,BURNED,16,40,24,1
0.55,92,bot1,,,BURNED,8,46,37,
0.55,92,bot2,,,GAVE_UP,31,46,37,
0.55,92,bot3,,,GAVE_UP,31,46,37,
0.55,92,bot4,,,GAVE_UP,54,46,37,33
0.55,93,bot1,,,SUCCESS,38,38,42,
0.55,93,bot2,,,SUCCESS,38,38,42,
0.55,93,bot3,,,SUCCESS,38,38,42,
0.55,93,bot4,,,SUCCESS,38,38,42,
0.55,94,bot1,,,SUCCESS,21,21,30,
0.55,94,bot2,,,SUCCESS,21,21,30,
0.55,94,bot3,,,SUCCESS,21,21,30,
0.55,94,bot4,,,SUCCESS,21,21,30,
0.55,95,bot1,,,SUCCESS,46,46,38,
0.55,95,bot2,,,SUCCESS,46,46,38,
0.55,95,bot3,,,SUCCESS,46,46,38,
0.55,95,bot4,,,SUCCESS,46,46,38,
0.55,112,bot1,,,SUCCESS,7,7,9,
0.55,112,bot2,,,SUCCESS,7,7,9,
0.55,112,bot3,,,SUCCESS,7,7,9,
0.55,112,bot4,,,SUCCESS,7,7,9,
0.55,113,bot1,,,BUTTON_BURNED,22,23,13,
0.55,113,bot2,,,BUTTON_BURNED,22,23,13,
0.55,113,bot3,,,BUTTON_BURNED,22,23,13,
0.55,113,bot4,,,BUTTON_BURNED,22,23,13,
0.55,114,bot1,,,SUCCESS,27,27,31,
0.55,114,bot2,,,SUCCESS,27,27,31,
0.55,114,bot3,,,SUCCESS,27,27,31,
0.55,114,bot4,,,SUCCESS,27,27,31,
0.55,115,bot1,,,SUCCESS,48,48,49,
0.55,115,bot2,,,SUCCESS,48,48,49,
0.55,115,bot3,,,SUCCESS,48,48,49,
0.55,115,bot4,,,SUCCESS,48,48,49,
0.55,100,bot1,,,BURNED,19,36,16,
0.55,100,bot2,,,BUTTON_BURNED,33,36,16,
0.55,100,bot3,,,BUTTON_BURNED,33,36,16,
0.55,100,bot4,,,BUTTON_BURNED,33,36,16,6
0.55,101,bot1,,,SUCCESS,46,46,47,
0.55,101,bot2,,,SUCCESS,46,46,47,
0.55,101,bot3,,,SUCCESS,46,46,47,
0.55,101,bot4,,,SUCCESS,46,46,47,
0.55,102,bot1,,,BURNED,25,48,38,
0.55,102,bot2,,,GAVE_UP,28,48,38,
0.55,102,bot3,,,GAVE_UP,28,48,38,
0.55,102,bot4,,,GAVE_UP,28,48,38,
0.55,103,bot1,,,BUTTON_BURNED,14,68,9,
0.55,103,bot2,,,GAVE_UP,13,68,9,
0.55,103,bot3,,,GAVE_UP,13,68,9,
0.55,103,bot4,,,GAVE_UP,13,68,9,1
0.55,108,bot1,,,SUCCESS,47,47,45,
0.55,108,bot2,,,SUCCESS,47,47,45,
0.55,108,bot3,,,SUCCESS,47,47,45,
0.55,108,bot4,,,SUCCESS,47,47,45,
0.55,109,bot1,,,SUCCESS,5,5,18,
0.55,109,bot2,,,SUCCESS,5,5,18,
0.55,109,bot3,,,SUCCESS,5,5,18,
0.55,109,bot4,,,SUCCESS,5,5,18,
0.55,110,bot1,,,SUCCESS,28,28,39,
0.55,110,bot2,,,SUCCESS,28,28,39,
0.55,110,bot3,,,SUCCESS,28,28,39,
0.55,110,bot4,,,SUCCESS,28,28,39,
0.55,111,bot1,,,BURNED,18,57,31,
0.55,111,bot2,,,GAVE_UP,36,57,31,
0.55,111,bot3,,,GAVE_UP,36,57,31,
0.55,111,bot4,,,GAVE_UP,42,57,31,17
0.55,120,bot1,,,BURNED,20,46,32,
0.55,120,bot2,,,GAVE_UP,19,46,32,
0.55,120,bot3,,,GAVE_UP,61,46,32,
0.55,120,bot4,,,SUCCESS,56,46,32,32
0.55,121,bot1,,,BURNED,24,27,19,
0.55,121,bot2,,,SUCCESS,27,27,19,
0.55,121,bot3,,,SUCCESS,27,27,19,
0.55,121,bot4,,,SUCCESS,27,27,19,
0.55,122,bot1,,,SUCCESS,7,7,56,
0.55,122,bot2,,,SUCCESS,7,7,56,
0.55,122,bot3,,,SUCCESS,7,7,56,
0.55,122,bot4,,,SUCCESS,7,7,56,
0.55,123,bot1,,,SUCCESS,31,31,35,
0.55,123,bot2,,,SUCCESS,31,31,35,
0.55,123,bot3,,,SUCCESS,31,31,35,
0.55,123,bot4,,,SUCCESS,31,31,35,
0.55,116,bot1,,,SUCCESS,9,9,34,
0.55,116,bot2,,,SUCCESS,9,9,34,
0.55,116,bot3,,,SUCCESS,9,9,34,
0.55,116,bot4,,,SUCCESS,9,9,34,
0.55,117,bot1,,,SUCCESS,31,31,39,
0.55,117,bot2,,,SUCCESS,31,31,39,
0.55,117,bot3,,,SUCCESS,31,31,39,
0.55,117,bot4,,,SUCCESS,31,31,39,
0.55,118,bot1,,,SUCCESS,37,37,31,
0.55,118,bot2,,,SUCCESS,37,37,31,
0.55,118,bot3,,,SUCCESS,37,37,31,
0.55,118,bot4,,,SUCCESS,37,37,31,
0.55,119,bot1,,,SUCCESS,65,65,59,
0.55,119,bot2,,,SUCCESS,65,65,59,
0.55,119,bot3,,,SUCCESS,65,65,59,
0.55,119,bot4,,,SUCCESS,65,65,59,
0.55,140,bot1,,,BURNED,12,35,19,
0.55,140,bot2,,,GAVE_UP,27,35,19,
0.55,140,bot3,,,GAVE_UP,27,35,19,
0.55,140,bot4,,,GAVE_UP,27,35,19,1
0.55,141,bot1,,,SUCCESS,20,20,29,
0.55,141,bot2,,,SUCCESS,20,20,29,
0.55,141,bot3,,,SUCCESS,20,20,29,
0.55,141,bot4,,,SUCCESS,20,20,29,
0.55,142,bot1,,,SUCCESS,6,6,10,
0.55,142,bot2,,,SUCCESS,6,6,10,
0.55,142,bot3,,,SUCCESS,6,6,10,
0.55,142,bot4,,,SUCCESS,6,6,10,
0.55,143,bot1,,,SUCCESS,32,32,37,
0.55,143,bot2,,,SUCCESS,32,32,37,
0.55,143,bot3,,,SUCCESS,32,32,37,
0.55,143,bot4,,,SUCCESS,32,32,37,
0.55,124,bot1,,,SUCCESS,17,17,36,
0.55,124,bot2,,,SUCCESS,17,17,36,
0.55,124,bot3,,,SUCCESS,17,17,36,
0.55,124,bot4,,,SUCCESS,17,17,36,
0.55,125,bot1,,,SUCCESS,31,31,28,
0.55,125,bot2,,,SUCCESS,31,31,28,
0.55,125,bot3,,,SUCCESS,31,31,28,
0.55,125,bot4,,,SUCCESS,31,31,28,
0.55,126,bot1,,,SUCCESS,39,39,37,
0.55,126,bot2,,,SUCCESS,39,39,37,
0.55,126,bot3,,,SUCCESS,39,39,37,
0.55,126,bot4,,,SUCCESS,39,39,37,6
0.55,127,bot1,,,BUTTON_BURNED,18,28,11,
0.55,127,bot2,,,GAVE_UP,15,28,11,
0.55,127,bot3,,,GAVE_UP,15,28,11,
0.55,127,bot4,,,GAVE_UP,15,28,11,1
0.55,132,bot1,,,SUCCESS,44,44,35,
0.55,132,bot2,,,SUCCESS,44,44,35,
0.55,132,bot3,,,SUCCESS,44,44,35,
0.55,132,bot4,,,SUCCESS,44,44,35,
0.55,133,bot1,,,SUCCESS,53,53,49,
0.55,133,bot2,,,SUCCESS,53,53,49,
0.55,133,bot3,,,SUCCESS,53,53,49,
0.55,133,bot4,,,SUCCESS,53,53,49,
0.55,134,bot1,,,SUCCESS,15,15,39,
0.55,134,bot2,,,SUCCESS,15,15,39,
0.55,134,bot3,,,SUCCESS,15,15,39,
0.55,134,bot4,,,SUCCESS,15,15,39,
0.55,135,bot1,,,SUCCESS,9,9,29,
0.55,135,bot2,,,SUCCESS,9,9,29,
0.55,135,bot3,,,SUCCESS,9,9,29,
0.55,135,bot4,,,SUCCESS,9,9,29,
0.55,128,bot1,,,SUCCESS,39,39,35,
0.55,128,bot2,,,SUCCESS,39,39,35,
0.55,128,bot3,,,SUCCESS,39,39,35,
0.55,128,bot4,,,SUCCESS,39,39,35,
0.55,129,bot1,,,BUTTON_BURNED,5,56,4,
0.55,129,bot2,,,GAVE_UP,4,56,4,
0.55,129,bot3,,,GAVE_UP,4,56,4,
0.55,129,bot4,,,GAVE_UP,4,56,4,1
0.55,130,bot1,,,SUCCESS,41,41,46,
0.55,130,bot2,,,SUCCESS,41,41,46,
0.55,130,bot3,,,SUCCESS,41,41,46,
0.55,130,bot4,,,SUCCESS,41,41,46,
0.55,131,bot1,,,BUTTON_BURNED,32,34,22,
0.55,131,bot2,,,BUTTON_BURNED,32,34,22,
0.55,131,bot3,,,BUTTON_BURNED,32,34,22,
0.55,131,bot4,,,BUTTON_BURNED,32,34,22,
0.55,148,bot1,,,SUCCESS,33,33,29,
0.55,148,bot2,,,SUCCESS,33,33,29,
0.55,148,bot3,,,SUCCESS,33,33,29,
0.55,148,bot4,,,SUCCESS,33,33,29,
0.55,149,bot1,,,SUCCESS,1,1,30,
0.55,149,bot2,,,SUCCESS,1,1,30,
0.55,149,bot3,,,SUCCESS,1,1,30,
0.55,149,bot4,,,SUCCESS,1,1,30,
0.55,150,bot1,,,SUCCESS,9,9,39,
0.55,150,bot2,,,SUCCESS,9,9,39,
0.55,150,bot3,,,SUCCESS,9,9,39,
0.55,150,bot4,,,SUCCESS,9,9,39,
0.55,151,bot1,,,SUCCESS,22,22,32,
0.55,151,bot2,,,SUCCESS,22,22,32,
0.55,151,bot3,,,SUCCESS,22,22,32,
0.55,151,bot4,,,SUCCESS,22,22,32,
0.55,160,bot1,,,SUCCESS,19,19,38,
0.55,160,bot2,,,SUCCESS,19,19,38,
0.55,160,bot3,,,SUCCESS,19,19,38,
0.55,160,bot4,,,SUCCESS,19,19,38,
0.55,161,bot1,,,BUTTON_BURNED,10,16,10,
0.55,161,bot2,,,BUTTON_BURNED,10,16,10,
0.55,161,bot3,,,BUTTON_BURNED,10,16,10,
0.55,161,bot4,,,BUTTON_BURNED,10,16,10,
0.55,162,bot1,,,SUCCESS,3,3,15,
0.55,162,bot2,,,SUCCESS,3,3,15,
0.55,162,bot3,,,SUCCESS,3,3,15,
0.55,162,bot4,,,SUCCESS,3,3,15,
0.55,163,bot1,,,SUCCESS,11,11,55,
0.55,163,bot2,,,SUCCESS,11,11,55,
0.55,163,bot3,,,SUCCESS,11,11,55,
0.55,163,bot4,,,SUCCESS,11,11,55,
0.55,144,bot1,,,BUTTON_BURNED,11,29,5,
0.55,144,bot2,,,BUTTON_BURNED,11,29,5,
0.55,144,bot3,,,BUTTON_BURNED,11,29,5,
0.55,144,bot4,,,BUTTON_BURNED,11,29,5,1
0.55,145,bot1,,,SUCCESS,49,49,37,
0.55,145,bot2,,,SUCCESS,49,49,37,
0.55,145,bot3,,,SUCCESS,49,49,37,
0.55,145,bot4,,,SUCCESS,49,49,37,
0.55,146,bot1,,,SUCCESS,29,29,51,
0.55,146,bot2,,,SUCCESS,29,29,51,
0.55,146,bot3,,,SUCCESS,29,29,51,
0.55,146,bot4,,,SUCCESS,29,29,51,
0.55,147,bot1,,,SUCCESS,11,11,33,
0.55,147,bot2,,,SUCCESS,11,11,33,
0.55,147,bot3,,,SUCCESS,11,11,33,
0.55,147,bot4,,,SUCCESS,11,11,33,
0.55,156,bot1,,,BURNED,13,28,7,
0.55,156,bot2,,,GAVE_UP,9,28,7,
0.55,156,bot3,,,GAVE_UP,9,28,7,
0.55,156,bot4,,,GAVE_UP,9,28,7,1
0.55,157,bot1,,,SUCCESS,12,12,40,
0.55,157,bot2,,,SUCCESS,12,12,40,
0.55,157,bot3,,,SUCCESS,12,12,40,
0.55,157,bot4,,,SUCCESS,12,12,40,
0.55,158,bot1,,,SUCCESS,33,33,31,
0.55,158,bot2,,,SUCCESS,33,33,31,
0.55,158,bot3,,,SUCCESS,33,33,31,
0.55,158,bot4,,,SUCCESS,33,33,31,
0.55,159,bot1,,,BURNED,14,40,25,
0.55,159,bot2,,,GAVE_UP,25,40,25,
0.55,159,bot3,,,GAVE_UP,25,40,25,
0.55,159,bot4,,,GAVE_UP,25,40,25,10
0.55,152,bot1,,,BURNED,39,63,36,
0.55,152,bot2,,,GAVE_UP,45,63,36,
0.55,152,bot3,,,GAVE_UP,45,63,36,
0.55,152,bot4,,,GAVE_UP,45,63,36,24
0.55,153,bot1,,,BUTTON_BURNED,9,30,5,
0.55,153,bot2,,,BUTTON_BURNED,9,30,5,
0.55,153,bot3,,,BUTTON_BURNED,9,30,5,
0.55,153,bot4,,,BUTTON_BURNED,9,30,5,
0.55,154,bot1,,,BUTTON_BURNED,15,56,8,
0.55,154,bot2,,,GAVE_UP,13,56,8,
0.55,154,bot3,,,GAVE_UP,13,56,8,
0.55,154,bot4,,,GAVE_UP,13,56,8,1
0.55,155,bot1,,,SUCCESS,15,15,20,
0.55,155,bot2,,,SUCCESS,15,15,20,
0.55,155,bot3,,,SUCCESS,15,15,20,
0.55,155,bot4,,,SUCCESS,15,15,20,
0.55,164,bot1,,,SUCCESS,30,30,35,
0.55,164,bot2,,,SUCCESS,30,30,35,
0.55,164,bot3,,,SUCCESS,30,30,35,
0.55,164,bot4,,,SUCCESS,30,30,35,
0.55,165,bot1,,,SUCCESS,23,23,42,
0.55,165,bot2,,,SUCCESS,23,23,42,
0.55,165,bot3,,,SUCCESS,23,23,42,
0.55,165,bot4,,,SUCCESS,23,23,42,
0.55,166,bot1,,,SUCCESS,6,6,18,
0.55,166,bot2,,,SUCCESS,6,6,18,
0.55,166,bot3,,,SUCCESS,6,6,18,
0.55,166,bot4,,,SUCCESS,6,6,18,
0.55,167,bot1,,,SUCCESS,30,30,32,
0.55,167,bot2,,,SUCCESS,30,30,32,
0.55,167,bot3,,,SUCCESS,30,30,32,
0.55,167,bot4,,,SUCCESS,30,30,32,
0.55,176,bot1,,,BUTTON_BURNED,15,46,12,
0.55,176,bot2,,,GAVE_UP,12,46,12,
0.55,176,bot3,,,GAVE_UP,12,46,12,
0.55,176,bot4,,,GAVE_UP,12,46,12,1
0.55,177,bot1,,,SUCCESS,29,29,28,
0.55,177,bot2,,,SUCCESS,29,29,28,
0.55,177,bot3,,,SUCCESS,29,29,28,
0.55,177,bot4,,,SUCCESS,29,29,28,
0.55,178,bot1,,,SUCCESS,1,1,30,
0.55,178,bot2,,,SUCCESS,1,1,30,
0.55,178,bot3,,,SUCCESS,1,1,30,
0.55,178,bot4,,,SUCCESS,1,1,30,
0.55,179,bot1,,,SUCCESS,19,19,42,
0.55,179,bot2,,,SUCCESS,19,19,42,
0.55,179,bot3,,,SUCCESS,19,19,42,
0.55,179,bot4,,,SUCCESS,19,19,42,
0.55,168,bot1,,,SUCCESS,9,9,19,
0.55,168,bot2,,,SUCCESS,9,9,19,
0.55,168,bot3,,,SUCCESS,9,9,19,
0.55,168,bot4,,,SUCCESS,9,9,19,
0.55,169,bot1,,,SUCCESS,30,30,20,
0.55,169,bot2,,,SUCCESS,30,30,20,
0.55,169,bot3,,,SUCCESS,30,30,20,
0.55,169,bot4,,,SUCCESS,30,30,20,
0.55,170,bot1,,,SUCCESS,11,11,33,
0.55,170,bot2,,,SUCCESS,11,11,33,
0.55,170,bot3,,,SUCCESS,11,11,33,
0.55,170,bot4,,,SUCCESS,11,11,33,
0.55,171,bot1,,,SUCCESS,42,42,40,
0.55,171,bot2,,,SUCCESS,42,42,40,
0.55,171,bot3,,,SUCCESS,42,42,40,
0.55,171,bot4,,,SUCCESS,42,42,40,
0.55,136,bot1,,,SUCCESS,47,47,47,
0.55,136,bot2,,,SUCCESS,47,47,47,
0.55,136,bot3,,,SUCCESS,47,47,47,
0.55,136,bot4,,,SUCCESS,67,47,47,
0.55,137,bot1,,,BURNED,20,33,15,
0.55,137,bot2,,,BUTTON_BURNED,25,33,15,
0.55,137,bot3,,,BUTTON_BURNED,25,33,15,
0.55,137,bot4,,,BUTTON_BURNED,25,33,15,1
0.55,138,bot1,,,SUCCESS,20,20,57,
0.55,138,bot2,,,SUCCESS,20,20,57,
0.55,138,bot3,,,SUCCESS,20,20,57,
0.55,138,bot4,,,SUCCESS,20,20,57,
0.55,139,bot1,,,SUCCESS,41,41,45,
0.55,139,bot2,,,SUCCESS,41,41,45,
0.55,139,bot3,,,SUCCESS,41,41,45,
0.55,139,bot4,,,SUCCESS,41,41,45,
0.55,184,bot1,,,BURNED,19,47,27,
0.55,184,bot2,,,BURNED,22,47,27,
0.55,184,bot3,,,GAVE_UP,26,47,27,
0.55,184,bot4,,,BURNED,22,47,27,1
0.55,185,bot1,,,BURNED,8,10,9,
0.55,185,bot2,,,GAVE_UP,7,10,9,
0.55,185,bot3,,,GAVE_UP,7,10,9,
0.55,185,bot4,,,GAVE_UP,7,10,9,
0.55,186,bot1,,,BUTTON_BURNED,6,46,3,
0.55,186,bot2,,,GAVE_UP,4,46,3,
0.55,186,bot3,,,GAVE_UP,4,46,3,
0.55,186,bot4,,,GAVE_UP,4,46,3,1
0.55,187,bot1,,,SUCCESS,32,32,48,
0.55,187,bot2,,,SUCCESS,32,32,48,
0.55,187,bot3,,,SUCCESS,32,32,48,
0.55,187,bot4,,,SUCCESS,32,32,48,
0.55,172,bot1,,,BURNED,10,43,30,
0.55,172,bot2,,,GAVE_UP,25,43,30,
0.55,172,bot3,,,SUCCESS,47,43,30,
0.55,172,bot4,,,GAVE_UP,25,43,30,4
0.55,173,bot1,,,BURNED,25,43,27,
0.55,173,bot2,,,GAVE_UP,24,43,27,
0.55,173,bot3,,,GAVE_UP,24,43,27,
0.55,173,bot4,,,BUTTON_BURNED,46,43,27,16
0.55,174,bot1,,,SUCCESS,12,12,23,
0.55,174,bot2,,,SUCCESS,12,12,23,
0.55,174,bot3,,,SUCCESS,12,12,23,
0.55,174,bot4,,,SUCCESS,12,12,23,
0.55,175,bot1,,,SUCCESS,18,18,19,
0.55,175,bot2,,,SUCCESS,18,18,19,
0.55,175,bot3,,,SUCCESS,18,18,19,
0.55,175,bot4,,,SUCCESS,18,18,19,
0.6,0,bot1,,,SUCCESS,17,17,39,
0.6,0,bot2,,,SUCCESS,17,17,39,
0.6,0,bot3,,,SUCCESS,17,17,39,
0.6,0,bot4,,,SUCCESS,17,17,39,
0.6,1,bot1,,,SUCCESS,14,14,68,
0.6,1,bot2,,,SUCCESS,14,14,68,
0.6,1,bot3,,,SUCCESS,14,14,68,
0.6,1,bot4,,,SUCCESS,14,14,68,
0.6,2,bot1,,,SUCCESS,35,35,29,
0.6,2,bot2,,,SUCCESS,35,35,29,
0.6,2,bot3,,,SUCCESS,35,35,29,
0.6,2,bot4,,,SUCCESS,35,35,29,
0.6,3,bot1,,,SUCCESS,24,24,22,
0.6,3,bot2,,,SUCCESS,24,24,22,
0.6,3,bot3,,,SUCCESS,24,24,22,
0.6,3,bot4,,,SUCCESS,24,24,22,
0.6,12,bot1,,,SUCCESS,30,30,24,
0.6,12,bot2,,,SUCCESS,30,30,24,
0.6,12,bot3,,,SUCCESS,30,30,24,
0.6,12,bot4,,,SUCCESS,30,30,24,
0.6,13,bot1,,,SUCCESS,16,16,62,
0.6,13,bot2,,,SUCCESS,16,16,62,
0.6,13,bot3,,,SUCCESS,16,16,62,
0.6,13,bot4,,,SUCCESS,16,16,62,
0.6,14,bot1,,,SUCCESS,28,28,49,
0.6,14,bot2,,,SUCCESS,28,28,49,
0.6,14,bot3,,,SUCCESS,28,28,49,
0.6,14,bot4,,,SUCCESS,28,28,49,
0.6,15,bot1,,,SUCCESS,13,13,30,
0.6,15,bot2,,,SUCCESS,13,13,30,
0.6,15,bot3,,,SUCCESS,13,13,30,
0.6,15,bot4,,,SUCCESS,13,13,30,
0.55,180,bot1,,,BURNED,8,49,45,
0.55,180,bot2,,,BURNED,8,49,45,
0.55,180,bot3,,,SUCCESS,49,49,45,
0.55,180,bot4,,,BURNED,8,49,45,3
0.55,181,bot1,,,SUCCESS,24,24,27,
0.55,181,bot2,,,SUCCESS,24,24,27,
0.55,181,bot3,,,SUCCESS,24,24,27,
0.55,181,bot4,,,SUCCESS,24,24,27,
0.55,182,bot1,,,SUCCESS,40,40,45,
0.55,182,bot2,,,SUCCESS,40,40,45,
0.55,182,bot3,,,SUCCESS,40,40,45,
0.55,182,bot4,,,SUCCESS,40,40,45,
0.55,183,bot1,,,SUCCESS,56,56,48,
0.55,183,bot2,,,SUCCESS,56,56,48,
0.55,183,bot3,,,SUCCESS,56,56,48,
0.55,183,bot4,,,SUCCESS,56,56,48,
0.6,4,bot1,,,BURNED,12,41,26,
0.6,4,bot2,,,GAVE_UP,26,41,26,
0.6,4,bot3,,,BURNED,26,41,26,
0.6,4,bot4,,,GAVE_UP,26,41,26,1
0.6,5,bot1,,,SUCCESS,24,24,19,
0.6,5,bot2,,,SUCCESS,24,24,19,
0.6,5,bot3,,,SUCCESS,24,24,19,
0.6,5,bot4,,,SUCCESS,24,24,19,
0.6,6,bot1,,,SUCCESS,5,5,19,
0.6,6,bot2,,,SUCCESS,5,5,19,
0.6,6,bot3,,,SUCCESS,5,5,19,
0.6,6,bot4,,,SUCCESS,5,5,19,
0.6,7,bot1,,,BURNED,6,27,20,
0.6,7,bot2,,,BURNED,17,27,20,
0.6,7,bot3,,,BURNED,26,27,20,
0.6,7,bot4,,,SUCCESS,29,27,20,6
0.55,188,bot1,,,SUCCESS,23,23,45,
0.55,188,bot2,,,SUCCESS,23,23,45,
0.55,188,bot3,,,SUCCESS,23,23,45,
0.55,188,bot4,,,SUCCESS,23,23,45,
0.55,189,bot1,,,SUCCESS,25,25,54,
0.55,189,bot2,,,SUCCESS,25,25,54,
0.55,189,bot3,,,SUCCESS,25,25,54,
0.55,189,bot4,,,SUCCESS,25,25,54,
0.55,190,bot1,,,SUCCESS,48,48,55,
0.55,190,bot2,,,SUCCESS,48,48,55,
0.55,190,bot3,,,SUCCESS,48,48,55,
0.55,190,bot4,,,SUCCESS,48,48,55,
0.55,191,bot1,,,SUCCESS,40,40,31,
0.55,191,bot2,,,SUCCESS,40,40,31,
0.55,191,bot3,,,SUCCESS,40,40,31,
0.55,191,bot4,,,SUCCESS,40,40,31,
0.55,192,bot1,,,SUCCESS,18,18,45,
0.55,192,bot2,,,SUCCESS,18,18,45,
0.55,192,bot3,,,SUCCESS,18,18,45,
0.55,192,bot4,,,SUCCESS,18,18,45,
0.55,193,bot1,,,BURNED,13,35,17,
0.55,193,bot2,,,GAVE_UP,20,35,17,
0.55,193,bot3,,,BUTTON_BURNED,35,35,17,
0.55,193,bot4,,,GAVE_UP,20,35,17,5
0.55,194,bot1,,,SUCCESS,55,55,64,
0.55,194,bot2,,,SUCCESS,55,55,64,
0.55,194,bot3,,,SUCCESS,55,55,64,
0.55,194,bot4,,,SUCCESS,55,55,64,
0.55,195,bot1,,,BURNED,14,40,23,
0.55,195,bot2,,,BUTTON_BURNED,36,40,23,
0.55,195,bot3,,,BUTTON_BURNED,36,40,23,
0.55,195,bot4,,,BUTTON_BURNED,36,40,23,11
0.6,8,bot1,,,SUCCESS,25,25,43,
0.6,8,bot2,,,SUCCESS,25,25,43,
0.6,8,bot3,,,SUCCESS,25,25,43,
0.6,8,bot4,,,SUCCESS,25,25,43,
0.6,9,bot1,,,BURNED,11,39,20,
0.6,9,bot2,,,BURNED,17,39,20,
0.6,9,bot3,,,GAVE_UP,25,39,20,
0.6,9,bot4,,,BURNED,17,39,20,1
0.6,10,bot1,,,BURNED,35,41,33,
0.6,10,bot2,,,GAVE_UP,34,41,33,
0.6,10,bot3,,,GAVE_UP,34,41,33,
0.6,10,bot4,,,GAVE_UP,34,41,33,
0.6,11,bot1,,,BURNED,44,48,31,
0.6,11,bot2,,,GAVE_UP,43,48,31,
0.6,11,bot3,,,GAVE_UP,43,48,31,
0.6,11,bot4,,,BUTTON_BURNED,49,48,31,
0.55,196,bot1,,,SUCCESS,15,15,30,
0.55,196,bot2,,,SUCCESS,15,15,30,
0.55,196,bot3,,,SUCCESS,15,15,30,
0.55,196,bot4,,,SUCCESS,15,15,30,
0.55,197,bot1,,,BURNED,9,51,38,
0.55,197,bot2,,,GAVE_UP,39,51,38,
0.55,197,bot3,,,GAVE_UP,39,51,38,
0.55,197,bot4,,,BUTTON_BURNED,57,51,38,39
0.55,198,bot1,,,BUTTON_BURNED,37,65,25,
0.55,198,bot2,,,GAVE_UP,31,65,25,
0.55,198,bot3,,,GAVE_UP,31,65,25,
0.55,198,bot4,,,GAVE_UP,31,65,25,17
0.55,199,bot1,,,BUTTON_BURNED,36,52,24,
0.55,199,bot2,,,BUTTON_BURNED,36,52,24,
0.55,199,bot3,,,BUTTON_BURNED,36,52,24,
0.55,199,bot4,,,BUTTON_BURNED,36,52,24,
0.6,20,bot1,,,BUTTON_BURNED,26,43,16,
0.6,20,bot2,,,BUTTON_BURNED,26,43,16,
0.6,20,bot3,,,BUTTON_BURNED,26,43,16,
0.6,20,bot4,,,BUTTON_BURNED,26,43,16,3
0.6,21,bot1,,,SUCCESS,17,17,55,
0.6,21,bot2,,,SUCCESS,17,17,55,
0.6,21,bot3,,,SUCCESS,17,17,55,
0.6,21,bot4,,,SUCCESS,17,17,55,
0.6,22,bot1,,,SUCCESS,15,15,33,
0.6,22,bot2,,,SUCCESS,15,15,33,
0.6,22,bot3,,,SUCCESS,15,15,33,
0.6,22,bot4,,,SUCCESS,15,15,33,
0.6,23,bot1,,,SUCCESS,33,33,41,
0.6,23,bot2,,,SUCCESS,33,33,41,
0.6,23,bot3,,,SUCCESS,33,33,41,
0.6,23,bot4,,,SUCCESS,33,33,41,
0.6,32,bot1,,,SUCCESS,13,13,24,
0.6,32,bot2,,,SUCCESS,13,13,24,
0.6,32,bot3,,,SUCCESS,13,13,24,
0.6,32,bot4,,,SUCCESS,13,13,24,
0.6,33,bot1,,,BUTTON_BURNED,10,31,7,
0.6,33,bot2,,,BUTTON_BURNED,10,31,7,
0.6,33,bot3,,,BUTTON_BURNED,10,31,7,
0.6,33,bot4,,,BUTTON_BURNED,10,31,7,1
0.6,34,bot1,,,BUTTON_BURNED,14,39,9,
0.6,34,bot2,,,BUTTON_BURNED,14,39,9,
0.6,34,bot3,,,BUTTON_BURNED,14,39,9,
0.6,34,bot4,,,BUTTON_BURNED,14,39,9,5
0.6,35,bot1,,,SUCCESS,38,38,45,
0.6,35,bot2,,,SUCCESS,38,38,45,
0.6,35,bot3,,,SUCCESS,38,38,45,
0.6,35,bot4,,,SUCCESS,38,38,45,
0.6,24,bot1,,,BUTTON_BURNED,50,65,27,
0.6,24,bot2,,,GAVE_UP,44,65,27,
0.6,24,bot3,,,GAVE_UP,44,65,27,
0.6,24,bot4,,,GAVE_UP,44,65,27,23
0.6,25,bot1,,,SUCCESS,36,36,49,
0.6,25,bot2,,,SUCCESS,36,36,49,
0.6,25,bot3,,,SUCCESS,36,36,49,
0.6,25,bot4,,,SUCCESS,36,36,49,
0.6,26,bot1,,,SUCCESS,22,22,59,
0.6,26,bot2,,,SUCCESS,22,22,59,
0.6,26,bot3,,,SUCCESS,22,22,59,
0.6,26,bot4,,,SUCCESS,22,22,59,
0.6,27,bot1,,,SUCCESS,23,23,41,
0.6,27,bot2,,,SUCCESS,23,23,41,
0.6,27,bot3,,,SUCCESS,23,23,41,
0.6,27,bot4,,,SUCCESS,23,23,41,
0.6,28,bot1,,,SUCCESS,20,20,23,
0.6,28,bot2,,,SUCCESS,20,20,23,
0.6,28,bot3,,,SUCCESS,20,20,23,
0.6,28,bot4,,,SUCCESS,20,20,23,
0.6,29,bot1,,,BUTTON_BURNED,14,41,7,
0.6,29,bot2,,,GAVE_UP,6,41,7,
0.6,29,bot3,,,GAVE_UP,6,41,7,
0.6,29,bot4,,,GAVE_UP,6,41,7,1
0.6,30,bot1,,,BUTTON_BURNED,24,41,14,
0.6,30,bot2,,,BUTTON_BURNED,24,41,14,
0.6,30,bot3,,,BUTTON_BURNED,24,41,14,
0.6,30,bot4,,,BUTTON_BURNED,24,41,14,
0.6,31,bot1,,,BURNED,63,68,44,
0.6,31,bot2,,,BUTTON_BURNED,64,68,44,
0.6,31,bot3,,,BUTTON_BURNED,64,68,44,
0.6,31,bot4,,,BUTTON_BURNED,64,68,44,45
0.6,48,bot1,,,SUCCESS,17,17,37,
0.6,48,bot2,,,SUCCESS,17,17,37,
0.6,48,bot3,,,SUCCESS,17,17,37,
0.6,48,bot4,,,SUCCESS,17,17,37,
0.6,49,bot1,,,SUCCESS,3,3,29,
0.6,49,bot2,,,SUCCESS,3,3,29,
0.6,49,bot3,,,SUCCESS,3,3,29,
0.6,49,bot4,,,SUCCESS,3,3,29,
0.6,50,bot1,,,SUCCESS,32,32,48,
0.6,50,bot2,,,SUCCESS,32,32,48,
0.6,50,bot3,,,SUCCESS,32,32,48,
0.6,50,bot4,,,SUCCESS,32,32,48,
0.6,51,bot1,,,SUCCESS,31,31,40,
0.6,51,bot2,,,SUCCESS,31,31,40,
0.6,51,bot3,,,SUCCESS,31,31,40,
0.6,51,bot4,,,SUCCESS,31,31,40,
0.6,16,bot1,,,SUCCESS,35,35,57,
0.6,16,bot2,,,SUCCESS,35,35,57,
0.6,16,bot3,,,SUCCESS,35,35,57,
0.6,16,bot4,,,SUCCESS,35,35,57,
0.6,17,bot1,,,SUCCESS,19,19,22,
0.6,17,bot2,,,SUCCESS,19,19,22,
0.6,17,bot3,,,SUCCESS,19,19,22,
0.6,17,bot4,,,SUCCESS,19,19,22,
0.6,18,bot1,,,SUCCESS,64,64,58,
0.6,18,bot2,,,SUCCESS,64,64,58,
0.6,18,bot3,,,SUCCESS,64,64,58,
0.6,18,bot4,,,SUCCESS,64,64,58,
0.6,19,bot1,,,BURNED,45,49,33,
0.6,19,bot2,,,GAVE_UP,47,49,33,
0.6,19,bot3,,,GAVE_UP,47,49,33,
0.6,19,bot4,,,GAVE_UP,47,49,33,30
0.6,36,bot1,,,SUCCESS,19,19,39,
0.6,36,bot2,,,SUCCESS,19,19,39,
0.6,36,bot3,,,SUCCESS,19,19,39,
0.6,36,bot4,,,SUCCESS,19,19,39,
0.6,37,bot1,,,BURNED,34,54,26,
0.6,37,bot2,,,GAVE_UP,29,54,26,
0.6,37,bot3,,,GAVE_UP,29,54,26,
0.6,37,bot4,,,GAVE_UP,29,54,26,9
0.6,38,bot1,,,SUCCESS,37,37,35,
0.6,38,bot2,,,SUCCESS,37,37,35,
0.6,38,bot3,,,SUCCESS,37,37,35,
0.6,38,bot4,,,SUCCESS,37,37,35,
0.6,39,bot1,,,BURNED,44,60,46,
0.6,39,bot2,,,BURNED,44,60,46,
0.6,39,bot3,,,SUCCESS,62,60,46,
0.6,39,bot4,,,BURNED,46,60,46,34
0.6,40,bot1,,,BURNED,46,54,34,
0.6,40,bot2,,,GAVE_UP,51,54,34,
0.6,40,bot3,,,GAVE_UP,51,54,34,
0.6,40,bot4,,,GAVE_UP,51,54,34,19
0.6,41,bot1,,,BURNED,15,26,18,
0.6,41,bot2,,,BURNED,15,26,18,
0.6,41,bot3,,,GAVE_UP,26,26,18,
0.6,41,bot4,,,BURNED,16,26,18,5
0.6,42,bot1,,,SUCCESS,27,27,73,
0.6,42,bot2,,,SUCCESS,27,27,73,
0.6,42,bot3,,,SUCCESS,27,27,73,
0.6,42,bot4,,,SUCCESS,27,27,73,
0.6,43,bot1,,,BUTTON_BURNED,34,49,26,
0.6,43,bot2,,,BUTTON_BURNED,34,49,26,
0.6,43,bot3,,,BUTTON_BURNED,34,49,26,
0.6,43,bot4,,,BUTTON_BURNED,34,49,26,17
0.6,56,bot1,,,BUTTON_BURNED,12,54,7,
0.6,56,bot2,,,BUTTON_BURNED,12,54,7,
0.6,56,bot3,,,BUTTON_BURNED,12,54,7,
0.6,56,bot4,,,BUTTON_BURNED,12,54,7,1
0.6,57,bot1,,,SUCCESS,20,20,26,
0.6,57,bot2,,,SUCCESS,20,20,26,
0.6,57,bot3,,,SUCCESS,20,20,26,
0.6,57,bot4,,,SUCCESS,20,20,26,
0.6,58,bot1,,,BUTTON_BURNED,17,47,12,
0.6,58,bot2,,,GAVE_UP,16,47,12,
0.6,58,bot3,,,GAVE_UP,16,47,12,
0.6,58,bot4,,,GAVE_UP,16,47,12,
0.6,59,bot1,,,BURNED,18,52,44,
0.6,59,bot2,,,GAVE_UP,32,52,44,
0.6,59,bot3,,,GAVE_UP,32,52,44,
0.6,59,bot4,,,BURNED,27,52,44,12
0.6,60,bot1,,,SUCCESS,38,38,48,
0.6,60,bot2,,,SUCCESS,38,38,48,
0.6,60,bot3,,,SUCCESS,38,38,48,
0.6,60,bot4,,,SUCCESS,38,38,48,
0.6,61,bot1,,,SUCCESS,11,11,36,
0.6,61,bot2,,,SUCCESS,11,11,36,
0.6,61,bot3,,,SUCCESS,11,11,36,
0.6,61,bot4,,,SUCCESS,11,11,36,
0.6,62,bot1,,,BURNED,13,24,14,
0.6,62,bot2,,,BUTTON_BURNED,18,24,14,
0.6,62,bot3,,,BUTTON_BURNED,18,24,14,
0.6,62,bot4,,,BUTTON_BURNED,18,24,14,1
0.6,63,bot1,,,BUTTON_BURNED,6,28,3,
0.6,63,bot2,,,BUTTON_BURNED,6,28,3,
0.6,63,bot3,,,BUTTON_BURNED,6,28,3,
0.6,63,bot4,,,BUTTON_BURNED,6,28,3,1
0.6,52,bot1,,,SUCCESS,25,25,27,
0.6,52,bot2,,,SUCCESS,25,25,27,
0.6,52,bot3,,,SUCCESS,25,25,27,
0.6,52,bot4,,,SUCCESS,25,25,27,
0.6,53,bot1,,,SUCCESS,36,36,39,
0.6,53,bot2,,,SUCCESS,36,36,39,
0.6,53,bot3,,,SUCCESS,36,36,39,
0.6,53,bot4,,,SUCCESS,36,36,39,
0.6,54,bot1,,,SUCCESS,51,51,39,
0.6,54,bot2,,,SUCCESS,51,51,39,
0.6,54,bot3,,,SUCCESS,51,51,39,
0.6,54,bot4,,,SUCCESS,51,51,39,
0.6,55,bot1,,,SUCCESS,5,5,31,
0.6,55,bot2,,,SUCCESS,5,5,31,
0.6,55,bot3,,,SUCCESS,5,5,31,
0.6,55,bot4,,,SUCCESS,5,5,31,
0.6,68,bot1,,,SUCCESS,3,3,13,
0.6,68,bot2,,,SUCCESS,3,3,13,
0.6,68,bot3,,,SUCCESS,3,3,13,
0.6,68,bot4,,,SUCCESS,3,3,13,
0.6,69,bot1,,,SUCCESS,24,24,24,
0.6,69,bot2,,,SUCCESS,24,24,24,
0.6,69,bot3,,,SUCCESS,24,24,24,
0.6,69,bot4,,,SUCCESS,24,24,24,
0.6,70,bot1,,,SUCCESS,24,24,23,
0.6,70,bot2,,,SUCCESS,24,24,23,
0.6,70,bot3,,,SUCCESS,24,24,23,
0.6,70,bot4,,,SUCCESS,24,24,23,
0.6,71,bot1,,,BUTTON_BURNED,19,46,13,
0.6,71,bot2,,,GAVE_UP,18,46,13,
0.6,71,bot3,,,GAVE_UP,18,46,13,
0.6,71,bot4,,,GAVE_UP,18,46,13,1
0.6,44,bot1,,,SUCCESS,49,49,51,
0.6,44,bot2,,,SUCCESS,49,49,51,
0.6,44,bot3,,,SUCCESS,49,49,51,
0.6,44,bot4,,,SUCCESS,49,49,51,
0.6,45,bot1,,,SUCCESS,34,34,37,
0.6,45,bot2,,,SUCCESS,34,34,37,
0.6,45,bot3,,,SUCCESS,34,34,37,
0.6,45,bot4,,,SUCCESS,34,34,37,
0.6,46,bot1,,,SUCCESS,22,22,33,
0.6,46,bot2,,,SUCCESS,22,22,33,
0.6,46,bot3,,,SUCCESS,22,22,33,
0.6,46,bot4,,,SUCCESS,22,22,33,
0.6,47,bot1,,,BURNED,29,48,25,
0.6,47,bot2,,,GAVE_UP,33,48,25,
0.6,47,bot3,,,GAVE_UP,33,48,25,
0.6,47,bot4,,,GAVE_UP,33,48,25,2
0.6,84,bot1,,,BUTTON_BURNED,19,40,14,
0.6,84,bot2,,,BUTTON_BURNED,19,40,14,
0.6,84,bot3,,,BUTTON_BURNED,19,40,14,
0.6,84,bot4,,,BUTTON_BURNED,19,40,14,
0.6,85,bot1,,,SUCCESS,29,29,47,
0.6,85,bot2,,,SUCCESS,29,29,47,
0.6,85,bot3,,,SUCCESS,29,29,47,
0.6,85,bot4,,,SUCCESS,29,29,47,
0.6,86,bot1,,,SUCCESS,16,16,47,
0.6,86,bot2,,,SUCCESS,16,16,47,
0.6,86,bot3,,,SUCCESS,16,16,47,
0.6,86,bot4,,,SUCCESS,16,16,47,
0.6,87,bot1,,,SUCCESS,40,40,38,
0.6,87,bot2,,,SUCCESS,40,40,38,
0.6,87,bot3,,,SUCCESS,40,40,38,
0.6,87,bot4,,,SUCCESS,40,40,38,
0.6,96,bot1,,,BURNED,31,53,20,
0.6,96,bot2,,,GAVE_UP,20,53,20,
0.6,96,bot3,,,GAVE_UP,20,53,20,
0.6,96,bot4,,,GAVE_UP,20,53,20,1
0.6,97,bot1,,,SUCCESS,13,13,14,
0.6,97,bot2,,,SUCCESS,13,13,14,
0.6,97,bot3,,,SUCCESS,13,13,14,
0.6,97,bot4,,,SUCCESS,13,13,14,
0.6,98,bot1,,,SUCCESS,28,28,27,
0.6,98,bot2,,,SUCCESS,28,28,27,
0.6,98,bot3,,,SUCCESS,28,28,27,
0.6,98,bot4,,,SUCCESS,28,28,27,
0.6,99,bot1,,,SUCCESS,26,26,52,
0.6,99,bot2,,,SUCCESS,26,26,52,
0.6,99,bot3,,,SUCCESS,26,26,52,
0.6,99,bot4,,,SUCCESS,26,26,52,
0.6,72,bot1,,,BUTTON_BURNED,27,30,22,
0.6,72,bot2,,,BUTTON_BURNED,27,30,22,
0.6,72,bot3,,,BUTTON_BURNED,27,30,22,
0.6,72,bot4,,,BUTTON_BURNED,27,30,22,
0.6,73,bot1,,,SUCCESS,45,45,62,
0.6,73,bot2,,,SUCCESS,45,45,62,
0.6,73,bot3,,,SUCCESS,45,45,62,
0.6,73,bot4,,,SUCCESS,45,45,62,
0.6,74,bot1,,,SUCCESS,30,30,43,
0.6,74,bot2,,,SUCCESS,30,30,43,
0.6,74,bot3,,,SUCCESS,30,30,43,
0.6,74,bot4,,,SUCCESS,30,30,43,
0.6,75,bot1,,,BURNED,24,31,21,
0.6,75,bot2,,,BUTTON_BURNED,28,31,21,
0.6,75,bot3,,,BUTTON_BURNED,28,31,21,
0.6,75,bot4,,,BUTTON_BURNED,28,31,21,10
0.6,64,bot1,,,SUCCESS,56,56,60,
0.6,64,bot2,,,SUCCESS,56,56,60,
0.6,64,bot3,,,SUCCESS,56,56,60,
0.6,64,bot4,,,SUCCESS,56,56,60,
0.6,65,bot1,,,SUCCESS,2,2,58,
0.6,65,bot2,,,SUCCESS,2,2,58,
0.6,65,bot3,,,SUCCESS,2,2,58,
0.6,65,bot4,,,SUCCESS,2,2,58,
0.6,66,bot1,,,BURNED,39,48,28,
0.6,66,bot2,,,GAVE_UP,36,48,28,
0.6,66,bot3,,,GAVE_UP,36,48,28,
0.6,66,bot4,,,GAVE_UP,36,48,28,11
0.6,67,bot1,,,SUCCESS,27,27,61,
0.6,67,bot2,,,SUCCESS,27,27,61,
0.6,67,bot3,,,SUCCESS,27,27,61,
0.6,67,bot4,,,SUCCESS,27,27,61,
0.6,76,bot1,,,SUCCESS,39,39,50,
0.6,76,bot2,,,SUCCESS,39,39,50,
0.6,76,bot3,,,SUCCESS,39,39,50,
0.6,76,bot4,,,SUCCESS,39,39,50,
0.6,77,bot1,,,BUTTON_BURNED,12,34,6,
0.6,77,bot2,,,BUTTON_BURNED,12,34,6,
0.6,77,bot3,,,BUTTON_BURNED,12,34,6,
0.6,77,bot4,,,BUTTON_BURNED,12,34,6,1
0.6,78,bot1,,,BURNED,8,51,48,
0.6,78,bot2,,,BURNED,33,51,48,
0.6,78,bot3,,,GAVE_UP,46,51,48,
0.6,78,bot4,,,SUCCESS,55,51,48,
0.6,79,bot1,,,BUTTON_BURNED,17,18,10,
0.6,79,bot2,,,BUTTON_BURNED,17,18,10,
0.6,79,bot3,,,BUTTON_BURNED,17,18,10,
0.6,79,bot4,,,BUTTON_BURNED,17,18,10,
0.6,88,bot1,,,BURNED,28,55,13,
0.6,88,bot2,,,GAVE_UP,29,55,13,
0.6,88,bot3,,,GAVE_UP,29,55,13,
0.6,88,bot4,,,GAVE_UP,29,55,13,1
0.6,89,bot1,,,BURNED,16,50,32,
0.6,89,bot2,,,GAVE_UP,34,50,32,
0.6,89,bot3,,,GAVE_UP,34,50,32,
0.6,89,bot4,,,GAVE_UP,34,50,32,2
0.6,90,bot1,,,BURNED,16,51,40,
0.6,90,bot2,,,GAVE_UP,24,51,40,
0.6,90,bot3,,,GAVE_UP,24,51,40,
0.6,90,bot4,,,GAVE_UP,24,51,40,1
0.6,91,bot1,,,SUCCESS,23,23,48,
0.6,91,bot2,,,SUCCESS,23,23,48,
0.6,91,bot3,,,SUCCESS,23,23,48,
0.6,91,bot4,,,SUCCESS,23,23,48,
0.6,80,bot1,,,BURNED,38,57,31,
0.6,80,bot2,,,BUTTON_BURNED,42,57,31,
0.6,80,bot3,,,BUTTON_BURNED,42,57,31,
0.6,80,bot4,,,BUTTON_BURNED,42,57,31,26
0.6,81,bot1,,,SUCCESS,43,43,56,
0.6,81,bot2,,,SUCCESS,43,43,56,
0.6,81,bot3,,,SUCCESS,43,43,56,
0.6,81,bot4,,,SUCCESS,43,43,56,
0.6,82,bot1,,,BUTTON_BURNED,29,43,19,
0.6,82,bot2,,,GAVE_UP,26,43,19,
0.6,82,bot3,,,GAVE_UP,26,43,19,
0.6,82,bot4,,,GAVE_UP,26,43,19,
0.6,83,bot1,,,SUCCESS,43,43,39,
0.6,83,bot2,,,SUCCESS,43,43,39,
0.6,83,bot3,,,SUCCESS,43,43,39,
0.6,83,bot4,,,SUCCESS,45,43,39,
0.6,100,bot1,,,BURNED,18,36,16,
0.6,100,bot2,,,BUTTON_BURNED,27,36,16,
0.6,100,bot3,,,BUTTON_BURNED,27,36,16,
0.6,100,bot4,,,BUTTON_BURNED,27,36,16,6
0.6,101,bot1,,,SUCCESS,46,46,47,
0.6,101,bot2,,,SUCCESS,46,46,47,
0.6,101,bot3,,,SUCCESS,46,46,47,
0.6,101,bot4,,,SUCCESS,46,46,47,
0.6,102,bot1,,,BURNED,26,48,38,
0.6,102,bot2,,,BURNED,26,48,38,
0.6,102,bot3,,,SUCCESS,50,48,38,
0.6,102,bot4,,,BURNED,26,48,38,8
0.6,103,bot1,,,BUTTON_BURNED,10,68,9,
0.6,103,bot2,,,GAVE_UP,9,68,9,
0.6,103,bot3,,,GAVE_UP,9,68,9,
0.6,103,bot4,,,GAVE_UP,9,68,9,1
0.6,104,bot1,,,SUCCESS,24,24,32,
0.6,104,bot2,,,SUCCESS,24,24,32,
0.6,104,bot3,,,SUCCESS,24,24,32,
0.6,104,bot4,,,SUCCESS,24,24,32,
0.6,105,bot1,,,BURNED,29,47,33,
0.6,105,bot2,,,BUTTON_BURNED,46,47,33,
0.6,105,bot3,,,BUTTON_BURNED,46,47,33,
0.6,105,bot4,,,BUTTON_BURNED,46,47,33,28
0.6,106,bot1,,,BUTTON_BURNED,16,41,10,
0.6,106,bot2,,,BUTTON_BURNED,16,41,10,
0.6,106,bot3,,,BUTTON_BURNED,16,41,10,
0.6,106,bot4,,,BUTTON_BURNED,16,41,10,1
0.6,107,bot1,,,BURNED,11,40,24,
0.6,107,bot2,,,GAVE_UP,20,40,24,
0.6,107,bot3,,,GAVE_UP,20,40,24,
0.6,107,bot4,,,GAVE_UP,20,40,24,1
0.6,112,bot1,,,SUCCESS,7,7,9,
0.6,112,bot2,,,SUCCESS,7,7,9,
0.6,112,bot3,,,SUCCESS,7,7,9,
0.6,112,bot4,,,SUCCESS,7,7,9,
0.6,113,bot1,,,SUCCESS,23,23,13,
0.6,113,bot2,,,SUCCESS,23,23,13,
0.6,113,bot3,,,SUCCESS,23,23,13,
0.6,113,bot4,,,SUCCESS,23,23,13,
0.6,114,bot1,,,SUCCESS,27,27,31,
0.6,114,bot2,,,SUCCESS,27,27,31,
0.6,114,bot3,,,SUCCESS,27,27,31,
0.6,114,bot4,,,SUCCESS,27,27,31,
0.6,115,bot1,,,SUCCESS,48,48,49,
0.6,115,bot2,,,SUCCESS,48,48,49,
0.6,115,bot3,,,SUCCESS,48,48,49,
0.6,115,bot4,,,SUCCESS,48,48,49,
0.6,108,bot1,,,SUCCESS,47,47,45,
0.6,108,bot2,,,SUCCESS,47,47,45,
0.6,108,bot3,,,SUCCESS,47,47,45,
0.6,108,bot4,,,SUCCESS,47,47,45,
0.6,109,bot1,,,SUCCESS,5,5,18,
0.6,109,bot2,,,SUCCESS,5,5,18,
0.6,109,bot3,,,SUCCESS,5,5,18,
0.6,109,bot4,,,SUCCESS,5,5,18,
0.6,110,bot1,,,SUCCESS,28,28,39,
0.6,110,bot2,,,SUCCESS,28,28,39,
0.6,110,bot3,,,SUCCESS,28,28,39,
0.6,110,bot4,,,SUCCESS,28,28,39,
0.6,111,bot1,,,BURNED,16,57,31,
0.6,111,bot2,,,GAVE_UP,21,57,31,
0.6,111,bot3,,,GAVE_UP,21,57,31,
0.6,111,bot4,,,GAVE_UP,34,57,31,16
0.6,92,bot1,,,BURNED,8,46,37,
0.6,92,bot2,,,GAVE_UP,29,46,37,
0.6,92,bot3,,,GAVE_UP,29,46,37,
0.6,92,bot4,,,GAVE_UP,49,46,37,27
0.6,93,bot1,,,SUCCESS,38,38,42,
0.6,93,bot2,,,SUCCESS,38,38,42,
0.6,93,bot3,,,SUCCESS,38,38,42,
0.6,93,bot4,,,SUCCESS,38,38,42,
0.6,94,bot1,,,SUCCESS,21,21,30,
0.6,94,bot2,,,SUCCESS,21,21,30,
0.6,94,bot3,,,SUCCESS,21,21,30,
0.6,94,bot4,,,SUCCESS,21,21,30,
0.6,95,bot1,,,SUCCESS,46,46,38,
0.6,95,bot2,,,SUCCESS,46,46,38,
0.6,95,bot3,,,SUCCESS,46,46,38,
0.6,95,bot4,,,SUCCESS,46,46,38,
0.6,120,bot1,,,BURNED,11,46,32,
0.6,120,bot2,,,BURNED,37,46,32,
0.6,120,bot3,,,GAVE_UP,51,46,32,
0.6,120,bot4,,,GAVE_UP,51,46,32,32
0.6,121,bot1,,,BURNED,24,27,19,
0.6,121,bot2,,,SUCCESS,29,27,19,
0.6,121,bot3,,,SUCCESS,27,27,19,
0.6,121,bot4,,,SUCCESS,27,27,19,
0.6,122,bot1,,,SUCCESS,7,7,56,
0.6,122,bot2,,,SUCCESS,7,7,56,
0.6,122,bot3,,,SUCCESS,7,7,56,
0.6,122,bot4,,,SUCCESS,7,7,56,
0.6,123,bot1,,,SUCCESS,31,31,35,
0.6,123,bot2,,,SUCCESS,31,31,35,
0.6,123,bot3,,,SUCCESS,31,31,35,
0.6,123,bot4,,,SUCCESS,31,31,35,
0.6,124,bot1,,,SUCCESS,17,17,36,
0.6,124,bot2,,,SUCCESS,17,17,36,
0.6,124,bot3,,,SUCCESS,17,17,36,
0.6,124,bot4,,,SUCCESS,17,17,36,
0.6,125,bot1,,,SUCCESS,31,31,28,
0.6,125,bot2,,,SUCCESS,31,31,28,
0.6,125,bot3,,,SUCCESS,31,31,28,
0.6,125,bot4,,,SUCCESS,31,31,28,
0.6,126,bot1,,,SUCCESS,39,39,37,
0.6,126,bot2,,,SUCCESS,39,39,37,
0.6,126,bot3,,,SUCCESS,39,39,37,
0.6,126,bot4,,,SUCCESS,39,39,37,6
0.6,127,bot1,,,BUTTON_BURNED,17,28,11,
0.6,127,bot2,,,GAVE_UP,13,28,11,
0.6,127,bot3,,,GAVE_UP,13,28,11,
0.6,127,bot4,,,GAVE_UP,13,28,11,1
0.6,128,bot1,,,SUCCESS,39,39,35,
0.6,128,bot2,,,SUCCESS,39,39,35,
0.6,128,bot3,,,SUCCESS,39,39,35,
0.6,128,bot4,,,SUCCESS,39,39,35,
0.6,129,bot1,,,BUTTON_BURNED,4,56,4,
0.6,129,bot2,,,BUTTON_BURNED,4,56,4,
0.6,129,bot3,,,BUTTON_BURNED,4,56,4,
0.6,129,bot4,,,BUTTON_BURNED,4,56,4,1
0.6,130,bot1,,,SUCCESS,41,41,46,
0.6,130,bot2,,,SUCCESS,41,41,46,
0.6,130,bot3,,,SUCCESS,41,41,46,
0.6,130,bot4,,,SUCCESS,41,41,46,
0.6,131,bot1,,,SUCCESS,34,34,22,
0.6,131,bot2,,,SUCCESS,34,34,22,
0.6,131,bot3,,,SUCCESS,34,34,22,
0.6,131,bot4,,,SUCCESS,34,34,22,
0.6,116,bot1,,,SUCCESS,9,9,34,
0.6,116,bot2,,,SUCCESS,9,9,34,
0.6,116,bot3,,,SUCCESS,9,9,34,
0.6,116,bot4,,,SUCCESS,9,9,34,
0.6,117,bot1,,,SUCCESS,31,31,39,
0.6,117,bot2,,,SUCCESS,31,31,39,
0.6,117,bot3,,,SUCCESS,31,31,39,
0.6,117,bot4,,,SUCCESS,31,31,39,
0.6,118,bot1,,,SUCCESS,37,37,31,
0.6,118,bot2,,,SUCCESS,37,37,31,
0.6,118,bot3,,,SUCCESS,37,37,31,
0.6,118,bot4,,,SUCCESS,37,37,31,
0.6,119,bot1,,,SUCCESS,65,65,59,
0.6,119,bot2,,,SUCCESS,65,65,59,
0.6,119,bot3,,,SUCCESS,65,65,59,
0.6,119,bot4,,,SUCCESS,65,65,59,
0.6,140,bot1,,,BURNED,11,35,19,
0.6,140,bot2,,,GAVE_UP,26,35,19,
0.6,140,bot3,,,GAVE_UP,26,35,19,
0.6,140,bot4,,,GAVE_UP,26,35,19,1
0.6,141,bot1,,,SUCCESS,20,20,29,
0.6,141,bot2,,,SUCCESS,20,20,29,
0.6,141,bot3,,,SUCCESS,20,20,29,
0.6,141,bot4,,,SUCCESS,20,20,29,
0.6,142,bot1,,,SUCCESS,6,6,10,
0.6,142,bot2,,,SUCCESS,6,6,10,
0.6,142,bot3,,,SUCCESS,6,6,10,
0.6,142,bot4,,,SUCCESS,6,6,10,
0.6,143,bot1,,,SUCCESS,32,32,37,
0.6,143,bot2,,,SUCCESS,32,32,37,
0.6,143,bot3,,,SUCCESS,32,32,37,
0.6,143,bot4,,,SUCCESS,32,32,37,
0.6,148,bot1,,,SUCCESS,33,33,29,
0.6,148,bot2,,,SUCCESS,33,33,29,
0.6,148,bot3,,,SUCCESS,33,33,29,
0.6,148,bot4,,,SUCCESS,33,33,29,
0.6,149,bot1,,,SUCCESS,1,1,30,
0.6,149,bot2,,,SUCCESS,1,1,30,
0.6,149,bot3,,,SUCCESS,1,1,30,
0.6,149,bot4,,,SUCCESS,1,1,30,
0.6,150,bot1,,,SUCCESS,9,9,39,
0.6,150,bot2,,,SUCCESS,9,9,39,
0.6,150,bot3,,,SUCCESS,9,9,39,
0.6,150,bot4,,,SUCCESS,9,9,39,
0.6,151,bot1,,,SUCCESS,22,22,32,
0.6,151,bot2,,,SUCCESS,22,22,32,
0.6,151,bot3,,,SUCCESS,22,22,32,
0.6,151,bot4,,,SUCCESS,22,22,32,
0.6,160,bot1,,,SUCCESS,19,19,38,
0.6,160,bot2,,,SUCCESS,19,19,38,
0.6,160,bot3,,,SUCCESS,19,19,38,
0.6,160,bot4,,,SUCCESS,19,19,38,
0.6,161,bot1,,,BUTTON_BURNED,13,16,10,
0.6,161,bot2,,,BUTTON_BURNED,13,16,10,
0.6,161,bot3,,,BUTTON_BURNED,13,16,10,
0.6,161,bot4,,,BUTTON_BURNED,13,16,10,
0.6,162,bot1,,,SUCCESS,3,3,15,
0.6,162,bot2,,,SUCCESS,3,3,15,
0.6,162,bot3,,,SUCCESS,3,3,15,
0.6,162,bot4,,,SUCCESS,3,3,15,
0.6,163,bot1,,,SUCCESS,11,11,55,
0.6,163,bot2,,,SUCCESS,11,11,55,
0.6,163,bot3,,,SUCCESS,11,11,55,
0.6,163,bot4,,,SUCCESS,11,11,55,
0.6,132,bot1,,,SUCCESS,44,44,35,
0.6,132,bot2,,,SUCCESS,44,44,35,
0.6,132,bot3,,,SUCCESS,44,44,35,
0.6,132,bot4,,,SUCCESS,44,44,35,
0.6,133,bot1,,,SUCCESS,53,53,49,
0.6,133,bot2,,,SUCCESS,53,53,49,
0.6,133,bot3,,,SUCCESS,53,53,49,
0.6,133,bot4,,,SUCCESS,53,53,49,
0.6,134,bot1,,,SUCCESS,15,15,39,
0.6,134,bot2,,,SUCCESS,15,15,39,
0.6,134,bot3,,,SUCCESS,15,15,39,
0.6,134,bot4,,,SUCCESS,15,15,39,
0.6,135,bot1,,,SUCCESS,9,9,29,
0.6,135,bot2,,,SUCCESS,9,9,29,
0.6,135,bot3,,,SUCCESS,9,9,29,
0.6,135,bot4,,,SUCCESS,9,9,29,
0.6,144,bot1,,,BUTTON_BURNED,10,29,5,
0.6,144,bot2,,,BUTTON_BURNED,10,29,5,
0.6,144,bot3,,,BUTTON_BURNED,10,29,5,
0.6,144,bot4,,,BUTTON_BURNED,10,29,5,1
0.6,145,bot1,,,SUCCESS,49,49,37,
0.6,145,bot2,,,SUCCESS,49,49,37,
0.6,145,bot3,,,SUCCESS,49,49,37,
0.6,145,bot4,,,SUCCESS,49,49,37,
0.6,146,bot1,,,SUCCESS,29,29,51,
0.6,146,bot2,,,SUCCESS,29,29,51,
0.6,146,bot3,,,SUCCESS,29,29,51,
0.6,146,bot4,,,SUCCESS,29,29,51,
0.6,147,bot1,,,SUCCESS,11,11,33,
0.6,147,bot2,,,SUCCESS,11,11,33,
0.6,147,bot3,,,SUCCESS,11,11,33,
0.6,147,bot4,,,SUCCESS,11,11,33,
0.6,152,bot1,,,BURNED,39,63,36,
0.6,152,bot2,,,GAVE_UP,45,63,36,
0.6,152,bot3,,,GAVE_UP,45,63,36,
0.6,152,bot4,,,GAVE_UP,45,63,36,26
0.6,153,bot1,,,BUTTON_BURNED,8,30,5,
0.6,153,bot2,,,BUTTON_BURNED,8,30,5,
0.6,153,bot3,,,BUTTON_BURNED,8,30,5,
0.6,153,bot4,,,BUTTON_BURNED,8,30,5,
0.6,154,bot1,,,BUTTON_BURNED,12,56,8,
0.6,154,bot2,,,GAVE_UP,10,56,8,
0.6,154,bot3,,,GAVE_UP,10,56,8,
0.6,154,bot4,,,GAVE_UP,10,56,8,1
0.6,155,bot1,,,SUCCESS,15,15,20,
0.6,155,bot2,,,SUCCESS,15,15,20,
0.6,155,bot3,,,SUCCESS,15,15,20,
0.6,155,bot4,,,SUCCESS,15,15,20,
0.6,164,bot1,,,SUCCESS,30,30,35,
0.6,164,bot2,,,SUCCESS,30,30,35,
0.6,164,bot3,,,SUCCESS,30,30,35,
0.6,164,bot4,,,SUCCESS,30,30,35,
0.6,165,bot1,,,SUCCESS,23,23,42,
0.6,165,bot2,,,SUCCESS,23,23,42,
0.6,165,bot3,,,SUCCESS,23,23,42,
0.6,165,bot4,,,SUCCESS,23,23,42,
0.6,166,bot1,,,SUCCESS,6,6,18,
0.6,166,bot2,,,SUCCESS,6,6,18,
0.6,166,bot3,,,SUCCESS,6,6,18,
0.6,166,bot4,,,SUCCESS,6,6,18,
0.6,167,bot1,,,SUCCESS,30,30,32,
0.6,167,bot2,,,SUCCESS,30,30,32,
0.6,167,bot3,,,SUCCESS,30,30,32,
0.6,167,bot4,,,SUCCESS,30,30,32,
0.6,156,bot1,,,BUTTON_BURNED,11,28,7,
0.6,156,bot2,,,GAVE_UP,9,28,7,
0.6,156,bot3,,,GAVE_UP,9,28,7,
0.6,156,bot4,,,GAVE_UP,9,28,7,1
0.6,157,bot1,,,SUCCESS,12,12,40,
0.6,157,bot2,,,SUCCESS,12,12,40,
0.6,157,bot3,,,SUCCESS,12,12,40,
0.6,157,bot4,,,SUCCESS,12,12,40,
0.6,158,bot1,,,BURNED,9,33,31,
0.6,158,bot2,,,BURNED,9,33,31,
0.6,158,bot3,,,GAVE_UP,41,33,31,
0.6,158,bot4,,,GAVE_UP,41,33,31,13
0.6,159,bot1,,,BURNED,10,40,25,
0.6,159,bot2,,,GAVE_UP,32,40,25,
0.6,159,bot3,,,GAVE_UP,32,40,25,
0.6,159,bot4,,,GAVE_UP,32,40,25,13
0.6,176,bot1,,,BUTTON_BURNED,21,46,12,
0.6,176,bot2,,,GAVE_UP,15,46,12,
0.6,176,bot3,,,GAVE_UP,15,46,12,
0.6,176,bot4,,,GAVE_UP,15,46,12,1
0.6,177,bot1,,,SUCCESS,29,29,28,
0.6,177,bot2,,,SUCCESS,29,29,28,
0.6,177,bot3,,,SUCCESS,29,29,28,
0.6,177,bot4,,,SUCCESS,29,29,28,
0.6,178,bot1,,,SUCCESS,1,1,30,
0.6,178,bot2,,,SUCCESS,1,1,30,
0.6,178,bot3,,,SUCCESS,1,1,30,
0.6,178,bot4,,,SUCCESS,1,1,30,
0.6,179,bot1,,,SUCCESS,19,19,42,
0.6,179,bot2,,,SUCCESS,19,19,42,
0.6,179,bot3,,,SUCCESS,19,19,42,
0.6,179,bot4,,,SUCCESS,19,19,42,
0.6,168,bot1,,,SUCCESS,9,9,19,
0.6,168,bot2,,,SUCCESS,9,9,19,
0.6,168,bot3,,,SUCCESS,9,9,19,
0.6,168,bot4,,,SUCCESS,9,9,19,
0.6,169,bot1,,,SUCCESS,30,30,20,
0.6,169,bot2,,,SUCCESS,30,30,20,
0.6,169,bot3,,,SUCCESS,30,30,20,
0.6,169,bot4,,,SUCCESS,30,30,20,
0.6,170,bot1,,,SUCCESS,11,11,33,
0.6,170,bot2,,,SUCCESS,11,11,33,
0.6,170,bot3,,,SUCCESS,11,11,33,
0.6,170,bot4,,,SUCCESS,11,11,33,
0.6,171,bot1,,,SUCCESS,42,42,40,
0.6,171,bot2,,,SUCCESS,42,42,40,
0.6,171,bot3,,,SUCCESS,42,42,40,
0.6,171,bot4,,,SUCCESS,42,42,40,
0.6,136,bot1,,,SUCCESS,47,47,47,
0.6,136,bot2,,,SUCCESS,47,47,47,
0.6,136,bot3,,,SUCCESS,47,47,47,
0.6,136,bot4,,,SUCCESS,67,47,47,36
0.6,137,bot1,,,BURNED,21,33,15,
0.6,137,bot2,,,GAVE_UP,22,33,15,
0.6,137,bot3,,,GAVE_UP,22,33,15,
0.6,137,bot4,,,GAVE_UP,22,33,15,1
0.6,138,bot1,,,SUCCESS,20,20,57,
0.6,138,bot2,,,SUCCESS,20,20,57,
0.6,138,bot3,,,SUCCESS,20,20,57,
0.6,138,bot4,,,SUCCESS,20,20,57,
0.6,139,bot1,,,SUCCESS,41,41,45,
0.6,139,bot2,,,SUCCESS,41,41,45,
0.6,139,bot3,,,SUCCESS,41,41,45,
0.6,139,bot4,,,SUCCESS,41,41,45,
0.6,172,bot1,,,BURNED,11,43,30,
0.6,172,bot2,,,GAVE_UP,30,43,30,
0.6,172,bot3,,,SUCCESS,47,43,30,
0.6,172,bot4,,,GAVE_UP,30,43,30,3
0.6,173,bot1,,,BURNED,22,43,27,
0.6,173,bot2,,,GAVE_UP,19,43,27,
0.6,173,bot3,,,GAVE_UP,19,43,27,
0.6,173,bot4,,,BURNED,31,43,27,13
0.6,174,bot1,,,SUCCESS,12,12,23,
0.6,174,bot2,,,SUCCESS,12,12,23,
0.6,174,bot3,,,SUCCESS,12,12,23,
0.6,174,bot4,,,SUCCESS,12,12,23,
0.6,175,bot1,,,SUCCESS,18,18,19,
0.6,175,bot2,,,SUCCESS,18,18,19,
0.6,175,bot3,,,SUCCESS,18,18,19,
0.6,175,bot4,,,SUCCESS,18,18,19,
0.6,184,bot1,,,BURNED,18,47,27,
0.6,184,bot2,,,GAVE_UP,27,47,27,
0.6,184,bot3,,,GAVE_UP,27,47,27,
0.6,184,bot4,,,GAVE_UP,27,47,27,1
0.6,185,bot1,,,BURNED,8,10,9,
0.6,185,bot2,,,GAVE_UP,6,10,9,
0.6,185,bot3,,,GAVE_UP,6,10,9,
0.6,185,bot4,,,GAVE_UP,6,10,9,
0.6,186,bot1,,,BUTTON_BURNED,6,46,3,
0.6,186,bot2,,,GAVE_UP,4,46,3,
0.6,186,bot3,,,GAVE_UP,4,46,3,
0.6,186,bot4,,,GAVE_UP,4,46,3,1
0.6,187,bot1,,,SUCCESS,32,32,48,
0.6,187,bot2,,,SUCCESS,32,32,48,
0.6,187,bot3,,,SUCCESS,32,32,48,
0.6,187,bot4,,,SUCCESS,32,32,48,
0.6,180,bot1,,,BURNED,7,49,45,
0.6,180,bot2,,,GAVE_UP,12,49,45,
0.6,180,bot3,,,SUCCESS,49,49,45,
0.6,180,bot4,,,GAVE_UP,12,49,45,3
0.6,181,bot1,,,SUCCESS,24,24,27,
0.6,181,bot2,,,SUCCESS,24,24,27,
0.6,181,bot3,,,SUCCESS,24,24,27,
0.6,181,bot4,,,SUCCESS,24,24,27,
0.6,182,bot1,,,SUCCESS,40,40,45,
0.6,182,bot2,,,SUCCESS,40,40,45,
0.6,182,bot3,,,SUCCESS,40,40,45,
0.6,182,bot4,,,SUCCESS,40,40,45,
0.6,183,bot1,,,SUCCESS,56,56,48,
0.6,183,bot2,,,SUCCESS,56,56,48,
0.6,183,bot3,,,SUCCESS,56,56,48,
0.6,183,bot4,,,SUCCESS,60,56,48,
0.65,0,bot1,,,SUCCESS,17,17,39,
0.65,0,bot2,,,SUCCESS,17,17,39,
0.65,0,bot3,,,SUCCESS,17,17,39,
0.65,0,bot4,,,SUCCESS,17,17,39,
0.65,1,bot1,,,SUCCESS,14,14,68,
0.65,1,bot2,,,SUCCESS,14,14,68,
0.65,1,bot3,,,SUCCESS,14,14,68,
0.65,1,bot4,,,SUCCESS,14,14,68,
0.65,2,bot1,,,SUCCESS,35,35,29,
0.65,2,bot2,,,SUCCESS,35,35,29,
0.65,2,bot3,,,SUCCESS,35,35,29,
0.65,2,bot4,,,SUCCESS,35,35,29,
0.65,3,bot1,,,SUCCESS,24,24,22,
0.65,3,bot2,,,SUCCESS,24,24,22,
0.65,3,bot3,,,SUCCESS,24,24,22,
0.65,3,bot4,,,SUCCESS,24,24,22,
0.65,12,bot1,,,SUCCESS,30,30,24,
0.65,12,bot2,,,SUCCESS,30,30,24,
0.65,12,bot3,,,SUCCESS,30,30,24,
0.65,12,bot4,,,SUCCESS,30,30,24,
0.65,13,bot1,,,SUCCESS,16,16,62,
0.65,13,bot2,,,SUCCESS,16,16,62,
0.65,13,bot3,,,SUCCESS,16,16,62,
0.65,13,bot4,,,SUCCESS,16,16,62,
0.65,14,bot1,,,SUCCESS,28,28,49,
0.65,14,bot2,,,SUCCESS,28,28,49,
0.65,14,bot3,,,SUCCESS,28,28,49,
0.65,14,bot4,,,SUCCESS,28,28,49,
0.65,15,bot1,,,SUCCESS,13,13,30,
0.65,15,bot2,,,SUCCESS,13,13,30,
0.65,15,bot3,,,SUCCESS,13,13,30,
0.65,15,bot4,,,SUCCESS,13,13,30,
0.6,192,bot1,,,SUCCESS,18,18,45,
0.6,192,bot2,,,SUCCESS,18,18,45,
0.6,192,bot3,,,SUCCESS,18,18,45,
0.6,192,bot4,,,SUCCESS,18,18,45,
0.6,193,bot1,,,BURNED,13,35,17,
0.6,193,bot2,,,GAVE_UP,15,35,17,
0.6,193,bot3,,,GAVE_UP,15,35,17,
0.6,193,bot4,,,GAVE_UP,15,35,17,3
0.6,194,bot1,,,SUCCESS,55,55,64,
0.6,194,bot2,,,SUCCESS,55,55,64,
0.6,194,bot3,,,SUCCESS,55,55,64,
0.6,194,bot4,,,SUCCESS,55,55,64,
0.6,195,bot1,,,BURNED,15,40,23,
0.6,195,bot2,,,BURNED,17,40,23,
0.6,195,bot3,,,BUTTON_BURNED,32,40,23,
0.6,195,bot4,,,BURNED,17,40,23,9
0.6,188,bot1,,,SUCCESS,23,23,45,
0.6,188,bot2,,,SUCCESS,23,23,45,
0.6,188,bot3,,,SUCCESS,23,23,45,
0.6,188,bot4,,,SUCCESS,23,23,45,
0.6,189,bot1,,,SUCCESS,25,25,54,
0.6,189,bot2,,,SUCCESS,25,25,54,
0.6,189,bot3,,,SUCCESS,25,25,54,
0.6,189,bot4,,,SUCCESS,25,25,54,
0.6,190,bot1,,,SUCCESS,48,48,55,
0.6,190,bot2,,,SUCCESS,48,48,55,
0.6,190,bot3,,,SUCCESS,48,48,55,
0.6,190,bot4,,,SUCCESS,48,48,55,
0.6,191,bot1,,,SUCCESS,40,40,31,
0.6,191,bot2,,,SUCCESS,40,40,31,
0.6,191,bot3,,,SUCCESS,40,40,31,
0.6,191,bot4,,,SUCCESS,40,40,31,
0.65,4,bot1,,,BURNED,11,41,26,
0.65,4,bot2,,,GAVE_UP,40,41,26,
0.65,4,bot3,,,GAVE_UP,40,41,26,
0.65,4,bot4,,,GAVE_UP,40,41,26,1
0.65,5,bot1,,,SUCCESS,24,24,19,
0.65,5,bot2,,,SUCCESS,24,24,19,
0.65,5,bot3,,,SUCCESS,24,24,19,
0.65,5,bot4,,,SUCCESS,24,24,19,
0.65,6,bot1,,,SUCCESS,5,5,19,
0.65,6,bot2,,,SUCCESS,5,5,19,
0.65,6,bot3,,,SUCCESS,5,5,19,
0.65,6,bot4,,,SUCCESS,5,5,19,
0.65,7,bot1,,,BURNED,6,27,20,
0.65,7,bot2,,,BURNED,17,27,20,
0.65,7,bot3,,,GAVE_UP,27,27,20,
0.65,7,bot4,,,BURNED,24,27,20,5
0.65,8,bot1,,,SUCCESS,25,25,43,
0.65,8,bot2,,,SUCCESS,25,25,43,
0.65,8,bot3,,,SUCCESS,25,25,43,
0.65,8,bot4,,,SUCCESS,25,25,43,
0.65,9,bot1,,,BURNED,12,39,20,
0.65,9,bot2,,,GAVE_UP,24,39,20,
0.65,9,bot3,,,GAVE_UP,24,39,20,
0.65,9,bot4,,,GAVE_UP,24,39,20,1
0.65,10,bot1,,,BURNED,35,41,33,
0.65,10,bot2,,,GAVE_UP,34,41,33,
0.65,10,bot3,,,GAVE_UP,34,41,33,
0.65,10,bot4,,,GAVE_UP,34,41,33,
0.65,11,bot1,,,BURNED,36,48,31,
0.65,11,bot2,,,BUTTON_BURNED,41,48,31,
0.65,11,bot3,,,BUTTON_BURNED,41,48,31,
0.65,11,bot4,,,BUTTON_BURNED,41,48,31,23
0.6,196,bot1,,,SUCCESS,15,15,30,
0.6,196,bot2,,,SUCCESS,15,15,30,
0.6,196,bot3,,,SUCCESS,15,15,30,
0.6,196,bot4,,,SUCCESS,15,15,30,
0.6,197,bot1,,,BURNED,9,51,38,
0.6,197,bot2,,,BURNED,32,51,38,
0.6,197,bot3,,,BURNED,34,51,38,
0.6,197,bot4,,,BUTTON_BURNED,48,51,38,31
0.6,198,bot1,,,BUTTON_BURNED,37,65,25,
0.6,198,bot2,,,GAVE_UP,36,65,25,
0.6,198,bot3,,,GAVE_UP,36,65,25,
0.6,198,bot4,,,GAVE_UP,36,65,25,19
0.6,199,bot1,,,BUTTON_BURNED,36,52,24,
0.6,199,bot2,,,BUTTON_BURNED,36,52,24,
0.6,199,bot3,,,BUTTON_BURNED,36,52,24,
0.6,199,bot4,,,BUTTON_BURNED,36,52,24,
0.65,20,bot1,,,BUTTON_BURNED,31,43,16,
0.65,20,bot2,,,BUTTON_BURNED,31,43,16,
0.65,20,bot3,,,BUTTON_BURNED,31,43,16,
0.65,20,bot4,,,BUTTON_BURNED,31,43,16,1
0.65,21,bot1,,,SUCCESS,17,17,55,
0.65,21,bot2,,,SUCCESS,17,17,55,
0.65,21,bot3,,,SUCCESS,17,17,55,
0.65,21,bot4,,,SUCCESS,17,17,55,
0.65,22,bot1,,,SUCCESS,15,15,33,
0.65,22,bot2,,,SUCCESS,15,15,33,
0.65,22,bot3,,,SUCCESS,15,15,33,
0.65,22,bot4,,,SUCCESS,15,15,33,
0.65,23,bot1,,,SUCCESS,33,33,41,
0.65,23,bot2,,,SUCCESS,33,33,41,
0.65,23,bot3,,,SUCCESS,33,33,41,
0.65,23,bot4,,,SUCCESS,33,33,41,
0.65,32,bot1,,,SUCCESS,13,13,24,
0.65,32,bot2,,,SUCCESS,13,13,24,
0.65,32,bot3,,,SUCCESS,13,13,24,
0.65,32,bot4,,,SUCCESS,13,13,24,
0.65,33,bot1,,,BUTTON_BURNED,10,31,7,
0.65,33,bot2,,,BUTTON_BURNED,10,31,7,
0.65,33,bot3,,,BUTTON_BURNED,10,31,7,
0.65,33,bot4,,,BUTTON_BURNED,10,31,7,1
0.65,34,bot1,,,BUTTON_BURNED,13,39,9,
0.65,34,bot2,,,BUTTON_BURNED,13,39,9,
0.65,34,bot3,,,BUTTON_BURNED,13,39,9,
0.65,34,bot4,,,BUTTON_BURNED,13,39,9,5
0.65,35,bot1,,,SUCCESS,38,38,45,
0.65,35,bot2,,,SUCCESS,38,38,45,
0.65,35,bot3,,,SUCCESS,38,38,45,
0.65,35,bot4,,,SUCCESS,38,38,45,
0.65,24,bot1,,,BUTTON_BURNED,45,65,27,
0.65,24,bot2,,,GAVE_UP,42,65,27,
0.65,24,bot3,,,GAVE_UP,42,65,27,
0.65,24,bot4,,,GAVE_UP,42,65,27,23
0.65,25,bot1,,,SUCCESS,36,36,49,
0.65,25,bot2,,,SUCCESS,36,36,49,
0.65,25,bot3,,,SUCCESS,36,36,49,
0.65,25,bot4,,,SUCCESS,36,36,49,
0.65,26,bot1,,,SUCCESS,22,22,59,
0.65,26,bot2,,,SUCCESS,22,22,59,
0.65,26,bot3,,,SUCCESS,22,22,59,
0.65,26,bot4,,,SUCCESS,22,22,59,
0.65,27,bot1,,,SUCCESS,23,23,41,
0.65,27,bot2,,,SUCCESS,23,23,41,
0.65,27,bot3,,,SUCCESS,23,23,41,
0.65,27,bot4,,,SUCCESS,23,23,41,
0.65,28,bot1,,,SUCCESS,20,20,23,
0.65,28,bot2,,,SUCCESS,20,20,23,
0.65,28,bot3,,,SUCCESS,20,20,23,
0.65,28,bot4,,,SUCCESS,20,20,23,
0.65,29,bot1,,,BUTTON_BURNED,13,41,7,
0.65,29,bot2,,,GAVE_UP,6,41,7,
0.65,29,bot3,,,GAVE_UP,6,41,7,
0.65,29,bot4,,,GAVE_UP,6,41,7,1
0.65,30,bot1,,,BUTTON_BURNED,17,41,14,
0.65,30,bot2,,,BUTTON_BURNED,17,41,14,
0.65,30,bot3,,,BUTTON_BURNED,17,41,14,
0.65,30,bot4,,,BUTTON_BURNED,17,41,14,
0.65,31,bot1,,,BURNED,63,68,44,
0.65,31,bot2,,,GAVE_UP,67,68,44,
0.65,31,bot3,,,GAVE_UP,67,68,44,
0.65,31,bot4,,,GAVE_UP,67,68,44,44
0.65,48,bot1,,,SUCCESS,17,17,37,
0.65,48,bot2,,,SUCCESS,17,17,37,
0.65,48,bot3,,,SUCCESS,17,17,37,
0.65,48,bot4,,,SUCCESS,17,17,37,
0.65,49,bot1,,,SUCCESS,3,3,29,
0.65,49,bot2,,,SUCCESS,3,3,29,
0.65,49,bot3,,,SUCCESS,3,3,29,
0.65,49,bot4,,,SUCCESS,3,3,29,
0.65,50,bot1,,,SUCCESS,32,32,48,
0.65,50,bot2,,,SUCCESS,32,32,48,
0.65,50,bot3,,,SUCCESS,32,32,48,
0.65,50,bot4,,,SUCCESS,32,32,48,
0.65,51,bot1,,,SUCCESS,31,31,40,
0.65,51,bot2,,,SUCCESS,31,31,40,
0.65,51,bot3,,,SUCCESS,31,31,40,
0.65,51,bot4,,,SUCCESS,31,31,40,
0.65,36,bot1,,,SUCCESS,19,19,39,
0.65,36,bot2,,,SUCCESS,19,19,39,
0.65,36,bot3,,,SUCCESS,19,19,39,
0.65,36,bot4,,,SUCCESS,19,19,39,
0.65,37,bot1,,,BURNED,35,54,26,
0.65,37,bot2,,,GAVE_UP,30,54,26,
0.65,37,bot3,,,GAVE_UP,30,54,26,
0.65,37,bot4,,,GAVE_UP,30,54,26,7
0.65,38,bot1,,,SUCCESS,37,37,35,
0.65,38,bot2,,,SUCCESS,37,37,35,
0.65,38,bot3,,,SUCCESS,37,37,35,
0.65,38,bot4,,,SUCCESS,37,37,35,
0.65,39,bot1,,,BURNED,44,60,46,
0.65,39,bot2,,,GAVE_UP,61,60,46,
0.65,39,bot3,,,BURNED,61,60,46,
0.65,39,bot4,,,BURNED,46,60,46,31
0.65,16,bot1,,,SUCCESS,35,35,57,
0.65,16,bot2,,,SUCCESS,35,35,57,
0.65,16,bot3,,,SUCCESS,35,35,57,
0.65,16,bot4,,,SUCCESS,35,35,57,
0.65,17,bot1,,,SUCCESS,19,19,22,
0.65,17,bot2,,,SUCCESS,19,19,22,
0.65,17,bot3,,,SUCCESS,19,19,22,
0.65,17,bot4,,,SUCCESS,19,19,22,
0.65,18,bot1,,,SUCCESS,64,64,58,
0.65,18,bot2,,,SUCCESS,64,64,58,
0.65,18,bot3,,,SUCCESS,64,64,58,
0.65,18,bot4,,,SUCCESS,64,64,58,
0.65,19,bot1,,,BURNED,37,49,33,
0.65,19,bot2,,,BURNED,37,49,33,
0.65,19,bot3,,,GAVE_UP,42,49,33,
0.65,19,bot4,,,GAVE_UP,42,49,33,21
0.65,56,bot1,,,BUTTON_BURNED,10,54,7,
0.65,56,bot2,,,BUTTON_BURNED,10,54,7,
0.65,56,bot3,,,BUTTON_BURNED,10,54,7,
0.65,56,bot4,,,BUTTON_BURNED,10,54,7,1
0.65,57,bot1,,,SUCCESS,20,20,26,
0.65,57,bot2,,,SUCCESS,20,20,26,
0.65,57,bot3,,,SUCCESS,20,20,26,
0.65,57,bot4,,,SUCCESS,20,20,26,
0.65,58,bot1,,,BUTTON_BURNED,19,47,12,
0.65,58,bot2,,,BUTTON_BURNED,19,47,12,
0.65,58,bot3,,,BUTTON_BURNED,19,47,12,
0.65,58,bot4,,,BUTTON_BURNED,19,47,12,
0.65,59,bot1,,,BURNED,18,52,44,
0.65,59,bot2,,,BURNED,18,52,44,
0.65,59,bot3,,,GAVE_UP,28,52,44,
0.65,59,bot4,,,GAVE_UP,28,52,44,10
0.65,40,bot1,,,BURNED,38,54,34,
0.65,40,bot2,,,GAVE_UP,37,54,34,
0.65,40,bot3,,,GAVE_UP,37,54,34,
0.65,40,bot4,,,GAVE_UP,37,54,34,17
0.65,41,bot1,,,BURNED,15,26,18,
0.65,41,bot2,,,BURNED,15,26,18,
0.65,41,bot3,,,GAVE_UP,25,26,18,
0.65,41,bot4,,,BURNED,15,26,18,4
0.65,42,bot1,,,SUCCESS,27,27,73,
0.65,42,bot2,,,SUCCESS,27,27,73,
0.65,42,bot3,,,SUCCESS,27,27,73,
0.65,42,bot4,,,SUCCESS,27,27,73,
0.65,43,bot1,,,BURNED,42,49,26,
0.65,43,bot2,,,GAVE_UP,41,49,26,
0.65,43,bot3,,,GAVE_UP,41,49,26,
0.65,43,bot4,,,GAVE_UP,41,49,26,18
0.65,60,bot1,,,SUCCESS,38,38,48,
0.65,60,bot2,,,SUCCESS,38,38,48,
0.65,60,bot3,,,SUCCESS,38,38,48,
0.65,60,bot4,,,SUCCESS,38,38,48,
0.65,61,bot1,,,SUCCESS,11,11,36,
0.65,61,bot2,,,SUCCESS,11,11,36,
0.65,61,bot3,,,SUCCESS,11,11,36,
0.65,61,bot4,,,SUCCESS,11,11,36,
0.65,62,bot1,,,BURNED,13,24,14,
0.65,62,bot2,,,BUTTON_BURNED,19,24,14,
0.65,62,bot3,,,BUTTON_BURNED,19,24,14,
0.65,62,bot4,,,BUTTON_BURNED,19,24,14,1
0.65,63,bot1,,,BUTTON_BURNED,6,28,3,
0.65,63,bot2,,,BUTTON_BURNED,6,28,3,
0.65,63,bot3,,,BUTTON_BURNED,6,28,3,
0.65,63,bot4,,,BUTTON_BURNED,6,28,3,1
0.65,44,bot1,,,SUCCESS,49,49,51,
0.65,44,bot2,,,SUCCESS,49,49,51,
0.65,44,bot3,,,SUCCESS,49,49,51,
0.65,44,bot4,,,SUCCESS,49,49,51,
0.65,45,bot1,,,SUCCESS,34,34,37,
0.65,45,bot2,,,SUCCESS,34,34,37,
0.65,45,bot3,,,SUCCESS,34,34,37,
0.65,45,bot4,,,SUCCESS,34,34,37,
0.65,46,bot1,,,SUCCESS,22,22,33,
0.65,46,bot2,,,SUCCESS,22,22,33,
0.65,46,bot3,,,SUCCESS,22,22,33,
0.65,46,bot4,,,SUCCESS,22,22,33,
0.65,47,bot1,,,BURNED,30,48,25,
0.65,47,bot2,,,GAVE_UP,32,48,25,
0.65,47,bot3,,,GAVE_UP,32,48,25,
0.65,47,bot4,,,GAVE_UP,32,48,25,2
0.65,52,bot1,,,SUCCESS,25,25,27,
0.65,52,bot2,,,SUCCESS,25,25,27,
0.65,52,bot3,,,SUCCESS,25,25,27,
0.65,52,bot4,,,SUCCESS,25,25,27,
0.65,53,bot1,,,SUCCESS,36,36,39,
0.65,53,bot2,,,SUCCESS,36,36,39,
0.65,53,bot3,,,SUCCESS,36,36,39,
0.65,53,bot4,,,SUCCESS,36,36,39,
0.65,54,bot1,,,SUCCESS,51,51,39,
0.65,54,bot2,,,SUCCESS,51,51,39,
0.65,54,bot3,,,SUCCESS,51,51,39,
0.65,54,bot4,,,SUCCESS,51,51,39,
0.65,55,bot1,,,SUCCESS,5,5,31,
0.65,55,bot2,,,SUCCESS,5,5,31,
0.65,55,bot3,,,SUCCESS,5,5,31,
0.65,55,bot4,,,SUCCESS,5,5,31,
0.65,68,bot1,,,SUCCESS,3,3,13,
0.65,68,bot2,,,SUCCESS,3,3,13,
0.65,68,bot3,,,SUCCESS,3,3,13,
0.65,68,bot4,,,SUCCESS,3,3,13,
0.65,69,bot1,,,SUCCESS,24,24,24,
0.65,69,bot2,,,SUCCESS,24,24,24,
0.65,69,bot3,,,SUCCESS,24,24,24,
0.65,69,bot4,,,SUCCESS,24,24,24,
0.65,70,bot1,,,SUCCESS,24,24,23,
0.65,70,bot2,,,SUCCESS,24,24,23,
0.65,70,bot3,,,SUCCESS,24,24,23,
0.65,70,bot4,,,SUCCESS,24,24,23,
0.65,71,bot1,,,BUTTON_BURNED,22,46,13,
0.65,71,bot2,,,GAVE_UP,17,46,13,
0.65,71,bot3,,,GAVE_UP,17,46,13,
0.65,71,bot4,,,GAVE_UP,17,46,13,1
0.65,96,bot1,,,BUTTON_BURNED,26,53,20,
0.65,96,bot2,,,GAVE_UP,19,53,20,
0.65,96,bot3,,,GAVE_UP,19,53,20,
0.65,96,bot4,,,GAVE_UP,19,53,20,1
0.65,97,bot1,,,SUCCESS,13,13,14,
0.65,97,bot2,,,SUCCESS,13,13,14,
0.65,97,bot3,,,SUCCESS,13,13,14,
0.65,97,bot4,,,SUCCESS,13,13,14,
0.65,98,bot1,,,SUCCESS,28,28,27,
0.65,98,bot2,,,SUCCESS,28,28,27,
0.65,98,bot3,,,SUCCESS,28,28,27,
0.65,98,bot4,,,SUCCESS,28,28,27,
0.65,99,bot1,,,SUCCESS,26,26,52,
0.65,99,bot2,,,SUCCESS,26,26,52,
0.65,99,bot3,,,SUCCESS,26,26,52,
0.65,99,bot4,,,SUCCESS,26,26,52,
0.65,64,bot1,,,SUCCESS,56,56,60,
0.65,64,bot2,,,SUCCESS,56,56,60,
0.65,64,bot3,,,SUCCESS,56,56,60,
0.65,64,bot4,,,SUCCESS,56,56,60,
0.65,65,bot1,,,SUCCESS,2,2,58,
0.65,65,bot2,,,SUCCESS,2,2,58,
0.65,65,bot3,,,SUCCESS,2,2,58,
0.65,65,bot4,,,SUCCESS,2,2,58,
0.65,66,bot1,,,BURNED,38,48,28,
0.65,66,bot2,,,GAVE_UP,34,48,28,
0.65,66,bot3,,,GAVE_UP,34,48,28,
0.65,66,bot4,,,GAVE_UP,34,48,28,
0.65,67,bot1,,,SUCCESS,27,27,61,
0.65,67,bot2,,,SUCCESS,27,27,61,
0.65,67,bot3,,,SUCCESS,27,27,61,
0.65,67,bot4,,,SUCCESS,27,27,61,
0.65,84,bot1,,,BUTTON_BURNED,21,40,14,
0.65,84,bot2,,,BUTTON_BURNED,21,40,14,
0.65,84,bot3,,,BUTTON_BURNED,21,40,14,
0.65,84,bot4,,,BUTTON_BURNED,21,40,14,
0.65,85,bot1,,,SUCCESS,29,29,47,
0.65,85,bot2,,,SUCCESS,29,29,47,
0.65,85,bot3,,,SUCCESS,29,29,47,
0.65,85,bot4,,,SUCCESS,29,29,47,
0.65,86,bot1,,,SUCCESS,16,16,47,
0.65,86,bot2,,,SUCCESS,16,16,47,
0.65,86,bot3,,,SUCCESS,16,16,47,
0.65,86,bot4,,,SUCCESS,16,16,47,
0.65,87,bot1,,,SUCCESS,40,40,38,
0.65,87,bot2,,,SUCCESS,40,40,38,
0.65,87,bot3,,,SUCCESS,40,40,38,
0.65,87,bot4,,,SUCCESS,40,40,38,
0.65,72,bot1,,,BUTTON_BURNED,26,30,22,
0.65,72,bot2,,,BUTTON_BURNED,26,30,22,
0.65,72,bot3,,,BUTTON_BURNED,26,30,22,
0.65,72,bot4,,,BUTTON_BURNED,26,30,22,8
0.65,73,bot1,,,SUCCESS,45,45,62,
0.65,73,bot2,,,SUCCESS,45,45,62,
0.65,73,bot3,,,SUCCESS,45,45,62,
0.65,73,bot4,,,SUCCESS,45,45,62,
0.65,74,bot1,,,SUCCESS,30,30,43,
0.65,74,bot2,,,SUCCESS,30,30,43,
0.65,74,bot3,,,SUCCESS,30,30,43,
0.65,74,bot4,,,SUCCESS,30,30,43,
0.65,75,bot1,,,BURNED,25,31,21,
0.65,75,bot2,,,BURNED,26,31,21,
0.65,75,bot3,,,SUCCESS,33,31,21,
0.65,75,bot4,,,BURNED,26,31,21,8
0.65,76,bot1,,,SUCCESS,39,39,50,
0.65,76,bot2,,,SUCCESS,39,39,50,
0.65,76,bot3,,,SUCCESS,39,39,50,
0.65,76,bot4,,,SUCCESS,39,39,50,
0.65,77,bot1,,,BUTTON_BURNED,10,34,6,
0.65,77,bot2,,,BUTTON_BURNED,10,34,6,
0.65,77,bot3,,,BUTTON_BURNED,10,34,6,
0.65,77,bot4,,,BUTTON_BURNED,10,34,6,2
0.65,78,bot1,,,BURNED,8,51,48,
0.65,78,bot2,,,GAVE_UP,35,51,48,
0.65,78,bot3,,,GAVE_UP,35,51,48,
0.65,78,bot4,,,SUCCESS,55,51,48,
0.65,79,bot1,,,BUTTON_BURNED,14,18,10,
0.65,79,bot2,,,BUTTON_BURNED,14,18,10,
0.65,79,bot3,,,BUTTON_BURNED,14,18,10,
0.65,79,bot4,,,BUTTON_BURNED,14,18,10,
0.65,88,bot1,,,BUTTON_BURNED,20,55,13,
0.65,88,bot2,,,BUTTON_BURNED,20,55,13,
0.65,88,bot3,,,BUTTON_BURNED,20,55,13,
0.65,88,bot4,,,BUTTON_BURNED,20,55,13,1
0.65,89,bot1,,,BURNED,16,50,32,
0.65,89,bot2,,,GAVE_UP,28,50,32,
0.65,89,bot3,,,GAVE_UP,28,50,32,
0.65,89,bot4,,,GAVE_UP,28,50,32,2
0.65,90,bot1,,,BURNED,15,51,40,
0.65,90,bot2,,,GAVE_UP,22,51,40,
0.65,90,bot3,,,GAVE_UP,22,51,40,
0.65,90,bot4,,,GAVE_UP,22,51,40,1
0.65,91,bot1,,,SUCCESS,23,23,48,
0.65,91,bot2,,,SUCCESS,23,23,48,
0.65,91,bot3,,,SUCCESS,23,23,48,
0.65,91,bot4,,,SUCCESS,23,23,48,
0.65,92,bot1,,,BURNED,8,46,37,
0.65,92,bot2,,,GAVE_UP,33,46,37,
0.65,92,bot3,,,GAVE_UP,33,46,37,
0.65,92,bot4,,,GAVE_UP,27,46,37,8
0.65,93,bot1,,,SUCCESS,38,38,42,
0.65,93,bot2,,,SUCCESS,38,38,42,
0.65,93,bot3,,,SUCCESS,38,38,42,
0.65,93,bot4,,,SUCCESS,38,38,42,
0.65,94,bot1,,,SUCCESS,21,21,30,
0.65,94,bot2,,,SUCCESS,21,21,30,
0.65,94,bot3,,,SUCCESS,21,21,30,
0.65,94,bot4,,,SUCCESS,21,21,30,
0.65,95,bot1,,,SUCCESS,46,46,38,
0.65,95,bot2,,,SUCCESS,46,46,38,
0.65,95,bot3,,,SUCCESS,46,46,38,
0.65,95,bot4,,,SUCCESS,46,46,38,
0.65,80,bot1,,,BURNED,35,57,31,
0.65,80,bot2,,,BUTTON_BURNED,45,57,31,
0.65,80,bot3,,,BUTTON_BURNED,45,57,31,
0.65,80,bot4,,,BUTTON_BURNED,45,57,31,23
0.65,81,bot1,,,SUCCESS,43,43,56,
0.65,81,bot2,,,SUCCESS,43,43,56,
0.65,81,bot3,,,SUCCESS,43,43,56,
0.65,81,bot4,,,SUCCESS,43,43,56,
0.65,82,bot1,,,BUTTON_BURNED,28,43,19,
0.65,82,bot2,,,GAVE_UP,23,43,19,
0.65,82,bot3,,,GAVE_UP,23,43,19,
0.65,82,bot4,,,GAVE_UP,23,43,19,
0.65,83,bot1,,,BURNED,10,43,39,
0.65,83,bot2,,,GAVE_UP,31,43,39,
0.65,83,bot3,,,GAVE_UP,31,43,39,
0.65,83,bot4,,,SUCCESS,45,43,39,
0.65,100,bot1,,,BURNED,17,36,16,
0.65,100,bot2,,,BUTTON_BURNED,30,36,16,
0.65,100,bot3,,,BUTTON_BURNED,30,36,16,
0.65,100,bot4,,,BUTTON_BURNED,30,36,16,5
0.65,101,bot1,,,SUCCESS,46,46,47,
0.65,101,bot2,,,SUCCESS,46,46,47,
0.65,101,bot3,,,SUCCESS,46,46,47,
0.65,101,bot4,,,SUCCESS,46,46,47,
0.65,102,bot1,,,BURNED,25,48,38,
0.65,102,bot2,,,BURNED,29,48,38,
0.65,102,bot3,,,BURNED,29,48,38,
0.65,102,bot4,,,BURNED,29,48,38,6
0.65,103,bot1,,,BUTTON_BURNED,11,68,9,
0.65,103,bot2,,,GAVE_UP,9,68,9,
0.65,103,bot3,,,GAVE_UP,9,68,9,
0.65,103,bot4,,,GAVE_UP,9,68,9,1
0.65,112,bot1,,,SUCCESS,7,7,9,
0.65,112,bot2,,,SUCCESS,7,7,9,
0.65,112,bot3,,,SUCCESS,7,7,9,
0.65,112,bot4,,,SUCCESS,7,7,9,
0.65,113,bot1,,,BUTTON_BURNED,22,23,13,
0.65,113,bot2,,,BUTTON_BURNED,22,23,13,
0.65,113,bot3,,,BUTTON_BURNED,22,23,13,
0.65,113,bot4,,,BUTTON_BURNED,22,23,13,
0.65,114,bot1,,,SUCCESS,27,27,31,
0.65,114,bot2,,,SUCCESS,27,27,31,
0.65,114,bot3,,,SUCCESS,27,27,31,
0.65,114,bot4,,,SUCCESS,27,27,31,
0.65,115,bot1,,,SUCCESS,48,48,49,
0.65,115,bot2,,,SUCCESS,48,48,49,
0.65,115,bot3,,,SUCCESS,48,48,49,
0.65,115,bot4,,,SUCCESS,48,48,49,
0.65,104,bot1,,,SUCCESS,24,24,32,
0.65,104,bot2,,,SUCCESS,24,24,32,
0.65,104,bot3,,,SUCCESS,24,24,32,
0.65,104,bot4,,,SUCCESS,24,24,32,
0.65,105,bot1,,,BURNED,30,47,33,
0.65,105,bot2,,,BUTTON_BURNED,44,47,33,
0.65,105,bot3,,,BUTTON_BURNED,44,47,33,
0.65,105,bot4,,,BUTTON_BURNED,44,47,33,24
0.65,106,bot1,,,BUTTON_BURNED,15,41,10,
0.65,106,bot2,,,BUTTON_BURNED,15,41,10,
0.65,106,bot3,,,BUTTON_BURNED,15,41,10,
0.65,106,bot4,,,BUTTON_BURNED,15,41,10,1
0.65,107,bot1,,,BURNED,11,40,24,
0.65,107,bot2,,,GAVE_UP,23,40,24,
0.65,107,bot3,,,BURNED,12,40,24,
0.65,107,bot4,,,GAVE_UP,23,40,24,1
0.65,120,bot1,,,BURNED,11,46,32,
0.65,120,bot2,,,BURNED,31,46,32,
0.65,120,bot3,,,BUTTON_BURNED,57,46,32,
0.65,120,bot4,,,BURNED,38,46,32,16
0.65,121,bot1,,,BURNED,18,27,19,
0.65,121,bot2,,,GAVE_UP,17,27,19,
0.65,121,bot3,,,GAVE_UP,17,27,19,
0.65,121,bot4,,,GAVE_UP,17,27,19,
0.65,122,bot1,,,SUCCESS,7,7,56,
0.65,122,bot2,,,SUCCESS,7,7,56,
0.65,122,bot3,,,SUCCESS,7,7,56,
0.65,122,bot4,,,SUCCESS,7,7,56,
0.65,123,bot1,,,SUCCESS,31,31,35,
0.65,123,bot2,,,SUCCESS,31,31,35,
0.65,123,bot3,,,SUCCESS,31,31,35,
0.65,123,bot4,,,SUCCESS,31,31,35,
0.65,108,bot1,,,SUCCESS,47,47,45,
0.65,108,bot2,,,SUCCESS,47,47,45,
0.65,108,bot3,,,SUCCESS,47,47,45,
0.65,108,bot4,,,SUCCESS,47,47,45,
0.65,109,bot1,,,SUCCESS,5,5,18,
0.65,109,bot2,,,SUCCESS,5,5,18,
0.65,109,bot3,,,SUCCESS,5,5,18,
0.65,109,bot4,,,SUCCESS,5,5,18,
0.65,110,bot1,,,SUCCESS,28,28,39,
0.65,110,bot2,,,SUCCESS,28,28,39,
0.65,110,bot3,,,SUCCESS,28,28,39,
0.65,110,bot4,,,SUCCESS,28,28,39,
0.65,111,bot1,,,BURNED,17,57,31,
0.65,111,bot2,,,GAVE_UP,25,57,31,
0.65,111,bot3,,,GAVE_UP,25,57,31,
0.65,111,bot4,,,GAVE_UP,31,57,31,13
0.65,124,bot1,,,SUCCESS,17,17,36,
0.65,124,bot2,,,SUCCESS,17,17,36,
0.65,124,bot3,,,SUCCESS,17,17,36,
0.65,124,bot4,,,SUCCESS,17,17,36,
0.65,125,bot1,,,SUCCESS,31,31,28,
0.65,125,bot2,,,SUCCESS,31,31,28,
0.65,125,bot3,,,SUCCESS,31,31,28,
0.65,125,bot4,,,SUCCESS,31,31,28,
0.65,126,bot1,,,SUCCESS,39,39,37,
0.65,126,bot2,,,SUCCESS,39,39,37,
0.65,126,bot3,,,SUCCESS,39,39,37,
0.65,126,bot4,,,SUCCESS,39,39,37,7
0.65,127,bot1,,,BUTTON_BURNED,13,28,11,
0.65,127,bot2,,,GAVE_UP,12,28,11,
0.65,127,bot3,,,GAVE_UP,12,28,11,
0.65,127,bot4,,,GAVE_UP,12,28,11,1
0.65,140,bot1,,,BURNED,10,35,19,
0.65,140,bot2,,,BURNED,10,35,19,
0.65,140,bot3,,,GAVE_UP,29,35,19,
0.65,140,bot4,,,BURNED,10,35,19,1
0.65,141,bot1,,,SUCCESS,20,20,29,
0.65,141,bot2,,,SUCCESS,20,20,29,
0.65,141,bot3,,,SUCCESS,20,20,29,
0.65,141,bot4,,,SUCCESS,20,20,29,
0.65,142,bot1,,,SUCCESS,6,6,10,
0.65,142,bot2,,,SUCCESS,6,6,10,
0.65,142,bot3,,,SUCCESS,6,6,10,
0.65,142,bot4,,,SUCCESS,6,6,10,
0.65,143,bot1,,,SUCCESS,32,32,37,
0.65,143,bot2,,,SUCCESS,32,32,37,
0.65,143,bot3,,,SUCCESS,32,32,37,
0.65,143,bot4,,,SUCCESS,32,32,37,
0.65,148,bot1,,,BURNED,23,33,29,
0.65,148,bot2,,,BURNED,23,33,29,
0.65,148,bot3,,,BURNED,23,33,29,
0.65,148,bot4,,,BURNED,23,33,29,13
0.65,149,bot1,,,SUCCESS,1,1,30,
0.65,149,bot2,,,SUCCESS,1,1,30,
0.65,149,bot3,,,SUCCESS,1,1,30,
0.65,149,bot4,,,SUCCESS,1,1,30,
0.65,150,bot1,,,SUCCESS,9,9,39,
0.65,150,bot2,,,SUCCESS,9,9,39,
0.65,150,bot3,,,SUCCESS,9,9,39,
0.65,150,bot4,,,SUCCESS,9,9,39,
0.65,151,bot1,,,SUCCESS,22,22,32,
0.65,151,bot2,,,SUCCESS,22,22,32,
0.65,151,bot3,,,SUCCESS,22,22,32,
0.65,151,bot4,,,SUCCESS,22,22,32,
0.65,128,bot1,,,SUCCESS,39,39,35,
0.65,128,bot2,,,SUCCESS,39,39,35,
0.65,128,bot3,,,SUCCESS,39,39,35,
0.65,128,bot4,,,SUCCESS,39,39,35,
0.65,129,bot1,,,BUTTON_BURNED,4,56,4,
0.65,129,bot2,,,BUTTON_BURNED,4,56,4,
0.65,129,bot3,,,BUTTON_BURNED,4,56,4,
0.65,129,bot4,,,BUTTON_BURNED,4,56,4,1
0.65,130,bot1,,,SUCCESS,41,41,46,
0.65,130,bot2,,,SUCCESS,41,41,46,
0.65,130,bot3,,,SUCCESS,41,41,46,
0.65,130,bot4,,,SUCCESS,41,41,46,
0.65,131,bot1,,,SUCCESS,34,34,22,
0.65,131,bot2,,,SUCCESS,34,34,22,
0.65,131,bot3,,,SUCCESS,34,34,22,
0.65,131,bot4,,,SUCCESS,34,34,22,
0.65,160,bot1,,,SUCCESS,19,19,38,
0.65,160,bot2,,,SUCCESS,19,19,38,
0.65,160,bot3,,,SUCCESS,19,19,38,
0.65,160,bot4,,,SUCCESS,19,19,38,
0.65,161,bot1,,,BUTTON_BURNED,12,16,10,
0.65,161,bot2,,,BUTTON_BURNED,12,16,10,
0.65,161,bot3,,,BUTTON_BURNED,12,16,10,
0.65,161,bot4,,,BUTTON_BURNED,12,16,10,
0.65,162,bot1,,,SUCCESS,3,3,15,
0.65,162,bot2,,,SUCCESS,3,3,15,
0.65,162,bot3,,,SUCCESS,3,3,15,
0.65,162,bot4,,,SUCCESS,3,3,15,
0.65,163,bot1,,,SUCCESS,11,11,55,
0.65,163,bot2,,,SUCCESS,11,11,55,
0.65,163,bot3,,,SUCCESS,11,11,55,
0.65,163,bot4,,,SUCCESS,11,11,55,
0.65,116,bot1,,,SUCCESS,9,9,34,
0.65,116,bot2,,,SUCCESS,9,9,34,
0.65,116,bot3,,,SUCCESS,9,9,34,
0.65,116,bot4,,,SUCCESS,9,9,34,
0.65,117,bot1,,,SUCCESS,31,31,39,
0.65,117,bot2,,,SUCCESS,31,31,39,
0.65,117,bot3,,,SUCCESS,31,31,39,
0.65,117,bot4,,,SUCCESS,31,31,39,
0.65,118,bot1,,,SUCCESS,37,37,31,
0.65,118,bot2,,,SUCCESS,37,37,31,
0.65,118,bot3,,,SUCCESS,37,37,31,
0.65,118,bot4,,,SUCCESS,37,37,31,
0.65,119,bot1,,,SUCCESS,65,65,59,
0.65,119,bot2,,,SUCCESS,65,65,59,
0.65,119,bot3,,,SUCCESS,65,65,59,
0.65,119,bot4,,,SUCCESS,65,65,59,
0.65,132,bot1,,,SUCCESS,44,44,35,
0.65,132,bot2,,,SUCCESS,44,44,35,
0.65,132,bot3,,,SUCCESS,44,44,35,
0.65,132,bot4,,,SUCCESS,44,44,35,
0.65,133,bot1,,,SUCCESS,53,53,49,
0.65,133,bot2,,,SUCCESS,53,53,49,
0.65,133,bot3,,,SUCCESS,53,53,49,
0.65,133,bot4,,,SUCCESS,53,53,49,
0.65,134,bot1,,,SUCCESS,15,15,39,
0.65,134,bot2,,,SUCCESS,15,15,39,
0.65,134,bot3,,,SUCCESS,15,15,39,
0.65,134,bot4,,,SUCCESS,15,15,39,
0.65,135,bot1,,,SUCCESS,9,9,29,
0.65,135,bot2,,,SUCCESS,9,9,29,
0.65,135,bot3,,,SUCCESS,9,9,29,
0.65,135,bot4,,,SUCCESS,9,9,29,
0.65,144,bot1,,,BUTTON_BURNED,9,29,5,
0.65,144,bot2,,,BUTTON_BURNED,9,29,5,
0.65,144,bot3,,,BUTTON_BURNED,9,29,5,
0.65,144,bot4,,,BUTTON_BURNED,9,29,5,1
0.65,145,bot1,,,BUTTON_BURNED,48,49,37,
0.65,145,bot2,,,BUTTON_BURNED,48,49,37,
0.65,145,bot3,,,BUTTON_BURNED,48,49,37,
0.65,145,bot4,,,BUTTON_BURNED,48,49,37,
0.65,146,bot1,,,SUCCESS,29,29,51,
0.65,146,bot2,,,SUCCESS,29,29,51,
0.65,146,bot3,,,SUCCESS,29,29,51,
0.65,146,bot4,,,SUCCESS,29,29,51,
0.65,147,bot1,,,SUCCESS,11,11,33,
0.65,147,bot2,,,SUCCESS,11,11,33,
0.65,147,bot3,,,SUCCESS,11,11,33,
0.65,147,bot4,,,SUCCESS,11,11,33,
0.65,164,bot1,,,SUCCESS,30,30,35,
0.65,164,bot2,,,SUCCESS,30,30,35,
0.65,164,bot3,,,SUCCESS,30,30,35,
0.65,164,bot4,,,SUCCESS,30,30,35,
0.65,165,bot1,,,SUCCESS,23,23,42,
0.65,165,bot2,,,SUCCESS,23,23,42,
0.65,165,bot3,,,SUCCESS,23,23,42,
0.65,165,bot4,,,SUCCESS,23,23,42,
0.65,166,bot1,,,SUCCESS,6,6,18,
0.65,166,bot2,,,SUCCESS,6,6,18,
0.65,166,bot3,,,SUCCESS,6,6,18,
0.65,166,bot4,,,SUCCESS,6,6,18,
0.65,167,bot1,,,SUCCESS,30,30,32,
0.65,167,bot2,,,SUCCESS,30,30,32,
0.65,167,bot3,,,SUCCESS,30,30,32,
0.65,167,bot4,,,SUCCESS,30,30,32,
0.65,152,bot1,,,BURNED,38,63,36,
0.65,152,bot2,,,GAVE_UP,47,63,36,
0.65,152,bot3,,,GAVE_UP,47,63,36,
0.65,152,bot4,,,GAVE_UP,47,63,36,26
0.65,153,bot1,,,BUTTON_BURNED,8,30,5,
0.65,153,bot2,,,BUTTON_BURNED,8,30,5,
0.65,153,bot3,,,BUTTON_BURNED,8,30,5,
0.65,153,bot4,,,BUTTON_BURNED,8,30,5,
0.65,154,bot1,,,BUTTON_BURNED,13,56,8,
0.65,154,bot2,,,GAVE_UP,11,56,8,
0.65,154,bot3,,,GAVE_UP,11,56,8,
0.65,154,bot4,,,GAVE_UP,11,56,8,1
0.65,155,bot1,,,SUCCESS,15,15,20,
0.65,155,bot2,,,SUCCESS,15,15,20,
0.65,155,bot3,,,SUCCESS,15,15,20,
0.65,155,bot4,,,SUCCESS,15,15,20,
0.65,156,bot1,,,BUTTON_BURNED,12,28,7,
0.65,156,bot2,,,GAVE_UP,11,28,7,
0.65,156,bot3,,,GAVE_UP,11,28,7,
0.65,156,bot4,,,GAVE_UP,11,28,7,1
0.65,157,bot1,,,SUCCESS,12,12,40,
0.65,157,bot2,,,SUCCESS,12,12,40,
0.65,157,bot3,,,SUCCESS,12,12,40,
0.65,157,bot4,,,SUCCESS,12,12,40,
0.65,158,bot1,,,BURNED,9,33,31,
0.65,158,bot2,,,BURNED,9,33,31,
0.65,158,bot3,,,GAVE_UP,40,33,31,
0.65,158,bot4,,,GAVE_UP,40,33,31,13
0.65,159,bot1,,,BURNED,10,40,25,
0.65,159,bot2,,,GAVE_UP,32,40,25,
0.65,159,bot3,,,GAVE_UP,32,40,25,
0.65,159,bot4,,,GAVE_UP,32,40,25,11
0.65,176,bot1,,,BUTTON_BURNED,17,46,12,
0.65,176,bot2,,,GAVE_UP,11,46,12,
0.65,176,bot3,,,GAVE_UP,11,46,12,
0.65,176,bot4,,,GAVE_UP,11,46,12,1
0.65,177,bot1,,,SUCCESS,29,29,28,
0.65,177,bot2,,,SUCCESS,29,29,28,
0.65,177,bot3,,,SUCCESS,29,29,28,
0.65,177,bot4,,,SUCCESS,29,29,28,
0.65,178,bot1,,,SUCCESS,1,1,30,
0.65,178,bot2,,,SUCCESS,1,1,30,
0.65,178,bot3,,,SUCCESS,1,1,30,
0.65,178,bot4,,,SUCCESS,1,1,30,
0.65,179,bot1,,,SUCCESS,19,19,42,
0.65,179,bot2,,,SUCCESS,19,19,42,
0.65,179,bot3,,,SUCCESS,19,19,42,
0.65,179,bot4,,,SUCCESS,19,19,42,
0.65,136,bot1,,,SUCCESS,47,47,47,
0.65,136,bot2,,,SUCCESS,47,47,47,
0.65,136,bot3,,,SUCCESS,47,47,47,
0.65,136,bot4,,,SUCCESS,65,47,47,
0.65,137,bot1,,,BURNED,18,33,15,
0.65,137,bot2,,,BUTTON_BURNED,19,33,15,
0.65,137,bot3,,,BUTTON_BURNED,19,33,15,
0.65,137,bot4,,,BUTTON_BURNED,19,33,15,1
0.65,138,bot1,,,SUCCESS,20,20,57,
0.65,138,bot2,,,SUCCESS,20,20,57,
0.65,138,bot3,,,SUCCESS,20,20,57,
0.65,138,bot4,,,SUCCESS,20,20,57,
0.65,139,bot1,,,SUCCESS,41,41,45,
0.65,139,bot2,,,SUCCESS,41,41,45,
0.65,139,bot3,,,SUCCESS,41,41,45,
0.65,139,bot4,,,SUCCESS,41,41,45,
0.65,168,bot1,,,SUCCESS,9,9,19,
0.65,168,bot2,,,SUCCESS,9,9,19,
0.65,168,bot3,,,SUCCESS,9,9,19,
0.65,168,bot4,,,SUCCESS,9,9,19,
0.65,169,bot1,,,SUCCESS,30,30,20,
0.65,169,bot2,,,SUCCESS,30,30,20,
0.65,169,bot3,,,SUCCESS,30,30,20,
0.65,169,bot4,,,SUCCESS,30,30,20,
0.65,170,bot1,,,SUCCESS,11,11,33,
0.65,170,bot2,,,SUCCESS,11,11,33,
0.65,170,bot3,,,SUCCESS,11,11,33,
0.65,170,bot4,,,SUCCESS,11,11,33,
0.65,171,bot1,,,SUCCESS,42,42,40,
0.65,171,bot2,,,SUCCESS,42,42,40,
0.65,171,bot3,,,SUCCESS,42,42,40,
0.65,171,bot4,,,SUCCESS,42,42,40,
0.65,172,bot1,,,BURNED,9,43,30,
0.65,172,bot2,,,GAVE_UP,19,43,30,
0.65,172,bot3,,,GAVE_UP,19,43,30,
0.65,172,bot4,,,GAVE_UP,26,43,30,10
0.65,173,bot1,,,BURNED,21,43,27,
0.65,173,bot2,,,GAVE_UP,17,43,27,
0.65,173,bot3,,,GAVE_UP,17,43,27,
0.65,173,bot4,,,GAVE_UP,30,43,27,13
0.65,174,bot1,,,SUCCESS,12,12,23,
0.65,174,bot2,,,SUCCESS,12,12,23,
0.65,174,bot3,,,SUCCESS,12,12,23,
0.65,174,bot4,,,SUCCESS,12,12,23,
0.65,175,bot1,,,SUCCESS,18,18,19,
0.65,175,bot2,,,SUCCESS,18,18,19,
0.65,175,bot3,,,SUCCESS,18,18,19,
0.65,175,bot4,,,SUCCESS,18,18,19,
0.65,184,bot1,,,BURNED,17,47,27,
0.65,184,bot2,,,GAVE_UP,21,47,27,
0.65,184,bot3,,,GAVE_UP,21,47,27,
0.65,184,bot4,,,GAVE_UP,21,47,27,1
0.65,185,bot1,,,BURNED,8,10,9,
0.65,185,bot2,,,GAVE_UP,6,10,9,
0.65,185,bot3,,,GAVE_UP,6,10,9,
0.65,185,bot4,,,GAVE_UP,6,10,9,
0.65,186,bot1,,,BUTTON_BURNED,4,46,3,
0.65,186,bot2,,,GAVE_UP,3,46,3,
0.65,186,bot3,,,GAVE_UP,3,46,3,
0.65,186,bot4,,,GAVE_UP,3,46,3,1
0.65,187,bot1,,,SUCCESS,32,32,48,
0.65,187,bot2,,,SUCCESS,32,32,48,
0.65,187,bot3,,,SUCCESS,32,32,48,
0.65,187,bot4,,,SUCCESS,32,32,48,
0.7,0,bot1,,,SUCCESS,17,17,39,
0.7,0,bot2,,,SUCCESS,17,17,39,
0.7,0,bot3,,,SUCCESS,17,17,39,
0.7,0,bot4,,,SUCCESS,17,17,39,
0.7,1,bot1,,,SUCCESS,14,14,68,
0.7,1,bot2,,,SUCCESS,14,14,68,
0.7,1,bot3,,,SUCCESS,14,14,68,
0.7,1,bot4,,,SUCCESS,14,14,68,
0.7,2,bot1,,,SUCCESS,35,35,29,
0.7,2,bot2,,,SUCCESS,35,35,29,
0.7,2,bot3,,,SUCCESS,35,35,29,
0.7,2,bot4,,,SUCCESS,35,35,29,
0.7,3,bot1,,,SUCCESS,24,24,22,
0.7,3,bot2,,,SUCCESS,24,24,22,
0.7,3,bot3,,,SUCCESS,24,24,22,
0.7,3,bot4,,,SUCCESS,24,24,22,
0.7,4,bot1,,,BURNED,12,41,26,
0.7,4,bot2,,,GAVE_UP,28,41,26,
0.7,4,bot3,,,GAVE_UP,28,41,26,
0.7,4,bot4,,,GAVE_UP,28,41,26,1
0.7,5,bot1,,,SUCCESS,24,24,19,
0.7,5,bot2,,,SUCCESS,24,24,19,
0.7,5,bot3,,,SUCCESS,24,24,19,
0.7,5,bot4,,,SUCCESS,24,24,19,
0.7,6,bot1,,,SUCCESS,5,5,19,
0.7,6,bot2,,,SUCCESS,5,5,19,
0.7,6,bot3,,,SUCCESS,5,5,19,
0.7,6,bot4,,,SUCCESS,5,5,19,
0.7,7,bot1,,,BURNED,6,27,20,
0.7,7,bot2,,,BURNED,22,27,20,
0.7,7,bot3,,,GAVE_UP,23,27,20,
0.7,7,bot4,,,GAVE_UP,23,27,20,3
0.7,12,bot1,,,SUCCESS,30,30,24,
0.7,12,bot2,,,SUCCESS,30,30,24,
0.7,12,bot3,,,SUCCESS,30,30,24,
0.7,12,bot4,,,SUCCESS,30,30,24,
0.7,13,bot1,,,SUCCESS,16,16,62,
0.7,13,bot2,,,SUCCESS,16,16,62,
0.7,13,bot3,,,SUCCESS,16,16,62,
0.7,13,bot4,,,SUCCESS,16,16,62,
0.7,14,bot1,,,SUCCESS,28,28,49,
0.7,14,bot2,,,SUCCESS,28,28,49,
0.7,14,bot3,,,SUCCESS,28,28,49,
0.7,14,bot4,,,SUCCESS,28,28,49,
0.7,15,bot1,,,SUCCESS,13,13,30,
0.7,15,bot2,,,SUCCESS,13,13,30,
0.7,15,bot3,,,SUCCESS,13,13,30,
0.7,15,bot4,,,SUCCESS,13,13,30,
0.65,180,bot1,,,BURNED,7,49,45,
0.65,180,bot2,,,GAVE_UP,12,49,45,
0.65,180,bot3,,,SUCCESS,49,49,45,
0.65,180,bot4,,,GAVE_UP,12,49,45,2
0.65,181,bot1,,,SUCCESS,24,24,27,
0.65,181,bot2,,,SUCCESS,24,24,27,
0.65,181,bot3,,,SUCCESS,24,24,27,
0.65,181,bot4,,,SUCCESS,24,24,27,
0.65,182,bot1,,,SUCCESS,40,40,45,
0.65,182,bot2,,,SUCCESS,40,40,45,
0.65,182,bot3,,,SUCCESS,40,40,45,
0.65,182,bot4,,,SUCCESS,40,40,45,
0.65,183,bot1,,,BURNED,23,56,48,
0.65,183,bot2,,,BUTTON_BURNED,70,56,48,
0.65,183,bot3,,,BURNED,28,56,48,
0.65,183,bot4,,,BUTTON_BURNED,70,56,48,44
0.65,192,bot1,,,SUCCESS,18,18,45,
0.65,192,bot2,,,SUCCESS,18,18,45,
0.65,192,bot3,,,SUCCESS,18,18,45,
0.65,192,bot4,,,SUCCESS,18,18,45,
0.65,193,bot1,,,BURNED,13,35,17,
0.65,193,bot2,,,BURNED,15,35,17,
0.65,193,bot3,,,BURNED,17,35,17,
0.65,193,bot4,,,BURNED,15,35,17,2
0.65,194,bot1,,,SUCCESS,55,55,64,
0.65,194,bot2,,,SUCCESS,55,55,64,
0.65,194,bot3,,,SUCCESS,55,55,64,
0.65,194,bot4,,,SUCCESS,55,55,64,
0.65,195,bot1,,,BURNED,13,40,23,
0.65,195,bot2,,,BURNED,21,40,23,
0.65,195,bot3,,,GAVE_UP,25,40,23,
0.65,195,bot4,,,BURNED,21,40,23,7
0.65,188,bot1,,,SUCCESS,23,23,45,
0.65,188,bot2,,,SUCCESS,23,23,45,
0.65,188,bot3,,,SUCCESS,23,23,45,
0.65,188,bot4,,,SUCCESS,23,23,45,
0.65,189,bot1,,,SUCCESS,25,25,54,
0.65,189,bot2,,,SUCCESS,25,25,54,
0.65,189,bot3,,,SUCCESS,25,25,54,
0.65,189,bot4,,,SUCCESS,25,25,54,
0.65,190,bot1,,,SUCCESS,48,48,55,
0.65,190,bot2,,,SUCCESS,48,48,55,
0.65,190,bot3,,,SUCCESS,48,48,55,
0.65,190,bot4,,,SUCCESS,48,48,55,
0.65,191,bot1,,,SUCCESS,40,40,31,
0.65,191,bot2,,,SUCCESS,40,40,31,
0.65,191,bot3,,,SUCCESS,40,40,31,
0.65,191,bot4,,,SUCCESS,40,40,31,
0.7,8,bot1,,,SUCCESS,25,25,43,
0.7,8,bot2,,,SUCCESS,25,25,43,
0.7,8,bot3,,,SUCCESS,25,25,43,
0.7,8,bot4,,,SUCCESS,25,25,43,
0.7,9,bot1,,,BURNED,10,39,20,
0.7,9,bot2,,,BURNED,15,39,20,
0.7,9,bot3,,,GAVE_UP,25,39,20,
0.7,9,bot4,,,BURNED,15,39,20,1
0.7,10,bot1,,,BURNED,32,41,33,
0.7,10,bot2,,,GAVE_UP,30,41,33,
0.7,10,bot3,,,GAVE_UP,30,41,33,
0.7,10,bot4,,,GAVE_UP,30,41,33,
0.7,11,bot1,,,BURNED,36,48,31,
0.7,11,bot2,,,BURNED,38,48,31,
0.7,11,bot3,,,BUTTON_BURNED,42,48,31,
0.7,11,bot4,,,BURNED,38,48,31,23
0.65,196,bot1,,,SUCCESS,15,15,30,
0.65,196,bot2,,,SUCCESS,15,15,30,
0.65,196,bot3,,,SUCCESS,15,15,30,
0.65,196,bot4,,,SUCCESS,15,15,30,
0.65,197,bot1,,,BURNED,8,51,38,
0.65,197,bot2,,,GAVE_UP,37,51,38,
0.65,197,bot3,,,BURNED,37,51,38,
0.65,197,bot4,,,BUTTON_BURNED,47,51,38,31
0.65,198,bot1,,,BUTTON_BURNED,29,65,25,
0.65,198,bot2,,,GAVE_UP,24,65,25,
0.65,198,bot3,,,GAVE_UP,24,65,25,
0.65,198,bot4,,,GAVE_UP,24,65,25,15
0.65,199,bot1,,,BURNED,31,52,24,
0.65,199,bot2,,,BUTTON_BURNED,33,52,24,
0.65,199,bot3,,,BUTTON_BURNED,33,52,24,
0.65,199,bot4,,,BUTTON_BURNED,33,52,24,
0.7,20,bot1,,,BUTTON_BURNED,29,43,16,
0.7,20,bot2,,,BUTTON_BURNED,29,43,16,
0.7,20,bot3,,,BUTTON_BURNED,29,43,16,
0.7,20,bot4,,,BUTTON_BURNED,29,43,16,1
0.7,21,bot1,,,SUCCESS,17,17,55,
0.7,21,bot2,,,SUCCESS,17,17,55,
0.7,21,bot3,,,SUCCESS,17,17,55,
0.7,21,bot4,,,SUCCESS,17,17,55,
0.7,22,bot1,,,SUCCESS,15,15,33,
0.7,22,bot2,,,SUCCESS,15,15,33,
0.7,22,bot3,,,SUCCESS,15,15,33,
0.7,22,bot4,,,SUCCESS,15,15,33,
0.7,23,bot1,,,SUCCESS,33,33,41,
0.7,23,bot2,,,SUCCESS,33,33,41,
0.7,23,bot3,,,SUCCESS,33,33,41,
0.7,23,bot4,,,SUCCESS,33,33,41,
0.7,32,bot1,,,SUCCESS,13,13,24,
0.7,32,bot2,,,SUCCESS,13,13,24,
0.7,32,bot3,,,SUCCESS,13,13,24,
0.7,32,bot4,,,SUCCESS,13,13,24,
0.7,33,bot1,,,BUTTON_BURNED,8,31,7,
0.7,33,bot2,,,BUTTON_BURNED,8,31,7,
0.7,33,bot3,,,BUTTON_BURNED,8,31,7,
0.7,33,bot4,,,BUTTON_BURNED,8,31,7,1
0.7,34,bot1,,,BUTTON_BURNED,13,39,9,
0.7,34,bot2,,,BUTTON_BURNED,13,39,9,
0.7,34,bot3,,,BUTTON_BURNED,13,39,9,
0.7,34,bot4,,,BUTTON_BURNED,13,39,9,5
0.7,35,bot1,,,SUCCESS,38,38,45,
0.7,35,bot2,,,SUCCESS,38,38,45,
0.7,35,bot3,,,SUCCESS,38,38,45,
0.7,35,bot4,,,SUCCESS,38,38,45,
0.7,24,bot1,,,BURNED,28,65,27,
0.7,24,bot2,,,GAVE_UP,29,65,27,
0.7,24,bot3,,,GAVE_UP,36,65,27,
0.7,24,bot4,,,GAVE_UP,36,65,27,18
0.7,25,bot1,,,SUCCESS,36,36,49,
0.7,25,bot2,,,SUCCESS,36,36,49,
0.7,25,bot3,,,SUCCESS,36,36,49,
0.7,25,bot4,,,SUCCESS,36,36,49,
0.7,26,bot1,,,SUCCESS,22,22,59,
0.7,26,bot2,,,SUCCESS,22,22,59,
0.7,26,bot3,,,SUCCESS,22,22,59,
0.7,26,bot4,,,SUCCESS,22,22,59,
0.7,27,bot1,,,SUCCESS,23,23,41,
0.7,27,bot2,,,SUCCESS,23,23,41,
0.7,27,bot3,,,SUCCESS,23,23,41,
0.7,27,bot4,,,SUCCESS,23,23,41,
0.7,28,bot1,,,SUCCESS,20,20,23,
0.7,28,bot2,,,SUCCESS,20,20,23,
0.7,28,bot3,,,SUCCESS,20,20,23,
0.7,28,bot4,,,SUCCESS,20,20,23,
0.7,29,bot1,,,BUTTON_BURNED,8,41,7,
0.7,29,bot2,,,GAVE_UP,6,41,7,
0.7,29,bot3,,,GAVE_UP,6,41,7,
0.7,29,bot4,,,GAVE_UP,6,41,7,1
0.7,30,bot1,,,BUTTON_BURNED,16,41,14,
0.7,30,bot2,,,BUTTON_BURNED,16,41,14,
0.7,30,bot3,,,BUTTON_BURNED,16,41,14,
0.7,30,bot4,,,BUTTON_BURNED,16,41,14,
0.7,31,bot1,,,BUTTON_BURNED,59,68,44,
0.7,31,bot2,,,BUTTON_BURNED,59,68,44,
0.7,31,bot3,,,BUTTON_BURNED,59,68,44,
0.7,31,bot4,,,BUTTON_BURNED,59,68,44,44
0.7,48,bot1,,,SUCCESS,17,17,37,
0.7,48,bot2,,,SUCCESS,17,17,37,
0.7,48,bot3,,,SUCCESS,17,17,37,
0.7,48,bot4,,,SUCCESS,17,17,37,
0.7,49,bot1,,,SUCCESS,3,3,29,
0.7,49,bot2,,,SUCCESS,3,3,29,
0.7,49,bot3,,,SUCCESS,3,3,29,
0.7,49,bot4,,,SUCCESS,3,3,29,
0.7,50,bot1,,,SUCCESS,32,32,48,
0.7,50,bot2,,,SUCCESS,32,32,48,
0.7,50,bot3,,,SUCCESS,32,32,48,
0.7,50,bot4,,,SUCCESS,32,32,48,
0.7,51,bot1,,,SUCCESS,31,31,40,
0.7,51,bot2,,,SUCCESS,31,31,40,
0.7,51,bot3,,,SUCCESS,31,31,40,
0.7,51,bot4,,,SUCCESS,31,31,40,
0.7,16,bot1,,,SUCCESS,35,35,57,
0.7,16,bot2,,,SUCCESS,35,35,57,
0.7,16,bot3,,,SUCCESS,35,35,57,
0.7,16,bot4,,,SUCCESS,35,35,57,
0.7,17,bot1,,,SUCCESS,19,19,22,
0.7,17,bot2,,,SUCCESS,19,19,22,
0.7,17,bot3,,,SUCCESS,19,19,22,
0.7,17,bot4,,,SUCCESS,19,19,22,
0.7,18,bot1,,,SUCCESS,64,64,58,
0.7,18,bot2,,,SUCCESS,64,64,58,
0.7,18,bot3,,,SUCCESS,64,64,58,
0.7,18,bot4,,,SUCCESS,64,64,58,
0.7,19,bot1,,,BURNED,41,49,33,
0.7,19,bot2,,,BURNED,41,49,33,
0.7,19,bot3,,,GAVE_UP,45,49,33,
0.7,19,bot4,,,BURNED,41,49,33,23
0.7,40,bot1,,,BURNED,36,54,34,
0.7,40,bot2,,,GAVE_UP,33,54,34,
0.7,40,bot3,,,GAVE_UP,33,54,34,
0.7,40,bot4,,,GAVE_UP,33,54,34,12
0.7,41,bot1,,,BURNED,14,26,18,
0.7,41,bot2,,,BURNED,14,26,18,
0.7,41,bot3,,,GAVE_UP,23,26,18,
0.7,41,bot4,,,BURNED,14,26,18,3
0.7,42,bot1,,,SUCCESS,27,27,73,
0.7,42,bot2,,,SUCCESS,27,27,73,
0.7,42,bot3,,,SUCCESS,27,27,73,
0.7,42,bot4,,,SUCCESS,27,27,73,
0.7,43,bot1,,,BUTTON_BURNED,35,49,26,
0.7,43,bot2,,,BUTTON_BURNED,35,49,26,
0.7,43,bot3,,,BUTTON_BURNED,35,49,26,
0.7,43,bot4,,,BUTTON_BURNED,35,49,26,12
0.7,36,bot1,,,SUCCESS,19,19,39,
0.7,36,bot2,,,SUCCESS,19,19,39,
0.7,36,bot3,,,SUCCESS,19,19,39,
0.7,36,bot4,,,SUCCESS,19,19,39,
0.7,37,bot1,,,BURNED,33,54,26,
0.7,37,bot2,,,GAVE_UP,31,54,26,
0.7,37,bot3,,,GAVE_UP,31,54,26,
0.7,37,bot4,,,GAVE_UP,31,54,26,5
0.7,38,bot1,,,SUCCESS,37,37,35,
0.7,38,bot2,,,SUCCESS,37,37,35,
0.7,38,bot3,,,SUCCESS,37,37,35,
0.7,38,bot4,,,SUCCESS,37,37,35,
0.7,39,bot1,,,BURNED,44,60,46,
0.7,39,bot2,,,GAVE_UP,50,60,46,
0.7,39,bot3,,,GAVE_UP,50,60,46,
0.7,39,bot4,,,GAVE_UP,50,60,46,29
0.7,56,bot1,,,BUTTON_BURNED,9,54,7,
0.7,56,bot2,,,BUTTON_BURNED,9,54,7,
0.7,56,bot3,,,BUTTON_BURNED,9,54,7,
0.7,56,bot4,,,BUTTON_BURNED,9,54,7,1
0.7,57,bot1,,,SUCCESS,20,20,26,
0.7,57,bot2,,,SUCCESS,20,20,26,
0.7,57,bot3,,,SUCCESS,20,20,26,
0.7,57,bot4,,,SUCCESS,20,20,26,
0.7,58,bot1,,,BUTTON_BURNED,20,47,12,
0.7,58,bot2,,,GAVE_UP,19,47,12,
0.7,58,bot3,,,GAVE_UP,19,47,12,
0.7,58,bot4,,,GAVE_UP,19,47,12,
0.7,59,bot1,,,BURNED,18,52,44,
0.7,59,bot2,,,BURNED,18,52,44,
0.7,59,bot3,,,GAVE_UP,28,52,44,
0.7,59,bot4,,,GAVE_UP,28,52,44,9
0.7,60,bot1,,,SUCCESS,38,38,48,
0.7,60,bot2,,,SUCCESS,38,38,48,
0.7,60,bot3,,,SUCCESS,38,38,48,
0.7,60,bot4,,,SUCCESS,38,38,48,
0.7,61,bot1,,,SUCCESS,11,11,36,
0.7,61,bot2,,,SUCCESS,11,11,36,
0.7,61,bot3,,,SUCCESS,11,11,36,
0.7,61,bot4,,,SUCCESS,11,11,36,
0.7,62,bot1,,,BURNED,13,24,14,
0.7,62,bot2,,,BUTTON_BURNED,21,24,14,
0.7,62,bot3,,,BUTTON_BURNED,21,24,14,
0.7,62,bot4,,,BUTTON_BURNED,21,24,14,1
0.7,63,bot1,,,BUTTON_BURNED,3,28,3,
0.7,63,bot2,,,BUTTON_BURNED,3,28,3,
0.7,63,bot3,,,BUTTON_BURNED,3,28,3,
0.7,63,bot4,,,BUTTON_BURNED,3,28,3,1
0.7,44,bot1,,,SUCCESS,49,49,51,
0.7,44,bot2,,,SUCCESS,49,49,51,
0.7,44,bot3,,,SUCCESS,49,49,51,
0.7,44,bot4,,,SUCCESS,49,49,51,
0.7,45,bot1,,,SUCCESS,34,34,37,
0.7,45,bot2,,,SUCCESS,34,34,37,
0.7,45,bot3,,,SUCCESS,34,34,37,
0.7,45,bot4,,,SUCCESS,34,34,37,
0.7,46,bot1,,,SUCCESS,22,22,33,
0.7,46,bot2,,,SUCCESS,22,22,33,
0.7,46,bot3,,,SUCCESS,22,22,33,
0.7,46,bot4,,,SUCCESS,22,22,33,
0.7,47,bot1,,,BURNED,27,48,25,
0.7,47,bot2,,,GAVE_UP,30,48,25,
0.7,47,bot3,,,GAVE_UP,30,48,25,
0.7,47,bot4,,,GAVE_UP,30,48,25,1
0.7,68,bot1,,,SUCCESS,3,3,13,
0.7,68,bot2,,,SUCCESS,3,3,13,
0.7,68,bot3,,,SUCCESS,3,3,13,
0.7,68,bot4,,,SUCCESS,3,3,13,
0.7,69,bot1,,,SUCCESS,24,24,24,
0.7,69,bot2,,,SUCCESS,24,24,24,
0.7,69,bot3,,,SUCCESS,24,24,24,
0.7,69,bot4,,,SUCCESS,24,24,24,
0.7,70,bot1,,,SUCCESS,24,24,23,
0.7,70,bot2,,,SUCCESS,24,24,23,
0.7,70,bot3,,,SUCCESS,24,24,23,
0.7,70,bot4,,,SUCCESS,24,24,23,
0.7,71,bot1,,,BUTTON_BURNED,19,46,13,
0.7,71,bot2,,,GAVE_UP,18,46,13,
0.7,71,bot3,,,GAVE_UP,18,46,13,
0.7,71,bot4,,,GAVE_UP,18,46,13,1
0.7,52,bot1,,,SUCCESS,25,25,27,
0.7,52,bot2,,,SUCCESS,25,25,27,
0.7,52,bot3,,,SUCCESS,25,25,27,
0.7,52,bot4,,,SUCCESS,25,25,27,
0.7,53,bot1,,,SUCCESS,36,36,39,
0.7,53,bot2,,,SUCCESS,36,36,39,
0.7,53,bot3,,,SUCCESS,36,36,39,
0.7,53,bot4,,,SUCCESS,36,36,39,
0.7,54,bot1,,,SUCCESS,51,51,39,
0.7,54,bot2,,,SUCCESS,51,51,39,
0.7,54,bot3,,,SUCCESS,51,51,39,
0.7,54,bot4,,,SUCCESS,51,51,39,
0.7,55,bot1,,,SUCCESS,5,5,31,
0.7,55,bot2,,,SUCCESS,5,5,31,
0.7,55,bot3,,,SUCCESS,5,5,31,
0.7,55,bot4,,,SUCCESS,5,5,31,
0.7,84,bot1,,,BUTTON_BURNED,15,40,14,
0.7,84,bot2,,,BUTTON_BURNED,15,40,14,
0.7,84,bot3,,,BUTTON_BURNED,15,40,14,
0.7,84,bot4,,,BUTTON_BURNED,15,40,14,
0.7,85,bot1,,,SUCCESS,29,29,47,
0.7,85,bot2,,,SUCCESS,29,29,47,
0.7,85,bot3,,,SUCCESS,29,29,47,
0.7,85,bot4,,,SUCCESS,29,29,47,
0.7,86,bot1,,,SUCCESS,16,16,47,
0.7,86,bot2,,,SUCCESS,16,16,47,
0.7,86,bot3,,,SUCCESS,16,16,47,
0.7,86,bot4,,,SUCCESS,16,16,47,
0.7,87,bot1,,,SUCCESS,40,40,38,
0.7,87,bot2,,,SUCCESS,40,40,38,
0.7,87,bot3,,,SUCCESS,40,40,38,
0.7,87,bot4,,,SUCCESS,40,40,38,
0.7,64,bot1,,,SUCCESS,56,56,60,
0.7,64,bot2,,,SUCCESS,56,56,60,
0.7,64,bot3,,,SUCCESS,56,56,60,
0.7,64,bot4,,,SUCCESS,56,56,60,
0.7,65,bot1,,,SUCCESS,2,2,58,
0.7,65,bot2,,,SUCCESS,2,2,58,
0.7,65,bot3,,,SUCCESS,2,2,58,
0.7,65,bot4,,,SUCCESS,2,2,58,
0.7,66,bot1,,,BURNED,37,48,28,
0.7,66,bot2,,,GAVE_UP,32,48,28,
0.7,66,bot3,,,GAVE_UP,32,48,28,
0.7,66,bot4,,,GAVE_UP,32,48,28,7
0.7,67,bot1,,,SUCCESS,27,27,61,
0.7,67,bot2,,,SUCCESS,27,27,61,
0.7,67,bot3,,,SUCCESS,27,27,61,
0.7,67,bot4,,,SUCCESS,27,27,61,
0.7,72,bot1,,,BUTTON_BURNED,26,30,22,
0.7,72,bot2,,,BUTTON_BURNED,26,30,22,
0.7,72,bot3,,,BUTTON_BURNED,26,30,22,
0.7,72,bot4,,,BUTTON_BURNED,26,30,22,7
0.7,73,bot1,,,SUCCESS,45,45,62,
0.7,73,bot2,,,SUCCESS,45,45,62,
0.7,73,bot3,,,SUCCESS,45,45,62,
0.7,73,bot4,,,SUCCESS,45,45,62,
0.7,74,bot1,,,SUCCESS,30,30,43,
0.7,74,bot2,,,SUCCESS,30,30,43,
0.7,74,bot3,,,SUCCESS,30,30,43,
0.7,74,bot4,,,SUCCESS,30,30,43,
0.7,75,bot1,,,BURNED,24,31,21,
0.7,75,bot2,,,BUTTON_BURNED,29,31,21,
0.7,75,bot3,,,BUTTON_BURNED,29,31,21,
0.7,75,bot4,,,BUTTON_BURNED,29,31,21,8
0.7,88,bot1,,,BUTTON_BURNED,15,55,13,
0.7,88,bot2,,,BUTTON_BURNED,15,55,13,
0.7,88,bot3,,,BUTTON_BURNED,15,55,13,
0.7,88,bot4,,,BUTTON_BURNED,15,55,13,1
0.7,89,bot1,,,BURNED,17,50,32,
0.7,89,bot2,,,GAVE_UP,27,50,32,
0.7,89,bot3,,,GAVE_UP,27,50,32,
0.7,89,bot4,,,GAVE_UP,27,50,32,2
0.7,90,bot1,,,BURNED,15,51,40,
0.7,90,bot2,,,BURNED,18,51,40,
0.7,90,bot3,,,GAVE_UP,24,51,40,
0.7,90,bot4,,,BURNED,18,51,40,1
0.7,91,bot1,,,SUCCESS,23,23,48,
0.7,91,bot2,,,SUCCESS,23,23,48,
0.7,91,bot3,,,SUCCESS,23,23,48,
0.7,91,bot4,,,SUCCESS,23,23,48,
0.7,96,bot1,,,BUTTON_BURNED,27,53,20,
0.7,96,bot2,,,GAVE_UP,18,53,20,
0.7,96,bot3,,,GAVE_UP,18,53,20,
0.7,96,bot4,,,GAVE_UP,18,53,20,4
0.7,97,bot1,,,SUCCESS,13,13,14,
0.7,97,bot2,,,SUCCESS,13,13,14,
0.7,97,bot3,,,SUCCESS,13,13,14,
0.7,97,bot4,,,SUCCESS,13,13,14,
0.7,98,bot1,,,SUCCESS,28,28,27,
0.7,98,bot2,,,SUCCESS,28,28,27,
0.7,98,bot3,,,SUCCESS,28,28,27,
0.7,98,bot4,,,SUCCESS,28,28,27,
0.7,99,bot1,,,SUCCESS,26,26,52,
0.7,99,bot2,,,SUCCESS,26,26,52,
0.7,99,bot3,,,SUCCESS,26,26,52,
0.7,99,bot4,,,SUCCESS,26,26,52,
0.7,76,bot1,,,SUCCESS,39,39,50,
0.7,76,bot2,,,SUCCESS,39,39,50,
0.7,76,bot3,,,SUCCESS,39,39,50,
0.7,76,bot4,,,SUCCESS,39,39,50,
0.7,77,bot1,,,BUTTON_BURNED,6,34,6,
0.7,77,bot2,,,BUTTON_BURNED,6,34,6,
0.7,77,bot3,,,BUTTON_BURNED,6,34,6,
0.7,77,bot4,,,BUTTON_BURNED,6,34,6,2
0.7,78,bot1,,,BURNED,8,51,48,
0.7,78,bot2,,,GAVE_UP,37,51,48,
0.7,78,bot3,,,GAVE_UP,38,51,48,
0.7,78,bot4,,,SUCCESS,55,51,48,
0.7,79,bot1,,,BUTTON_BURNED,14,18,10,
0.7,79,bot2,,,BUTTON_BURNED,14,18,10,
0.7,79,bot3,,,BUTTON_BURNED,14,18,10,
0.7,79,bot4,,,BUTTON_BURNED,14,18,10,
0.7,92,bot1,,,BURNED,8,46,37,
0.7,92,bot2,,,GAVE_UP,27,46,37,
0.7,92,bot3,,,GAVE_UP,27,46,37,
0.7,92,bot4,,,BURNED,19,46,37,8
0.7,93,bot1,,,SUCCESS,38,38,42,
0.7,93,bot2,,,SUCCESS,38,38,42,
0.7,93,bot3,,,SUCCESS,38,38,42,
0.7,93,bot4,,,SUCCESS,38,38,42,
0.7,94,bot1,,,SUCCESS,21,21,30,
0.7,94,bot2,,,SUCCESS,21,21,30,
0.7,94,bot3,,,SUCCESS,21,21,30,
0.7,94,bot4,,,SUCCESS,21,21,30,
0.7,95,bot1,,,BURNED,29,46,38,
0.7,95,bot2,,,BURNED,29,46,38,
0.7,95,bot3,,,BURNED,29,46,38,
0.7,95,bot4,,,BURNED,29,46,38,
0.7,80,bot1,,,BURNED,36,57,31,
0.7,80,bot2,,,BUTTON_BURNED,39,57,31,
0.7,80,bot3,,,BUTTON_BURNED,39,57,31,
0.7,80,bot4,,,BUTTON_BURNED,39,57,31,19
0.7,81,bot1,,,SUCCESS,43,43,56,
0.7,81,bot2,,,SUCCESS,43,43,56,
0.7,81,bot3,,,SUCCESS,43,43,56,
0.7,81,bot4,,,SUCCESS,43,43,56,
0.7,82,bot1,,,BUTTON_BURNED,24,43,19,
0.7,82,bot2,,,GAVE_UP,23,43,19,
0.7,82,bot3,,,GAVE_UP,23,43,19,
0.7,82,bot4,,,GAVE_UP,23,43,19,
0.7,83,bot1,,,BURNED,10,43,39,
0.7,83,bot2,,,BURNED,15,43,39,
0.7,83,bot3,,,GAVE_UP,31,43,39,
0.7,83,bot4,,,SUCCESS,45,43,39,
0.7,104,bot1,,,SUCCESS,24,24,32,
0.7,104,bot2,,,SUCCESS,24,24,32,
0.7,104,bot3,,,SUCCESS,24,24,32,
0.7,104,bot4,,,SUCCESS,24,24,32,
0.7,105,bot1,,,BURNED,29,47,33,
0.7,105,bot2,,,GAVE_UP,36,47,33,
0.7,105,bot3,,,BUTTON_BURNED,41,47,33,
0.7,105,bot4,,,GAVE_UP,36,47,33,21
0.7,106,bot1,,,BUTTON_BURNED,13,41,10,
0.7,106,bot2,,,BUTTON_BURNED,13,41,10,
0.7,106,bot3,,,BUTTON_BURNED,13,41,10,
0.7,106,bot4,,,BUTTON_BURNED,13,41,10,1
0.7,107,bot1,,,BURNED,10,40,24,
0.7,107,bot2,,,GAVE_UP,18,40,24,
0.7,107,bot3,,,GAVE_UP,18,40,24,
0.7,107,bot4,,,GAVE_UP,18,40,24,1
0.7,124,bot1,,,SUCCESS,17,17,36,
0.7,124,bot2,,,SUCCESS,17,17,36,
0.7,124,bot3,,,SUCCESS,17,17,36,
0.7,124,bot4,,,SUCCESS,17,17,36,
0.7,125,bot1,,,SUCCESS,31,31,28,
0.7,125,bot2,,,SUCCESS,31,31,28,
0.7,125,bot3,,,SUCCESS,31,31,28,
0.7,125,bot4,,,SUCCESS,31,31,28,
0.7,126,bot1,,,BURNED,8,39,37,
0.7,126,bot2,,,GAVE_UP,15,39,37,
0.7,126,bot3,,,GAVE_UP,15,39,37,
0.7,126,bot4,,,GAVE_UP,15,39,37,8
0.7,127,bot1,,,BUTTON_BURNED,13,28,11,
0.7,127,bot2,,,GAVE_UP,12,28,11,
0.7,127,bot3,,,GAVE_UP,12,28,11,
0.7,127,bot4,,,GAVE_UP,12,28,11,1
0.7,100,bot1,,,BURNED,18,36,16,
0.7,100,bot2,,,BUTTON_BURNED,29,36,16,
0.7,100,bot3,,,BUTTON_BURNED,29,36,16,
0.7,100,bot4,,,BUTTON_BURNED,29,36,16,1
0.7,101,bot1,,,SUCCESS,46,46,47,
0.7,101,bot2,,,SUCCESS,46,46,47,
0.7,101,bot3,,,SUCCESS,46,46,47,
0.7,101,bot4,,,SUCCESS,46,46,47,
0.7,102,bot1,,,BURNED,24,48,38,
0.7,102,bot2,,,GAVE_UP,24,48,38,
0.7,102,bot3,,,GAVE_UP,24,48,38,
0.7,102,bot4,,,GAVE_UP,24,48,38,5
0.7,103,bot1,,,BUTTON_BURNED,13,68,9,
0.7,103,bot2,,,GAVE_UP,11,68,9,
0.7,103,bot3,,,GAVE_UP,11,68,9,
0.7,103,bot4,,,GAVE_UP,11,68,9,1
0.7,108,bot1,,,SUCCESS,47,47,45,
0.7,108,bot2,,,SUCCESS,47,47,45,
0.7,108,bot3,,,SUCCESS,47,47,45,
0.7,108,bot4,,,SUCCESS,47,47,45,
0.7,109,bot1,,,SUCCESS,5,5,18,
0.7,109,bot2,,,SUCCESS,5,5,18,
0.7,109,bot3,,,SUCCESS,5,5,18,
0.7,109,bot4,,,SUCCESS,5,5,18,
0.7,110,bot1,,,SUCCESS,28,28,39,
0.7,110,bot2,,,SUCCESS,28,28,39,
0.7,110,bot3,,,SUCCESS,28,28,39,
0.7,110,bot4,,,SUCCESS,28,28,39,
0.7,111,bot1,,,BURNED,17,57,31,
0.7,111,bot2,,,GAVE_UP,25,57,31,
0.7,111,bot3,,,GAVE_UP,25,57,31,
0.7,111,bot4,,,GAVE_UP,25,57,31,9
0.7,120,bot1,,,BURNED,11,46,32,
0.7,120,bot2,,,BURNED,36,46,32,
0.7,120,bot3,,,GAVE_UP,38,46,32,
0.7,120,bot4,,,GAVE_UP,31,46,32,11
0.7,121,bot1,,,BURNED,24,27,19,
0.7,121,bot2,,,BURNED,24,27,19,
0.7,121,bot3,,,SUCCESS,27,27,19,
0.7,121,bot4,,,SUCCESS,27,27,19,
0.7,122,bot1,,,SUCCESS,7,7,56,
0.7,122,bot2,,,SUCCESS,7,7,56,
0.7,122,bot3,,,SUCCESS,7,7,56,
0.7,122,bot4,,,SUCCESS,7,7,56,
0.7,123,bot1,,,SUCCESS,31,31,35,
0.7,123,bot2,,,SUCCESS,31,31,35,
0.7,123,bot3,,,SUCCESS,31,31,35,
0.7,123,bot4,,,SUCCESS,31,31,35,
0.7,112,bot1,,,SUCCESS,7,7,9,
0.7,112,bot2,,,SUCCESS,7,7,9,
0.7,112,bot3,,,SUCCESS,7,7,9,
0.7,112,bot4,,,SUCCESS,7,7,9,
0.7,113,bot1,,,BUTTON_BURNED,19,23,13,
0.7,113,bot2,,,BUTTON_BURNED,19,23,13,
0.7,113,bot3,,,BUTTON_BURNED,19,23,13,
0.7,113,bot4,,,BUTTON_BURNED,19,23,13,
0.7,114,bot1,,,SUCCESS,27,27,31,
0.7,114,bot2,,,SUCCESS,27,27,31,
0.7,114,bot3,,,SUCCESS,27,27,31,
0.7,114,bot4,,,SUCCESS,27,27,31,
0.7,115,bot1,,,SUCCESS,48,48,49,
0.7,115,bot2,,,SUCCESS,48,48,49,
0.7,115,bot3,,,SUCCESS,48,48,49,
0.7,115,bot4,,,SUCCESS,48,48,49,
0.7,140,bot1,,,BURNED,10,35,19,
0.7,140,bot2,,,BURNED,10,35,19,
0.7,140,bot3,,,GAVE_UP,31,35,19,
0.7,140,bot4,,,BURNED,10,35,19,1
0.7,141,bot1,,,SUCCESS,20,20,29,
0.7,141,bot2,,,SUCCESS,20,20,29,
0.7,141,bot3,,,SUCCESS,20,20,29,
0.7,141,bot4,,,SUCCESS,20,20,29,
0.7,142,bot1,,,SUCCESS,6,6,10,
0.7,142,bot2,,,SUCCESS,6,6,10,
0.7,142,bot3,,,SUCCESS,6,6,10,
0.7,142,bot4,,,SUCCESS,6,6,10,
0.7,143,bot1,,,SUCCESS,32,32,37,
0.7,143,bot2,,,SUCCESS,32,32,37,
0.7,143,bot3,,,SUCCESS,32,32,37,
0.7,143,bot4,,,SUCCESS,32,32,37,
0.7,148,bot1,,,SUCCESS,33,33,29,
0.7,148,bot2,,,SUCCESS,33,33,29,
0.7,148,bot3,,,SUCCESS,33,33,29,
0.7,148,bot4,,,SUCCESS,33,33,29,14
0.7,149,bot1,,,SUCCESS,1,1,30,
0.7,149,bot2,,,SUCCESS,1,1,30,
0.7,149,bot3,,,SUCCESS,1,1,30,
0.7,149,bot4,,,SUCCESS,1,1,30,
0.7,150,bot1,,,SUCCESS,9,9,39,
0.7,150,bot2,,,SUCCESS,9,9,39,
0.7,150,bot3,,,SUCCESS,9,9,39,
0.7,150,bot4,,,SUCCESS,9,9,39,
0.7,151,bot1,,,SUCCESS,22,22,32,
0.7,151,bot2,,,SUCCESS,22,22,32,
0.7,151,bot3,,,SUCCESS,22,22,32,
0.7,151,bot4,,,SUCCESS,22,22,32,
0.7,128,bot1,,,SUCCESS,39,39,35,
0.7,128,bot2,,,SUCCESS,39,39,35,
0.7,128,bot3,,,SUCCESS,39,39,35,
0.7,128,bot4,,,SUCCESS,39,39,35,
0.7,129,bot1,,,BUTTON_BURNED,4,56,4,
0.7,129,bot2,,,BUTTON_BURNED,4,56,4,
0.7,129,bot3,,,BUTTON_BURNED,4,56,4,
0.7,129,bot4,,,BUTTON_BURNED,4,56,4,1
0.7,130,bot1,,,SUCCESS,41,41,46,
0.7,130,bot2,,,SUCCESS,41,41,46,
0.7,130,bot3,,,SUCCESS,41,41,46,
0.7,130,bot4,,,SUCCESS,41,41,46,
0.7,131,bot1,,,BUTTON_BURNED,31,34,22,
0.7,131,bot2,,,BUTTON_BURNED,31,34,22,
0.7,131,bot3,,,BUTTON_BURNED,31,34,22,
0.7,131,bot4,,,BUTTON_BURNED,31,34,22,
0.7,152,bot1,,,BURNED,37,63,36,
0.7,152,bot2,,,GAVE_UP,45,63,36,
0.7,152,bot3,,,GAVE_UP,45,63,36,
0.7,152,bot4,,,GAVE_UP,45,63,36,25
0.7,153,bot1,,,BUTTON_BURNED,6,30,5,
0.7,153,bot2,,,BUTTON_BURNED,6,30,5,
0.7,153,bot3,,,BUTTON_BURNED,6,30,5,
0.7,153,bot4,,,BUTTON_BURNED,6,30,5,
0.7,154,bot1,,,BUTTON_BURNED,11,56,8,
0.7,154,bot2,,,GAVE_UP,9,56,8,
0.7,154,bot3,,,GAVE_UP,9,56,8,
0.7,154,bot4,,,GAVE_UP,9,56,8,1
0.7,155,bot1,,,SUCCESS,15,15,20,
0.7,155,bot2,,,SUCCESS,15,15,20,
0.7,155,bot3,,,SUCCESS,15,15,20,
0.7,155,bot4,,,SUCCESS,15,15,20,
0.7,160,bot1,,,SUCCESS,19,19,38,
0.7,160,bot2,,,SUCCESS,19,19,38,
0.7,160,bot3,,,SUCCESS,19,19,38,
0.7,160,bot4,,,SUCCESS,19,19,38,
0.7,161,bot1,,,BUTTON_BURNED,12,16,10,
0.7,161,bot2,,,BUTTON_BURNED,12,16,10,
0.7,161,bot3,,,BUTTON_BURNED,12,16,10,
0.7,161,bot4,,,BUTTON_BURNED,12,16,10,
0.7,162,bot1,,,SUCCESS,3,3,15,
0.7,162,bot2,,,SUCCESS,3,3,15,
0.7,162,bot3,,,SUCCESS,3,3,15,
0.7,162,bot4,,,SUCCESS,3,3,15,
0.7,163,bot1,,,SUCCESS,11,11,55,
0.7,163,bot2,,,SUCCESS,11,11,55,
0.7,163,bot3,,,SUCCESS,11,11,55,
0.7,163,bot4,,,SUCCESS,11,11,55,
0.7,116,bot1,,,SUCCESS,9,9,34,
0.7,116,bot2,,,SUCCESS,9,9,34,
0.7,116,bot3,,,SUCCESS,9,9,34,
0.7,116,bot4,,,SUCCESS,9,9,34,
0.7,117,bot1,,,SUCCESS,31,31,39,
0.7,117,bot2,,,SUCCESS,31,31,39,
0.7,117,bot3,,,SUCCESS,31,31,39,
0.7,117,bot4,,,SUCCESS,31,31,39,
0.7,118,bot1,,,SUCCESS,37,37,31,
0.7,118,bot2,,,SUCCESS,37,37,31,
0.7,118,bot3,,,SUCCESS,37,37,31,
0.7,118,bot4,,,SUCCESS,37,37,31,
0.7,119,bot1,,,SUCCESS,65,65,59,
0.7,119,bot2,,,SUCCESS,65,65,59,
0.7,119,bot3,,,SUCCESS,65,65,59,
0.7,119,bot4,,,SUCCESS,65,65,59,
0.7,132,bot1,,,SUCCESS,44,44,35,
0.7,132,bot2,,,SUCCESS,44,44,35,
0.7,132,bot3,,,SUCCESS,44,44,35,
0.7,132,bot4,,,SUCCESS,44,44,35,
0.7,133,bot1,,,SUCCESS,53,53,49,
0.7,133,bot2,,,SUCCESS,53,53,49,
0.7,133,bot3,,,SUCCESS,53,53,49,
0.7,133,bot4,,,SUCCESS,53,53,49,
0.7,134,bot1,,,SUCCESS,15,15,39,
0.7,134,bot2,,,SUCCESS,15,15,39,
0.7,134,bot3,,,SUCCESS,15,15,39,
0.7,134,bot4,,,SUCCESS,15,15,39,
0.7,135,bot1,,,SUCCESS,9,9,29,
0.7,135,bot2,,,SUCCESS,9,9,29,
0.7,135,bot3,,,SUCCESS,9,9,29,
0.7,135,bot4,,,SUCCESS,9,9,29,
0.7,144,bot1,,,BUTTON_BURNED,9,29,5,
0.7,144,bot2,,,BUTTON_BURNED,9,29,5,
0.7,144,bot3,,,BUTTON_BURNED,9,29,5,
0.7,144,bot4,,,BUTTON_BURNED,9,29,5,1
0.7,145,bot1,,,BUTTON_BURNED,47,49,37,
0.7,145,bot2,,,BUTTON_BURNED,47,49,37,
0.7,145,bot3,,,BUTTON_BURNED,47,49,37,
0.7,145,bot4,,,BUTTON_BURNED,47,49,37,27
0.7,146,bot1,,,SUCCESS,29,29,51,
0.7,146,bot2,,,SUCCESS,29,29,51,
0.7,146,bot3,,,SUCCESS,29,29,51,
0.7,146,bot4,,,SUCCESS,29,29,51,
0.7,147,bot1,,,SUCCESS,11,11,33,
0.7,147,bot2,,,SUCCESS,11,11,33,
0.7,147,bot3,,,SUCCESS,11,11,33,
0.7,147,bot4,,,SUCCESS,11,11,33,
0.7,136,bot1,,,SUCCESS,47,47,47,
0.7,136,bot2,,,SUCCESS,47,47,47,
0.7,136,bot3,,,SUCCESS,47,47,47,
0.7,136,bot4,,,BURNED,42,47,47,28
0.7,137,bot1,,,BURNED,17,33,15,
0.7,137,bot2,,,GAVE_UP,19,33,15,
0.7,137,bot3,,,GAVE_UP,19,33,15,
0.7,137,bot4,,,GAVE_UP,19,33,15,1
0.7,138,bot1,,,SUCCESS,20,20,57,
0.7,138,bot2,,,SUCCESS,20,20,57,
0.7,138,bot3,,,SUCCESS,20,20,57,
0.7,138,bot4,,,SUCCESS,20,20,57,
0.7,139,bot1,,,SUCCESS,41,41,45,
0.7,139,bot2,,,SUCCESS,41,41,45,
0.7,139,bot3,,,SUCCESS,41,41,45,
0.7,139,bot4,,,SUCCESS,41,41,45,
0.7,156,bot1,,,BUTTON_BURNED,9,28,7,
0.7,156,bot2,,,BUTTON_BURNED,9,28,7,
0.7,156,bot3,,,BUTTON_BURNED,9,28,7,
0.7,156,bot4,,,BUTTON_BURNED,9,28,7,1
0.7,157,bot1,,,SUCCESS,12,12,40,
0.7,157,bot2,,,SUCCESS,12,12,40,
0.7,157,bot3,,,SUCCESS,12,12,40,
0.7,157,bot4,,,SUCCESS,12,12,40,
0.7,158,bot1,,,BURNED,9,33,31,
0.7,158,bot2,,,BURNED,9,33,31,
0.7,158,bot3,,,GAVE_UP,39,33,31,
0.7,158,bot4,,,GAVE_UP,39,33,31,12
0.7,159,bot1,,,BURNED,11,40,25,
0.7,159,bot2,,,GAVE_UP,26,40,25,
0.7,159,bot3,,,GAVE_UP,26,40,25,
0.7,159,bot4,,,GAVE_UP,26,40,25,8
0.7,164,bot1,,,SUCCESS,30,30,35,
0.7,164,bot2,,,SUCCESS,30,30,35,
0.7,164,bot3,,,SUCCESS,30,30,35,
0.7,164,bot4,,,SUCCESS,30,30,35,
0.7,165,bot1,,,SUCCESS,23,23,42,
0.7,165,bot2,,,SUCCESS,23,23,42,
0.7,165,bot3,,,SUCCESS,23,23,42,
0.7,165,bot4,,,SUCCESS,23,23,42,
0.7,166,bot1,,,SUCCESS,6,6,18,
0.7,166,bot2,,,SUCCESS,6,6,18,
0.7,166,bot3,,,SUCCESS,6,6,18,
0.7,166,bot4,,,SUCCESS,6,6,18,
0.7,167,bot1,,,SUCCESS,30,30,32,
0.7,167,bot2,,,SUCCESS,30,30,32,
0.7,167,bot3,,,SUCCESS,30,30,32,
0.7,167,bot4,,,SUCCESS,30,30,32,
0.7,184,bot1,,,BURNED,17,47,27,
0.7,184,bot2,,,GAVE_UP,18,47,27,
0.7,184,bot3,,,GAVE_UP,18,47,27,
0.7,184,bot4,,,GAVE_UP,18,47,27,1
0.7,185,bot1,,,BURNED,7,10,9,
0.7,185,bot2,,,GAVE_UP,5,10,9,
0.7,185,bot3,,,GAVE_UP,5,10,9,
0.7,185,bot4,,,GAVE_UP,5,10,9,
0.7,186,bot1,,,BUTTON_BURNED,4,46,3,
0.7,186,bot2,,,GAVE_UP,3,46,3,
0.7,186,bot3,,,GAVE_UP,3,46,3,
0.7,186,bot4,,,GAVE_UP,3,46,3,1
0.7,187,bot1,,,SUCCESS,32,32,48,
0.7,187,bot2,,,SUCCESS,32,32,48,
0.7,187,bot3,,,SUCCESS,32,32,48,
0.7,187,bot4,,,SUCCESS,32,32,48,
0.7,176,bot1,,,BUTTON_BURNED,15,46,12,
0.7,176,bot2,,,GAVE_UP,12,46,12,
0.7,176,bot3,,,GAVE_UP,12,46,12,
0.7,176,bot4,,,GAVE_UP,12,46,12,1
0.7,177,bot1,,,SUCCESS,29,29,28,
0.7,177,bot2,,,SUCCESS,29,29,28,
0.7,177,bot3,,,SUCCESS,29,29,28,
0.7,177,bot4,,,SUCCESS,29,29,28,
0.7,178,bot1,,,SUCCESS,1,1,30,
0.7,178,bot2,,,SUCCESS,1,1,30,
0.7,178,bot3,,,SUCCESS,1,1,30,
0.7,178,bot4,,,SUCCESS,1,1,30,
0.7,179,bot1,,,SUCCESS,19,19,42,
0.7,179,bot2,,,SUCCESS,19,19,42,
0.7,179,bot3,,,SUCCESS,19,19,42,
0.7,179,bot4,,,SUCCESS,19,19,42,
0.7,168,bot1,,,SUCCESS,9,9,19,
0.7,168,bot2,,,SUCCESS,9,9,19,
0.7,168,bot3,,,SUCCESS,9,9,19,
0.7,168,bot4,,,SUCCESS,9,9,19,
0.7,169,bot1,,,BUTTON_BURNED,27,30,20,
0.7,169,bot2,,,BUTTON_BURNED,27,30,20,
0.7,169,bot3,,,BUTTON_BURNED,27,30,20,
0.7,169,bot4,,,BUTTON_BURNED,27,30,20,
0.7,170,bot1,,,SUCCESS,11,11,33,
0.7,170,bot2,,,SUCCESS,11,11,33,
0.7,170,bot3,,,SUCCESS,11,11,33,
0.7,170,bot4,,,SUCCESS,11,11,33,
0.7,171,bot1,,,SUCCESS,42,42,40,
0.7,171,bot2,,,SUCCESS,42,42,40,
0.7,171,bot3,,,SUCCESS,42,42,40,
0.7,171,bot4,,,SUCCESS,42,42,40,
0.7,172,bot1,,,BURNED,9,43,30,
0.7,172,bot2,,,GAVE_UP,17,43,30,
0.7,172,bot3,,,GAVE_UP,17,43,30,
0.7,172,bot4,,,GAVE_UP,17,43,30,1
0.7,173,bot1,,,BURNED,22,43,27,
0.7,173,bot2,,,GAVE_UP,18,43,27,
0.7,173,bot3,,,GAVE_UP,18,43,27,
0.7,173,bot4,,,GAVE_UP,32,43,27,13
0.7,174,bot1,,,SUCCESS,12,12,23,
0.7,174,bot2,,,SUCCESS,12,12,23,
0.7,174,bot3,,,SUCCESS,12,12,23,
0.7,174,bot4,,,SUCCESS,12,12,23,
0.7,175,bot1,,,SUCCESS,18,18,19,
0.7,175,bot2,,,SUCCESS,18,18,19,
0.7,175,bot3,,,SUCCESS,18,18,19,
0.7,175,bot4,,,SUCCESS,18,18,19,
0.75,0,bot1,,,SUCCESS,17,17,39,
0.75,0,bot2,,,SUCCESS,17,17,39,
0.75,0,bot3,,,SUCCESS,17,17,39,
0.75,0,bot4,,,SUCCESS,17,17,39,
0.75,1,bot1,,,SUCCESS,14,14,68,
0.75,1,bot2,,,SUCCESS,14,14,68,
0.75,1,bot3,,,SUCCESS,14,14,68,
0.75,1,bot4,,,SUCCESS,14,14,68,
0.75,2,bot1,,,SUCCESS,35,35,29,
0.75,2,bot2,,,SUCCESS,35,35,29,
0.75,2,bot3,,,SUCCESS,35,35,29,
0.75,2,bot4,,,SUCCESS,35,35,29,
0.75,3,bot1,,,SUCCESS,24,24,22,
0.75,3,bot2,,,SUCCESS,24,24,22,
0.75,3,bot3,,,SUCCESS,24,24,22,
0.75,3,bot4,,,SUCCESS,24,24,22,
0.75,4,bot1,,,BURNED,12,41,26,
0.75,4,bot2,,,GAVE_UP,27,41,26,
0.75,4,bot3,,,GAVE_UP,27,41,26,
0.75,4,bot4,,,GAVE_UP,27,41,26,1
0.75,5,bot1,,,SUCCESS,24,24,19,
0.75,5,bot2,,,SUCCESS,24,24,19,
0.75,5,bot3,,,SUCCESS,24,24,19,
0.75,5,bot4,,,SUCCESS,24,24,19,
0.75,6,bot1,,,SUCCESS,5,5,19,
0.75,6,bot2,,,SUCCESS,5,5,19,
0.75,6,bot3,,,SUCCESS,5,5,19,
0.75,6,bot4,,,SUCCESS,5,5,19,
0.75,7,bot1,,,BURNED,6,27,20,
0.75,7,bot2,,,BURNED,15,27,20,
0.75,7,bot3,,,GAVE_UP,18,27,20,
0.75,7,bot4,,,BURNED,15,27,20,1
0.7,180,bot1,,,BURNED,7,49,45,
0.7,180,bot2,,,GAVE_UP,10,49,45,
0.7,180,bot3,,,GAVE_UP,10,49,45,
0.7,180,bot4,,,GAVE_UP,10,49,45,1
0.7,181,bot1,,,SUCCESS,24,24,27,
0.7,181,bot2,,,SUCCESS,24,24,27,
0.7,181,bot3,,,SUCCESS,24,24,27,
0.7,181,bot4,,,SUCCESS,24,24,27,
0.7,182,bot1,,,SUCCESS,40,40,45,
0.7,182,bot2,,,SUCCESS,40,40,45,
0.7,182,bot3,,,SUCCESS,40,40,45,
0.7,182,bot4,,,SUCCESS,40,40,45,
0.7,183,bot1,,,BURNED,21,56,48,
0.7,183,bot2,,,GAVE_UP,20,56,48,
0.7,183,bot3,,,GAVE_UP,20,56,48,
0.7,183,bot4,,,BUTTON_BURNED,61,56,48,40
0.75,12,bot1,,,SUCCESS,30,30,24,
0.75,12,bot2,,,SUCCESS,30,30,24,
0.75,12,bot3,,,SUCCESS,30,30,24,
0.75,12,bot4,,,SUCCESS,30,30,24,
0.75,13,bot1,,,SUCCESS,16,16,62,
0.75,13,bot2,,,SUCCESS,16,16,62,
0.75,13,bot3,,,SUCCESS,16,16,62,
0.75,13,bot4,,,SUCCESS,16,16,62,
0.75,14,bot1,,,SUCCESS,28,28,49,
0.75,14,bot2,,,SUCCESS,28,28,49,
0.75,14,bot3,,,SUCCESS,28,28,49,
0.75,14,bot4,,,SUCCESS,28,28,49,
0.75,15,bot1,,,SUCCESS,13,13,30,
0.75,15,bot2,,,SUCCESS,13,13,30,
0.75,15,bot3,,,SUCCESS,13,13,30,
0.75,15,bot4,,,SUCCESS,13,13,30,
0.7,188,bot1,,,SUCCESS,23,23,45,
0.7,188,bot2,,,SUCCESS,23,23,45,
0.7,188,bot3,,,SUCCESS,23,23,45,
0.7,188,bot4,,,SUCCESS,23,23,45,
0.7,189,bot1,,,SUCCESS,25,25,54,
0.7,189,bot2,,,SUCCESS,25,25,54,
0.7,189,bot3,,,SUCCESS,25,25,54,
0.7,189,bot4,,,SUCCESS,25,25,54,
0.7,190,bot1,,,SUCCESS,48,48,55,
0.7,190,bot2,,,SUCCESS,48,48,55,
0.7,190,bot3,,,SUCCESS,48,48,55,
0.7,190,bot4,,,SUCCESS,48,48,55,
0.7,191,bot1,,,SUCCESS,40,40,31,
0.7,191,bot2,,,SUCCESS,40,40,31,
0.7,191,bot3,,,SUCCESS,40,40,31,
0.7,191,bot4,,,SUCCESS,40,40,31,
0.7,192,bot1,,,SUCCESS,18,18,45,
0.7,192,bot2,,,SUCCESS,18,18,45,
0.7,192,bot3,,,SUCCESS,18,18,45,
0.7,192,bot4,,,SUCCESS,18,18,45,
0.7,193,bot1,,,BURNED,12,35,17,
0.7,193,bot2,,,BURNED,13,35,17,
0.7,193,bot3,,,BURNED,13,35,17,
0.7,193,bot4,,,BURNED,13,35,17,1
0.7,194,bot1,,,SUCCESS,55,55,64,
0.7,194,bot2,,,SUCCESS,55,55,64,
0.7,194,bot3,,,SUCCESS,55,55,64,
0.7,194,bot4,,,SUCCESS,55,55,64,
0.7,195,bot1,,,BURNED,13,40,23,
0.7,195,bot2,,,BURNED,21,40,23,
0.7,195,bot3,,,GAVE_UP,23,40,23,
0.7,195,bot4,,,BURNED,21,40,23,7
0.75,8,bot1,,,SUCCESS,25,25,43,
0.75,8,bot2,,,SUCCESS,25,25,43,
0.75,8,bot3,,,SUCCESS,25,25,43,
0.75,8,bot4,,,SUCCESS,25,25,43,
0.75,9,bot1,,,BURNED,10,39,20,
0.75,9,bot2,,,GAVE_UP,21,39,20,
0.75,9,bot3,,,GAVE_UP,21,39,20,
0.75,9,bot4,,,GAVE_UP,21,39,20,1
0.75,10,bot1,,,BURNED,33,41,33,
0.75,10,bot2,,,GAVE_UP,30,41,33,
0.75,10,bot3,,,GAVE_UP,30,41,33,
0.75,10,bot4,,,GAVE_UP,30,41,33,
0.75,11,bot1,,,BUTTON_BURNED,35,48,31,
0.75,11,bot2,,,BUTTON_BURNED,35,48,31,
0.75,11,bot3,,,BUTTON_BURNED,35,48,31,
0.75,11,bot4,,,BUTTON_BURNED,35,48,31,18
0.75,20,bot1,,,BUTTON_BURNED,21,43,16,
0.75,20,bot2,,,BUTTON_BURNED,21,43,16,
0.75,20,bot3,,,BUTTON_BURNED,21,43,16,
0.75,20,bot4,,,BUTTON_BURNED,21,43,16,1
0.75,21,bot1,,,SUCCESS,17,17,55,
0.75,21,bot2,,,SUCCESS,17,17,55,
0.75,21,bot3,,,SUCCESS,17,17,55,
0.75,21,bot4,,,SUCCESS,17,17,55,
0.75,22,bot1,,,SUCCESS,15,15,33,
0.75,22,bot2,,,SUCCESS,15,15,33,
0.75,22,bot3,,,SUCCESS,15,15,33,
0.75,22,bot4,,,SUCCESS,15,15,33,
0.75,23,bot1,,,SUCCESS,33,33,41,
0.75,23,bot2,,,SUCCESS,33,33,41,
0.75,23,bot3,,,SUCCESS,33,33,41,
0.75,23,bot4,,,SUCCESS,33,33,41,
0.7,196,bot1,,,SUCCESS,15,15,30,
0.7,196,bot2,,,SUCCESS,15,15,30,
0.7,196,bot3,,,SUCCESS,15,15,30,
0.7,196,bot4,,,SUCCESS,15,15,30,
0.7,197,bot1,,,BURNED,8,51,38,
0.7,197,bot2,,,GAVE_UP,31,51,38,
0.7,197,bot3,,,BURNED,31,51,38,
0.7,197,bot4,,,BUTTON_BURNED,56,51,38,35
0.7,198,bot1,,,BUTTON_BURNED,31,65,25,
0.7,198,bot2,,,GAVE_UP,30,65,25,
0.7,198,bot3,,,GAVE_UP,30,65,25,
0.7,198,bot4,,,GAVE_UP,30,65,25,14
0.7,199,bot1,,,BUTTON_BURNED,31,52,24,
0.7,199,bot2,,,BUTTON_BURNED,31,52,24,
0.7,199,bot3,,,BUTTON_BURNED,31,52,24,
0.7,199,bot4,,,BUTTON_BURNED,31,52,24,
0.75,32,bot1,,,SUCCESS,13,13,24,
0.75,32,bot2,,,SUCCESS,13,13,24,
0.75,32,bot3,,,SUCCESS,13,13,24,
0.75,32,bot4,,,SUCCESS,13,13,24,
0.75,33,bot1,,,BUTTON_BURNED,8,31,7,
0.75,33,bot2,,,BUTTON_BURNED,8,31,7,
0.75,33,bot3,,,BUTTON_BURNED,8,31,7,
0.75,33,bot4,,,BUTTON_BURNED,8,31,7,1
0.75,34,bot1,,,BUTTON_BURNED,14,39,9,
0.75,34,bot2,,,BUTTON_BURNED,14,39,9,
0.75,34,bot3,,,BUTTON_BURNED,14,39,9,
0.75,34,bot4,,,BUTTON_BURNED,14,39,9,
0.75,35,bot1,,,SUCCESS,38,38,45,
0.75,35,bot2,,,SUCCESS,38,38,45,
0.75,35,bot3,,,SUCCESS,38,38,45,
0.75,35,bot4,,,SUCCESS,38,38,45,
0.75,24,bot1,,,BURNED,29,65,27,
0.75,24,bot2,,,BUTTON_BURNED,32,65,27,
0.75,24,bot3,,,BUTTON_BURNED,32,65,27,
0.75,24,bot4,,,BUTTON_BURNED,32,65,27,12
0.75,25,bot1,,,SUCCESS,36,36,49,
0.75,25,bot2,,,SUCCESS,36,36,49,
0.75,25,bot3,,,SUCCESS,36,36,49,
0.75,25,bot4,,,SUCCESS,36,36,49,
0.75,26,bot1,,,SUCCESS,22,22,59,
0.75,26,bot2,,,SUCCESS,22,22,59,
0.75,26,bot3,,,SUCCESS,22,22,59,
0.75,26,bot4,,,SUCCESS,22,22,59,
0.75,27,bot1,,,SUCCESS,23,23,41,
0.75,27,bot2,,,SUCCESS,23,23,41,
0.75,27,bot3,,,SUCCESS,23,23,41,
0.75,27,bot4,,,SUCCESS,23,23,41,
0.75,28,bot1,,,SUCCESS,20,20,23,
0.75,28,bot2,,,SUCCESS,20,20,23,
0.75,28,bot3,,,SUCCESS,20,20,23,
0.75,28,bot4,,,SUCCESS,20,20,23,
0.75,29,bot1,,,BUTTON_BURNED,8,41,7,
0.75,29,bot2,,,GAVE_UP,6,41,7,
0.75,29,bot3,,,GAVE_UP,6,41,7,
0.75,29,bot4,,,GAVE_UP,6,41,7,1
0.75,30,bot1,,,BUTTON_BURNED,18,41,14,
0.75,30,bot2,,,BUTTON_BURNED,18,41,14,
0.75,30,bot3,,,BUTTON_BURNED,18,41,14,
0.75,30,bot4,,,BUTTON_BURNED,18,41,14,
0.75,31,bot1,,,BURNED,37,68,44,
0.75,31,bot2,,,GAVE_UP,54,68,44,
0.75,31,bot3,,,GAVE_UP,54,68,44,
0.75,31,bot4,,,GAVE_UP,48,68,44,35
0.75,16,bot1,,,SUCCESS,35,35,57,
0.75,16,bot2,,,SUCCESS,35,35,57,
0.75,16,bot3,,,SUCCESS,35,35,57,
0.75,16,bot4,,,SUCCESS,35,35,57,
0.75,17,bot1,,,SUCCESS,19,19,22,
0.75,17,bot2,,,SUCCESS,19,19,22,
0.75,17,bot3,,,SUCCESS,19,19,22,
0.75,17,bot4,,,SUCCESS,19,19,22,
0.75,18,bot1,,,SUCCESS,64,64,58,
0.75,18,bot2,,,SUCCESS,64,64,58,
0.75,18,bot3,,,SUCCESS,64,64,58,
0.75,18,bot4,,,SUCCESS,64,64,58,
0.75,19,bot1,,,BURNED,35,49,33,
0.75,19,bot2,,,GAVE_UP,40,49,33,
0.75,19,bot3,,,GAVE_UP,40,49,33,
0.75,19,bot4,,,GAVE_UP,40,49,33,20
0.75,48,bot1,,,SUCCESS,17,17,37,
0.75,48,bot2,,,SUCCESS,17,17,37,
0.75,48,bot3,,,SUCCESS,17,17,37,
0.75,48,bot4,,,SUCCESS,17,17,37,
0.75,49,bot1,,,SUCCESS,3,3,29,
0.75,49,bot2,,,SUCCESS,3,3,29,
0.75,49,bot3,,,SUCCESS,3,3,29,
0.75,49,bot4,,,SUCCESS,3,3,29,
0.75,50,bot1,,,SUCCESS,32,32,48,
0.75,50,bot2,,,SUCCESS,32,32,48,
0.75,50,bot3,,,SUCCESS,32,32,48,
0.75,50,bot4,,,SUCCESS,32,32,48,
0.75,51,bot1,,,SUCCESS,31,31,40,
0.75,51,bot2,,,SUCCESS,31,31,40,
0.75,51,bot3,,,SUCCESS,31,31,40,
0.75,51,bot4,,,SUCCESS,31,31,40,
0.75,40,bot1,,,BURNED,35,54,34,
0.75,40,bot2,,,GAVE_UP,29,54,34,
0.75,40,bot3,,,GAVE_UP,29,54,34,
0.75,40,bot4,,,GAVE_UP,29,54,34,12
0.75,41,bot1,,,BURNED,14,26,18,
0.75,41,bot2,,,GAVE_UP,20,26,18,
0.75,41,bot3,,,GAVE_UP,20,26,18,
0.75,41,bot4,,,GAVE_UP,20,26,18,2
0.75,42,bot1,,,SUCCESS,27,27,73,
0.75,42,bot2,,,SUCCESS,27,27,73,
0.75,42,bot3,,,SUCCESS,27,27,73,
0.75,42,bot4,,,SUCCESS,27,27,73,
0.75,43,bot1,,,BUTTON_BURNED,34,49,26,
0.75,43,bot2,,,BUTTON_BURNED,34,49,26,
0.75,43,bot3,,,BUTTON_BURNED,34,49,26,
0.75,43,bot4,,,BUTTON_BURNED,34,49,26,16
0.75,56,bot1,,,BUTTON_BURNED,8,54,7,
0.75,56,bot2,,,BUTTON_BURNED,8,54,7,
0.75,56,bot3,,,BUTTON_BURNED,8,54,7,
0.75,56,bot4,,,BUTTON_BURNED,8,54,7,1
0.75,57,bot1,,,SUCCESS,20,20,26,
0.75,57,bot2,,,SUCCESS,20,20,26,
0.75,57,bot3,,,SUCCESS,20,20,26,
0.75,57,bot4,,,SUCCESS,20,20,26,
0.75,58,bot1,,,BUTTON_BURNED,14,47,12,
0.75,58,bot2,,,BUTTON_BURNED,14,47,12,
0.75,58,bot3,,,BUTTON_BURNED,14,47,12,
0.75,58,bot4,,,BUTTON_BURNED,14,47,12,
0.75,59,bot1,,,BURNED,17,52,44,
0.75,59,bot2,,,GAVE_UP,32,52,44,
0.75,59,bot3,,,GAVE_UP,32,52,44,
0.75,59,bot4,,,GAVE_UP,32,52,44,9
0.75,60,bot1,,,SUCCESS,38,38,48,
0.75,60,bot2,,,SUCCESS,38,38,48,
0.75,60,bot3,,,SUCCESS,38,38,48,
0.75,60,bot4,,,SUCCESS,38,38,48,
0.75,61,bot1,,,SUCCESS,11,11,36,
0.75,61,bot2,,,SUCCESS,11,11,36,
0.75,61,bot3,,,SUCCESS,11,11,36,
0.75,61,bot4,,,SUCCESS,11,11,36,
0.75,62,bot1,,,BURNED,12,24,14,
0.75,62,bot2,,,BUTTON_BURNED,18,24,14,
0.75,62,bot3,,,BUTTON_BURNED,18,24,14,
0.75,62,bot4,,,BUTTON_BURNED,18,24,14,1
0.75,63,bot1,,,BUTTON_BURNED,3,28,3,
0.75,63,bot2,,,BUTTON_BURNED,3,28,3,
0.75,63,bot3,,,BUTTON_BURNED,3,28,3,
0.75,63,bot4,,,BUTTON_BURNED,3,28,3,1
0.75,36,bot1,,,SUCCESS,19,19,39,
0.75,36,bot2,,,SUCCESS,19,19,39,
0.75,36,bot3,,,SUCCESS,19,19,39,
0.75,36,bot4,,,SUCCESS,19,19,39,
0.75,37,bot1,,,BURNED,31,54,26,
0.75,37,bot2,,,GAVE_UP,24,54,26,
0.75,37,bot3,,,GAVE_UP,24,54,26,
0.75,37,bot4,,,GAVE_UP,24,54,26,5
0.75,38,bot1,,,SUCCESS,37,37,35,
0.75,38,bot2,,,SUCCESS,37,37,35,
0.75,38,bot3,,,SUCCESS,37,37,35,
0.75,38,bot4,,,SUCCESS,37,37,35,
0.75,39,bot1,,,BURNED,41,60,46,
0.75,39,bot2,,,GAVE_UP,50,60,46,
0.75,39,bot3,,,GAVE_UP,50,60,46,
0.75,39,bot4,,,GAVE_UP,50,60,46,28
0.75,68,bot1,,,SUCCESS,3,3,13,
0.75,68,bot2,,,SUCCESS,3,3,13,
0.75,68,bot3,,,SUCCESS,3,3,13,
0.75,68,bot4,,,SUCCESS,3,3,13,
0.75,69,bot1,,,SUCCESS,24,24,24,
0.75,69,bot2,,,SUCCESS,24,24,24,
0.75,69,bot3,,,SUCCESS,24,24,24,
0.75,69,bot4,,,SUCCESS,24,24,24,
0.75,70,bot1,,,SUCCESS,24,24,23,
0.75,70,bot2,,,SUCCESS,24,24,23,
0.75,70,bot3,,,SUCCESS,24,24,23,
0.75,70,bot4,,,SUCCESS,24,24,23,
0.75,71,bot1,,,BUTTON_BURNED,19,46,13,
0.75,71,bot2,,,GAVE_UP,15,46,13,
0.75,71,bot3,,,GAVE_UP,15,46,13,
0.75,71,bot4,,,GAVE_UP,15,46,13,1
0.75,52,bot1,,,SUCCESS,25,25,27,
0.75,52,bot2,,,SUCCESS,25,25,27,
0.75,52,bot3,,,SUCCESS,25,25,27,
0.75,52,bot4,,,SUCCESS,25,25,27,
0.75,53,bot1,,,SUCCESS,36,36,39,
0.75,53,bot2,,,SUCCESS,36,36,39,
0.75,53,bot3,,,SUCCESS,36,36,39,
0.75,53,bot4,,,SUCCESS,36,36,39,
0.75,54,bot1,,,SUCCESS,51,51,39,
0.75,54,bot2,,,SUCCESS,51,51,39,
0.75,54,bot3,,,SUCCESS,51,51,39,
0.75,54,bot4,,,SUCCESS,51,51,39,
0.75,55,bot1,,,SUCCESS,5,5,31,
0.75,55,bot2,,,SUCCESS,5,5,31,
0.75,55,bot3,,,SUCCESS,5,5,31,
0.75,55,bot4,,,SUCCESS,5,5,31,
0.75,44,bot1,,,SUCCESS,49,49,51,
0.75,44,bot2,,,SUCCESS,49,49,51,
0.75,44,bot3,,,SUCCESS,49,49,51,
0.75,44,bot4,,,SUCCESS,49,49,51,
0.75,45,bot1,,,SUCCESS,34,34,37,
0.75,45,bot2,,,SUCCESS,34,34,37,
0.75,45,bot3,,,SUCCESS,34,34,37,
0.75,45,bot4,,,SUCCESS,34,34,37,
0.75,46,bot1,,,SUCCESS,22,22,33,
0.75,46,bot2,,,SUCCESS,22,22,33,
0.75,46,bot3,,,SUCCESS,22,22,33,
0.75,46,bot4,,,SUCCESS,22,22,33,
0.75,47,bot1,,,BURNED,26,48,25,
0.75,47,bot2,,,GAVE_UP,28,48,25,
0.75,47,bot3,,,GAVE_UP,28,48,25,
0.75,47,bot4,,,GAVE_UP,28,48,25,1
0.75,76,bot1,,,SUCCESS,39,39,50,
0.75,76,bot2,,,SUCCESS,39,39,50,
0.75,76,bot3,,,SUCCESS,39,39,50,
0.75,76,bot4,,,SUCCESS,39,39,50,
0.75,77,bot1,,,BUTTON_BURNED,6,34,6,
0.75,77,bot2,,,BUTTON_BURNED,6,34,6,
0.75,77,bot3,,,BUTTON_BURNED,6,34,6,
0.75,77,bot4,,,BUTTON_BURNED,6,34,6,1
0.75,78,bot1,,,BURNED,8,51,48,
0.75,78,bot2,,,GAVE_UP,32,51,48,
0.75,78,bot3,,,GAVE_UP,32,51,48,
0.75,78,bot4,,,BURNED,25,51,48,16
0.75,79,bot1,,,BUTTON_BURNED,12,18,10,
0.75,79,bot2,,,BUTTON_BURNED,12,18,10,
0.75,79,bot3,,,BUTTON_BURNED,12,18,10,
0.75,79,bot4,,,BUTTON_BURNED,12,18,10,
0.75,84,bot1,,,BUTTON_BURNED,17,40,14,
0.75,84,bot2,,,BUTTON_BURNED,17,40,14,
0.75,84,bot3,,,BUTTON_BURNED,17,40,14,
0.75,84,bot4,,,BUTTON_BURNED,17,40,14,
0.75,85,bot1,,,SUCCESS,29,29,47,
0.75,85,bot2,,,SUCCESS,29,29,47,
0.75,85,bot3,,,SUCCESS,29,29,47,
0.75,85,bot4,,,SUCCESS,29,29,47,
0.75,86,bot1,,,SUCCESS,16,16,47,
0.75,86,bot2,,,SUCCESS,16,16,47,
0.75,86,bot3,,,SUCCESS,16,16,47,
0.75,86,bot4,,,SUCCESS,16,16,47,
0.75,87,bot1,,,SUCCESS,40,40,38,
0.75,87,bot2,,,SUCCESS,40,40,38,
0.75,87,bot3,,,SUCCESS,40,40,38,
0.75,87,bot4,,,SUCCESS,40,40,38,
0.75,64,bot1,,,SUCCESS,56,56,60,
0.75,64,bot2,,,SUCCESS,56,56,60,
0.75,64,bot3,,,SUCCESS,56,56,60,
0.75,64,bot4,,,SUCCESS,56,56,60,
0.75,65,bot1,,,SUCCESS,2,2,58,
0.75,65,bot2,,,SUCCESS,2,2,58,
0.75,65,bot3,,,SUCCESS,2,2,58,
0.75,65,bot4,,,SUCCESS,2,2,58,
0.75,66,bot1,,,BURNED,35,48,28,
0.75,66,bot2,,,GAVE_UP,28,48,28,
0.75,66,bot3,,,GAVE_UP,28,48,28,
0.75,66,bot4,,,GAVE_UP,28,48,28,
0.75,67,bot1,,,SUCCESS,27,27,61,
0.75,67,bot2,,,SUCCESS,27,27,61,
0.75,67,bot3,,,SUCCESS,27,27,61,
0.75,67,bot4,,,SUCCESS,27,27,61,
0.75,72,bot1,,,BUTTON_BURNED,26,30,22,
0.75,72,bot2,,,BUTTON_BURNED,26,30,22,
0.75,72,bot3,,,BUTTON_BURNED,26,30,22,
0.75,72,bot4,,,BUTTON_BURNED,26,30,22,7
0.75,73,bot1,,,SUCCESS,45,45,62,
0.75,73,bot2,,,SUCCESS,45,45,62,
0.75,73,bot3,,,SUCCESS,45,45,62,
0.75,73,bot4,,,SUCCESS,45,45,62,
0.75,74,bot1,,,SUCCESS,30,30,43,
0.75,74,bot2,,,SUCCESS,30,30,43,
0.75,74,bot3,,,SUCCESS,30,30,43,
0.75,74,bot4,,,SUCCESS,30,30,43,
0.75,75,bot1,,,BURNED,24,31,21,
0.75,75,bot2,,,BUTTON_BURNED,26,31,21,
0.75,75,bot3,,,BUTTON_BURNED,26,31,21,
0.75,75,bot4,,,BUTTON_BURNED,26,31,21,7
0.75,88,bot1,,,BUTTON_BURNED,17,55,13,
0.75,88,bot2,,,GAVE_UP,15,55,13,
0.75,88,bot3,,,GAVE_UP,15,55,13,
0.75,88,bot4,,,GAVE_UP,15,55,13,1
0.75,89,bot1,,,BURNED,17,50,32,
0.75,89,bot2,,,BURNED,24,50,32,
0.75,89,bot3,,,GAVE_UP,24,50,32,
0.75,89,bot4,,,BURNED,24,50,32,2
0.75,90,bot1,,,BURNED,16,51,40,
0.75,90,bot2,,,GAVE_UP,22,51,40,
0.75,90,bot3,,,GAVE_UP,22,51,40,
0.75,90,bot4,,,GAVE_UP,22,51,40,1
0.75,91,bot1,,,SUCCESS,23,23,48,
0.75,91,bot2,,,SUCCESS,23,23,48,
0.75,91,bot3,,,SUCCESS,23,23,48,
0.75,91,bot4,,,SUCCESS,23,23,48,
0.75,96,bot1,,,BUTTON_BURNED,27,53,20,
0.75,96,bot2,,,GAVE_UP,18,53,20,
0.75,96,bot3,,,GAVE_UP,18,53,20,
0.75,96,bot4,,,GAVE_UP,18,53,20,4
0.75,97,bot1,,,SUCCESS,13,13,14,
0.75,97,bot2,,,SUCCESS,13,13,14,
0.75,97,bot3,,,SUCCESS,13,13,14,
0.75,97,bot4,,,SUCCESS,13,13,14,
0.75,98,bot1,,,SUCCESS,28,28,27,
0.75,98,bot2,,,SUCCESS,28,28,27,
0.75,98,bot3,,,SUCCESS,28,28,27,
0.75,98,bot4,,,SUCCESS,28,28,27,
0.75,99,bot1,,,SUCCESS,26,26,52,
0.75,99,bot2,,,SUCCESS,26,26,52,
0.75,99,bot3,,,SUCCESS,26,26,52,
0.75,99,bot4,,,SUCCESS,26,26,52,
0.75,92,bot1,,,BURNED,8,46,37,
0.75,92,bot2,,,BURNED,20,46,37,
0.75,92,bot3,,,BURNED,20,46,37,
0.75,92,bot4,,,GAVE_UP,23,46,37,7
0.75,93,bot1,,,SUCCESS,38,38,42,
0.75,93,bot2,,,SUCCESS,38,38,42,
0.75,93,bot3,,,SUCCESS,38,38,42,
0.75,93,bot4,,,SUCCESS,38,38,42,
0.75,94,bot1,,,SUCCESS,21,21,30,
0.75,94,bot2,,,SUCCESS,21,21,30,
0.75,94,bot3,,,SUCCESS,21,21,30,
0.75,94,bot4,,,SUCCESS,21,21,30,
0.75,95,bot1,,,BURNED,28,46,38,
0.75,95,bot2,,,GAVE_UP,25,46,38,
0.75,95,bot3,,,GAVE_UP,25,46,38,
0.75,95,bot4,,,GAVE_UP,25,46,38,
0.75,100,bot1,,,BURNED,17,36,16,
0.75,100,bot2,,,BUTTON_BURNED,19,36,16,
0.75,100,bot3,,,BUTTON_BURNED,19,36,16,
0.75,100,bot4,,,BUTTON_BURNED,19,36,16,1
0.75,101,bot1,,,SUCCESS,46,46,47,
0.75,101,bot2,,,SUCCESS,46,46,47,
0.75,101,bot3,,,SUCCESS,46,46,47,
0.75,101,bot4,,,SUCCESS,46,46,47,
0.75,102,bot1,,,BURNED,21,48,38,
0.75,102,bot2,,,GAVE_UP,20,48,38,
0.75,102,bot3,,,GAVE_UP,20,48,38,
0.75,102,bot4,,,GAVE_UP,20,48,38,4
0.75,103,bot1,,,BUTTON_BURNED,12,68,9,
0.75,103,bot2,,,GAVE_UP,10,68,9,
0.75,103,bot3,,,GAVE_UP,10,68,9,
0.75,103,bot4,,,GAVE_UP,10,68,9,1
0.75,80,bot1,,,BURNED,34,57,31,
0.75,80,bot2,,,BUTTON_BURNED,36,57,31,
0.75,80,bot3,,,BUTTON_BURNED,36,57,31,
0.75,80,bot4,,,BUTTON_BURNED,36,57,31,18
0.75,81,bot1,,,SUCCESS,43,43,56,
0.75,81,bot2,,,SUCCESS,43,43,56,
0.75,81,bot3,,,SUCCESS,43,43,56,
0.75,81,bot4,,,SUCCESS,43,43,56,
0.75,82,bot1,,,BUTTON_BURNED,21,43,19,
0.75,82,bot2,,,GAVE_UP,20,43,19,
0.75,82,bot3,,,GAVE_UP,20,43,19,
0.75,82,bot4,,,GAVE_UP,20,43,19,
0.75,83,bot1,,,BURNED,10,43,39,
0.75,83,bot2,,,GAVE_UP,28,43,39,
0.75,83,bot3,,,GAVE_UP,28,43,39,
0.75,83,bot4,,,SUCCESS,45,43,39,
0.75,104,bot1,,,SUCCESS,24,24,32,
0.75,104,bot2,,,SUCCESS,24,24,32,
0.75,104,bot3,,,SUCCESS,24,24,32,
0.75,104,bot4,,,SUCCESS,24,24,32,
0.75,105,bot1,,,BURNED,29,47,33,
0.75,105,bot2,,,GAVE_UP,39,47,33,
0.75,105,bot3,,,BURNED,39,47,33,
0.75,105,bot4,,,GAVE_UP,39,47,33,21
0.75,106,bot1,,,BUTTON_BURNED,13,41,10,
0.75,106,bot2,,,BUTTON_BURNED,13,41,10,
0.75,106,bot3,,,BUTTON_BURNED,13,41,10,
0.75,106,bot4,,,BUTTON_BURNED,13,41,10,1
0.75,107,bot1,,,BURNED,11,40,24,
0.75,107,bot2,,,BURNED,12,40,24,
0.75,107,bot3,,,GAVE_UP,24,40,24,
0.75,107,bot4,,,BURNED,12,40,24,1
0.75,112,bot1,,,SUCCESS,7,7,9,
0.75,112,bot2,,,SUCCESS,7,7,9,
0.75,112,bot3,,,SUCCESS,7,7,9,
0.75,112,bot4,,,SUCCESS,7,7,9,
0.75,113,bot1,,,BUTTON_BURNED,16,23,13,
0.75,113,bot2,,,BUTTON_BURNED,16,23,13,
0.75,113,bot3,,,BUTTON_BURNED,16,23,13,
0.75,113,bot4,,,BUTTON_BURNED,16,23,13,
0.75,114,bot1,,,SUCCESS,27,27,31,
0.75,114,bot2,,,SUCCESS,27,27,31,
0.75,114,bot3,,,SUCCESS,27,27,31,
0.75,114,bot4,,,SUCCESS,27,27,31,
0.75,115,bot1,,,SUCCESS,48,48,49,
0.75,115,bot2,,,SUCCESS,48,48,49,
0.75,115,bot3,,,SUCCESS,48,48,49,
0.75,115,bot4,,,SUCCESS,48,48,49,
0.75,108,bot1,,,SUCCESS,47,47,45,
0.75,108,bot2,,,SUCCESS,47,47,45,
0.75,108,bot3,,,SUCCESS,47,47,45,
0.75,108,bot4,,,SUCCESS,47,47,45,
0.75,109,bot1,,,SUCCESS,5,5,18,
0.75,109,bot2,,,SUCCESS,5,5,18,
0.75,109,bot3,,,SUCCESS,5,5,18,
0.75,109,bot4,,,SUCCESS,5,5,18,
0.75,110,bot1,,,SUCCESS,28,28,39,
0.75,110,bot2,,,SUCCESS,28,28,39,
0.75,110,bot3,,,SUCCESS,28,28,39,
0.75,110,bot4,,,SUCCESS,28,28,39,
0.75,111,bot1,,,BURNED,15,57,31,
0.75,111,bot2,,,GAVE_UP,22,57,31,
0.75,111,bot3,,,GAVE_UP,22,57,31,
0.75,111,bot4,,,GAVE_UP,22,57,31,8
0.75,124,bot1,,,SUCCESS,17,17,36,
0.75,124,bot2,,,SUCCESS,17,17,36,
0.75,124,bot3,,,SUCCESS,17,17,36,
0.75,124,bot4,,,SUCCESS,17,17,36,
0.75,125,bot1,,,BURNED,25,31,28,
0.75,125,bot2,,,BURNED,25,31,28,
0.75,125,bot3,,,BURNED,25,31,28,
0.75,125,bot4,,,SUCCESS,31,31,28,
0.75,126,bot1,,,BURNED,8,39,37,
0.75,126,bot2,,,BURNED,9,39,37,
0.75,126,bot3,,,GAVE_UP,14,39,37,
0.75,126,bot4,,,BURNED,9,39,37,8
0.75,127,bot1,,,BUTTON_BURNED,14,28,11,
0.75,127,bot2,,,GAVE_UP,13,28,11,
0.75,127,bot3,,,GAVE_UP,13,28,11,
0.75,127,bot4,,,GAVE_UP,13,28,11,1
0.75,120,bot1,,,BURNED,11,46,32,
0.75,120,bot2,,,GAVE_UP,41,46,32,
0.75,120,bot3,,,GAVE_UP,41,46,32,
0.75,120,bot4,,,GAVE_UP,29,46,32,10
0.75,121,bot1,,,BURNED,23,27,19,
0.75,121,bot2,,,BUTTON_BURNED,26,27,19,
0.75,121,bot3,,,BUTTON_BURNED,26,27,19,
0.75,121,bot4,,,BUTTON_BURNED,26,27,19,
0.75,122,bot1,,,SUCCESS,7,7,56,
0.75,122,bot2,,,SUCCESS,7,7,56,
0.75,122,bot3,,,SUCCESS,7,7,56,
0.75,122,bot4,,,SUCCESS,7,7,56,
0.75,123,bot1,,,SUCCESS,31,31,35,
0.75,123,bot2,,,SUCCESS,31,31,35,
0.75,123,bot3,,,SUCCESS,31,31,35,
0.75,123,bot4,,,SUCCESS,31,31,35,
0.75,140,bot1,,,BURNED,10,35,19,
0.75,140,bot2,,,BURNED,10,35,19,
0.75,140,bot3,,,GAVE_UP,30,35,19,
0.75,140,bot4,,,BURNED,10,35,19,1
0.75,141,bot1,,,SUCCESS,20,20,29,
0.75,141,bot2,,,SUCCESS,20,20,29,
0.75,141,bot3,,,SUCCESS,20,20,29,
0.75,141,bot4,,,SUCCESS,20,20,29,
0.75,142,bot1,,,SUCCESS,6,6,10,
0.75,142,bot2,,,SUCCESS,6,6,10,
0.75,142,bot3,,,SUCCESS,6,6,10,
0.75,142,bot4,,,SUCCESS,6,6,10,
0.75,143,bot1,,,SUCCESS,32,32,37,
0.75,143,bot2,,,SUCCESS,32,32,37,
0.75,143,bot3,,,SUCCESS,32,32,37,
0.75,143,bot4,,,SUCCESS,32,32,37,
0.75,128,bot1,,,SUCCESS,39,39,35,
0.75,128,bot2,,,SUCCESS,39,39,35,
0.75,128,bot3,,,SUCCESS,39,39,35,
0.75,128,bot4,,,SUCCESS,39,39,35,
0.75,129,bot1,,,BUTTON_BURNED,4,56,4,
0.75,129,bot2,,,BUTTON_BURNED,4,56,4,
0.75,129,bot3,,,BUTTON_BURNED,4,56,4,
0.75,129,bot4,,,BUTTON_BURNED,4,56,4,1
0.75,130,bot1,,,SUCCESS,41,41,46,
0.75,130,bot2,,,SUCCESS,41,41,46,
0.75,130,bot3,,,SUCCESS,41,41,46,
0.75,130,bot4,,,SUCCESS,41,41,46,
0.75,131,bot1,,,BUTTON_BURNED,28,34,22,
0.75,131,bot2,,,BUTTON_BURNED,28,34,22,
0.75,131,bot3,,,BUTTON_BURNED,28,34,22,
0.75,131,bot4,,,BUTTON_BURNED,28,34,22,
0.75,148,bot1,,,BURNED,25,33,29,
0.75,148,bot2,,,BURNED,25,33,29,
0.75,148,bot3,,,GAVE_UP,33,33,29,
0.75,148,bot4,,,BURNED,25,33,29,6
0.75,149,bot1,,,SUCCESS,1,1,30,
0.75,149,bot2,,,SUCCESS,1,1,30,
0.75,149,bot3,,,SUCCESS,1,1,30,
0.75,149,bot4,,,SUCCESS,1,1,30,
0.75,150,bot1,,,SUCCESS,9,9,39,
0.75,150,bot2,,,SUCCESS,9,9,39,
0.75,150,bot3,,,SUCCESS,9,9,39,
0.75,150,bot4,,,SUCCESS,9,9,39,
0.75,151,bot1,,,SUCCESS,22,22,32,
0.75,151,bot2,,,SUCCESS,22,22,32,
0.75,151,bot3,,,SUCCESS,22,22,32,
0.75,151,bot4,,,SUCCESS,22,22,32,
0.75,160,bot1,,,SUCCESS,19,19,38,
0.75,160,bot2,,,SUCCESS,19,19,38,
0.75,160,bot3,,,SUCCESS,19,19,38,
0.75,160,bot4,,,SUCCESS,19,19,38,
0.75,161,bot1,,,BUTTON_BURNED,10,16,10,
0.75,161,bot2,,,BUTTON_BURNED,10,16,10,
0.75,161,bot3,,,BUTTON_BURNED,10,16,10,
0.75,161,bot4,,,BUTTON_BURNED,10,16,10,
0.75,162,bot1,,,SUCCESS,3,3,15,
0.75,162,bot2,,,SUCCESS,3,3,15,
0.75,162,bot3,,,SUCCESS,3,3,15,
0.75,162,bot4,,,SUCCESS,3,3,15,
0.75,163,bot1,,,SUCCESS,11,11,55,
0.75,163,bot2,,,SUCCESS,11,11,55,
0.75,163,bot3,,,SUCCESS,11,11,55,
0.75,163,bot4,,,SUCCESS,11,11,55,
0.75,132,bot1,,,BURNED,36,44,35,
0.75,132,bot2,,,GAVE_UP,35,44,35,
0.75,132,bot3,,,GAVE_UP,35,44,35,
0.75,132,bot4,,,GAVE_UP,35,44,35,
0.75,133,bot1,,,SUCCESS,53,53,49,
0.75,133,bot2,,,SUCCESS,53,53,49,
0.75,133,bot3,,,SUCCESS,53,53,49,
0.75,133,bot4,,,SUCCESS,53,53,49,
0.75,134,bot1,,,SUCCESS,15,15,39,
0.75,134,bot2,,,SUCCESS,15,15,39,
0.75,134,bot3,,,SUCCESS,15,15,39,
0.75,134,bot4,,,SUCCESS,15,15,39,
0.75,135,bot1,,,SUCCESS,9,9,29,
0.75,135,bot2,,,SUCCESS,9,9,29,
0.75,135,bot3,,,SUCCESS,9,9,29,
0.75,135,bot4,,,SUCCESS,9,9,29,
0.75,152,bot1,,,BURNED,39,63,36,
0.75,152,bot2,,,GAVE_UP,38,63,36,
0.75,152,bot3,,,GAVE_UP,38,63,36,
0.75,152,bot4,,,GAVE_UP,38,63,36,21
0.75,153,bot1,,,BUTTON_BURNED,6,30,5,
0.75,153,bot2,,,BUTTON_BURNED,6,30,5,
0.75,153,bot3,,,BUTTON_BURNED,6,30,5,
0.75,153,bot4,,,BUTTON_BURNED,6,30,5,
0.75,154,bot1,,,BUTTON_BURNED,11,56,8,
0.75,154,bot2,,,GAVE_UP,10,56,8,
0.75,154,bot3,,,GAVE_UP,10,56,8,
0.75,154,bot4,,,GAVE_UP,10,56,8,1
0.75,155,bot1,,,SUCCESS,15,15,20,
0.75,155,bot2,,,SUCCESS,15,15,20,
0.75,155,bot3,,,SUCCESS,15,15,20,
0.75,155,bot4,,,SUCCESS,15,15,20,
0.75,144,bot1,,,BUTTON_BURNED,8,29,5,
0.75,144,bot2,,,BUTTON_BURNED,8,29,5,
0.75,144,bot3,,,BUTTON_BURNED,8,29,5,
0.75,144,bot4,,,BUTTON_BURNED,8,29,5,1
0.75,145,bot1,,,BURNED,42,49,37,
0.75,145,bot2,,,GAVE_UP,43,49,37,
0.75,145,bot3,,,GAVE_UP,43,49,37,
0.75,145,bot4,,,GAVE_UP,43,49,37,24
0.75,146,bot1,,,SUCCESS,29,29,51,
0.75,146,bot2,,,SUCCESS,29,29,51,
0.75,146,bot3,,,SUCCESS,29,29,51,
0.75,146,bot4,,,SUCCESS,29,29,51,
0.75,147,bot1,,,SUCCESS,11,11,33,
0.75,147,bot2,,,SUCCESS,11,11,33,
0.75,147,bot3,,,SUCCESS,11,11,33,
0.75,147,bot4,,,SUCCESS,11,11,33,
0.75,116,bot1,,,SUCCESS,9,9,34,
0.75,116,bot2,,,SUCCESS,9,9,34,
0.75,116,bot3,,,SUCCESS,9,9,34,
0.75,116,bot4,,,SUCCESS,9,9,34,
0.75,117,bot1,,,SUCCESS,31,31,39,
0.75,117,bot2,,,SUCCESS,31,31,39,
0.75,117,bot3,,,SUCCESS,31,31,39,
0.75,117,bot4,,,SUCCESS,31,31,39,
0.75,118,bot1,,,SUCCESS,37,37,31,
0.75,118,bot2,,,SUCCESS,37,37,31,
0.75,118,bot3,,,SUCCESS,37,37,31,
0.75,118,bot4,,,SUCCESS,37,37,31,
0.75,119,bot1,,,SUCCESS,65,65,59,
0.75,119,bot2,,,SUCCESS,65,65,59,
0.75,119,bot3,,,SUCCESS,65,65,59,
0.75,119,bot4,,,SUCCESS,65,65,59,
0.75,156,bot1,,,BUTTON_BURNED,8,28,7,
0.75,156,bot2,,,GAVE_UP,7,28,7,
0.75,156,bot3,,,GAVE_UP,7,28,7,
0.75,156,bot4,,,GAVE_UP,7,28,7,1
0.75,157,bot1,,,SUCCESS,12,12,40,
0.75,157,bot2,,,SUCCESS,12,12,40,
0.75,157,bot3,,,SUCCESS,12,12,40,
0.75,157,bot4,,,SUCCESS,12,12,40,
0.75,158,bot1,,,BURNED,9,33,31,
0.75,158,bot2,,,GAVE_UP,33,33,31,
0.75,158,bot3,,,GAVE_UP,33,33,31,
0.75,158,bot4,,,GAVE_UP,33,33,31,9
0.75,159,bot1,,,BURNED,9,40,25,
0.75,159,bot2,,,GAVE_UP,28,40,25,
0.75,159,bot3,,,GAVE_UP,28,40,25,
0.75,159,bot4,,,GAVE_UP,28,40,25,6
0.75,164,bot1,,,SUCCESS,30,30,35,
0.75,164,bot2,,,SUCCESS,30,30,35,
0.75,164,bot3,,,SUCCESS,30,30,35,
0.75,164,bot4,,,SUCCESS,30,30,35,
0.75,165,bot1,,,SUCCESS,23,23,42,
0.75,165,bot2,,,SUCCESS,23,23,42,
0.75,165,bot3,,,SUCCESS,23,23,42,
0.75,165,bot4,,,SUCCESS,23,23,42,
0.75,166,bot1,,,SUCCESS,6,6,18,
0.75,166,bot2,,,SUCCESS,6,6,18,
0.75,166,bot3,,,SUCCESS,6,6,18,
0.75,166,bot4,,,SUCCESS,6,6,18,
0.75,167,bot1,,,SUCCESS,30,30,32,
0.75,167,bot2,,,SUCCESS,30,30,32,
0.75,167,bot3,,,SUCCESS,30,30,32,
0.75,167,bot4,,,SUCCESS,30,30,32,
0.75,168,bot1,,,SUCCESS,9,9,19,
0.75,168,bot2,,,SUCCESS,9,9,19,
0.75,168,bot3,,,SUCCESS,9,9,19,
0.75,168,bot4,,,SUCCESS,9,9,19,
0.75,169,bot1,,,BUTTON_BURNED,26,30,20,
0.75,169,bot2,,,BUTTON_BURNED,26,30,20,
0.75,169,bot3,,,BUTTON_BURNED,26,30,20,
0.75,169,bot4,,,BUTTON_BURNED,26,30,20,
0.75,170,bot1,,,SUCCESS,11,11,33,
0.75,170,bot2,,,SUCCESS,11,11,33,
0.75,170,bot3,,,SUCCESS,11,11,33,
0.75,170,bot4,,,SUCCESS,11,11,33,
0.75,171,bot1,,,SUCCESS,42,42,40,
0.75,171,bot2,,,SUCCESS,42,42,40,
0.75,171,bot3,,,SUCCESS,42,42,40,
0.75,171,bot4,,,SUCCESS,42,42,40,
0.75,136,bot1,,,SUCCESS,47,47,47,
0.75,136,bot2,,,SUCCESS,47,47,47,
0.75,136,bot3,,,SUCCESS,47,47,47,
0.75,136,bot4,,,GAVE_UP,43,47,47,23
0.75,137,bot1,,,BUTTON_BURNED,15,33,15,
0.75,137,bot2,,,BUTTON_BURNED,15,33,15,
0.75,137,bot3,,,BUTTON_BURNED,15,33,15,
0.75,137,bot4,,,BUTTON_BURNED,15,33,15,1
0.75,138,bot1,,,SUCCESS,20,20,57,
0.75,138,bot2,,,SUCCESS,20,20,57,
0.75,138,bot3,,,SUCCESS,20,20,57,
0.75,138,bot4,,,SUCCESS,20,20,57,
0.75,139,bot1,,,SUCCESS,41,41,45,
0.75,139,bot2,,,SUCCESS,41,41,45,
0.75,139,bot3,,,SUCCESS,41,41,45,
0.75,139,bot4,,,SUCCESS,41,41,45,
0.75,184,bot1,,,BURNED,18,47,27,
0.75,184,bot2,,,GAVE_UP,19,47,27,
0.75,184,bot3,,,GAVE_UP,19,47,27,
0.75,184,bot4,,,GAVE_UP,19,47,27,1
0.75,185,bot1,,,BURNED,7,10,9,
0.75,185,bot2,,,GAVE_UP,5,10,9,
0.75,185,bot3,,,GAVE_UP,5,10,9,
0.75,185,bot4,,,GAVE_UP,5,10,9,
0.75,186,bot1,,,BUTTON_BURNED,4,46,3,
0.75,186,bot2,,,GAVE_UP,3,46,3,
0.75,186,bot3,,,GAVE_UP,3,46,3,
0.75,186,bot4,,,GAVE_UP,3,46,3,1
0.75,187,bot1,,,SUCCESS,32,32,48,
0.75,187,bot2,,,SUCCESS,32,32,48,
0.75,187,bot3,,,SUCCESS,32,32,48,
0.75,187,bot4,,,SUCCESS,32,32,48,
0.75,176,bot1,,,BUTTON_BURNED,16,46,12,
0.75,176,bot2,,,GAVE_UP,9,46,12,
0.75,176,bot3,,,GAVE_UP,9,46,12,
0.75,176,bot4,,,GAVE_UP,9,46,12,1
0.75,177,bot1,,,SUCCESS,29,29,28,
0.75,177,bot2,,,SUCCESS,29,29,28,
0.75,177,bot3,,,SUCCESS,29,29,28,
0.75,177,bot4,,,SUCCESS,29,29,28,2
0.75,178,bot1,,,SUCCESS,1,1,30,
0.75,178,bot2,,,SUCCESS,1,1,30,
0.75,178,bot3,,,SUCCESS,1,1,30,
0.75,178,bot4,,,SUCCESS,1,1,30,
0.75,179,bot1,,,SUCCESS,19,19,42,
0.75,179,bot2,,,SUCCESS,19,19,42,
0.75,179,bot3,,,SUCCESS,19,19,42,
0.75,179,bot4,,,SUCCESS,19,19,42,
0.75,172,bot1,,,BURNED,10,43,30,
0.75,172,bot2,,,BURNED,21,43,30,
0.75,172,bot3,,,BURNED,21,43,30,
0.75,172,bot4,,,BURNED,21,43,30,1
0.75,173,bot1,,,BURNED,11,43,27,
0.75,173,bot2,,,BURNED,11,43,27,
0.75,173,bot3,,,GAVE_UP,33,43,27,
0.75,173,bot4,,,GAVE_UP,33,43,27,13
0.75,174,bot1,,,SUCCESS,12,12,23,
0.75,174,bot2,,,SUCCESS,12,12,23,
0.75,174,bot3,,,SUCCESS,12,12,23,
0.75,174,bot4,,,SUCCESS,12,12,23,
0.75,175,bot1,,,SUCCESS,18,18,19,
0.75,175,bot2,,,SUCCESS,18,18,19,
0.75,175,bot3,,,SUCCESS,18,18,19,
0.75,175,bot4,,,SUCCESS,18,18,19,
0.8,4,bot1,,,BURNED,11,41,26,
0.8,4,bot2,,,BURNED,21,41,26,
0.8,4,bot3,,,BURNED,21,41,26,
0.8,4,bot4,,,BURNED,21,41,26,1
0.8,5,bot1,,,SUCCESS,24,24,19,
0.8,5,bot2,,,SUCCESS,24,24,19,
0.8,5,bot3,,,SUCCESS,24,24,19,
0.8,5,bot4,,,SUCCESS,24,24,19,
0.8,6,bot1,,,SUCCESS,5,5,19,
0.8,6,bot2,,,SUCCESS,5,5,19,
0.8,6,bot3,,,SUCCESS,5,5,19,
0.8,6,bot4,,,SUCCESS,5,5,19,
0.8,7,bot1,,,BURNED,6,27,20,
0.8,7,bot2,,,GAVE_UP,20,27,20,
0.8,7,bot3,,,BURNED,20,27,20,
0.8,7,bot4,,,GAVE_UP,20,27,20,1
0.8,0,bot1,,,SUCCESS,17,17,39,
0.8,0,bot2,,,SUCCESS,17,17,39,
0.8,0,bot3,,,SUCCESS,17,17,39,
0.8,0,bot4,,,SUCCESS,17,17,39,
0.8,1,bot1,,,SUCCESS,14,14,68,
0.8,1,bot2,,,SUCCESS,14,14,68,
0.8,1,bot3,,,SUCCESS,14,14,68,
0.8,1,bot4,,,SUCCESS,14,14,68,
0.8,2,bot1,,,BUTTON_BURNED,33,35,29,
0.8,2,bot2,,,BUTTON_BURNED,33,35,29,
0.8,2,bot3,,,BUTTON_BURNED,33,35,29,
0.8,2,bot4,,,BUTTON_BURNED,33,35,29,
0.8,3,bot1,,,BURNED,22,24,22,
0.8,3,bot2,,,BURNED,22,24,22,
0.8,3,bot3,,,BUTTON_BURNED,22,24,22,
0.8,3,bot4,,,BURNED,22,24,22,5
0.8,12,bot1,,,SUCCESS,30,30,24,
0.8,12,bot2,,,SUCCESS,30,30,24,
0.8,12,bot3,,,SUCCESS,30,30,24,
0.8,12,bot4,,,SUCCESS,30,30,24,
0.8,13,bot1,,,SUCCESS,16,16,62,
0.8,13,bot2,,,SUCCESS,16,16,62,
0.8,13,bot3,,,SUCCESS,16,16,62,
0.8,13,bot4,,,SUCCESS,16,16,62,
0.8,14,bot1,,,SUCCESS,28,28,49,
0.8,14,bot2,,,SUCCESS,28,28,49,
0.8,14,bot3,,,SUCCESS,28,28,49,
0.8,14,bot4,,,SUCCESS,28,28,49,
0.8,15,bot1,,,SUCCESS,13,13,30,
0.8,15,bot2,,,SUCCESS,13,13,30,
0.8,15,bot3,,,SUCCESS,13,13,30,
0.8,15,bot4,,,SUCCESS,13,13,30,
0.75,180,bot1,,,BURNED,7,49,45,
0.75,180,bot2,,,GAVE_UP,10,49,45,
0.75,180,bot3,,,GAVE_UP,10,49,45,
0.75,180,bot4,,,GAVE_UP,10,49,45,1
0.75,181,bot1,,,SUCCESS,24,24,27,
0.75,181,bot2,,,SUCCESS,24,24,27,
0.75,181,bot3,,,SUCCESS,24,24,27,
0.75,181,bot4,,,SUCCESS,24,24,27,
0.75,182,bot1,,,SUCCESS,40,40,45,
0.75,182,bot2,,,SUCCESS,40,40,45,
0.75,182,bot3,,,SUCCESS,40,40,45,
0.75,182,bot4,,,SUCCESS,40,40,45,
0.75,183,bot1,,,BURNED,23,56,48,
0.75,183,bot2,,,BUTTON_BURNED,54,56,48,
0.75,183,bot3,,,BUTTON_BURNED,54,56,48,
0.75,183,bot4,,,BUTTON_BURNED,54,56,48,38
0.75,188,bot1,,,SUCCESS,23,23,45,
0.75,188,bot2,,,SUCCESS,23,23,45,
0.75,188,bot3,,,SUCCESS,23,23,45,
0.75,188,bot4,,,SUCCESS,23,23,45,
0.75,189,bot1,,,SUCCESS,25,25,54,
0.75,189,bot2,,,SUCCESS,25,25,54,
0.75,189,bot3,,,SUCCESS,25,25,54,
0.75,189,bot4,,,SUCCESS,25,25,54,
0.75,190,bot1,,,SUCCESS,48,48,55,
0.75,190,bot2,,,SUCCESS,48,48,55,
0.75,190,bot3,,,SUCCESS,48,48,55,
0.75,190,bot4,,,SUCCESS,48,48,55,
0.75,191,bot1,,,SUCCESS,40,40,31,
0.75,191,bot2,,,SUCCESS,40,40,31,
0.75,191,bot3,,,SUCCESS,40,40,31,
0.75,191,bot4,,,SUCCESS,40,40,31,
0.75,192,bot1,,,SUCCESS,18,18,45,
0.75,192,bot2,,,SUCCESS,18,18,45,
0.75,192,bot3,,,SUCCESS,18,18,45,
0.75,192,bot4,,,SUCCESS,18,18,45,
0.75,193,bot1,,,BURNED,12,35,17,
0.75,193,bot2,,,BURNED,13,35,17,
0.75,193,bot3,,,BURNED,13,35,17,
0.75,193,bot4,,,BURNED,13,35,17,1
0.75,194,bot1,,,SUCCESS,55,55,64,
0.75,194,bot2,,,SUCCESS,55,55,64,
0.75,194,bot3,,,SUCCESS,55,55,64,
0.75,194,bot4,,,SUCCESS,55,55,64,
0.75,195,bot1,,,BURNED,13,40,23,
0.75,195,bot2,,,GAVE_UP,24,40,23,
0.75,195,bot3,,,GAVE_UP,24,40,23,
0.75,195,bot4,,,GAVE_UP,24,40,23,3
0.75,196,bot1,,,SUCCESS,15,15,30,
0.75,196,bot2,,,SUCCESS,15,15,30,
0.75,196,bot3,,,SUCCESS,15,15,30,
0.75,196,bot4,,,SUCCESS,15,15,30,
0.75,197,bot1,,,BURNED,8,51,38,
0.75,197,bot2,,,GAVE_UP,30,51,38,
0.75,197,bot3,,,GAVE_UP,30,51,38,
0.75,197,bot4,,,BUTTON_BURNED,46,51,38,29
0.75,198,bot1,,,BUTTON_BURNED,29,65,25,
0.75,198,bot2,,,GAVE_UP,25,65,25,
0.75,198,bot3,,,GAVE_UP,25,65,25,
0.75,198,bot4,,,GAVE_UP,25,65,25,14
0.75,199,bot1,,,BUTTON_BURNED,29,52,24,
0.75,199,bot2,,,BUTTON_BURNED,29,52,24,
0.75,199,bot3,,,BUTTON_BURNED,29,52,24,
0.75,199,bot4,,,BUTTON_BURNED,29,52,24,
0.8,8,bot1,,,SUCCESS,25,25,43,
0.8,8,bot2,,,SUCCESS,25,25,43,
0.8,8,bot3,,,SUCCESS,25,25,43,
0.8,8,bot4,,,SUCCESS,25,25,43,
0.8,9,bot1,,,BURNED,10,39,20,
0.8,9,bot2,,,GAVE_UP,20,39,20,
0.8,9,bot3,,,GAVE_UP,20,39,20,
0.8,9,bot4,,,GAVE_UP,20,39,20,1
0.8,10,bot1,,,BURNED,33,41,33,
0.8,10,bot2,,,GAVE_UP,30,41,33,
0.8,10,bot3,,,GAVE_UP,30,41,33,
0.8,10,bot4,,,GAVE_UP,30,41,33,
0.8,11,bot1,,,BURNED,33,48,31,
0.8,11,bot2,,,BUTTON_BURNED,33,48,31,
0.8,11,bot3,,,BUTTON_BURNED,33,48,31,
0.8,11,bot4,,,BUTTON_BURNED,33,48,31,16
0.8,20,bot1,,,BUTTON_BURNED,24,43,16,
0.8,20,bot2,,,BUTTON_BURNED,24,43,16,
0.8,20,bot3,,,BUTTON_BURNED,24,43,16,
0.8,20,bot4,,,BUTTON_BURNED,24,43,16,1
0.8,21,bot1,,,SUCCESS,17,17,55,
0.8,21,bot2,,,SUCCESS,17,17,55,
0.8,21,bot3,,,SUCCESS,17,17,55,
0.8,21,bot4,,,SUCCESS,17,17,55,
0.8,22,bot1,,,SUCCESS,15,15,33,
0.8,22,bot2,,,SUCCESS,15,15,33,
0.8,22,bot3,,,SUCCESS,15,15,33,
0.8,22,bot4,,,SUCCESS,15,15,33,
0.8,23,bot1,,,SUCCESS,33,33,41,
0.8,23,bot2,,,SUCCESS,33,33,41,
0.8,23,bot3,,,SUCCESS,33,33,41,
0.8,23,bot4,,,SUCCESS,33,33,41,
0.8,32,bot1,,,SUCCESS,13,13,24,
0.8,32,bot2,,,SUCCESS,13,13,24,
0.8,32,bot3,,,SUCCESS,13,13,24,
0.8,32,bot4,,,SUCCESS,13,13,24,
0.8,33,bot1,,,BUTTON_BURNED,9,31,7,
0.8,33,bot2,,,BUTTON_BURNED,9,31,7,
0.8,33,bot3,,,BUTTON_BURNED,9,31,7,
0.8,33,bot4,,,BUTTON_BURNED,9,31,7,1
0.8,34,bot1,,,BUTTON_BURNED,14,39,9,
0.8,34,bot2,,,BUTTON_BURNED,14,39,9,
0.8,34,bot3,,,BUTTON_BURNED,14,39,9,
0.8,34,bot4,,,BUTTON_BURNED,14,39,9,
0.8,35,bot1,,,SUCCESS,38,38,45,
0.8,35,bot2,,,SUCCESS,38,38,45,
0.8,35,bot3,,,SUCCESS,38,38,45,
0.8,35,bot4,,,SUCCESS,38,38,45,
0.8,24,bot1,,,BURNED,27,65,27,
0.8,24,bot2,,,BUTTON_BURNED,31,65,27,
0.8,24,bot3,,,BUTTON_BURNED,31,65,27,
0.8,24,bot4,,,BUTTON_BURNED,31,65,27,12
0.8,25,bot1,,,SUCCESS,36,36,49,
0.8,25,bot2,,,SUCCESS,36,36,49,
0.8,25,bot3,,,SUCCESS,36,36,49,
0.8,25,bot4,,,SUCCESS,36,36,49,
0.8,26,bot1,,,SUCCESS,22,22,59,
0.8,26,bot2,,,SUCCESS,22,22,59,
0.8,26,bot3,,,SUCCESS,22,22,59,
0.8,26,bot4,,,SUCCESS,22,22,59,
0.8,27,bot1,,,SUCCESS,23,23,41,
0.8,27,bot2,,,SUCCESS,23,23,41,
0.8,27,bot3,,,SUCCESS,23,23,41,
0.8,27,bot4,,,SUCCESS,23,23,41,
0.8,28,bot1,,,SUCCESS,20,20,23,
0.8,28,bot2,,,SUCCESS,20,20,23,
0.8,28,bot3,,,SUCCESS,20,20,23,
0.8,28,bot4,,,SUCCESS,20,20,23,
0.8,29,bot1,,,BUTTON_BURNED,10,41,7,
0.8,29,bot2,,,GAVE_UP,4,41,7,
0.8,29,bot3,,,GAVE_UP,4,41,7,
0.8,29,bot4,,,GAVE_UP,4,41,7,1
0.8,30,bot1,,,BUTTON_BURNED,18,41,14,
0.8,30,bot2,,,BUTTON_BURNED,18,41,14,
0.8,30,bot3,,,BUTTON_BURNED,18,41,14,
0.8,30,bot4,,,BUTTON_BURNED,18,41,14,
0.8,31,bot1,,,BURNED,36,68,44,
0.8,31,bot2,,,BUTTON_BURNED,48,68,44,
0.8,31,bot3,,,BUTTON_BURNED,48,68,44,
0.8,31,bot4,,,BUTTON_BURNED,48,68,44,29
0.8,48,bot1,,,SUCCESS,17,17,37,
0.8,48,bot2,,,SUCCESS,17,17,37,
0.8,48,bot3,,,SUCCESS,17,17,37,
0.8,48,bot4,,,SUCCESS,17,17,37,
0.8,49,bot1,,,SUCCESS,3,3,29,
0.8,49,bot2,,,SUCCESS,3,3,29,
0.8,49,bot3,,,SUCCESS,3,3,29,
0.8,49,bot4,,,SUCCESS,3,3,29,
0.8,50,bot1,,,SUCCESS,32,32,48,
0.8,50,bot2,,,SUCCESS,32,32,48,
0.8,50,bot3,,,SUCCESS,32,32,48,
0.8,50,bot4,,,SUCCESS,32,32,48,
0.8,51,bot1,,,SUCCESS,31,31,40,
0.8,51,bot2,,,SUCCESS,31,31,40,
0.8,51,bot3,,,SUCCESS,31,31,40,
0.8,51,bot4,,,SUCCESS,31,31,40,
0.8,16,bot1,,,SUCCESS,35,35,57,
0.8,16,bot2,,,SUCCESS,35,35,57,
0.8,16,bot3,,,SUCCESS,35,35,57,
0.8,16,bot4,,,SUCCESS,35,35,57,
0.8,17,bot1,,,SUCCESS,19,19,22,
0.8,17,bot2,,,SUCCESS,19,19,22,
0.8,17,bot3,,,SUCCESS,19,19,22,
0.8,17,bot4,,,SUCCESS,19,19,22,
0.8,18,bot1,,,SUCCESS,64,64,58,
0.8,18,bot2,,,SUCCESS,64,64,58,
0.8,18,bot3,,,SUCCESS,64,64,58,
0.8,18,bot4,,,SUCCESS,64,64,58,
0.8,19,bot1,,,BURNED,37,49,33,
0.8,19,bot2,,,GAVE_UP,38,49,33,
0.8,19,bot3,,,GAVE_UP,38,49,33,
0.8,19,bot4,,,GAVE_UP,38,49,33,19
0.8,36,bot1,,,SUCCESS,19,19,39,
0.8,36,bot2,,,SUCCESS,19,19,39,
0.8,36,bot3,,,SUCCESS,19,19,39,
0.8,36,bot4,,,SUCCESS,19,19,39,
0.8,37,bot1,,,BURNED,30,54,26,
0.8,37,bot2,,,GAVE_UP,25,54,26,
0.8,37,bot3,,,GAVE_UP,25,54,26,
0.8,37,bot4,,,GAVE_UP,25,54,26,4
0.8,38,bot1,,,SUCCESS,37,37,35,
0.8,38,bot2,,,SUCCESS,37,37,35,
0.8,38,bot3,,,SUCCESS,37,37,35,
0.8,38,bot4,,,SUCCESS,37,37,35,
0.8,39,bot1,,,BURNED,40,60,46,
0.8,39,bot2,,,GAVE_UP,46,60,46,
0.8,39,bot3,,,GAVE_UP,46,60,46,
0.8,39,bot4,,,BURNED,43,60,46,27
0.8,40,bot1,,,BURNED,32,54,34,
0.8,40,bot2,,,GAVE_UP,26,54,34,
0.8,40,bot3,,,GAVE_UP,26,54,34,
0.8,40,bot4,,,GAVE_UP,26,54,34,10
0.8,41,bot1,,,BURNED,13,26,18,
0.8,41,bot2,,,GAVE_UP,18,26,18,
0.8,41,bot3,,,GAVE_UP,18,26,18,
0.8,41,bot4,,,GAVE_UP,18,26,18,1
0.8,42,bot1,,,SUCCESS,27,27,73,
0.8,42,bot2,,,SUCCESS,27,27,73,
0.8,42,bot3,,,SUCCESS,27,27,73,
0.8,42,bot4,,,SUCCESS,27,27,73,
0.8,43,bot1,,,BUTTON_BURNED,33,49,26,
0.8,43,bot2,,,BUTTON_BURNED,33,49,26,
0.8,43,bot3,,,BUTTON_BURNED,33,49,26,
0.8,43,bot4,,,BUTTON_BURNED,33,49,26,16
0.8,56,bot1,,,BUTTON_BURNED,7,54,7,
0.8,56,bot2,,,BUTTON_BURNED,7,54,7,
0.8,56,bot3,,,BUTTON_BURNED,7,54,7,
0.8,56,bot4,,,BUTTON_BURNED,7,54,7,1
0.8,57,bot1,,,SUCCESS,20,20,26,
0.8,57,bot2,,,SUCCESS,20,20,26,
0.8,57,bot3,,,SUCCESS,20,20,26,
0.8,57,bot4,,,SUCCESS,20,20,26,
0.8,58,bot1,,,BUTTON_BURNED,13,47,12,
0.8,58,bot2,,,BUTTON_BURNED,13,47,12,
0.8,58,bot3,,,BUTTON_BURNED,13,47,12,
0.8,58,bot4,,,BUTTON_BURNED,13,47,12,10
0.8,59,bot1,,,BURNED,17,52,44,
0.8,59,bot2,,,GAVE_UP,25,52,44,
0.8,59,bot3,,,GAVE_UP,25,52,44,
0.8,59,bot4,,,GAVE_UP,25,52,44,6
0.8,68,bot1,,,SUCCESS,3,3,13,
0.8,68,bot2,,,SUCCESS,3,3,13,
0.8,68,bot3,,,SUCCESS,3,3,13,
0.8,68,bot4,,,SUCCESS,3,3,13,
0.8,69,bot1,,,SUCCESS,24,24,24,
0.8,69,bot2,,,SUCCESS,24,24,24,
0.8,69,bot3,,,SUCCESS,24,24,24,
0.8,69,bot4,,,SUCCESS,24,24,24,
0.8,70,bot1,,,SUCCESS,24,24,23,
0.8,70,bot2,,,SUCCESS,24,24,23,
0.8,70,bot3,,,SUCCESS,24,24,23,
0.8,70,bot4,,,SUCCESS,24,24,23,
0.8,71,bot1,,,BUTTON_BURNED,16,46,13,
0.8,71,bot2,,,GAVE_UP,14,46,13,
0.8,71,bot3,,,GAVE_UP,14,46,13,
0.8,71,bot4,,,GAVE_UP,14,46,13,1
0.8,60,bot1,,,SUCCESS,38,38,48,
0.8,60,bot2,,,SUCCESS,38,38,48,
0.8,60,bot3,,,SUCCESS,38,38,48,
0.8,60,bot4,,,SUCCESS,38,38,48,
0.8,61,bot1,,,SUCCESS,11,11,36,
0.8,61,bot2,,,SUCCESS,11,11,36,
0.8,61,bot3,,,SUCCESS,11,11,36,
0.8,61,bot4,,,SUCCESS,11,11,36,
0.8,62,bot1,,,BURNED,12,24,14,
0.8,62,bot2,,,BUTTON_BURNED,18,24,14,
0.8,62,bot3,,,BUTTON_BURNED,18,24,14,
0.8,62,bot4,,,BUTTON_BURNED,18,24,14,1
0.8,63,bot1,,,BUTTON_BURNED,3,28,3,
0.8,63,bot2,,,BUTTON_BURNED,3,28,3,
0.8,63,bot3,,,BUTTON_BURNED,3,28,3,
0.8,63,bot4,,,BUTTON_BURNED,3,28,3,1
0.8,52,bot1,,,SUCCESS,25,25,27,
0.8,52,bot2,,,SUCCESS,25,25,27,
0.8,52,bot3,,,SUCCESS,25,25,27,
0.8,52,bot4,,,SUCCESS,25,25,27,
0.8,53,bot1,,,SUCCESS,36,36,39,
0.8,53,bot2,,,SUCCESS,36,36,39,
0.8,53,bot3,,,SUCCESS,36,36,39,
0.8,53,bot4,,,SUCCESS,36,36,39,
0.8,54,bot1,,,BURNED,49,51,39,
0.8,54,bot2,,,GAVE_UP,46,51,39,
0.8,54,bot3,,,GAVE_UP,46,51,39,
0.8,54,bot4,,,GAVE_UP,46,51,39,
0.8,55,bot1,,,SUCCESS,5,5,31,
0.8,55,bot2,,,SUCCESS,5,5,31,
0.8,55,bot3,,,SUCCESS,5,5,31,
0.8,55,bot4,,,SUCCESS,5,5,31,
0.8,44,bot1,,,SUCCESS,49,49,51,
0.8,44,bot2,,,SUCCESS,49,49,51,
0.8,44,bot3,,,SUCCESS,49,49,51,
0.8,44,bot4,,,SUCCESS,49,49,51,
0.8,45,bot1,,,SUCCESS,34,34,37,
0.8,45,bot2,,,SUCCESS,34,34,37,
0.8,45,bot3,,,SUCCESS,34,34,37,
0.8,45,bot4,,,SUCCESS,34,34,37,
0.8,46,bot1,,,SUCCESS,22,22,33,
0.8,46,bot2,,,SUCCESS,22,22,33,
0.8,46,bot3,,,SUCCESS,22,22,33,
0.8,46,bot4,,,SUCCESS,22,22,33,
0.8,47,bot1,,,BURNED,25,48,25,
0.8,47,bot2,,,GAVE_UP,27,48,25,
0.8,47,bot3,,,GAVE_UP,27,48,25,
0.8,47,bot4,,,GAVE_UP,27,48,25,1
0.8,76,bot1,,,SUCCESS,39,39,50,
0.8,76,bot2,,,SUCCESS,39,39,50,
0.8,76,bot3,,,SUCCESS,39,39,50,
0.8,76,bot4,,,SUCCESS,39,39,50,
0.8,77,bot1,,,BUTTON_BURNED,6,34,6,
0.8,77,bot2,,,BUTTON_BURNED,6,34,6,
0.8,77,bot3,,,BUTTON_BURNED,6,34,6,
0.8,77,bot4,,,BUTTON_BURNED,6,34,6,1
0.8,78,bot1,,,BURNED,8,51,48,
0.8,78,bot2,,,GAVE_UP,30,51,48,
0.8,78,bot3,,,GAVE_UP,30,51,48,
0.8,78,bot4,,,GAVE_UP,30,51,48,12
0.8,79,bot1,,,BUTTON_BURNED,12,18,10,
0.8,79,bot2,,,BUTTON_BURNED,12,18,10,
0.8,79,bot3,,,BUTTON_BURNED,12,18,10,
0.8,79,bot4,,,BUTTON_BURNED,12,18,10,
0.8,72,bot1,,,BUTTON_BURNED,26,30,22,
0.8,72,bot2,,,BUTTON_BURNED,26,30,22,
0.8,72,bot3,,,BUTTON_BURNED,26,30,22,
0.8,72,bot4,,,BUTTON_BURNED,26,30,22,6
0.8,73,bot1,,,SUCCESS,45,45,62,
0.8,73,bot2,,,SUCCESS,45,45,62,
0.8,73,bot3,,,SUCCESS,45,45,62,
0.8,73,bot4,,,SUCCESS,45,45,62,
0.8,74,bot1,,,SUCCESS,30,30,43,
0.8,74,bot2,,,SUCCESS,30,30,43,
0.8,74,bot3,,,SUCCESS,30,30,43,
0.8,74,bot4,,,SUCCESS,30,30,43,
0.8,75,bot1,,,BURNED,23,31,21,
0.8,75,bot2,,,BUTTON_BURNED,25,31,21,
0.8,75,bot3,,,BUTTON_BURNED,25,31,21,
0.8,75,bot4,,,BUTTON_BURNED,25,31,21,6
0.8,84,bot1,,,BUTTON_BURNED,16,40,14,
0.8,84,bot2,,,BUTTON_BURNED,16,40,14,
0.8,84,bot3,,,BUTTON_BURNED,16,40,14,
0.8,84,bot4,,,BUTTON_BURNED,16,40,14,
0.8,85,bot1,,,SUCCESS,29,29,47,
0.8,85,bot2,,,SUCCESS,29,29,47,
0.8,85,bot3,,,SUCCESS,29,29,47,
0.8,85,bot4,,,SUCCESS,29,29,47,
0.8,86,bot1,,,SUCCESS,16,16,47,
0.8,86,bot2,,,SUCCESS,16,16,47,
0.8,86,bot3,,,SUCCESS,16,16,47,
0.8,86,bot4,,,SUCCESS,16,16,47,
0.8,87,bot1,,,SUCCESS,40,40,38,
0.8,87,bot2,,,SUCCESS,40,40,38,
0.8,87,bot3,,,SUCCESS,40,40,38,
0.8,87,bot4,,,SUCCESS,40,40,38,
0.8,96,bot1,,,BUTTON_BURNED,22,53,20,
0.8,96,bot2,,,GAVE_UP,15,53,20,
0.8,96,bot3,,,GAVE_UP,15,53,20,
0.8,96,bot4,,,GAVE_UP,15,53,20,3
0.8,97,bot1,,,SUCCESS,13,13,14,
0.8,97,bot2,,,SUCCESS,13,13,14,
0.8,97,bot3,,,SUCCESS,13,13,14,
0.8,97,bot4,,,SUCCESS,13,13,14,
0.8,98,bot1,,,SUCCESS,28,28,27,
0.8,98,bot2,,,SUCCESS,28,28,27,
0.8,98,bot3,,,SUCCESS,28,28,27,
0.8,98,bot4,,,SUCCESS,28,28,27,
0.8,99,bot1,,,SUCCESS,26,26,52,
0.8,99,bot2,,,SUCCESS,26,26,52,
0.8,99,bot3,,,SUCCESS,26,26,52,
0.8,99,bot4,,,SUCCESS,26,26,52,
0.8,64,bot1,,,SUCCESS,56,56,60,
0.8,64,bot2,,,SUCCESS,56,56,60,
0.8,64,bot3,,,SUCCESS,56,56,60,
0.8,64,bot4,,,SUCCESS,56,56,60,
0.8,65,bot1,,,SUCCESS,2,2,58,
0.8,65,bot2,,,SUCCESS,2,2,58,
0.8,65,bot3,,,SUCCESS,2,2,58,
0.8,65,bot4,,,SUCCESS,2,2,58,
0.8,66,bot1,,,BUTTON_BURNED,32,48,28,
0.8,66,bot2,,,GAVE_UP,25,48,28,
0.8,66,bot3,,,GAVE_UP,25,48,28,
0.8,66,bot4,,,GAVE_UP,25,48,28,
0.8,67,bot1,,,SUCCESS,27,27,61,
0.8,67,bot2,,,SUCCESS,27,27,61,
0.8,67,bot3,,,SUCCESS,27,27,61,
0.8,67,bot4,,,SUCCESS,27,27,61,
0.8,88,bot1,,,BUTTON_BURNED,17,55,13,
0.8,88,bot2,,,BUTTON_BURNED,17,55,13,
0.8,88,bot3,,,BUTTON_BURNED,17,55,13,
0.8,88,bot4,,,BUTTON_BURNED,17,55,13,1
0.8,89,bot1,,,BURNED,15,50,32,
0.8,89,bot2,,,GAVE_UP,23,50,32,
0.8,89,bot3,,,BURNED,23,50,32,
0.8,89,bot4,,,GAVE_UP,23,50,32,2
0.8,90,bot1,,,BURNED,16,51,40,
0.8,90,bot2,,,GAVE_UP,14,51,40,
0.8,90,bot3,,,GAVE_UP,14,51,40,
0.8,90,bot4,,,GAVE_UP,14,51,40,1
0.8,91,bot1,,,SUCCESS,23,23,48,
0.8,91,bot2,,,SUCCESS,23,23,48,
0.8,91,bot3,,,SUCCESS,23,23,48,
0.8,91,bot4,,,SUCCESS,23,23,48,
0.8,92,bot1,,,BURNED,8,46,37,
0.8,92,bot2,,,BURNED,15,46,37,
0.8,92,bot3,,,GAVE_UP,23,46,37,
0.8,92,bot4,,,GAVE_UP,21,46,37,6
0.8,93,bot1,,,SUCCESS,38,38,42,
0.8,93,bot2,,,SUCCESS,38,38,42,
0.8,93,bot3,,,SUCCESS,38,38,42,
0.8,93,bot4,,,SUCCESS,38,38,42,
0.8,94,bot1,,,SUCCESS,21,21,30,
0.8,94,bot2,,,SUCCESS,21,21,30,
0.8,94,bot3,,,SUCCESS,21,21,30,
0.8,94,bot4,,,SUCCESS,21,21,30,
0.8,95,bot1,,,BURNED,29,46,38,
0.8,95,bot2,,,GAVE_UP,27,46,38,
0.8,95,bot3,,,GAVE_UP,27,46,38,
0.8,95,bot4,,,GAVE_UP,27,46,38,
0.8,80,bot1,,,BURNED,34,57,31,
0.8,80,bot2,,,BUTTON_BURNED,39,57,31,
0.8,80,bot3,,,BUTTON_BURNED,39,57,31,
0.8,80,bot4,,,BUTTON_BURNED,39,57,31,18
0.8,81,bot1,,,SUCCESS,43,43,56,
0.8,81,bot2,,,SUCCESS,43,43,56,
0.8,81,bot3,,,SUCCESS,43,43,56,
0.8,81,bot4,,,SUCCESS,43,43,56,
0.8,82,bot1,,,BUTTON_BURNED,28,43,19,
0.8,82,bot2,,,GAVE_UP,25,43,19,
0.8,82,bot3,,,GAVE_UP,25,43,19,
0.8,82,bot4,,,GAVE_UP,25,43,19,
0.8,83,bot1,,,BURNED,10,43,39,
0.8,83,bot2,,,GAVE_UP,25,43,39,
0.8,83,bot3,,,GAVE_UP,25,43,39,
0.8,83,bot4,,,GAVE_UP,36,43,39,17
0.8,100,bot1,,,BURNED,16,36,16,
0.8,100,bot2,,,BUTTON_BURNED,23,36,16,
0.8,100,bot3,,,BUTTON_BURNED,23,36,16,
0.8,100,bot4,,,BUTTON_BURNED,23,36,16,1
0.8,101,bot1,,,SUCCESS,46,46,47,
0.8,101,bot2,,,SUCCESS,46,46,47,
0.8,101,bot3,,,SUCCESS,46,46,47,
0.8,101,bot4,,,SUCCESS,46,46,47,
0.8,102,bot1,,,BURNED,23,48,38,
0.8,102,bot2,,,GAVE_UP,24,48,38,
0.8,102,bot3,,,GAVE_UP,24,48,38,
0.8,102,bot4,,,GAVE_UP,24,48,38,3
0.8,103,bot1,,,BUTTON_BURNED,10,68,9,
0.8,103,bot2,,,GAVE_UP,9,68,9,
0.8,103,bot3,,,GAVE_UP,9,68,9,
0.8,103,bot4,,,GAVE_UP,9,68,9,1
0.8,104,bot1,,,SUCCESS,24,24,32,
0.8,104,bot2,,,SUCCESS,24,24,32,
0.8,104,bot3,,,SUCCESS,24,24,32,
0.8,104,bot4,,,SUCCESS,24,24,32,
0.8,105,bot1,,,BURNED,28,47,33,
0.8,105,bot2,,,GAVE_UP,33,47,33,
0.8,105,bot3,,,GAVE_UP,33,47,33,
0.8,105,bot4,,,GAVE_UP,33,47,33,19
0.8,106,bot1,,,BUTTON_BURNED,11,41,10,
0.8,106,bot2,,,BUTTON_BURNED,11,41,10,
0.8,106,bot3,,,BUTTON_BURNED,11,41,10,
0.8,106,bot4,,,BUTTON_BURNED,11,41,10,1
0.8,107,bot1,,,BURNED,11,40,24,
0.8,107,bot2,,,BURNED,12,40,24,
0.8,107,bot3,,,GAVE_UP,19,40,24,
0.8,107,bot4,,,BURNED,12,40,24,1
0.8,120,bot1,,,BURNED,10,46,32,
0.8,120,bot2,,,GAVE_UP,16,46,32,
0.8,120,bot3,,,GAVE_UP,16,46,32,
0.8,120,bot4,,,GAVE_UP,25,46,32,8
0.8,121,bot1,,,BURNED,17,27,19,
0.8,121,bot2,,,GAVE_UP,15,27,19,
0.8,121,bot3,,,GAVE_UP,15,27,19,
0.8,121,bot4,,,GAVE_UP,15,27,19,
0.8,122,bot1,,,SUCCESS,7,7,56,
0.8,122,bot2,,,SUCCESS,7,7,56,
0.8,122,bot3,,,SUCCESS,7,7,56,
0.8,122,bot4,,,SUCCESS,7,7,56,
0.8,123,bot1,,,SUCCESS,31,31,35,
0.8,123,bot2,,,SUCCESS,31,31,35,
0.8,123,bot3,,,SUCCESS,31,31,35,
0.8,123,bot4,,,SUCCESS,31,31,35,
0.8,124,bot1,,,SUCCESS,17,17,36,
0.8,124,bot2,,,SUCCESS,17,17,36,
0.8,124,bot3,,,SUCCESS,17,17,36,
0.8,124,bot4,,,SUCCESS,17,17,36,
0.8,125,bot1,,,BURNED,22,31,28,
0.8,125,bot2,,,BURNED,22,31,28,
0.8,125,bot3,,,BUTTON_BURNED,30,31,28,
0.8,125,bot4,,,BURNED,22,31,28,13
0.8,126,bot1,,,BURNED,9,39,37,
0.8,126,bot2,,,BURNED,9,39,37,
0.8,126,bot3,,,GAVE_UP,12,39,37,
0.8,126,bot4,,,BURNED,9,39,37,1
0.8,127,bot1,,,BUTTON_BURNED,14,28,11,
0.8,127,bot2,,,GAVE_UP,13,28,11,
0.8,127,bot3,,,GAVE_UP,13,28,11,
0.8,127,bot4,,,GAVE_UP,13,28,11,1
0.8,108,bot1,,,SUCCESS,47,47,45,
0.8,108,bot2,,,SUCCESS,47,47,45,
0.8,108,bot3,,,SUCCESS,47,47,45,
0.8,108,bot4,,,SUCCESS,47,47,45,1
0.8,109,bot1,,,SUCCESS,5,5,18,
0.8,109,bot2,,,SUCCESS,5,5,18,
0.8,109,bot3,,,SUCCESS,5,5,18,
0.8,109,bot4,,,SUCCESS,5,5,18,
0.8,110,bot1,,,SUCCESS,28,28,39,
0.8,110,bot2,,,SUCCESS,28,28,39,
0.8,110,bot3,,,SUCCESS,28,28,39,
0.8,110,bot4,,,SUCCESS,28,28,39,
0.8,111,bot1,,,BURNED,15,57,31,
0.8,111,bot2,,,GAVE_UP,21,57,31,
0.8,111,bot3,,,GAVE_UP,21,57,31,
0.8,111,bot4,,,GAVE_UP,21,57,31,7
0.8,112,bot1,,,SUCCESS,7,7,9,
0.8,112,bot2,,,SUCCESS,7,7,9,
0.8,112,bot3,,,SUCCESS,7,7,9,
0.8,112,bot4,,,SUCCESS,7,7,9,
0.8,113,bot1,,,BUTTON_BURNED,14,23,13,
0.8,113,bot2,,,BUTTON_BURNED,14,23,13,
0.8,113,bot3,,,BUTTON_BURNED,14,23,13,
0.8,113,bot4,,,BUTTON_BURNED,14,23,13,
0.8,114,bot1,,,SUCCESS,27,27,31,
0.8,114,bot2,,,SUCCESS,27,27,31,
0.8,114,bot3,,,SUCCESS,27,27,31,
0.8,114,bot4,,,SUCCESS,27,27,31,
0.8,115,bot1,,,SUCCESS,48,48,49,
0.8,115,bot2,,,SUCCESS,48,48,49,
0.8,115,bot3,,,SUCCESS,48,48,49,
0.8,115,bot4,,,SUCCESS,48,48,49,
0.8,148,bot1,,,SUCCESS,33,33,29,
0.8,148,bot2,,,SUCCESS,33,33,29,
0.8,148,bot3,,,SUCCESS,33,33,29,
0.8,148,bot4,,,SUCCESS,33,33,29,5
0.8,149,bot1,,,SUCCESS,1,1,30,
0.8,149,bot2,,,SUCCESS,1,1,30,
0.8,149,bot3,,,SUCCESS,1,1,30,
0.8,149,bot4,,,SUCCESS,1,1,30,
0.8,150,bot1,,,SUCCESS,9,9,39,
0.8,150,bot2,,,SUCCESS,9,9,39,
0.8,150,bot3,,,SUCCESS,9,9,39,
0.8,150,bot4,,,SUCCESS,9,9,39,
0.8,151,bot1,,,SUCCESS,22,22,32,
0.8,151,bot2,,,SUCCESS,22,22,32,
0.8,151,bot3,,,SUCCESS,22,22,32,
0.8,151,bot4,,,SUCCESS,22,22,32,
0.8,140,bot1,,,BURNED,9,35,19,
0.8,140,bot2,,,GAVE_UP,20,35,19,
0.8,140,bot3,,,GAVE_UP,20,35,19,
0.8,140,bot4,,,GAVE_UP,20,35,19,1
0.8,141,bot1,,,SUCCESS,20,20,29,
0.8,141,bot2,,,SUCCESS,20,20,29,
0.8,141,bot3,,,SUCCESS,20,20,29,
0.8,141,bot4,,,SUCCESS,20,20,29,
0.8,142,bot1,,,SUCCESS,6,6,10,
0.8,142,bot2,,,SUCCESS,6,6,10,
0.8,142,bot3,,,SUCCESS,6,6,10,
0.8,142,bot4,,,SUCCESS,6,6,10,
0.8,143,bot1,,,SUCCESS,32,32,37,
0.8,143,bot2,,,SUCCESS,32,32,37,
0.8,143,bot3,,,SUCCESS,32,32,37,
0.8,143,bot4,,,SUCCESS,32,32,37,
0.8,152,bot1,,,BURNED,37,63,36,
0.8,152,bot2,,,GAVE_UP,36,63,36,
0.8,152,bot3,,,GAVE_UP,36,63,36,
0.8,152,bot4,,,GAVE_UP,36,63,36,20
0.8,153,bot1,,,BUTTON_BURNED,6,30,5,
0.8,153,bot2,,,BUTTON_BURNED,6,30,5,
0.8,153,bot3,,,BUTTON_BURNED,6,30,5,
0.8,153,bot4,,,BUTTON_BURNED,6,30,5,
0.8,154,bot1,,,BUTTON_BURNED,9,56,8,
0.8,154,bot2,,,GAVE_UP,8,56,8,
0.8,154,bot3,,,GAVE_UP,8,56,8,
0.8,154,bot4,,,GAVE_UP,8,56,8,1
0.8,155,bot1,,,SUCCESS,15,15,20,
0.8,155,bot2,,,SUCCESS,15,15,20,
0.8,155,bot3,,,SUCCESS,15,15,20,
0.8,155,bot4,,,SUCCESS,15,15,20,
0.8,128,bot1,,,SUCCESS,39,39,35,
0.8,128,bot2,,,SUCCESS,39,39,35,
0.8,128,bot3,,,SUCCESS,39,39,35,
0.8,128,bot4,,,SUCCESS,39,39,35,
0.8,129,bot1,,,BUTTON_BURNED,4,56,4,
0.8,129,bot2,,,BUTTON_BURNED,4,56,4,
0.8,129,bot3,,,BUTTON_BURNED,4,56,4,
0.8,129,bot4,,,BUTTON_BURNED,4,56,4,1
0.8,130,bot1,,,SUCCESS,41,41,46,
0.8,130,bot2,,,SUCCESS,41,41,46,
0.8,130,bot3,,,SUCCESS,41,41,46,
0.8,130,bot4,,,SUCCESS,41,41,46,
0.8,131,bot1,,,BUTTON_BURNED,31,34,22,
0.8,131,bot2,,,GAVE_UP,30,34,22,
0.8,131,bot3,,,GAVE_UP,30,34,22,
0.8,131,bot4,,,GAVE_UP,30,34,22,
0.8,144,bot1,,,BUTTON_BURNED,5,29,5,
0.8,144,bot2,,,BUTTON_BURNED,5,29,5,
0.8,144,bot3,,,BUTTON_BURNED,5,29,5,
0.8,144,bot4,,,BUTTON_BURNED,5,29,5,1
0.8,145,bot1,,,BURNED,28,49,37,
0.8,145,bot2,,,BURNED,28,49,37,
0.8,145,bot3,,,BURNED,30,49,37,
0.8,145,bot4,,,BURNED,36,49,37,25
0.8,146,bot1,,,SUCCESS,29,29,51,
0.8,146,bot2,,,SUCCESS,29,29,51,
0.8,146,bot3,,,SUCCESS,29,29,51,
0.8,146,bot4,,,SUCCESS,29,29,51,
0.8,147,bot1,,,SUCCESS,11,11,33,
0.8,147,bot2,,,SUCCESS,11,11,33,
0.8,147,bot3,,,SUCCESS,11,11,33,
0.8,147,bot4,,,SUCCESS,11,11,33,
0.8,160,bot1,,,SUCCESS,19,19,38,
0.8,160,bot2,,,SUCCESS,19,19,38,
0.8,160,bot3,,,SUCCESS,19,19,38,
0.8,160,bot4,,,SUCCESS,19,19,38,
0.8,161,bot1,,,BUTTON_BURNED,10,16,10,
0.8,161,bot2,,,BUTTON_BURNED,10,16,10,
0.8,161,bot3,,,BUTTON_BURNED,10,16,10,
0.8,161,bot4,,,BUTTON_BURNED,10,16,10,
0.8,162,bot1,,,SUCCESS,3,3,15,
0.8,162,bot2,,,SUCCESS,3,3,15,
0.8,162,bot3,,,SUCCESS,3,3,15,
0.8,162,bot4,,,SUCCESS,3,3,15,
0.8,163,bot1,,,SUCCESS,11,11,55,
0.8,163,bot2,,,SUCCESS,11,11,55,
0.8,163,bot3,,,SUCCESS,11,11,55,
0.8,163,bot4,,,SUCCESS,11,11,55,
0.8,132,bot1,,,BURNED,36,44,35,
0.8,132,bot2,,,BURNED,36,44,35,
0.8,132,bot3,,,BURNED,36,44,35,
0.8,132,bot4,,,BURNED,36,44,35,
0.8,133,bot1,,,SUCCESS,53,53,49,
0.8,133,bot2,,,SUCCESS,53,53,49,
0.8,133,bot3,,,SUCCESS,53,53,49,
0.8,133,bot4,,,SUCCESS,53,53,49,
0.8,134,bot1,,,SUCCESS,15,15,39,
0.8,134,bot2,,,SUCCESS,15,15,39,
0.8,134,bot3,,,SUCCESS,15,15,39,
0.8,134,bot4,,,SUCCESS,15,15,39,
0.8,135,bot1,,,SUCCESS,9,9,29,
0.8,135,bot2,,,SUCCESS,9,9,29,
0.8,135,bot3,,,SUCCESS,9,9,29,
0.8,135,bot4,,,SUCCESS,9,9,29,
0.8,116,bot1,,,SUCCESS,9,9,34,
0.8,116,bot2,,,SUCCESS,9,9,34,
0.8,116,bot3,,,SUCCESS,9,9,34,
0.8,116,bot4,,,SUCCESS,9,9,34,
0.8,117,bot1,,,SUCCESS,31,31,39,
0.8,117,bot2,,,SUCCESS,31,31,39,
0.8,117,bot3,,,SUCCESS,31,31,39,
0.8,117,bot4,,,SUCCESS,31,31,39,
0.8,118,bot1,,,SUCCESS,37,37,31,
0.8,118,bot2,,,SUCCESS,37,37,31,
0.8,118,bot3,,,SUCCESS,37,37,31,
0.8,118,bot4,,,SUCCESS,37,37,31,
0.8,119,bot1,,,SUCCESS,65,65,59,
0.8,119,bot2,,,SUCCESS,65,65,59,
0.8,119,bot3,,,SUCCESS,65,65,59,
0.8,119,bot4,,,SUCCESS,65,65,59,
0.8,136,bot1,,,SUCCESS,47,47,47,
0.8,136,bot2,,,SUCCESS,47,47,47,
0.8,136,bot3,,,SUCCESS,47,47,47,
0.8,136,bot4,,,BURNED,34,47,47,24
0.8,137,bot1,,,BUTTON_BURNED,15,33,15,
0.8,137,bot2,,,BUTTON_BURNED,15,33,15,
0.8,137,bot3,,,BUTTON_BURNED,15,33,15,
0.8,137,bot4,,,BUTTON_BURNED,15,33,15,1
0.8,138,bot1,,,SUCCESS,20,20,57,
0.8,138,bot2,,,SUCCESS,20,20,57,
0.8,138,bot3,,,SUCCESS,20,20,57,
0.8,138,bot4,,,SUCCESS,20,20,57,
0.8,139,bot1,,,SUCCESS,41,41,45,
0.8,139,bot2,,,SUCCESS,41,41,45,
0.8,139,bot3,,,SUCCESS,41,41,45,
0.8,139,bot4,,,SUCCESS,41,41,45,
0.8,156,bot1,,,BUTTON_BURNED,8,28,7,
0.8,156,bot2,,,GAVE_UP,7,28,7,
0.8,156,bot3,,,GAVE_UP,7,28,7,
0.8,156,bot4,,,GAVE_UP,7,28,7,5
0.8,157,bot1,,,SUCCESS,12,12,40,
0.8,157,bot2,,,SUCCESS,12,12,40,
0.8,157,bot3,,,SUCCESS,12,12,40,
0.8,157,bot4,,,SUCCESS,12,12,40,
0.8,158,bot1,,,BURNED,9,33,31,
0.8,158,bot2,,,GAVE_UP,23,33,31,
0.8,158,bot3,,,BURNED,23,33,31,
0.8,158,bot4,,,GAVE_UP,23,33,31,1
0.8,159,bot1,,,BURNED,9,40,25,
0.8,159,bot2,,,GAVE_UP,25,40,25,
0.8,159,bot3,,,GAVE_UP,25,40,25,
0.8,159,bot4,,,GAVE_UP,25,40,25,5
0.8,176,bot1,,,BUTTON_BURNED,15,46,12,
0.8,176,bot2,,,GAVE_UP,9,46,12,
0.8,176,bot3,,,GAVE_UP,9,46,12,
0.8,176,bot4,,,GAVE_UP,9,46,12,1
0.8,177,bot1,,,BURNED,12,29,28,
0.8,177,bot2,,,GAVE_UP,11,29,28,
0.8,177,bot3,,,GAVE_UP,11,29,28,
0.8,177,bot4,,,GAVE_UP,11,29,28,1
0.8,178,bot1,,,SUCCESS,1,1,30,
0.8,178,bot2,,,SUCCESS,1,1,30,
0.8,178,bot3,,,SUCCESS,1,1,30,
0.8,178,bot4,,,SUCCESS,1,1,30,
0.8,179,bot1,,,SUCCESS,19,19,42,
0.8,179,bot2,,,SUCCESS,19,19,42,
0.8,179,bot3,,,SUCCESS,19,19,42,
0.8,179,bot4,,,SUCCESS,19,19,42,
0.8,184,bot1,,,BURNED,16,47,27,
0.8,184,bot2,,,GAVE_UP,18,47,27,
0.8,184,bot3,,,GAVE_UP,18,47,27,
0.8,184,bot4,,,GAVE_UP,18,47,27,1
0.8,185,bot1,,,BURNED,7,10,9,
0.8,185,bot2,,,GAVE_UP,5,10,9,
0.8,185,bot3,,,GAVE_UP,5,10,9,
0.8,185,bot4,,,GAVE_UP,5,10,9,
0.8,186,bot1,,,BUTTON_BURNED,4,46,3,
0.8,186,bot2,,,GAVE_UP,3,46,3,
0.8,186,bot3,,,GAVE_UP,3,46,3,
0.8,186,bot4,,,GAVE_UP,3,46,3,1
0.8,187,bot1,,,SUCCESS,32,32,48,
0.8,187,bot2,,,SUCCESS,32,32,48,
0.8,187,bot3,,,SUCCESS,32,32,48,
0.8,187,bot4,,,SUCCESS,32,32,48,
0.8,164,bot1,,,SUCCESS,30,30,35,
0.8,164,bot2,,,SUCCESS,30,30,35,
0.8,164,bot3,,,SUCCESS,30,30,35,
0.8,164,bot4,,,SUCCESS,30,30,35,
0.8,165,bot1,,,SUCCESS,23,23,42,
0.8,165,bot2,,,SUCCESS,23,23,42,
0.8,165,bot3,,,SUCCESS,23,23,42,
0.8,165,bot4,,,SUCCESS,23,23,42,
0.8,166,bot1,,,SUCCESS,6,6,18,
0.8,166,bot2,,,SUCCESS,6,6,18,
0.8,166,bot3,,,SUCCESS,6,6,18,
0.8,166,bot4,,,SUCCESS,6,6,18,
0.8,167,bot1,,,SUCCESS,30,30,32,
0.8,167,bot2,,,SUCCESS,30,30,32,
0.8,167,bot3,,,SUCCESS,30,30,32,
0.8,167,bot4,,,SUCCESS,30,30,32,
0.8,168,bot1,,,SUCCESS,9,9,19,
0.8,168,bot2,,,SUCCESS,9,9,19,
0.8,168,bot3,,,SUCCESS,9,9,19,
0.8,168,bot4,,,SUCCESS,9,9,19,
0.8,169,bot1,,,BUTTON_BURNED,23,30,20,
0.8,169,bot2,,,BUTTON_BURNED,23,30,20,
0.8,169,bot3,,,BUTTON_BURNED,23,30,20,
0.8,169,bot4,,,BUTTON_BURNED,23,30,20,
0.8,170,bot1,,,SUCCESS,11,11,33,
0.8,170,bot2,,,SUCCESS,11,11,33,
0.8,170,bot3,,,SUCCESS,11,11,33,
0.8,170,bot4,,,SUCCESS,11,11,33,
0.8,171,bot1,,,SUCCESS,42,42,40,
0.8,171,bot2,,,SUCCESS,42,42,40,
0.8,171,bot3,,,SUCCESS,42,42,40,
0.8,171,bot4,,,SUCCESS,42,42,40,
0.8,172,bot1,,,BURNED,9,43,30,
0.8,172,bot2,,,GAVE_UP,24,43,30,
0.8,172,bot3,,,GAVE_UP,24,43,30,
0.8,172,bot4,,,GAVE_UP,24,43,30,1
0.8,173,bot1,,,BURNED,11,43,27,
0.8,173,bot2,,,BURNED,11,43,27,
0.8,173,bot3,,,BURNED,28,43,27,
0.8,173,bot4,,,BURNED,28,43,27,10
0.8,174,bot1,,,SUCCESS,12,12,23,
0.8,174,bot2,,,SUCCESS,12,12,23,
0.8,174,bot3,,,SUCCESS,12,12,23,
0.8,174,bot4,,,SUCCESS,12,12,23,
0.8,175,bot1,,,SUCCESS,18,18,19,
0.8,175,bot2,,,SUCCESS,18,18,19,
0.8,175,bot3,,,SUCCESS,18,18,19,
0.8,175,bot4,,,SUCCESS,18,18,19,
0.85,4,bot1,,,BURNED,9,41,26,
0.85,4,bot2,,,GAVE_UP,11,41,26,
0.85,4,bot3,,,GAVE_UP,11,41,26,
0.85,4,bot4,,,GAVE_UP,11,41,26,1
0.85,5,bot1,,,SUCCESS,24,24,19,
0.85,5,bot2,,,SUCCESS,24,24,19,
0.85,5,bot3,,,SUCCESS,24,24,19,
0.85,5,bot4,,,SUCCESS,24,24,19,
0.85,6,bot1,,,SUCCESS,5,5,19,
0.85,6,bot2,,,SUCCESS,5,5,19,
0.85,6,bot3,,,SUCCESS,5,5,19,
0.85,6,bot4,,,SUCCESS,5,5,19,
0.85,7,bot1,,,BURNED,6,27,20,
0.85,7,bot2,,,GAVE_UP,21,27,20,
0.85,7,bot3,,,GAVE_UP,21,27,20,
0.85,7,bot4,,,GAVE_UP,21,27,20,1
0.85,0,bot1,,,SUCCESS,17,17,39,
0.85,0,bot2,,,SUCCESS,17,17,39,
0.85,0,bot3,,,SUCCESS,17,17,39,
0.85,0,bot4,,,SUCCESS,17,17,39,
0.85,1,bot1,,,SUCCESS,14,14,68,
0.85,1,bot2,,,SUCCESS,14,14,68,
0.85,1,bot3,,,SUCCESS,14,14,68,
0.85,1,bot4,,,SUCCESS,14,14,68,
0.85,2,bot1,,,BUTTON_BURNED,32,35,29,
0.85,2,bot2,,,BUTTON_BURNED,32,35,29,
0.85,2,bot3,,,BUTTON_BURNED,32,35,29,
0.85,2,bot4,,,BUTTON_BURNED,32,35,29,
0.85,3,bot1,,,BURNED,22,24,22,
0.85,3,bot2,,,BURNED,22,24,22,
0.85,3,bot3,,,BURNED,22,24,22,
0.85,3,bot4,,,BURNED,22,24,22,5
0.85,12,bot1,,,BUTTON_BURNED,27,30,24,
0.85,12,bot2,,,BUTTON_BURNED,27,30,24,
0.85,12,bot3,,,BUTTON_BURNED,27,30,24,
0.85,12,bot4,,,BUTTON_BURNED,27,30,24,
0.85,13,bot1,,,SUCCESS,16,16,62,
0.85,13,bot2,,,SUCCESS,16,16,62,
0.85,13,bot3,,,SUCCESS,16,16,62,
0.85,13,bot4,,,SUCCESS,16,16,62,
0.85,14,bot1,,,SUCCESS,28,28,49,
0.85,14,bot2,,,SUCCESS,28,28,49,
0.85,14,bot3,,,SUCCESS,28,28,49,
0.85,14,bot4,,,SUCCESS,28,28,49,
0.85,15,bot1,,,SUCCESS,13,13,30,
0.85,15,bot2,,,SUCCESS,13,13,30,
0.85,15,bot3,,,SUCCESS,13,13,30,
0.85,15,bot4,,,SUCCESS,13,13,30,
0.8,180,bot1,,,BURNED,7,49,45,
0.8,180,bot2,,,GAVE_UP,9,49,45,
0.8,180,bot3,,,GAVE_UP,9,49,45,
0.8,180,bot4,,,GAVE_UP,9,49,45,1
0.8,181,bot1,,,SUCCESS,24,24,27,
0.8,181,bot2,,,SUCCESS,24,24,27,
0.8,181,bot3,,,SUCCESS,24,24,27,
0.8,181,bot4,,,SUCCESS,24,24,27,
0.8,182,bot1,,,SUCCESS,40,40,45,
0.8,182,bot2,,,SUCCESS,40,40,45,
0.8,182,bot3,,,SUCCESS,40,40,45,
0.8,182,bot4,,,SUCCESS,40,40,45,
0.8,183,bot1,,,BURNED,22,56,48,
0.8,183,bot2,,,BURNED,25,56,48,
0.8,183,bot3,,,BURNED,25,56,48,
0.8,183,bot4,,,BUTTON_BURNED,58,56,48,37
0.8,192,bot1,,,SUCCESS,18,18,45,
0.8,192,bot2,,,SUCCESS,18,18,45,
0.8,192,bot3,,,SUCCESS,18,18,45,
0.8,192,bot4,,,SUCCESS,18,18,45,
0.8,193,bot1,,,BURNED,12,35,17,
0.8,193,bot2,,,GAVE_UP,13,35,17,
0.8,193,bot3,,,GAVE_UP,13,35,17,
0.8,193,bot4,,,GAVE_UP,13,35,17,1
0.8,194,bot1,,,SUCCESS,55,55,64,
0.8,194,bot2,,,SUCCESS,55,55,64,
0.8,194,bot3,,,SUCCESS,55,55,64,
0.8,194,bot4,,,SUCCESS,55,55,64,
0.8,195,bot1,,,BURNED,13,40,23,
0.8,195,bot2,,,GAVE_UP,21,40,23,
0.8,195,bot3,,,GAVE_UP,21,40,23,
0.8,195,bot4,,,GAVE_UP,21,40,23,1
0.8,188,bot1,,,SUCCESS,23,23,45,
0.8,188,bot2,,,SUCCESS,23,23,45,
0.8,188,bot3,,,SUCCESS,23,23,45,
0.8,188,bot4,,,SUCCESS,23,23,45,
0.8,189,bot1,,,SUCCESS,25,25,54,
0.8,189,bot2,,,SUCCESS,25,25,54,
0.8,189,bot3,,,SUCCESS,25,25,54,
0.8,189,bot4,,,SUCCESS,25,25,54,
0.8,190,bot1,,,SUCCESS,48,48,55,
0.8,190,bot2,,,SUCCESS,48,48,55,
0.8,190,bot3,,,SUCCESS,48,48,55,
0.8,190,bot4,,,SUCCESS,48,48,55,
0.8,191,bot1,,,BUTTON_BURNED,36,40,31,
0.8,191,bot2,,,BUTTON_BURNED,36,40,31,
0.8,191,bot3,,,BUTTON_BURNED,36,40,31,
0.8,191,bot4,,,BUTTON_BURNED,36,40,31,
0.8,196,bot1,,,SUCCESS,15,15,30,
0.8,196,bot2,,,SUCCESS,15,15,30,
0.8,196,bot3,,,SUCCESS,15,15,30,
0.8,196,bot4,,,SUCCESS,15,15,30,
0.8,197,bot1,,,BURNED,8,51,38,
0.8,197,bot2,,,BURNED,16,51,38,
0.8,197,bot3,,,BUTTON_BURNED,46,51,38,
0.8,197,bot4,,,BUTTON_BURNED,46,51,38,28
0.8,198,bot1,,,BUTTON_BURNED,30,65,25,
0.8,198,bot2,,,GAVE_UP,27,65,25,
0.8,198,bot3,,,GAVE_UP,27,65,25,
0.8,198,bot4,,,GAVE_UP,27,65,25,13
0.8,199,bot1,,,BUTTON_BURNED,29,52,24,
0.8,199,bot2,,,BUTTON_BURNED,29,52,24,
0.8,199,bot3,,,BUTTON_BURNED,29,52,24,
0.8,199,bot4,,,BUTTON_BURNED,29,52,24,
0.85,8,bot1,,,SUCCESS,25,25,43,
0.85,8,bot2,,,SUCCESS,25,25,43,
0.85,8,bot3,,,SUCCESS,25,25,43,
0.85,8,bot4,,,SUCCESS,25,25,43,
0.85,9,bot1,,,BURNED,10,39,20,
0.85,9,bot2,,,GAVE_UP,20,39,20,
0.85,9,bot3,,,GAVE_UP,20,39,20,
0.85,9,bot4,,,GAVE_UP,20,39,20,1
0.85,10,bot1,,,BURNED,31,41,33,
0.85,10,bot2,,,GAVE_UP,27,41,33,
0.85,10,bot3,,,GAVE_UP,27,41,33,
0.85,10,bot4,,,GAVE_UP,27,41,33,
0.85,11,bot1,,,BURNED,33,48,31,
0.85,11,bot2,,,GAVE_UP,34,48,31,
0.85,11,bot3,,,GAVE_UP,34,48,31,
0.85,11,bot4,,,GAVE_UP,34,48,31,15
0.85,20,bot1,,,BUTTON_BURNED,19,43,16,
0.85,20,bot2,,,BUTTON_BURNED,19,43,16,
0.85,20,bot3,,,BUTTON_BURNED,19,43,16,
0.85,20,bot4,,,BUTTON_BURNED,19,43,16,1
0.85,21,bot1,,,SUCCESS,17,17,55,
0.85,21,bot2,,,SUCCESS,17,17,55,
0.85,21,bot3,,,SUCCESS,17,17,55,
0.85,21,bot4,,,SUCCESS,17,17,55,
0.85,22,bot1,,,SUCCESS,15,15,33,
0.85,22,bot2,,,SUCCESS,15,15,33,
0.85,22,bot3,,,SUCCESS,15,15,33,
0.85,22,bot4,,,SUCCESS,15,15,33,
0.85,23,bot1,,,SUCCESS,33,33,41,
0.85,23,bot2,,,SUCCESS,33,33,41,
0.85,23,bot3,,,SUCCESS,33,33,41,
0.85,23,bot4,,,SUCCESS,33,33,41,
0.85,32,bot1,,,SUCCESS,13,13,24,
0.85,32,bot2,,,SUCCESS,13,13,24,
0.85,32,bot3,,,SUCCESS,13,13,24,
0.85,32,bot4,,,SUCCESS,13,13,24,
0.85,33,bot1,,,BUTTON_BURNED,8,31,7,
0.85,33,bot2,,,BUTTON_BURNED,8,31,7,
0.85,33,bot3,,,BUTTON_BURNED,8,31,7,
0.85,33,bot4,,,BUTTON_BURNED,8,31,7,1
0.85,34,bot1,,,BUTTON_BURNED,12,39,9,
0.85,34,bot2,,,BUTTON_BURNED,12,39,9,
0.85,34,bot3,,,BUTTON_BURNED,12,39,9,
0.85,34,bot4,,,BUTTON_BURNED,12,39,9,
0.85,35,bot1,,,SUCCESS,38,38,45,
0.85,35,bot2,,,SUCCESS,38,38,45,
0.85,35,bot3,,,SUCCESS,38,38,45,
0.85,35,bot4,,,SUCCESS,38,38,45,
0.85,28,bot1,,,SUCCESS,20,20,23,
0.85,28,bot2,,,SUCCESS,20,20,23,
0.85,28,bot3,,,SUCCESS,20,20,23,
0.85,28,bot4,,,SUCCESS,20,20,23,
0.85,29,bot1,,,BUTTON_BURNED,8,41,7,
0.85,29,bot2,,,GAVE_UP,4,41,7,
0.85,29,bot3,,,GAVE_UP,4,41,7,
0.85,29,bot4,,,GAVE_UP,4,41,7,1
0.85,30,bot1,,,BUTTON_BURNED,16,41,14,
0.85,30,bot2,,,BUTTON_BURNED,16,41,14,
0.85,30,bot3,,,BUTTON_BURNED,16,41,14,
0.85,30,bot4,,,BUTTON_BURNED,16,41,14,
0.85,31,bot1,,,BURNED,34,68,44,
0.85,31,bot2,,,GAVE_UP,46,68,44,
0.85,31,bot3,,,GAVE_UP,46,68,44,
0.85,31,bot4,,,GAVE_UP,46,68,44,28
0.85,24,bot1,,,BURNED,27,65,27,
0.85,24,bot2,,,BUTTON_BURNED,33,65,27,
0.85,24,bot3,,,BUTTON_BURNED,33,65,27,
0.85,24,bot4,,,BUTTON_BURNED,33,65,27,11
0.85,25,bot1,,,SUCCESS,36,36,49,
0.85,25,bot2,,,SUCCESS,36,36,49,
0.85,25,bot3,,,SUCCESS,36,36,49,
0.85,25,bot4,,,SUCCESS,36,36,49,
0.85,26,bot1,,,SUCCESS,22,22,59,
0.85,26,bot2,,,SUCCESS,22,22,59,
0.85,26,bot3,,,SUCCESS,22,22,59,
0.85,26,bot4,,,SUCCESS,22,22,59,
0.85,27,bot1,,,SUCCESS,23,23,41,
0.85,27,bot2,,,SUCCESS,23,23,41,
0.85,27,bot3,,,SUCCESS,23,23,41,
0.85,27,bot4,,,SUCCESS,23,23,41,
0.85,36,bot1,,,SUCCESS,19,19,39,
0.85,36,bot2,,,SUCCESS,19,19,39,
0.85,36,bot3,,,SUCCESS,19,19,39,
0.85,36,bot4,,,SUCCESS,19,19,39,
0.85,37,bot1,,,BURNED,32,54,26,
0.85,37,bot2,,,GAVE_UP,27,54,26,
0.85,37,bot3,,,GAVE_UP,27,54,26,
0.85,37,bot4,,,GAVE_UP,27,54,26,4
0.85,38,bot1,,,BURNED,8,37,35,
0.85,38,bot2,,,BURNED,8,37,35,
0.85,38,bot3,,,BURNED,8,37,35,
0.85,38,bot4,,,GAVE_UP,28,37,35,11
0.85,39,bot1,,,BURNED,41,60,46,
0.85,39,bot2,,,BURNED,45,60,46,
0.85,39,bot3,,,GAVE_UP,45,60,46,
0.85,39,bot4,,,GAVE_UP,45,60,46,27
0.85,40,bot1,,,BURNED,32,54,34,
0.85,40,bot2,,,GAVE_UP,26,54,34,
0.85,40,bot3,,,GAVE_UP,26,54,34,
0.85,40,bot4,,,GAVE_UP,26,54,34,10
0.85,41,bot1,,,BURNED,14,26,18,
0.85,41,bot2,,,GAVE_UP,19,26,18,
0.85,41,bot3,,,GAVE_UP,19,26,18,
0.85,41,bot4,,,GAVE_UP,19,26,18,1
0.85,42,bot1,,,SUCCESS,27,27,73,
0.85,42,bot2,,,SUCCESS,27,27,73,
0.85,42,bot3,,,SUCCESS,27,27,73,
0.85,42,bot4,,,SUCCESS,27,27,73,
0.85,43,bot1,,,BUTTON_BURNED,28,49,26,
0.85,43,bot2,,,BUTTON_BURNED,28,49,26,
0.85,43,bot3,,,BUTTON_BURNED,28,49,26,
0.85,43,bot4,,,BUTTON_BURNED,28,49,26,11
0.85,48,bot1,,,SUCCESS,17,17,37,
0.85,48,bot2,,,SUCCESS,17,17,37,
0.85,48,bot3,,,SUCCESS,17,17,37,
0.85,48,bot4,,,SUCCESS,17,17,37,
0.85,49,bot1,,,SUCCESS,3,3,29,
0.85,49,bot2,,,SUCCESS,3,3,29,
0.85,49,bot3,,,SUCCESS,3,3,29,
0.85,49,bot4,,,SUCCESS,3,3,29,
0.85,50,bot1,,,SUCCESS,32,32,48,
0.85,50,bot2,,,SUCCESS,32,32,48,
0.85,50,bot3,,,SUCCESS,32,32,48,
0.85,50,bot4,,,SUCCESS,32,32,48,
0.85,51,bot1,,,SUCCESS,31,31,40,
0.85,51,bot2,,,SUCCESS,31,31,40,
0.85,51,bot3,,,SUCCESS,31,31,40,
0.85,51,bot4,,,SUCCESS,31,31,40,
0.85,16,bot1,,,SUCCESS,35,35,57,
0.85,16,bot2,,,SUCCESS,35,35,57,
0.85,16,bot3,,,SUCCESS,35,35,57,
0.85,16,bot4,,,SUCCESS,35,35,57,
0.85,17,bot1,,,SUCCESS,19,19,22,
0.85,17,bot2,,,SUCCESS,19,19,22,
0.85,17,bot3,,,SUCCESS,19,19,22,
0.85,17,bot4,,,SUCCESS,19,19,22,
0.85,18,bot1,,,SUCCESS,64,64,58,
0.85,18,bot2,,,SUCCESS,64,64,58,
0.85,18,bot3,,,SUCCESS,64,64,58,
0.85,18,bot4,,,SUCCESS,64,64,58,
0.85,19,bot1,,,BURNED,35,49,33,
0.85,19,bot2,,,GAVE_UP,34,49,33,
0.85,19,bot3,,,GAVE_UP,34,49,33,
0.85,19,bot4,,,GAVE_UP,34,49,33,16
0.85,56,bot1,,,BUTTON_BURNED,7,54,7,
0.85,56,bot2,,,BUTTON_BURNED,7,54,7,
0.85,56,bot3,,,BUTTON_BURNED,7,54,7,
0.85,56,bot4,,,BUTTON_BURNED,7,54,7,1
0.85,57,bot1,,,SUCCESS,20,20,26,
0.85,57,bot2,,,SUCCESS,20,20,26,
0.85,57,bot3,,,SUCCESS,20,20,26,
0.85,57,bot4,,,SUCCESS,20,20,26,
0.85,58,bot1,,,BUTTON_BURNED,13,47,12,
0.85,58,bot2,,,BUTTON_BURNED,13,47,12,
0.85,58,bot3,,,BUTTON_BURNED,13,47,12,
0.85,58,bot4,,,BUTTON_BURNED,13,47,12,9
0.85,59,bot1,,,BURNED,17,52,44,
0.85,59,bot2,,,GAVE_UP,26,52,44,
0.85,59,bot3,,,GAVE_UP,26,52,44,
0.85,59,bot4,,,GAVE_UP,26,52,44,6
0.85,60,bot1,,,SUCCESS,38,38,48,
0.85,60,bot2,,,SUCCESS,38,38,48,
0.85,60,bot3,,,SUCCESS,38,38,48,
0.85,60,bot4,,,SUCCESS,38,38,48,
0.85,61,bot1,,,SUCCESS,11,11,36,
0.85,61,bot2,,,SUCCESS,11,11,36,
0.85,61,bot3,,,SUCCESS,11,11,36,
0.85,61,bot4,,,SUCCESS,11,11,36,
0.85,62,bot1,,,BURNED,12,24,14,
0.85,62,bot2,,,BUTTON_BURNED,15,24,14,
0.85,62,bot3,,,BUTTON_BURNED,15,24,14,
0.85,62,bot4,,,BUTTON_BURNED,15,24,14,1
0.85,63,bot1,,,BUTTON_BURNED,3,28,3,
0.85,63,bot2,,,BUTTON_BURNED,3,28,3,
0.85,63,bot3,,,BUTTON_BURNED,3,28,3,
0.85,63,bot4,,,BUTTON_BURNED,3,28,3,3
0.85,44,bot1,,,SUCCESS,49,49,51,
0.85,44,bot2,,,SUCCESS,49,49,51,
0.85,44,bot3,,,SUCCESS,49,49,51,
0.85,44,bot4,,,SUCCESS,49,49,51,
0.85,45,bot1,,,SUCCESS,34,34,37,
0.85,45,bot2,,,SUCCESS,34,34,37,
0.85,45,bot3,,,SUCCESS,34,34,37,
0.85,45,bot4,,,SUCCESS,34,34,37,
0.85,46,bot1,,,SUCCESS,22,22,33,
0.85,46,bot2,,,SUCCESS,22,22,33,
0.85,46,bot3,,,SUCCESS,22,22,33,
0.85,46,bot4,,,SUCCESS,22,22,33,
0.85,47,bot1,,,BURNED,25,48,25,
0.85,47,bot2,,,GAVE_UP,27,48,25,
0.85,47,bot3,,,GAVE_UP,27,48,25,
0.85,47,bot4,,,GAVE_UP,27,48,25,1
0.85,68,bot1,,,SUCCESS,3,3,13,
0.85,68,bot2,,,SUCCESS,3,3,13,
0.85,68,bot3,,,SUCCESS,3,3,13,
0.85,68,bot4,,,SUCCESS,3,3,13,
0.85,69,bot1,,,SUCCESS,24,24,24,
0.85,69,bot2,,,SUCCESS,24,24,24,
0.85,69,bot3,,,SUCCESS,24,24,24,
0.85,69,bot4,,,SUCCESS,24,24,24,
0.85,70,bot1,,,SUCCESS,24,24,23,
0.85,70,bot2,,,SUCCESS,24,24,23,
0.85,70,bot3,,,SUCCESS,24,24,23,
0.85,70,bot4,,,SUCCESS,24,24,23,
0.85,71,bot1,,,BUTTON_BURNED,15,46,13,
0.85,71,bot2,,,GAVE_UP,14,46,13,
0.85,71,bot3,,,GAVE_UP,14,46,13,
0.85,71,bot4,,,GAVE_UP,14,46,13,1
0.85,52,bot1,,,SUCCESS,25,25,27,
0.85,52,bot2,,,SUCCESS,25,25,27,
0.85,52,bot3,,,SUCCESS,25,25,27,
0.85,52,bot4,,,SUCCESS,25,25,27,
0.85,53,bot1,,,SUCCESS,36,36,39,
0.85,53,bot2,,,SUCCESS,36,36,39,
0.85,53,bot3,,,SUCCESS,36,36,39,
0.85,53,bot4,,,SUCCESS,36,36,39,
0.85,54,bot1,,,BURNED,50,51,39,
0.85,54,bot2,,,GAVE_UP,49,51,39,
0.85,54,bot3,,,GAVE_UP,49,51,39,
0.85,54,bot4,,,GAVE_UP,49,51,39,
0.85,55,bot1,,,SUCCESS,5,5,31,
0.85,55,bot2,,,SUCCESS,5,5,31,
0.85,55,bot3,,,SUCCESS,5,5,31,
0.85,55,bot4,,,SUCCESS,5,5,31,
0.85,76,bot1,,,SUCCESS,39,39,50,
0.85,76,bot2,,,SUCCESS,39,39,50,
0.85,76,bot3,,,SUCCESS,39,39,50,
0.85,76,bot4,,,SUCCESS,39,39,50,
0.85,77,bot1,,,BUTTON_BURNED,7,34,6,
0.85,77,bot2,,,BUTTON_BURNED,7,34,6,
0.85,77,bot3,,,BUTTON_BURNED,7,34,6,
0.85,77,bot4,,,BUTTON_BURNED,7,34,6,1
0.85,78,bot1,,,BURNED,8,51,48,
0.85,78,bot2,,,GAVE_UP,29,51,48,
0.85,78,bot3,,,GAVE_UP,29,51,48,
0.85,78,bot4,,,GAVE_UP,29,51,48,11
0.85,79,bot1,,,BUTTON_BURNED,11,18,10,
0.85,79,bot2,,,BUTTON_BURNED,11,18,10,
0.85,79,bot3,,,BUTTON_BURNED,11,18,10,
0.85,79,bot4,,,BUTTON_BURNED,11,18,10,
0.85,72,bot1,,,BUTTON_BURNED,22,30,22,
0.85,72,bot2,,,BUTTON_BURNED,22,30,22,
0.85,72,bot3,,,BUTTON_BURNED,22,30,22,
0.85,72,bot4,,,BUTTON_BURNED,22,30,22,6
0.85,73,bot1,,,SUCCESS,45,45,62,
0.85,73,bot2,,,SUCCESS,45,45,62,
0.85,73,bot3,,,SUCCESS,45,45,62,
0.85,73,bot4,,,SUCCESS,45,45,62,
0.85,74,bot1,,,SUCCESS,30,30,43,
0.85,74,bot2,,,SUCCESS,30,30,43,
0.85,74,bot3,,,SUCCESS,30,30,43,
0.85,74,bot4,,,SUCCESS,30,30,43,
0.85,75,bot1,,,BURNED,21,31,21,
0.85,75,bot2,,,BURNED,22,31,21,
0.85,75,bot3,,,BUTTON_BURNED,22,31,21,
0.85,75,bot4,,,BURNED,22,31,21,6
0.85,84,bot1,,,BUTTON_BURNED,17,40,14,
0.85,84,bot2,,,BUTTON_BURNED,17,40,14,
0.85,84,bot3,,,BUTTON_BURNED,17,40,14,
0.85,84,bot4,,,BUTTON_BURNED,17,40,14,
0.85,85,bot1,,,SUCCESS,29,29,47,
0.85,85,bot2,,,SUCCESS,29,29,47,
0.85,85,bot3,,,SUCCESS,29,29,47,
0.85,85,bot4,,,SUCCESS,29,29,47,
0.85,86,bot1,,,SUCCESS,16,16,47,
0.85,86,bot2,,,SUCCESS,16,16,47,
0.85,86,bot3,,,SUCCESS,16,16,47,
0.85,86,bot4,,,SUCCESS,16,16,47,
0.85,87,bot1,,,SUCCESS,40,40,38,
0.85,87,bot2,,,SUCCESS,40,40,38,
0.85,87,bot3,,,SUCCESS,40,40,38,
0.85,87,bot4,,,SUCCESS,40,40,38,
0.85,64,bot1,,,SUCCESS,56,56,60,
0.85,64,bot2,,,SUCCESS,56,56,60,
0.85,64,bot3,,,SUCCESS,56,56,60,
0.85,64,bot4,,,SUCCESS,56,56,60,
0.85,65,bot1,,,SUCCESS,2,2,58,
0.85,65,bot2,,,SUCCESS,2,2,58,
0.85,65,bot3,,,SUCCESS,2,2,58,
0.85,65,bot4,,,SUCCESS,2,2,58,
0.85,66,bot1,,,BUTTON_BURNED,33,48,28,
0.85,66,bot2,,,GAVE_UP,25,48,28,
0.85,66,bot3,,,GAVE_UP,25,48,28,
0.85,66,bot4,,,GAVE_UP,25,48,28,
0.85,67,bot1,,,SUCCESS,27,27,61,
0.85,67,bot2,,,SUCCESS,27,27,61,
0.85,67,bot3,,,SUCCESS,27,27,61,
0.85,67,bot4,,,SUCCESS,27,27,61,
0.85,96,bot1,,,BUTTON_BURNED,23,53,20,
0.85,96,bot2,,,GAVE_UP,14,53,20,
0.85,96,bot3,,,GAVE_UP,14,53,20,
0.85,96,bot4,,,GAVE_UP,14,53,20,3
0.85,97,bot1,,,SUCCESS,13,13,14,
0.85,97,bot2,,,SUCCESS,13,13,14,
0.85,97,bot3,,,SUCCESS,13,13,14,
0.85,97,bot4,,,SUCCESS,13,13,14,
0.85,98,bot1,,,SUCCESS,28,28,27,
0.85,98,bot2,,,SUCCESS,28,28,27,
0.85,98,bot3,,,SUCCESS,28,28,27,
0.85,98,bot4,,,SUCCESS,28,28,27,
0.85,99,bot1,,,SUCCESS,26,26,52,
0.85,99,bot2,,,SUCCESS,26,26,52,
0.85,99,bot3,,,SUCCESS,26,26,52,
0.85,99,bot4,,,SUCCESS,26,26,52,
0.85,88,bot1,,,BUTTON_BURNED,15,55,13,
0.85,88,bot2,,,BUTTON_BURNED,15,55,13,
0.85,88,bot3,,,BUTTON_BURNED,15,55,13,
0.85,88,bot4,,,BUTTON_BURNED,15,55,13,1
0.85,89,bot1,,,BURNED,15,50,32,
0.85,89,bot2,,,GAVE_UP,22,50,32,
0.85,89,bot3,,,GAVE_UP,22,50,32,
0.85,89,bot4,,,GAVE_UP,22,50,32,2
0.85,90,bot1,,,BURNED,15,51,40,
0.85,90,bot2,,,BURNED,17,51,40,
0.85,90,bot3,,,GAVE_UP,20,51,40,
0.85,90,bot4,,,BURNED,17,51,40,1
0.85,91,bot1,,,SUCCESS,23,23,48,
0.85,91,bot2,,,SUCCESS,23,23,48,
0.85,91,bot3,,,SUCCESS,23,23,48,
0.85,91,bot4,,,SUCCESS,23,23,48,
0.85,92,bot1,,,BURNED,8,46,37,
0.85,92,bot2,,,GAVE_UP,20,46,37,
0.85,92,bot3,,,GAVE_UP,20,46,37,
0.85,92,bot4,,,GAVE_UP,20,46,37,6
0.85,93,bot1,,,SUCCESS,38,38,42,
0.85,93,bot2,,,SUCCESS,38,38,42,
0.85,93,bot3,,,SUCCESS,38,38,42,
0.85,93,bot4,,,SUCCESS,38,38,42,
0.85,94,bot1,,,SUCCESS,21,21,30,
0.85,94,bot2,,,SUCCESS,21,21,30,
0.85,94,bot3,,,SUCCESS,21,21,30,
0.85,94,bot4,,,SUCCESS,21,21,30,
0.85,95,bot1,,,BURNED,28,46,38,
0.85,95,bot2,,,GAVE_UP,27,46,38,
0.85,95,bot3,,,GAVE_UP,27,46,38,
0.85,95,bot4,,,GAVE_UP,27,46,38,
0.85,80,bot1,,,BURNED,34,57,31,
0.85,80,bot2,,,BUTTON_BURNED,36,57,31,
0.85,80,bot3,,,BUTTON_BURNED,36,57,31,
0.85,80,bot4,,,BUTTON_BURNED,36,57,31,17
0.85,81,bot1,,,SUCCESS,43,43,56,
0.85,81,bot2,,,SUCCESS,43,43,56,
0.85,81,bot3,,,SUCCESS,43,43,56,
0.85,81,bot4,,,SUCCESS,43,43,56,
0.85,82,bot1,,,BUTTON_BURNED,21,43,19,
0.85,82,bot2,,,GAVE_UP,20,43,19,
0.85,82,bot3,,,GAVE_UP,20,43,19,
0.85,82,bot4,,,GAVE_UP,20,43,19,
0.85,83,bot1,,,BURNED,9,43,39,
0.85,83,bot2,,,BURNED,9,43,39,
0.85,83,bot3,,,BURNED,12,43,39,
0.85,83,bot4,,,GAVE_UP,34,43,39,15
0.85,108,bot1,,,BURNED,11,47,45,
0.85,108,bot2,,,BURNED,11,47,45,
0.85,108,bot3,,,BURNED,11,47,45,
0.85,108,bot4,,,BURNED,11,47,45,1
0.85,109,bot1,,,SUCCESS,5,5,18,
0.85,109,bot2,,,SUCCESS,5,5,18,
0.85,109,bot3,,,SUCCESS,5,5,18,
0.85,109,bot4,,,SUCCESS,5,5,18,
0.85,110,bot1,,,SUCCESS,28,28,39,
0.85,110,bot2,,,SUCCESS,28,28,39,
0.85,110,bot3,,,SUCCESS,28,28,39,
0.85,110,bot4,,,SUCCESS,28,28,39,
0.85,111,bot1,,,BURNED,14,57,31,
0.85,111,bot2,,,GAVE_UP,19,57,31,
0.85,111,bot3,,,GAVE_UP,19,57,31,
0.85,111,bot4,,,GAVE_UP,19,57,31,7
0.85,104,bot1,,,SUCCESS,24,24,32,
0.85,104,bot2,,,SUCCESS,24,24,32,
0.85,104,bot3,,,SUCCESS,24,24,32,
0.85,104,bot4,,,SUCCESS,24,24,32,
0.85,105,bot1,,,BURNED,30,47,33,
0.85,105,bot2,,,GAVE_UP,34,47,33,
0.85,105,bot3,,,BUTTON_BURNED,37,47,33,
0.85,105,bot4,,,GAVE_UP,34,47,33,20
0.85,106,bot1,,,BUTTON_BURNED,11,41,10,
0.85,106,bot2,,,BUTTON_BURNED,11,41,10,
0.85,106,bot3,,,BUTTON_BURNED,11,41,10,
0.85,106,bot4,,,BUTTON_BURNED,11,41,10,1
0.85,107,bot1,,,BURNED,10,40,24,
0.85,107,bot2,,,BURNED,10,40,24,
0.85,107,bot3,,,GAVE_UP,20,40,24,
0.85,107,bot4,,,BURNED,10,40,24,1
0.85,100,bot1,,,BURNED,15,36,16,
0.85,100,bot2,,,BUTTON_BURNED,19,36,16,
0.85,100,bot3,,,BUTTON_BURNED,19,36,16,
0.85,100,bot4,,,BUTTON_BURNED,19,36,16,1
0.85,101,bot1,,,SUCCESS,46,46,47,
0.85,101,bot2,,,SUCCESS,46,46,47,
0.85,101,bot3,,,SUCCESS,46,46,47,
0.85,101,bot4,,,SUCCESS,46,46,47,
0.85,102,bot1,,,BURNED,22,48,38,
0.85,102,bot2,,,BURNED,22,48,38,
0.85,102,bot3,,,BURNED,22,48,38,
0.85,102,bot4,,,BURNED,22,48,38,3
0.85,103,bot1,,,BUTTON_BURNED,10,68,9,
0.85,103,bot2,,,GAVE_UP,9,68,9,
0.85,103,bot3,,,GAVE_UP,9,68,9,
0.85,103,bot4,,,GAVE_UP,9,68,9,1
0.85,124,bot1,,,SUCCESS,17,17,36,
0.85,124,bot2,,,SUCCESS,17,17,36,
0.85,124,bot3,,,SUCCESS,17,17,36,
0.85,124,bot4,,,SUCCESS,17,17,36,
0.85,125,bot1,,,BURNED,22,31,28,
0.85,125,bot2,,,BURNED,22,31,28,
0.85,125,bot3,,,BURNED,26,31,28,
0.85,125,bot4,,,BURNED,22,31,28,12
0.85,126,bot1,,,BURNED,9,39,37,
0.85,126,bot2,,,GAVE_UP,9,39,37,
0.85,126,bot3,,,GAVE_UP,13,39,37,
0.85,126,bot4,,,GAVE_UP,9,39,37,1
0.85,127,bot1,,,BUTTON_BURNED,11,28,11,
0.85,127,bot2,,,GAVE_UP,10,28,11,
0.85,127,bot3,,,GAVE_UP,10,28,11,
0.85,127,bot4,,,GAVE_UP,10,28,11,
0.85,120,bot1,,,BURNED,10,46,32,
0.85,120,bot2,,,BURNED,16,46,32,
0.85,120,bot3,,,BURNED,17,46,32,
0.85,120,bot4,,,BURNED,16,46,32,6
0.85,121,bot1,,,BURNED,18,27,19,
0.85,121,bot2,,,BURNED,18,27,19,
0.85,121,bot3,,,BURNED,18,27,19,
0.85,121,bot4,,,BURNED,18,27,19,
0.85,122,bot1,,,SUCCESS,7,7,56,
0.85,122,bot2,,,SUCCESS,7,7,56,
0.85,122,bot3,,,SUCCESS,7,7,56,
0.85,122,bot4,,,SUCCESS,7,7,56,
0.85,123,bot1,,,SUCCESS,31,31,35,
0.85,123,bot2,,,SUCCESS,31,31,35,
0.85,123,bot3,,,SUCCESS,31,31,35,
0.85,123,bot4,,,SUCCESS,31,31,35,
0.85,112,bot1,,,SUCCESS,7,7,9,
0.85,112,bot2,,,SUCCESS,7,7,9,
0.85,112,bot3,,,SUCCESS,7,7,9,
0.85,112,bot4,,,SUCCESS,7,7,9,
0.85,113,bot1,,,BUTTON_BURNED,15,23,13,
0.85,113,bot2,,,BUTTON_BURNED,15,23,13,
0.85,113,bot3,,,BUTTON_BURNED,15,23,13,
0.85,113,bot4,,,BUTTON_BURNED,15,23,13,
0.85,114,bot1,,,SUCCESS,27,27,31,
0.85,114,bot2,,,SUCCESS,27,27,31,
0.85,114,bot3,,,SUCCESS,27,27,31,
0.85,114,bot4,,,SUCCESS,27,27,31,
0.85,115,bot1,,,SUCCESS,48,48,49,
0.85,115,bot2,,,SUCCESS,48,48,49,
0.85,115,bot3,,,SUCCESS,48,48,49,
0.85,115,bot4,,,SUCCESS,48,48,49,
0.85,148,bot1,,,BURNED,24,33,29,
0.85,148,bot2,,,BURNED,24,33,29,
0.85,148,bot3,,,BURNED,24,33,29,
0.85,148,bot4,,,BURNED,24,33,29,4
0.85,149,bot1,,,SUCCESS,1,1,30,
0.85,149,bot2,,,SUCCESS,1,1,30,
0.85,149,bot3,,,SUCCESS,1,1,30,
0.85,149,bot4,,,SUCCESS,1,1,30,
0.85,150,bot1,,,SUCCESS,9,9,39,
0.85,150,bot2,,,SUCCESS,9,9,39,
0.85,150,bot3,,,SUCCESS,9,9,39,
0.85,150,bot4,,,SUCCESS,9,9,39,
0.85,151,bot1,,,SUCCESS,22,22,32,
0.85,151,bot2,,,SUCCESS,22,22,32,
0.85,151,bot3,,,SUCCESS,22,22,32,
0.85,151,bot4,,,SUCCESS,22,22,32,
0.85,140,bot1,,,BURNED,9,35,19,
0.85,140,bot2,,,GAVE_UP,20,35,19,
0.85,140,bot3,,,GAVE_UP,20,35,19,
0.85,140,bot4,,,GAVE_UP,20,35,19,1
0.85,141,bot1,,,SUCCESS,20,20,29,
0.85,141,bot2,,,SUCCESS,20,20,29,
0.85,141,bot3,,,SUCCESS,20,20,29,
0.85,141,bot4,,,SUCCESS,20,20,29,
0.85,142,bot1,,,SUCCESS,6,6,10,
0.85,142,bot2,,,SUCCESS,6,6,10,
0.85,142,bot3,,,SUCCESS,6,6,10,
0.85,142,bot4,,,SUCCESS,6,6,10,
0.85,143,bot1,,,SUCCESS,32,32,37,
0.85,143,bot2,,,SUCCESS,32,32,37,
0.85,143,bot3,,,SUCCESS,32,32,37,
0.85,143,bot4,,,SUCCESS,32,32,37,
0.85,128,bot1,,,BURNED,35,39,35,
0.85,128,bot2,,,GAVE_UP,34,39,35,
0.85,128,bot3,,,GAVE_UP,34,39,35,
0.85,128,bot4,,,BUTTON_BURNED,37,39,35,
0.85,129,bot1,,,BUTTON_BURNED,4,56,4,
0.85,129,bot2,,,BUTTON_BURNED,4,56,4,
0.85,129,bot3,,,BUTTON_BURNED,4,56,4,
0.85,129,bot4,,,BUTTON_BURNED,4,56,4,1
0.85,130,bot1,,,SUCCESS,41,41,46,
0.85,130,bot2,,,SUCCESS,41,41,46,
0.85,130,bot3,,,SUCCESS,41,41,46,
0.85,130,bot4,,,SUCCESS,41,41,46,
0.85,131,bot1,,,BUTTON_BURNED,24,34,22,
0.85,131,bot2,,,BUTTON_BURNED,24,34,22,
0.85,131,bot3,,,BUTTON_BURNED,24,34,22,
0.85,131,bot4,,,BUTTON_BURNED,24,34,22,
0.85,144,bot1,,,BUTTON_BURNED,5,29,5,
0.85,144,bot2,,,BUTTON_BURNED,5,29,5,
0.85,144,bot3,,,BUTTON_BURNED,5,29,5,
0.85,144,bot4,,,BUTTON_BURNED,5,29,5,1
0.85,145,bot1,,,BUTTON_BURNED,41,49,37,
0.85,145,bot2,,,BUTTON_BURNED,41,49,37,
0.85,145,bot3,,,BUTTON_BURNED,41,49,37,
0.85,145,bot4,,,BUTTON_BURNED,41,49,37,24
0.85,146,bot1,,,SUCCESS,29,29,51,
0.85,146,bot2,,,SUCCESS,29,29,51,
0.85,146,bot3,,,SUCCESS,29,29,51,
0.85,146,bot4,,,SUCCESS,29,29,51,
0.85,147,bot1,,,SUCCESS,11,11,33,
0.85,147,bot2,,,SUCCESS,11,11,33,
0.85,147,bot3,,,SUCCESS,11,11,33,
0.85,147,bot4,,,SUCCESS,11,11,33,
0.85,160,bot1,,,SUCCESS,19,19,38,
0.85,160,bot2,,,SUCCESS,19,19,38,
0.85,160,bot3,,,SUCCESS,19,19,38,
0.85,160,bot4,,,SUCCESS,19,19,38,
0.85,161,bot1,,,BUTTON_BURNED,10,16,10,
0.85,161,bot2,,,BUTTON_BURNED,10,16,10,
0.85,161,bot3,,,BUTTON_BURNED,10,16,10,
0.85,161,bot4,,,BUTTON_BURNED,10,16,10,
0.85,162,bot1,,,SUCCESS,3,3,15,
0.85,162,bot2,,,SUCCESS,3,3,15,
0.85,162,bot3,,,SUCCESS,3,3,15,
0.85,162,bot4,,,SUCCESS,3,3,15,
0.85,163,bot1,,,SUCCESS,11,11,55,
0.85,163,bot2,,,SUCCESS,11,11,55,
0.85,163,bot3,,,SUCCESS,11,11,55,
0.85,163,bot4,,,SUCCESS,11,11,55,
0.85,132,bot1,,,BURNED,37,44,35,
0.85,132,bot2,,,GAVE_UP,35,44,35,
0.85,132,bot3,,,GAVE_UP,35,44,35,
0.85,132,bot4,,,GAVE_UP,35,44,35,
0.85,133,bot1,,,SUCCESS,53,53,49,
0.85,133,bot2,,,SUCCESS,53,53,49,
0.85,133,bot3,,,SUCCESS,53,53,49,
0.85,133,bot4,,,SUCCESS,53,53,49,
0.85,134,bot1,,,SUCCESS,15,15,39,
0.85,134,bot2,,,SUCCESS,15,15,39,
0.85,134,bot3,,,SUCCESS,15,15,39,
0.85,134,bot4,,,SUCCESS,15,15,39,
0.85,135,bot1,,,SUCCESS,9,9,29,
0.85,135,bot2,,,SUCCESS,9,9,29,
0.85,135,bot3,,,SUCCESS,9,9,29,
0.85,135,bot4,,,SUCCESS,9,9,29,
0.85,152,bot1,,,BURNED,36,63,36,
0.85,152,bot2,,,GAVE_UP,35,63,36,
0.85,152,bot3,,,GAVE_UP,35,63,36,
0.85,152,bot4,,,GAVE_UP,35,63,36,19
0.85,153,bot1,,,BUTTON_BURNED,7,30,5,
0.85,153,bot2,,,BUTTON_BURNED,7,30,5,
0.85,153,bot3,,,BUTTON_BURNED,7,30,5,
0.85,153,bot4,,,BUTTON_BURNED,7,30,5,
0.85,154,bot1,,,BUTTON_BURNED,8,56,8,
0.85,154,bot2,,,GAVE_UP,7,56,8,
0.85,154,bot3,,,GAVE_UP,7,56,8,
0.85,154,bot4,,,GAVE_UP,7,56,8,1
0.85,155,bot1,,,SUCCESS,15,15,20,
0.85,155,bot2,,,SUCCESS,15,15,20,
0.85,155,bot3,,,SUCCESS,15,15,20,
0.85,155,bot4,,,SUCCESS,15,15,20,
0.85,136,bot1,,,BURNED,3,47,47,
0.85,136,bot2,,,BURNED,3,47,47,
0.85,136,bot3,,,BURNED,20,47,47,
0.85,136,bot4,,,BURNED,32,47,47,18
0.85,137,bot1,,,BUTTON_BURNED,15,33,15,
0.85,137,bot2,,,BUTTON_BURNED,15,33,15,
0.85,137,bot3,,,BUTTON_BURNED,15,33,15,
0.85,137,bot4,,,BUTTON_BURNED,15,33,15,1
0.85,138,bot1,,,SUCCESS,20,20,57,
0.85,138,bot2,,,SUCCESS,20,20,57,
0.85,138,bot3,,,SUCCESS,20,20,57,
0.85,138,bot4,,,SUCCESS,20,20,57,
0.85,139,bot1,,,SUCCESS,41,41,45,
0.85,139,bot2,,,SUCCESS,41,41,45,
0.85,139,bot3,,,SUCCESS,41,41,45,
0.85,139,bot4,,,SUCCESS,41,41,45,
0.85,116,bot1,,,SUCCESS,9,9,34,
0.85,116,bot2,,,SUCCESS,9,9,34,
0.85,116,bot3,,,SUCCESS,9,9,34,
0.85,116,bot4,,,SUCCESS,9,9,34,
0.85,117,bot1,,,SUCCESS,31,31,39,
0.85,117,bot2,,,SUCCESS,31,31,39,
0.85,117,bot3,,,SUCCESS,31,31,39,
0.85,117,bot4,,,SUCCESS,31,31,39,
0.85,118,bot1,,,SUCCESS,37,37,31,
0.85,118,bot2,,,SUCCESS,37,37,31,
0.85,118,bot3,,,SUCCESS,37,37,31,
0.85,118,bot4,,,BUTTON_BURNED,39,37,31,
0.85,119,bot1,,,SUCCESS,65,65,59,
0.85,119,bot2,,,SUCCESS,65,65,59,
0.85,119,bot3,,,SUCCESS,65,65,59,
0.85,119,bot4,,,SUCCESS,65,65,59,
0.85,156,bot1,,,BUTTON_BURNED,7,28,7,
0.85,156,bot2,,,BUTTON_BURNED,7,28,7,
0.85,156,bot3,,,BUTTON_BURNED,7,28,7,
0.85,156,bot4,,,BUTTON_BURNED,7,28,7,4
0.85,157,bot1,,,SUCCESS,12,12,40,
0.85,157,bot2,,,SUCCESS,12,12,40,
0.85,157,bot3,,,SUCCESS,12,12,40,
0.85,157,bot4,,,SUCCESS,12,12,40,
0.85,158,bot1,,,BURNED,9,33,31,
0.85,158,bot2,,,GAVE_UP,23,33,31,
0.85,158,bot3,,,GAVE_UP,23,33,31,
0.85,158,bot4,,,GAVE_UP,23,33,31,1
0.85,159,bot1,,,BURNED,9,40,25,
0.85,159,bot2,,,GAVE_UP,25,40,25,
0.85,159,bot3,,,GAVE_UP,25,40,25,
0.85,159,bot4,,,GAVE_UP,25,40,25,4
0.85,176,bot1,,,BUTTON_BURNED,13,46,12,
0.85,176,bot2,,,GAVE_UP,8,46,12,
0.85,176,bot3,,,GAVE_UP,8,46,12,
0.85,176,bot4,,,GAVE_UP,8,46,12,1
0.85,177,bot1,,,BURNED,12,29,28,
0.85,177,bot2,,,GAVE_UP,13,29,28,
0.85,177,bot3,,,GAVE_UP,13,29,28,
0.85,177,bot4,,,GAVE_UP,13,29,28,1
0.85,178,bot1,,,SUCCESS,1,1,30,
0.85,178,bot2,,,SUCCESS,1,1,30,
0.85,178,bot3,,,SUCCESS,1,1,30,
0.85,178,bot4,,,SUCCESS,1,1,30,
0.85,179,bot1,,,SUCCESS,19,19,42,
0.85,179,bot2,,,SUCCESS,19,19,42,
0.85,179,bot3,,,SUCCESS,19,19,42,
0.85,179,bot4,,,SUCCESS,19,19,42,
0.85,168,bot1,,,SUCCESS,9,9,19,
0.85,168,bot2,,,SUCCESS,9,9,19,
0.85,168,bot3,,,SUCCESS,9,9,19,
0.85,168,bot4,,,SUCCESS,9,9,19,
0.85,169,bot1,,,BUTTON_BURNED,20,30,20,
0.85,169,bot2,,,BUTTON_BURNED,20,30,20,
0.85,169,bot3,,,BUTTON_BURNED,20,30,20,
0.85,169,bot4,,,BUTTON_BURNED,20,30,20,
0.85,170,bot1,,,SUCCESS,11,11,33,
0.85,170,bot2,,,SUCCESS,11,11,33,
0.85,170,bot3,,,SUCCESS,11,11,33,
0.85,170,bot4,,,SUCCESS,11,11,33,
0.85,171,bot1,,,BURNED,35,42,40,
0.85,171,bot2,,,BURNED,35,42,40,
0.85,171,bot3,,,GAVE_UP,39,42,40,
0.85,171,bot4,,,BURNED,35,42,40,
0.85,164,bot1,,,SUCCESS,30,30,35,
0.85,164,bot2,,,SUCCESS,30,30,35,
0.85,164,bot3,,,SUCCESS,30,30,35,
0.85,164,bot4,,,SUCCESS,30,30,35,
0.85,165,bot1,,,SUCCESS,23,23,42,
0.85,165,bot2,,,SUCCESS,23,23,42,
0.85,165,bot3,,,SUCCESS,23,23,42,
0.85,165,bot4,,,SUCCESS,23,23,42,
0.85,166,bot1,,,SUCCESS,6,6,18,
0.85,166,bot2,,,SUCCESS,6,6,18,
0.85,166,bot3,,,SUCCESS,6,6,18,
0.85,166,bot4,,,SUCCESS,6,6,18,
0.85,167,bot1,,,SUCCESS,30,30,32,
0.85,167,bot2,,,SUCCESS,30,30,32,
0.85,167,bot3,,,SUCCESS,30,30,32,
0.85,167,bot4,,,SUCCESS,30,30,32,
0.85,184,bot1,,,BURNED,16,47,27,
0.85,184,bot2,,,GAVE_UP,19,47,27,
0.85,184,bot3,,,GAVE_UP,19,47,27,
0.85,184,bot4,,,GAVE_UP,19,47,27,1
0.85,185,bot1,,,BURNED,7,10,9,
0.85,185,bot2,,,GAVE_UP,6,10,9,
0.85,185,bot3,,,GAVE_UP,6,10,9,
0.85,185,bot4,,,GAVE_UP,6,10,9,
0.85,186,bot1,,,BUTTON_BURNED,3,46,3,
0.85,186,bot2,,,GAVE_UP,2,46,3,
0.85,186,bot3,,,GAVE_UP,2,46,3,
0.85,186,bot4,,,GAVE_UP,2,46,3,1
0.85,187,bot1,,,SUCCESS,32,32,48,
0.85,187,bot2,,,SUCCESS,32,32,48,
0.85,187,bot3,,,SUCCESS,32,32,48,
0.85,187,bot4,,,SUCCESS,32,32,48,
0.85,172,bot1,,,BURNED,9,43,30,
0.85,172,bot2,,,BURNED,18,43,30,
0.85,172,bot3,,,BURNED,18,43,30,
0.85,172,bot4,,,BURNED,18,43,30,1
0.85,173,bot1,,,BURNED,11,43,27,
0.85,173,bot2,,,BURNED,11,43,27,
0.85,173,bot3,,,GAVE_UP,25,43,27,
0.85,173,bot4,,,GAVE_UP,25,43,27,10
0.85,174,bot1,,,SUCCESS,12,12,23,
0.85,174,bot2,,,SUCCESS,12,12,23,
0.85,174,bot3,,,SUCCESS,12,12,23,
0.85,174,bot4,,,SUCCESS,12,12,23,
0.85,175,bot1,,,SUCCESS,18,18,19,
0.85,175,bot2,,,SUCCESS,18,18,19,
0.85,175,bot3,,,SUCCESS,18,18,19,
0.85,175,bot4,,,SUCCESS,18,18,19,
0.9,4,bot1,,,BURNED,10,41,26,
0.9,4,bot2,,,GAVE_UP,12,41,26,
0.9,4,bot3,,,GAVE_UP,12,41,26,
0.9,4,bot4,,,GAVE_UP,12,41,26,1
0.9,5,bot1,,,BURNED,21,24,19,
0.9,5,bot2,,,GAVE_UP,20,24,19,
0.9,5,bot3,,,GAVE_UP,20,24,19,
0.9,5,bot4,,,GAVE_UP,20,24,19,
0.9,6,bot1,,,SUCCESS,5,5,19,
0.9,6,bot2,,,SUCCESS,5,5,19,
0.9,6,bot3,,,SUCCESS,5,5,19,
0.9,6,bot4,,,SUCCESS,5,5,19,
0.9,7,bot1,,,BURNED,6,27,20,
0.9,7,bot2,,,BURNED,15,27,20,
0.9,7,bot3,,,GAVE_UP,17,27,20,
0.9,7,bot4,,,BURNED,15,27,20,1
0.9,12,bot1,,,BUTTON_BURNED,25,30,24,
0.9,12,bot2,,,BUTTON_BURNED,25,30,24,
0.9,12,bot3,,,BUTTON_BURNED,25,30,24,
0.9,12,bot4,,,BUTTON_BURNED,25,30,24,
0.9,13,bot1,,,SUCCESS,16,16,62,
0.9,13,bot2,,,SUCCESS,16,16,62,
0.9,13,bot3,,,SUCCESS,16,16,62,
0.9,13,bot4,,,SUCCESS,16,16,62,
0.9,14,bot1,,,SUCCESS,28,28,49,
0.9,14,bot2,,,SUCCESS,28,28,49,
0.9,14,bot3,,,SUCCESS,28,28,49,
0.9,14,bot4,,,SUCCESS,28,28,49,
0.9,15,bot1,,,SUCCESS,13,13,30,
0.9,15,bot2,,,SUCCESS,13,13,30,
0.9,15,bot3,,,SUCCESS,13,13,30,
0.9,15,bot4,,,SUCCESS,13,13,30,
0.9,0,bot1,,,SUCCESS,17,17,39,
0.9,0,bot2,,,SUCCESS,17,17,39,
0.9,0,bot3,,,SUCCESS,17,17,39,
0.9,0,bot4,,,SUCCESS,17,17,39,
0.9,1,bot1,,,SUCCESS,14,14,68,
0.9,1,bot2,,,SUCCESS,14,14,68,
0.9,1,bot3,,,SUCCESS,14,14,68,
0.9,1,bot4,,,SUCCESS,14,14,68,
0.9,2,bot1,,,BURNED,32,35,29,
0.9,2,bot2,,,BURNED,32,35,29,
0.9,2,bot3,,,BURNED,32,35,29,
0.9,2,bot4,,,BURNED,32,35,29,
0.9,3,bot1,,,BURNED,22,24,22,
0.9,3,bot2,,,GAVE_UP,21,24,22,
0.9,3,bot3,,,GAVE_UP,21,24,22,
0.9,3,bot4,,,BUTTON_BURNED,23,24,22,4
0.85,180,bot1,,,BURNED,7,49,45,
0.85,180,bot2,,,GAVE_UP,8,49,45,
0.85,180,bot3,,,GAVE_UP,8,49,45,
0.85,180,bot4,,,GAVE_UP,8,49,45,1
0.85,181,bot1,,,SUCCESS,24,24,27,
0.85,181,bot2,,,SUCCESS,24,24,27,
0.85,181,bot3,,,SUCCESS,24,24,27,
0.85,181,bot4,,,SUCCESS,24,24,27,
0.85,182,bot1,,,SUCCESS,40,40,45,
0.85,182,bot2,,,SUCCESS,40,40,45,
0.85,182,bot3,,,SUCCESS,40,40,45,
0.85,182,bot4,,,SUCCESS,40,40,45,
0.85,183,bot1,,,BURNED,20,56,48,
0.85,183,bot2,,,GAVE_UP,20,56,48,
0.85,183,bot3,,,BURNED,24,56,48,
0.85,183,bot4,,,BUTTON_BURNED,54,56,48,35
0.85,188,bot1,,,SUCCESS,23,23,45,
0.85,188,bot2,,,SUCCESS,23,23,45,
0.85,188,bot3,,,SUCCESS,23,23,45,
0.85,188,bot4,,,SUCCESS,23,23,45,
0.85,189,bot1,,,SUCCESS,25,25,54,
0.85,189,bot2,,,SUCCESS,25,25,54,
0.85,189,bot3,,,SUCCESS,25,25,54,
0.85,189,bot4,,,SUCCESS,25,25,54,
0.85,190,bot1,,,SUCCESS,48,48,55,
0.85,190,bot2,,,SUCCESS,48,48,55,
0.85,190,bot3,,,SUCCESS,48,48,55,
0.85,190,bot4,,,SUCCESS,48,48,55,
0.85,191,bot1,,,BUTTON_BURNED,33,40,31,
0.85,191,bot2,,,BUTTON_BURNED,33,40,31,
0.85,191,bot3,,,BUTTON_BURNED,33,40,31,
0.85,191,bot4,,,BUTTON_BURNED,33,40,31,
0.85,192,bot1,,,SUCCESS,18,18,45,
0.85,192,bot2,,,SUCCESS,18,18,45,
0.85,192,bot3,,,SUCCESS,18,18,45,
0.85,192,bot4,,,SUCCESS,18,18,45,
0.85,193,bot1,,,BURNED,12,35,17,
0.85,193,bot2,,,BURNED,13,35,17,
0.85,193,bot3,,,BURNED,13,35,17,
0.85,193,bot4,,,BURNED,13,35,17,1
0.85,194,bot1,,,SUCCESS,55,55,64,
0.85,194,bot2,,,SUCCESS,55,55,64,
0.85,194,bot3,,,SUCCESS,55,55,64,
0.85,194,bot4,,,SUCCESS,55,55,64,
0.85,195,bot1,,,BURNED,13,40,23,
0.85,195,bot2,,,BURNED,20,40,23,
0.85,195,bot3,,,BURNED,20,40,23,
0.85,195,bot4,,,BURNED,20,40,23,1
0.9,8,bot1,,,SUCCESS,25,25,43,
0.9,8,bot2,,,SUCCESS,25,25,43,
0.9,8,bot3,,,SUCCESS,25,25,43,
0.9,8,bot4,,,SUCCESS,25,25,43,
0.9,9,bot1,,,BURNED,10,39,20,
0.9,9,bot2,,,GAVE_UP,18,39,20,
0.9,9,bot3,,,GAVE_UP,18,39,20,
0.9,9,bot4,,,GAVE_UP,18,39,20,1
0.9,10,bot1,,,BURNED,31,41,33,
0.9,10,bot2,,,GAVE_UP,28,41,33,
0.9,10,bot3,,,GAVE_UP,28,41,33,
0.9,10,bot4,,,GAVE_UP,28,41,33,
0.9,11,bot1,,,BUTTON_BURNED,32,48,31,
0.9,11,bot2,,,BUTTON_BURNED,32,48,31,
0.9,11,bot3,,,BUTTON_BURNED,32,48,31,
0.9,11,bot4,,,BUTTON_BURNED,32,48,31,15
0.85,196,bot1,,,SUCCESS,15,15,30,
0.85,196,bot2,,,SUCCESS,15,15,30,
0.85,196,bot3,,,SUCCESS,15,15,30,
0.85,196,bot4,,,SUCCESS,15,15,30,
0.85,197,bot1,,,BURNED,8,51,38,
0.85,197,bot2,,,GAVE_UP,27,51,38,
0.85,197,bot3,,,GAVE_UP,27,51,38,
0.85,197,bot4,,,BUTTON_BURNED,44,51,38,26
0.85,198,bot1,,,BUTTON_BURNED,28,65,25,
0.85,198,bot2,,,GAVE_UP,25,65,25,
0.85,198,bot3,,,GAVE_UP,25,65,25,
0.85,198,bot4,,,GAVE_UP,25,65,25,12
0.85,199,bot1,,,BUTTON_BURNED,29,52,24,
0.85,199,bot2,,,BUTTON_BURNED,29,52,24,
0.85,199,bot3,,,BUTTON_BURNED,29,52,24,
0.85,199,bot4,,,BUTTON_BURNED,29,52,24,
0.9,32,bot1,,,SUCCESS,13,13,24,
0.9,32,bot2,,,SUCCESS,13,13,24,
0.9,32,bot3,,,SUCCESS,13,13,24,
0.9,32,bot4,,,SUCCESS,13,13,24,
0.9,33,bot1,,,BUTTON_BURNED,7,31,7,
0.9,33,bot2,,,BUTTON_BURNED,7,31,7,
0.9,33,bot3,,,BUTTON_BURNED,7,31,7,
0.9,33,bot4,,,BUTTON_BURNED,7,31,7,1
0.9,34,bot1,,,BUTTON_BURNED,10,39,9,
0.9,34,bot2,,,BUTTON_BURNED,10,39,9,
0.9,34,bot3,,,BUTTON_BURNED,10,39,9,
0.9,34,bot4,,,BUTTON_BURNED,10,39,9,
0.9,35,bot1,,,SUCCESS,38,38,45,
0.9,35,bot2,,,SUCCESS,38,38,45,
0.9,35,bot3,,,SUCCESS,38,38,45,
0.9,35,bot4,,,SUCCESS,38,38,45,
0.9,20,bot1,,,BUTTON_BURNED,17,43,16,
0.9,20,bot2,,,BUTTON_BURNED,17,43,16,
0.9,20,bot3,,,BUTTON_BURNED,17,43,16,
0.9,20,bot4,,,BUTTON_BURNED,17,43,16,1
0.9,21,bot1,,,SUCCESS,17,17,55,
0.9,21,bot2,,,SUCCESS,17,17,55,
0.9,21,bot3,,,SUCCESS,17,17,55,
0.9,21,bot4,,,SUCCESS,17,17,55,
0.9,22,bot1,,,SUCCESS,15,15,33,
0.9,22,bot2,,,SUCCESS,15,15,33,
0.9,22,bot3,,,SUCCESS,15,15,33,
0.9,22,bot4,,,SUCCESS,15,15,33,
0.9,23,bot1,,,SUCCESS,33,33,41,
0.9,23,bot2,,,SUCCESS,33,33,41,
0.9,23,bot3,,,SUCCESS,33,33,41,
0.9,23,bot4,,,SUCCESS,33,33,41,
0.9,24,bot1,,,BURNED,26,65,27,
0.9,24,bot2,,,BUTTON_BURNED,29,65,27,
0.9,24,bot3,,,BUTTON_BURNED,29,65,27,
0.9,24,bot4,,,BUTTON_BURNED,29,65,27,11
0.9,25,bot1,,,SUCCESS,36,36,49,
0.9,25,bot2,,,SUCCESS,36,36,49,
0.9,25,bot3,,,SUCCESS,36,36,49,
0.9,25,bot4,,,SUCCESS,36,36,49,
0.9,26,bot1,,,SUCCESS,22,22,59,
0.9,26,bot2,,,SUCCESS,22,22,59,
0.9,26,bot3,,,SUCCESS,22,22,59,
0.9,26,bot4,,,SUCCESS,22,22,59,
0.9,27,bot1,,,SUCCESS,23,23,41,
0.9,27,bot2,,,SUCCESS,23,23,41,
0.9,27,bot3,,,SUCCESS,23,23,41,
0.9,27,bot4,,,SUCCESS,23,23,41,
0.9,28,bot1,,,SUCCESS,20,20,23,
0.9,28,bot2,,,SUCCESS,20,20,23,
0.9,28,bot3,,,SUCCESS,20,20,23,
0.9,28,bot4,,,SUCCESS,20,20,23,
0.9,29,bot1,,,BUTTON_BURNED,7,41,7,
0.9,29,bot2,,,GAVE_UP,4,41,7,
0.9,29,bot3,,,GAVE_UP,4,41,7,
0.9,29,bot4,,,GAVE_UP,4,41,7,1
0.9,30,bot1,,,BUTTON_BURNED,14,41,14,
0.9,30,bot2,,,BUTTON_BURNED,14,41,14,
0.9,30,bot3,,,BUTTON_BURNED,14,41,14,
0.9,30,bot4,,,BUTTON_BURNED,14,41,14,
0.9,31,bot1,,,BURNED,35,68,44,
0.9,31,bot2,,,BUTTON_BURNED,46,68,44,
0.9,31,bot3,,,BUTTON_BURNED,46,68,44,
0.9,31,bot4,,,BUTTON_BURNED,46,68,44,27
0.9,40,bot1,,,BURNED,32,54,34,
0.9,40,bot2,,,GAVE_UP,24,54,34,
0.9,40,bot3,,,GAVE_UP,24,54,34,
0.9,40,bot4,,,GAVE_UP,24,54,34,10
0.9,41,bot1,,,BURNED,12,26,18,
0.9,41,bot2,,,GAVE_UP,17,26,18,
0.9,41,bot3,,,GAVE_UP,17,26,18,
0.9,41,bot4,,,GAVE_UP,17,26,18,1
0.9,42,bot1,,,SUCCESS,27,27,73,
0.9,42,bot2,,,SUCCESS,27,27,73,
0.9,42,bot3,,,SUCCESS,27,27,73,
0.9,42,bot4,,,SUCCESS,27,27,73,
0.9,43,bot1,,,BUTTON_BURNED,28,49,26,
0.9,43,bot2,,,BUTTON_BURNED,28,49,26,
0.9,43,bot3,,,BUTTON_BURNED,28,49,26,
0.9,43,bot4,,,BUTTON_BURNED,28,49,26,10
0.9,48,bot1,,,SUCCESS,17,17,37,
0.9,48,bot2,,,SUCCESS,17,17,37,
0.9,48,bot3,,,SUCCESS,17,17,37,
0.9,48,bot4,,,SUCCESS,17,17,37,
0.9,49,bot1,,,SUCCESS,3,3,29,
0.9,49,bot2,,,SUCCESS,3,3,29,
0.9,49,bot3,,,SUCCESS,3,3,29,
0.9,49,bot4,,,SUCCESS,3,3,29,
0.9,50,bot1,,,SUCCESS,32,32,48,
0.9,50,bot2,,,SUCCESS,32,32,48,
0.9,50,bot3,,,SUCCESS,32,32,48,
0.9,50,bot4,,,SUCCESS,32,32,48,
0.9,51,bot1,,,SUCCESS,31,31,40,
0.9,51,bot2,,,SUCCESS,31,31,40,
0.9,51,bot3,,,SUCCESS,31,31,40,
0.9,51,bot4,,,SUCCESS,31,31,40,
0.9,36,bot1,,,SUCCESS,19,19,39,
0.9,36,bot2,,,SUCCESS,19,19,39,
0.9,36,bot3,,,SUCCESS,19,19,39,
0.9,36,bot4,,,SUCCESS,19,19,39,
0.9,37,bot1,,,BURNED,28,54,26,
0.9,37,bot2,,,GAVE_UP,22,54,26,
0.9,37,bot3,,,GAVE_UP,22,54,26,
0.9,37,bot4,,,GAVE_UP,22,54,26,3
0.9,38,bot1,,,BURNED,29,37,35,
0.9,38,bot2,,,BURNED,29,37,35,
0.9,38,bot3,,,GAVE_UP,29,37,35,
0.9,38,bot4,,,GAVE_UP,29,37,35,10
0.9,39,bot1,,,BURNED,39,60,46,
0.9,39,bot2,,,GAVE_UP,44,60,46,
0.9,39,bot3,,,GAVE_UP,44,60,46,
0.9,39,bot4,,,GAVE_UP,44,60,46,25
0.9,16,bot1,,,SUCCESS,35,35,57,
0.9,16,bot2,,,SUCCESS,35,35,57,
0.9,16,bot3,,,SUCCESS,35,35,57,
0.9,16,bot4,,,SUCCESS,35,35,57,
0.9,17,bot1,,,SUCCESS,19,19,22,
0.9,17,bot2,,,SUCCESS,19,19,22,
0.9,17,bot3,,,SUCCESS,19,19,22,
0.9,17,bot4,,,SUCCESS,19,19,22,
0.9,18,bot1,,,SUCCESS,64,64,58,
0.9,18,bot2,,,SUCCESS,64,64,58,
0.9,18,bot3,,,SUCCESS,64,64,58,
0.9,18,bot4,,,SUCCESS,64,64,58,
0.9,19,bot1,,,BURNED,33,49,33,
0.9,19,bot2,,,GAVE_UP,35,49,33,
0.9,19,bot3,,,GAVE_UP,35,49,33,
0.9,19,bot4,,,GAVE_UP,35,49,33,17
0.9,56,bot1,,,BUTTON_BURNED,8,54,7,
0.9,56,bot2,,,BUTTON_BURNED,8,54,7,
0.9,56,bot3,,,BUTTON_BURNED,8,54,7,
0.9,56,bot4,,,BUTTON_BURNED,8,54,7,1
0.9,57,bot1,,,SUCCESS,20,20,26,
0.9,57,bot2,,,SUCCESS,20,20,26,
0.9,57,bot3,,,SUCCESS,20,20,26,
0.9,57,bot4,,,SUCCESS,20,20,26,
0.9,58,bot1,,,BUTTON_BURNED,13,47,12,
0.9,58,bot2,,,GAVE_UP,12,47,12,
0.9,58,bot3,,,GAVE_UP,12,47,12,
0.9,58,bot4,,,GAVE_UP,12,47,12,9
0.9,59,bot1,,,BURNED,16,52,44,
0.9,59,bot2,,,BURNED,16,52,44,
0.9,59,bot3,,,GAVE_UP,19,52,44,
0.9,59,bot4,,,GAVE_UP,22,52,44,5
0.9,60,bot1,,,SUCCESS,38,38,48,
0.9,60,bot2,,,SUCCESS,38,38,48,
0.9,60,bot3,,,SUCCESS,38,38,48,
0.9,60,bot4,,,SUCCESS,38,38,48,
0.9,61,bot1,,,SUCCESS,11,11,36,
0.9,61,bot2,,,SUCCESS,11,11,36,
0.9,61,bot3,,,SUCCESS,11,11,36,
0.9,61,bot4,,,SUCCESS,11,11,36,
0.9,62,bot1,,,BURNED,12,24,14,
0.9,62,bot2,,,BUTTON_BURNED,16,24,14,
0.9,62,bot3,,,BUTTON_BURNED,16,24,14,
0.9,62,bot4,,,BUTTON_BURNED,16,24,14,1
0.9,63,bot1,,,BUTTON_BURNED,3,28,3,
0.9,63,bot2,,,BUTTON_BURNED,3,28,3,
0.9,63,bot3,,,BUTTON_BURNED,3,28,3,
0.9,63,bot4,,,BUTTON_BURNED,3,28,3,3
0.9,52,bot1,,,SUCCESS,25,25,27,
0.9,52,bot2,,,SUCCESS,25,25,27,
0.9,52,bot3,,,SUCCESS,25,25,27,
0.9,52,bot4,,,SUCCESS,25,25,27,
0.9,53,bot1,,,SUCCESS,36,36,39,
0.9,53,bot2,,,SUCCESS,36,36,39,
0.9,53,bot3,,,SUCCESS,36,36,39,
0.9,53,bot4,,,SUCCESS,36,36,39,
0.9,54,bot1,,,BURNED,44,51,39,
0.9,54,bot2,,,BURNED,44,51,39,
0.9,54,bot3,,,GAVE_UP,46,51,39,
0.9,54,bot4,,,BURNED,44,51,39,26
0.9,55,bot1,,,SUCCESS,5,5,31,
0.9,55,bot2,,,SUCCESS,5,5,31,
0.9,55,bot3,,,SUCCESS,5,5,31,
0.9,55,bot4,,,SUCCESS,5,5,31,
0.9,44,bot1,,,SUCCESS,49,49,51,
0.9,44,bot2,,,SUCCESS,49,49,51,
0.9,44,bot3,,,SUCCESS,49,49,51,
0.9,44,bot4,,,SUCCESS,49,49,51,
0.9,45,bot1,,,SUCCESS,34,34,37,
0.9,45,bot2,,,SUCCESS,34,34,37,
0.9,45,bot3,,,SUCCESS,34,34,37,
0.9,45,bot4,,,SUCCESS,34,34,37,
0.9,46,bot1,,,SUCCESS,22,22,33,
0.9,46,bot2,,,SUCCESS,22,22,33,
0.9,46,bot3,,,SUCCESS,22,22,33,
0.9,46,bot4,,,SUCCESS,22,22,33,
0.9,47,bot1,,,BURNED,25,48,25,
0.9,47,bot2,,,GAVE_UP,25,48,25,
0.9,47,bot3,,,GAVE_UP,25,48,25,
0.9,47,bot4,,,GAVE_UP,25,48,25,1
0.9,68,bot1,,,SUCCESS,3,3,13,
0.9,68,bot2,,,SUCCESS,3,3,13,
0.9,68,bot3,,,SUCCESS,3,3,13,
0.9,68,bot4,,,SUCCESS,3,3,13,
0.9,69,bot1,,,BURNED,23,24,24,
0.9,69,bot2,,,BURNED,23,24,24,
0.9,69,bot3,,,BURNED,23,24,24,
0.9,69,bot4,,,BURNED,23,24,24,
0.9,70,bot1,,,SUCCESS,24,24,23,
0.9,70,bot2,,,SUCCESS,24,24,23,
0.9,70,bot3,,,SUCCESS,24,24,23,
0.9,70,bot4,,,SUCCESS,24,24,23,
0.9,71,bot1,,,BUTTON_BURNED,14,46,13,
0.9,71,bot2,,,GAVE_UP,12,46,13,
0.9,71,bot3,,,GAVE_UP,12,46,13,
0.9,71,bot4,,,GAVE_UP,12,46,13,1
0.9,76,bot1,,,SUCCESS,39,39,50,
0.9,76,bot2,,,SUCCESS,39,39,50,
0.9,76,bot3,,,SUCCESS,39,39,50,
0.9,76,bot4,,,SUCCESS,39,39,50,
0.9,77,bot1,,,BUTTON_BURNED,6,34,6,
0.9,77,bot2,,,BUTTON_BURNED,6,34,6,
0.9,77,bot3,,,BUTTON_BURNED,6,34,6,
0.9,77,bot4,,,BUTTON_BURNED,6,34,6,1
0.9,78,bot1,,,BURNED,8,51,48,
0.9,78,bot2,,,GAVE_UP,29,51,48,
0.9,78,bot3,,,GAVE_UP,29,51,48,
0.9,78,bot4,,,GAVE_UP,29,51,48,11
0.9,79,bot1,,,BUTTON_BURNED,11,18,10,
0.9,79,bot2,,,BUTTON_BURNED,11,18,10,
0.9,79,bot3,,,BUTTON_BURNED,11,18,10,
0.9,79,bot4,,,BUTTON_BURNED,11,18,10,
0.9,64,bot1,,,SUCCESS,56,56,60,
0.9,64,bot2,,,SUCCESS,56,56,60,
0.9,64,bot3,,,SUCCESS,56,56,60,
0.9,64,bot4,,,SUCCESS,56,56,60,
0.9,65,bot1,,,SUCCESS,2,2,58,
0.9,65,bot2,,,SUCCESS,2,2,58,
0.9,65,bot3,,,SUCCESS,2,2,58,
0.9,65,bot4,,,SUCCESS,2,2,58,
0.9,66,bot1,,,BUTTON_BURNED,32,48,28,
0.9,66,bot2,,,GAVE_UP,22,48,28,
0.9,66,bot3,,,GAVE_UP,22,48,28,
0.9,66,bot4,,,GAVE_UP,22,48,28,
0.9,67,bot1,,,SUCCESS,27,27,61,
0.9,67,bot2,,,SUCCESS,27,27,61,
0.9,67,bot3,,,SUCCESS,27,27,61,
0.9,67,bot4,,,SUCCESS,27,27,61,
0.9,84,bot1,,,BUTTON_BURNED,15,40,14,
0.9,84,bot2,,,BUTTON_BURNED,15,40,14,
0.9,84,bot3,,,BUTTON_BURNED,15,40,14,
0.9,84,bot4,,,BUTTON_BURNED,15,40,14,
0.9,85,bot1,,,SUCCESS,29,29,47,
0.9,85,bot2,,,SUCCESS,29,29,47,
0.9,85,bot3,,,SUCCESS,29,29,47,
0.9,85,bot4,,,SUCCESS,29,29,47,
0.9,86,bot1,,,SUCCESS,16,16,47,
0.9,86,bot2,,,SUCCESS,16,16,47,
0.9,86,bot3,,,SUCCESS,16,16,47,
0.9,86,bot4,,,SUCCESS,16,16,47,
0.9,87,bot1,,,SUCCESS,40,40,38,
0.9,87,bot2,,,SUCCESS,40,40,38,
0.9,87,bot3,,,SUCCESS,40,40,38,
0.9,87,bot4,,,SUCCESS,40,40,38,
0.9,96,bot1,,,BUTTON_BURNED,22,53,20,
0.9,96,bot2,,,GAVE_UP,13,53,20,
0.9,96,bot3,,,GAVE_UP,13,53,20,
0.9,96,bot4,,,GAVE_UP,13,53,20,3
0.9,97,bot1,,,SUCCESS,13,13,14,
0.9,97,bot2,,,SUCCESS,13,13,14,
0.9,97,bot3,,,SUCCESS,13,13,14,
0.9,97,bot4,,,SUCCESS,13,13,14,
0.9,98,bot1,,,SUCCESS,28,28,27,
0.9,98,bot2,,,SUCCESS,28,28,27,
0.9,98,bot3,,,SUCCESS,28,28,27,
0.9,98,bot4,,,SUCCESS,28,28,27,
0.9,99,bot1,,,SUCCESS,26,26,52,
0.9,99,bot2,,,SUCCESS,26,26,52,
0.9,99,bot3,,,SUCCESS,26,26,52,
0.9,99,bot4,,,SUCCESS,26,26,52,
0.9,72,bot1,,,BUTTON_BURNED,22,30,22,
0.9,72,bot2,,,BUTTON_BURNED,22,30,22,
0.9,72,bot3,,,BUTTON_BURNED,22,30,22,
0.9,72,bot4,,,BUTTON_BURNED,22,30,22,6
0.9,73,bot1,,,SUCCESS,45,45,62,
0.9,73,bot2,,,SUCCESS,45,45,62,
0.9,73,bot3,,,SUCCESS,45,45,62,
0.9,73,bot4,,,SUCCESS,45,45,62,
0.9,74,bot1,,,SUCCESS,30,30,43,
0.9,74,bot2,,,SUCCESS,30,30,43,
0.9,74,bot3,,,SUCCESS,30,30,43,
0.9,74,bot4,,,SUCCESS,30,30,43,
0.9,75,bot1,,,BURNED,22,31,21,
0.9,75,bot2,,,BURNED,22,31,21,
0.9,75,bot3,,,BUTTON_BURNED,23,31,21,
0.9,75,bot4,,,BURNED,22,31,21,5
0.9,88,bot1,,,BUTTON_BURNED,15,55,13,
0.9,88,bot2,,,BUTTON_BURNED,15,55,13,
0.9,88,bot3,,,BUTTON_BURNED,15,55,13,
0.9,88,bot4,,,BUTTON_BURNED,15,55,13,1
0.9,89,bot1,,,BURNED,15,50,32,
0.9,89,bot2,,,GAVE_UP,21,50,32,
0.9,89,bot3,,,GAVE_UP,21,50,32,
0.9,89,bot4,,,GAVE_UP,21,50,32,1
0.9,90,bot1,,,BURNED,15,51,40,
0.9,90,bot2,,,GAVE_UP,20,51,40,
0.9,90,bot3,,,GAVE_UP,20,51,40,
0.9,90,bot4,,,GAVE_UP,20,51,40,1
0.9,91,bot1,,,SUCCESS,23,23,48,
0.9,91,bot2,,,SUCCESS,23,23,48,
0.9,91,bot3,,,SUCCESS,23,23,48,
0.9,91,bot4,,,SUCCESS,23,23,48,
0.9,80,bot1,,,BURNED,31,57,31,
0.9,80,bot2,,,BUTTON_BURNED,33,57,31,
0.9,80,bot3,,,BUTTON_BURNED,33,57,31,
0.9,80,bot4,,,BUTTON_BURNED,33,57,31,15
0.9,81,bot1,,,SUCCESS,43,43,56,
0.9,81,bot2,,,SUCCESS,43,43,56,
0.9,81,bot3,,,SUCCESS,43,43,56,
0.9,81,bot4,,,SUCCESS,43,43,56,
0.9,82,bot1,,,BUTTON_BURNED,20,43,19,
0.9,82,bot2,,,GAVE_UP,19,43,19,
0.9,82,bot3,,,GAVE_UP,19,43,19,
0.9,82,bot4,,,GAVE_UP,19,43,19,
0.9,83,bot1,,,BURNED,9,43,39,
0.9,83,bot2,,,BURNED,9,43,39,
0.9,83,bot3,,,GAVE_UP,32,43,39,
0.9,83,bot4,,,BURNED,37,43,39,9
0.9,92,bot1,,,BURNED,7,46,37,
0.9,92,bot2,,,GAVE_UP,19,46,37,
0.9,92,bot3,,,GAVE_UP,19,46,37,
0.9,92,bot4,,,GAVE_UP,19,46,37,3
0.9,93,bot1,,,SUCCESS,38,38,42,
0.9,93,bot2,,,SUCCESS,38,38,42,
0.9,93,bot3,,,SUCCESS,38,38,42,
0.9,93,bot4,,,SUCCESS,38,38,42,
0.9,94,bot1,,,SUCCESS,21,21,30,
0.9,94,bot2,,,SUCCESS,21,21,30,
0.9,94,bot3,,,SUCCESS,21,21,30,
0.9,94,bot4,,,SUCCESS,21,21,30,
0.9,95,bot1,,,BURNED,28,46,38,
0.9,95,bot2,,,GAVE_UP,25,46,38,
0.9,95,bot3,,,GAVE_UP,25,46,38,
0.9,95,bot4,,,GAVE_UP,25,46,38,
0.9,100,bot1,,,BURNED,16,36,16,
0.9,100,bot2,,,BUTTON_BURNED,18,36,16,
0.9,100,bot3,,,BUTTON_BURNED,18,36,16,
0.9,100,bot4,,,BUTTON_BURNED,18,36,16,1
0.9,101,bot1,,,SUCCESS,46,46,47,
0.9,101,bot2,,,SUCCESS,46,46,47,
0.9,101,bot3,,,SUCCESS,46,46,47,
0.9,101,bot4,,,SUCCESS,46,46,47,
0.9,102,bot1,,,BURNED,14,48,38,
0.9,102,bot2,,,BURNED,14,48,38,
0.9,102,bot3,,,GAVE_UP,20,48,38,
0.9,102,bot4,,,BURNED,14,48,38,2
0.9,103,bot1,,,BUTTON_BURNED,9,68,9,
0.9,103,bot2,,,GAVE_UP,8,68,9,
0.9,103,bot3,,,GAVE_UP,8,68,9,
0.9,103,bot4,,,GAVE_UP,8,68,9,1
0.9,108,bot1,,,BURNED,11,47,45,
0.9,108,bot2,,,BURNED,11,47,45,
0.9,108,bot3,,,BURNED,11,47,45,
0.9,108,bot4,,,BURNED,11,47,45,1
0.9,109,bot1,,,SUCCESS,5,5,18,
0.9,109,bot2,,,SUCCESS,5,5,18,
0.9,109,bot3,,,SUCCESS,5,5,18,
0.9,109,bot4,,,SUCCESS,5,5,18,
0.9,110,bot1,,,SUCCESS,28,28,39,
0.9,110,bot2,,,SUCCESS,28,28,39,
0.9,110,bot3,,,SUCCESS,28,28,39,
0.9,110,bot4,,,SUCCESS,28,28,39,
0.9,111,bot1,,,BURNED,15,57,31,
0.9,111,bot2,,,GAVE_UP,19,57,31,
0.9,111,bot3,,,GAVE_UP,19,57,31,
0.9,111,bot4,,,GAVE_UP,19,57,31,6
0.9,120,bot1,,,BURNED,11,46,32,
0.9,120,bot2,,,GAVE_UP,24,46,32,
0.9,120,bot3,,,GAVE_UP,24,46,32,
0.9,120,bot4,,,GAVE_UP,24,46,32,6
0.9,121,bot1,,,BURNED,18,27,19,
0.9,121,bot2,,,GAVE_UP,17,27,19,
0.9,121,bot3,,,GAVE_UP,17,27,19,
0.9,121,bot4,,,GAVE_UP,17,27,19,
0.9,122,bot1,,,SUCCESS,7,7,56,
0.9,122,bot2,,,SUCCESS,7,7,56,
0.9,122,bot3,,,SUCCESS,7,7,56,
0.9,122,bot4,,,SUCCESS,7,7,56,
0.9,123,bot1,,,SUCCESS,31,31,35,
0.9,123,bot2,,,SUCCESS,31,31,35,
0.9,123,bot3,,,SUCCESS,31,31,35,
0.9,123,bot4,,,SUCCESS,31,31,35,
0.9,104,bot1,,,SUCCESS,24,24,32,
0.9,104,bot2,,,SUCCESS,24,24,32,
0.9,104,bot3,,,SUCCESS,24,24,32,
0.9,104,bot4,,,SUCCESS,24,24,32,
0.9,105,bot1,,,BURNED,28,47,33,
0.9,105,bot2,,,BURNED,37,47,33,
0.9,105,bot3,,,BURNED,37,47,33,
0.9,105,bot4,,,BURNED,37,47,33,19
0.9,106,bot1,,,BUTTON_BURNED,10,41,10,
0.9,106,bot2,,,BUTTON_BURNED,10,41,10,
0.9,106,bot3,,,BUTTON_BURNED,10,41,10,
0.9,106,bot4,,,BUTTON_BURNED,10,41,10,1
0.9,107,bot1,,,BURNED,10,40,24,
0.9,107,bot2,,,GAVE_UP,18,40,24,
0.9,107,bot3,,,GAVE_UP,18,40,24,
0.9,107,bot4,,,GAVE_UP,18,40,24,1
0.9,124,bot1,,,SUCCESS,17,17,36,
0.9,124,bot2,,,SUCCESS,17,17,36,
0.9,124,bot3,,,SUCCESS,17,17,36,
0.9,124,bot4,,,SUCCESS,17,17,36,
0.9,125,bot1,,,BURNED,18,31,28,
0.9,125,bot2,,,BURNED,30,31,28,
0.9,125,bot3,,,BURNED,30,31,28,
0.9,125,bot4,,,BURNED,30,31,28,12
0.9,126,bot1,,,BURNED,8,39,37,
0.9,126,bot2,,,GAVE_UP,12,39,37,
0.9,126,bot3,,,GAVE_UP,12,39,37,
0.9,126,bot4,,,GAVE_UP,12,39,37,1
0.9,127,bot1,,,BUTTON_BURNED,11,28,11,
0.9,127,bot2,,,GAVE_UP,10,28,11,
0.9,127,bot3,,,GAVE_UP,10,28,11,
0.9,127,bot4,,,GAVE_UP,10,28,11,
0.9,112,bot1,,,SUCCESS,7,7,9,
0.9,112,bot2,,,SUCCESS,7,7,9,
0.9,112,bot3,,,SUCCESS,7,7,9,
0.9,112,bot4,,,SUCCESS,7,7,9,
0.9,113,bot1,,,BUTTON_BURNED,13,23,13,
0.9,113,bot2,,,BUTTON_BURNED,13,23,13,
0.9,113,bot3,,,BUTTON_BURNED,13,23,13,
0.9,113,bot4,,,BUTTON_BURNED,13,23,13,
0.9,114,bot1,,,SUCCESS,27,27,31,
0.9,114,bot2,,,SUCCESS,27,27,31,
0.9,114,bot3,,,SUCCESS,27,27,31,
0.9,114,bot4,,,SUCCESS,27,27,31,
0.9,115,bot1,,,SUCCESS,48,48,49,
0.9,115,bot2,,,SUCCESS,48,48,49,
0.9,115,bot3,,,SUCCESS,48,48,49,
0.9,115,bot4,,,SUCCESS,48,48,49,
0.9,148,bot1,,,BURNED,23,33,29,
0.9,148,bot2,,,BURNED,23,33,29,
0.9,148,bot3,,,BURNED,23,33,29,
0.9,148,bot4,,,BURNED,23,33,29,4
0.9,149,bot1,,,SUCCESS,1,1,30,
0.9,149,bot2,,,SUCCESS,1,1,30,
0.9,149,bot3,,,SUCCESS,1,1,30,
0.9,149,bot4,,,SUCCESS,1,1,30,
0.9,150,bot1,,,SUCCESS,9,9,39,
0.9,150,bot2,,,SUCCESS,9,9,39,
0.9,150,bot3,,,SUCCESS,9,9,39,
0.9,150,bot4,,,SUCCESS,9,9,39,
0.9,151,bot1,,,SUCCESS,22,22,32,
0.9,151,bot2,,,SUCCESS,22,22,32,
0.9,151,bot3,,,SUCCESS,22,22,32,
0.9,151,bot4,,,SUCCESS,22,22,32,
0.9,136,bot1,,,BURNED,3,47,47,
0.9,136,bot2,,,BURNED,3,47,47,
0.9,136,bot3,,,GAVE_UP,18,47,47,
0.9,136,bot4,,,BURNED,29,47,47,16
0.9,137,bot1,,,BURNED,15,33,15,
0.9,137,bot2,,,BUTTON_BURNED,15,33,15,
0.9,137,bot3,,,BUTTON_BURNED,15,33,15,
0.9,137,bot4,,,BUTTON_BURNED,15,33,15,1
0.9,138,bot1,,,SUCCESS,20,20,57,
0.9,138,bot2,,,SUCCESS,20,20,57,
0.9,138,bot3,,,SUCCESS,20,20,57,
0.9,138,bot4,,,SUCCESS,20,20,57,
0.9,139,bot1,,,SUCCESS,41,41,45,
0.9,139,bot2,,,SUCCESS,41,41,45,
0.9,139,bot3,,,SUCCESS,41,41,45,
0.9,139,bot4,,,SUCCESS,41,41,45,
0.9,128,bot1,,,SUCCESS,39,39,35,
0.9,128,bot2,,,SUCCESS,39,39,35,
0.9,128,bot3,,,SUCCESS,39,39,35,
0.9,128,bot4,,,SUCCESS,39,39,35,
0.9,129,bot1,,,BUTTON_BURNED,4,56,4,
0.9,129,bot2,,,BUTTON_BURNED,4,56,4,
0.9,129,bot3,,,BUTTON_BURNED,4,56,4,
0.9,129,bot4,,,BUTTON_BURNED,4,56,4,1
0.9,130,bot1,,,SUCCESS,41,41,46,
0.9,130,bot2,,,SUCCESS,41,41,46,
0.9,130,bot3,,,SUCCESS,41,41,46,
0.9,130,bot4,,,SUCCESS,41,41,46,
0.9,131,bot1,,,BUTTON_BURNED,27,34,22,
0.9,131,bot2,,,BUTTON_BURNED,27,34,22,
0.9,131,bot3,,,BUTTON_BURNED,27,34,22,
0.9,131,bot4,,,BUTTON_BURNED,27,34,22,
0.9,132,bot1,,,BURNED,38,44,35,
0.9,132,bot2,,,GAVE_UP,37,44,35,
0.9,132,bot3,,,GAVE_UP,37,44,35,
0.9,132,bot4,,,GAVE_UP,37,44,35,
0.9,133,bot1,,,BURNED,45,53,49,
0.9,133,bot2,,,BURNED,47,53,49,
0.9,133,bot3,,,BURNED,47,53,49,
0.9,133,bot4,,,BURNED,47,53,49,
0.9,134,bot1,,,SUCCESS,15,15,39,
0.9,134,bot2,,,SUCCESS,15,15,39,
0.9,134,bot3,,,SUCCESS,15,15,39,
0.9,134,bot4,,,SUCCESS,15,15,39,
0.9,135,bot1,,,SUCCESS,9,9,29,
0.9,135,bot2,,,SUCCESS,9,9,29,
0.9,135,bot3,,,SUCCESS,9,9,29,
0.9,135,bot4,,,SUCCESS,9,9,29,
0.9,140,bot1,,,BURNED,9,35,19,
0.9,140,bot2,,,GAVE_UP,20,35,19,
0.9,140,bot3,,,GAVE_UP,20,35,19,
0.9,140,bot4,,,GAVE_UP,20,35,19,1
0.9,141,bot1,,,SUCCESS,20,20,29,
0.9,141,bot2,,,SUCCESS,20,20,29,
0.9,141,bot3,,,SUCCESS,20,20,29,
0.9,141,bot4,,,SUCCESS,20,20,29,
0.9,142,bot1,,,SUCCESS,6,6,10,
0.9,142,bot2,,,SUCCESS,6,6,10,
0.9,142,bot3,,,SUCCESS,6,6,10,
0.9,142,bot4,,,SUCCESS,6,6,10,
0.9,143,bot1,,,SUCCESS,32,32,37,
0.9,143,bot2,,,SUCCESS,32,32,37,
0.9,143,bot3,,,SUCCESS,32,32,37,
0.9,143,bot4,,,SUCCESS,32,32,37,
0.9,152,bot1,,,BURNED,35,63,36,
0.9,152,bot2,,,GAVE_UP,34,63,36,
0.9,152,bot3,,,GAVE_UP,34,63,36,
0.9,152,bot4,,,GAVE_UP,34,63,36,17
0.9,153,bot1,,,BUTTON_BURNED,5,30,5,
0.9,153,bot2,,,BUTTON_BURNED,5,30,5,
0.9,153,bot3,,,BUTTON_BURNED,5,30,5,
0.9,153,bot4,,,BUTTON_BURNED,5,30,5,
0.9,154,bot1,,,BUTTON_BURNED,8,56,8,
0.9,154,bot2,,,GAVE_UP,7,56,8,
0.9,154,bot3,,,GAVE_UP,7,56,8,
0.9,154,bot4,,,GAVE_UP,7,56,8,1
0.9,155,bot1,,,SUCCESS,15,15,20,
0.9,155,bot2,,,SUCCESS,15,15,20,
0.9,155,bot3,,,SUCCESS,15,15,20,
0.9,155,bot4,,,SUCCESS,15,15,20,
0.9,160,bot1,,,SUCCESS,19,19,38,
0.9,160,bot2,,,SUCCESS,19,19,38,
0.9,160,bot3,,,SUCCESS,19,19,38,
0.9,160,bot4,,,SUCCESS,19,19,38,
0.9,161,bot1,,,BUTTON_BURNED,10,16,10,
0.9,161,bot2,,,BUTTON_BURNED,10,16,10,
0.9,161,bot3,,,BUTTON_BURNED,10,16,10,
0.9,161,bot4,,,BUTTON_BURNED,10,16,10,
0.9,162,bot1,,,SUCCESS,3,3,15,
0.9,162,bot2,,,SUCCESS,3,3,15,
0.9,162,bot3,,,SUCCESS,3,3,15,
0.9,162,bot4,,,SUCCESS,3,3,15,
0.9,163,bot1,,,SUCCESS,11,11,55,
0.9,163,bot2,,,SUCCESS,11,11,55,
0.9,163,bot3,,,SUCCESS,11,11,55,
0.9,163,bot4,,,SUCCESS,11,11,55,
0.9,144,bot1,,,BUTTON_BURNED,5,29,5,
0.9,144,bot2,,,BUTTON_BURNED,5,29,5,
0.9,144,bot3,,,BUTTON_BURNED,5,29,5,
0.9,144,bot4,,,BUTTON_BURNED,5,29,5,4
0.9,145,bot1,,,BUTTON_BURNED,38,49,37,
0.9,145,bot2,,,BUTTON_BURNED,38,49,37,
0.9,145,bot3,,,BUTTON_BURNED,38,49,37,
0.9,145,bot4,,,BUTTON_BURNED,38,49,37,21
0.9,146,bot1,,,SUCCESS,29,29,51,
0.9,146,bot2,,,SUCCESS,29,29,51,
0.9,146,bot3,,,SUCCESS,29,29,51,
0.9,146,bot4,,,SUCCESS,29,29,51,
0.9,147,bot1,,,SUCCESS,11,11,33,
0.9,147,bot2,,,SUCCESS,11,11,33,
0.9,147,bot3,,,SUCCESS,11,11,33,
0.9,147,bot4,,,SUCCESS,11,11,33,
0.9,116,bot1,,,SUCCESS,9,9,34,
0.9,116,bot2,,,SUCCESS,9,9,34,
0.9,116,bot3,,,SUCCESS,9,9,34,
0.9,116,bot4,,,SUCCESS,9,9,34,
0.9,117,bot1,,,SUCCESS,31,31,39,
0.9,117,bot2,,,SUCCESS,31,31,39,
0.9,117,bot3,,,SUCCESS,31,31,39,
0.9,117,bot4,,,SUCCESS,31,31,39,
0.9,118,bot1,,,BURNED,34,37,31,
0.9,118,bot2,,,GAVE_UP,33,37,31,
0.9,118,bot3,,,GAVE_UP,33,37,31,
0.9,118,bot4,,,BUTTON_BURNED,34,37,31,
0.9,119,bot1,,,SUCCESS,65,65,59,
0.9,119,bot2,,,SUCCESS,65,65,59,
0.9,119,bot3,,,SUCCESS,65,65,59,
0.9,119,bot4,,,SUCCESS,65,65,59,
0.9,156,bot1,,,BUTTON_BURNED,7,28,7,
0.9,156,bot2,,,BUTTON_BURNED,7,28,7,
0.9,156,bot3,,,BUTTON_BURNED,7,28,7,
0.9,156,bot4,,,BUTTON_BURNED,7,28,7,4
0.9,157,bot1,,,SUCCESS,12,12,40,
0.9,157,bot2,,,SUCCESS,12,12,40,
0.9,157,bot3,,,SUCCESS,12,12,40,
0.9,157,bot4,,,SUCCESS,12,12,40,
0.9,158,bot1,,,BURNED,9,33,31,
0.9,158,bot2,,,BURNED,23,33,31,
0.9,158,bot3,,,GAVE_UP,27,33,31,
0.9,158,bot4,,,BURNED,23,33,31,1
0.9,159,bot1,,,BURNED,9,40,25,
0.9,159,bot2,,,GAVE_UP,21,40,25,
0.9,159,bot3,,,GAVE_UP,21,40,25,
0.9,159,bot4,,,GAVE_UP,21,40,25,4
0.9,176,bot1,,,BUTTON_BURNED,12,46,12,
0.9,176,bot2,,,GAVE_UP,8,46,12,
0.9,176,bot3,,,GAVE_UP,8,46,12,
0.9,176,bot4,,,GAVE_UP,8,46,12,1
0.9,177,bot1,,,BURNED,12,29,28,
0.9,177,bot2,,,GAVE_UP,11,29,28,
0.9,177,bot3,,,GAVE_UP,11,29,28,
0.9,177,bot4,,,GAVE_UP,11,29,28,1
0.9,178,bot1,,,SUCCESS,1,1,30,
0.9,178,bot2,,,SUCCESS,1,1,30,
0.9,178,bot3,,,SUCCESS,1,1,30,
0.9,178,bot4,,,SUCCESS,1,1,30,
0.9,179,bot1,,,SUCCESS,19,19,42,
0.9,179,bot2,,,SUCCESS,19,19,42,
0.9,179,bot3,,,SUCCESS,19,19,42,
0.9,179,bot4,,,SUCCESS,19,19,42,
0.9,164,bot1,,,SUCCESS,30,30,35,
0.9,164,bot2,,,SUCCESS,30,30,35,
0.9,164,bot3,,,SUCCESS,30,30,35,
0.9,164,bot4,,,SUCCESS,30,30,35,
0.9,165,bot1,,,SUCCESS,23,23,42,
0.9,165,bot2,,,SUCCESS,23,23,42,
0.9,165,bot3,,,SUCCESS,23,23,42,
0.9,165,bot4,,,SUCCESS,23,23,42,
0.9,166,bot1,,,SUCCESS,6,6,18,
0.9,166,bot2,,,SUCCESS,6,6,18,
0.9,166,bot3,,,SUCCESS,6,6,18,
0.9,166,bot4,,,SUCCESS,6,6,18,
0.9,167,bot1,,,SUCCESS,30,30,32,
0.9,167,bot2,,,SUCCESS,30,30,32,
0.9,167,bot3,,,SUCCESS,30,30,32,
0.9,167,bot4,,,SUCCESS,30,30,32,
0.9,184,bot1,,,BURNED,15,47,27,
0.9,184,bot2,,,GAVE_UP,18,47,27,
0.9,184,bot3,,,GAVE_UP,18,47,27,
0.9,184,bot4,,,GAVE_UP,18,47,27,1
0.9,185,bot1,,,BURNED,7,10,9,
0.9,185,bot2,,,GAVE_UP,5,10,9,
0.9,185,bot3,,,GAVE_UP,5,10,9,
0.9,185,bot4,,,GAVE_UP,5,10,9,
0.9,186,bot1,,,BUTTON_BURNED,3,46,3,
0.9,186,bot2,,,GAVE_UP,2,46,3,
0.9,186,bot3,,,GAVE_UP,2,46,3,
0.9,186,bot4,,,GAVE_UP,2,46,3,1
0.9,187,bot1,,,SUCCESS,32,32,48,
0.9,187,bot2,,,SUCCESS,32,32,48,
0.9,187,bot3,,,SUCCESS,32,32,48,
0.9,187,bot4,,,SUCCESS,32,32,48,
0.9,172,bot1,,,BURNED,10,43,30,
0.9,172,bot2,,,GAVE_UP,23,43,30,
0.9,172,bot3,,,GAVE_UP,23,43,30,
0.9,172,bot4,,,GAVE_UP,23,43,30,1
0.9,173,bot1,,,BURNED,11,43,27,
0.9,173,bot2,,,BURNED,11,43,27,
0.9,173,bot3,,,GAVE_UP,24,43,27,
0.9,173,bot4,,,GAVE_UP,24,43,27,4
0.9,174,bot1,,,SUCCESS,12,12,23,
0.9,174,bot2,,,SUCCESS,12,12,23,
0.9,174,bot3,,,SUCCESS,12,12,23,
0.9,174,bot4,,,SUCCESS,12,12,23,
0.9,175,bot1,,,SUCCESS,18,18,19,
0.9,175,bot2,,,SUCCESS,18,18,19,
0.9,175,bot3,,,SUCCESS,18,18,19,
0.9,175,bot4,,,SUCCESS,18,18,19,
0.9,168,bot1,,,SUCCESS,9,9,19,
0.9,168,bot2,,,SUCCESS,9,9,19,
0.9,168,bot3,,,SUCCESS,9,9,19,
0.9,168,bot4,,,SUCCESS,9,9,19,
0.9,169,bot1,,,BUTTON_BURNED,21,30,20,
0.9,169,bot2,,,BUTTON_BURNED,21,30,20,
0.9,169,bot3,,,BUTTON_BURNED,21,30,20,
0.9,169,bot4,,,BUTTON_BURNED,21,30,20,
0.9,170,bot1,,,SUCCESS,11,11,33,
0.9,170,bot2,,,SUCCESS,11,11,33,
0.9,170,bot3,,,SUCCESS,11,11,33,
0.9,170,bot4,,,SUCCESS,11,11,33,
0.9,171,bot1,,,SUCCESS,42,42,40,
0.9,171,bot2,,,SUCCESS,42,42,40,
0.9,171,bot3,,,SUCCESS,42,42,40,
0.9,171,bot4,,,SUCCESS,42,42,40,
0.95,4,bot1,,,BURNED,9,41,26,
0.95,4,bot2,,,GAVE_UP,10,41,26,
0.95,4,bot3,,,GAVE_UP,10,41,26,
0.95,4,bot4,,,GAVE_UP,10,41,26,1
0.95,5,bot1,,,BUTTON_BURNED,19,24,19,
0.95,5,bot2,,,BUTTON_BURNED,19,24,19,
0.95,5,bot3,,,BUTTON_BURNED,19,24,19,
0.95,5,bot4,,,BUTTON_BURNED,19,24,19,
0.95,6,bot1,,,SUCCESS,5,5,19,
0.95,6,bot2,,,SUCCESS,5,5,19,
0.95,6,bot3,,,SUCCESS,5,5,19,
0.95,6,bot4,,,SUCCESS,5,5,19,
0.95,7,bot1,,,BURNED,6,27,20,
0.95,7,bot2,,,GAVE_UP,14,27,20,
0.95,7,bot3,,,GAVE_UP,17,27,20,
0.95,7,bot4,,,GAVE_UP,14,27,20,1
0.95,0,bot1,,,SUCCESS,17,17,39,
0.95,0,bot2,,,SUCCESS,17,17,39,
0.95,0,bot3,,,SUCCESS,17,17,39,
0.95,0,bot4,,,SUCCESS,17,17,39,
0.95,1,bot1,,,SUCCESS,14,14,68,
0.95,1,bot2,,,SUCCESS,14,14,68,
0.95,1,bot3,,,SUCCESS,14,14,68,
0.95,1,bot4,,,SUCCESS,14,14,68,
0.95,2,bot1,,,BUTTON_BURNED,29,35,29,
0.95,2,bot2,,,BUTTON_BURNED,29,35,29,
0.95,2,bot3,,,BUTTON_BURNED,29,35,29,
0.95,2,bot4,,,BUTTON_BURNED,29,35,29,
0.95,3,bot1,,,BURNED,22,24,22,
0.95,3,bot2,,,GAVE_UP,21,24,22,
0.95,3,bot3,,,GAVE_UP,21,24,22,
0.95,3,bot4,,,BUTTON_BURNED,23,24,22,4
0.9,180,bot1,,,BURNED,7,49,45,
0.9,180,bot2,,,GAVE_UP,8,49,45,
0.9,180,bot3,,,GAVE_UP,8,49,45,
0.9,180,bot4,,,GAVE_UP,8,49,45,1
0.9,181,bot1,,,SUCCESS,24,24,27,
0.9,181,bot2,,,SUCCESS,24,24,27,
0.9,181,bot3,,,SUCCESS,24,24,27,
0.9,181,bot4,,,SUCCESS,24,24,27,
0.9,182,bot1,,,SUCCESS,40,40,45,
0.9,182,bot2,,,SUCCESS,40,40,45,
0.9,182,bot3,,,SUCCESS,40,40,45,
0.9,182,bot4,,,SUCCESS,40,40,45,
0.9,183,bot1,,,BURNED,20,56,48,
0.9,183,bot2,,,BURNED,19,56,48,
0.9,183,bot3,,,GAVE_UP,33,56,48,
0.9,183,bot4,,,BUTTON_BURNED,51,56,48,32
0.9,192,bot1,,,SUCCESS,18,18,45,
0.9,192,bot2,,,SUCCESS,18,18,45,
0.9,192,bot3,,,SUCCESS,18,18,45,
0.9,192,bot4,,,SUCCESS,18,18,45,
0.9,193,bot1,,,BURNED,11,35,17,
0.9,193,bot2,,,BURNED,11,35,17,
0.9,193,bot3,,,GAVE_UP,13,35,17,
0.9,193,bot4,,,BURNED,11,35,17,1
0.9,194,bot1,,,SUCCESS,55,55,64,
0.9,194,bot2,,,SUCCESS,55,55,64,
0.9,194,bot3,,,SUCCESS,55,55,64,
0.9,194,bot4,,,SUCCESS,55,55,64,
0.9,195,bot1,,,BURNED,13,40,23,
0.9,195,bot2,,,BURNED,17,40,23,
0.9,195,bot3,,,BURNED,18,40,23,
0.9,195,bot4,,,BURNED,17,40,23,1
0.95,12,bot1,,,BUTTON_BURNED,25,30,24,
0.95,12,bot2,,,BUTTON_BURNED,25,30,24,
0.95,12,bot3,,,BUTTON_BURNED,25,30,24,
0.95,12,bot4,,,BUTTON_BURNED,25,30,24,
0.95,13,bot1,,,SUCCESS,16,16,62,
0.95,13,bot2,,,SUCCESS,16,16,62,
0.95,13,bot3,,,SUCCESS,16,16,62,
0.95,13,bot4,,,SUCCESS,16,16,62,
0.95,14,bot1,,,SUCCESS,28,28,49,
0.95,14,bot2,,,SUCCESS,28,28,49,
0.95,14,bot3,,,SUCCESS,28,28,49,
0.95,14,bot4,,,SUCCESS,28,28,49,
0.95,15,bot1,,,SUCCESS,13,13,30,
0.95,15,bot2,,,SUCCESS,13,13,30,
0.95,15,bot3,,,SUCCESS,13,13,30,
0.95,15,bot4,,,SUCCESS,13,13,30,
0.9,188,bot1,,,SUCCESS,23,23,45,
0.9,188,bot2,,,SUCCESS,23,23,45,
0.9,188,bot3,,,SUCCESS,23,23,45,
0.9,188,bot4,,,SUCCESS,23,23,45,
0.9,189,bot1,,,SUCCESS,25,25,54,
0.9,189,bot2,,,SUCCESS,25,25,54,
0.9,189,bot3,,,SUCCESS,25,25,54,
0.9,189,bot4,,,SUCCESS,25,25,54,
0.9,190,bot1,,,SUCCESS,48,48,55,
0.9,190,bot2,,,SUCCESS,48,48,55,
0.9,190,bot3,,,SUCCESS,48,48,55,
0.9,190,bot4,,,SUCCESS,48,48,55,
0.9,191,bot1,,,BUTTON_BURNED,33,40,31,
0.9,191,bot2,,,BUTTON_BURNED,33,40,31,
0.9,191,bot3,,,BUTTON_BURNED,33,40,31,
0.9,191,bot4,,,BUTTON_BURNED,33,40,31,
0.9,196,bot1,,,SUCCESS,15,15,30,
0.9,196,bot2,,,SUCCESS,15,15,30,
0.9,196,bot3,,,SUCCESS,15,15,30,
0.9,196,bot4,,,SUCCESS,15,15,30,
0.9,197,bot1,,,BURNED,8,51,38,
0.9,197,bot2,,,BURNED,26,51,38,
0.9,197,bot3,,,GAVE_UP,27,51,38,
0.9,197,bot4,,,BUTTON_BURNED,42,51,38,20
0.9,198,bot1,,,BUTTON_BURNED,28,65,25,
0.9,198,bot2,,,GAVE_UP,26,65,25,
0.9,198,bot3,,,GAVE_UP,26,65,25,
0.9,198,bot4,,,GAVE_UP,26,65,25,11
0.9,199,bot1,,,BUTTON_BURNED,26,52,24,
0.9,199,bot2,,,BUTTON_BURNED,26,52,24,
0.9,199,bot3,,,BUTTON_BURNED,26,52,24,
0.9,199,bot4,,,BUTTON_BURNED,26,52,24,
0.95,8,bot1,,,SUCCESS,25,25,43,
0.95,8,bot2,,,SUCCESS,25,25,43,
0.95,8,bot3,,,SUCCESS,25,25,43,
0.95,8,bot4,,,SUCCESS,25,25,43,
0.95,9,bot1,,,BURNED,10,39,20,
0.95,9,bot2,,,GAVE_UP,18,39,20,
0.95,9,bot3,,,GAVE_UP,18,39,20,
0.95,9,bot4,,,GAVE_UP,18,39,20,1
0.95,10,bot1,,,BURNED,30,41,33,
0.95,10,bot2,,,GAVE_UP,27,41,33,
0.95,10,bot3,,,GAVE_UP,27,41,33,
0.95,10,bot4,,,GAVE_UP,27,41,33,
0.95,11,bot1,,,BURNED,31,48,31,
0.95,11,bot2,,,BUTTON_BURNED,31,48,31,
0.95,11,bot3,,,BUTTON_BURNED,31,48,31,
0.95,11,bot4,,,BUTTON_BURNED,31,48,31,13
0.95,20,bot1,,,BUTTON_BURNED,17,43,16,
0.95,20,bot2,,,BUTTON_BURNED,17,43,16,
0.95,20,bot3,,,BUTTON_BURNED,17,43,16,
0.95,20,bot4,,,BUTTON_BURNED,17,43,16,1
0.95,21,bot1,,,SUCCESS,17,17,55,
0.95,21,bot2,,,SUCCESS,17,17,55,
0.95,21,bot3,,,SUCCESS,17,17,55,
0.95,21,bot4,,,SUCCESS,17,17,55,
0.95,22,bot1,,,SUCCESS,15,15,33,
0.95,22,bot2,,,SUCCESS,15,15,33,
0.95,22,bot3,,,SUCCESS,15,15,33,
0.95,22,bot4,,,SUCCESS,15,15,33,
0.95,23,bot1,,,SUCCESS,33,33,41,
0.95,23,bot2,,,SUCCESS,33,33,41,
0.95,23,bot3,,,SUCCESS,33,33,41,
0.95,23,bot4,,,SUCCESS,33,33,41,
0.95,32,bot1,,,SUCCESS,13,13,24,
0.95,32,bot2,,,SUCCESS,13,13,24,
0.95,32,bot3,,,SUCCESS,13,13,24,
0.95,32,bot4,,,SUCCESS,13,13,24,
0.95,33,bot1,,,BUTTON_BURNED,7,31,7,
0.95,33,bot2,,,BUTTON_BURNED,7,31,7,
0.95,33,bot3,,,BUTTON_BURNED,7,31,7,
0.95,33,bot4,,,BUTTON_BURNED,7,31,7,1
0.95,34,bot1,,,BUTTON_BURNED,9,39,9,
0.95,34,bot2,,,BUTTON_BURNED,9,39,9,
0.95,34,bot3,,,BUTTON_BURNED,9,39,9,
0.95,34,bot4,,,BUTTON_BURNED,9,39,9,
0.95,35,bot1,,,SUCCESS,38,38,45,
0.95,35,bot2,,,SUCCESS,38,38,45,
0.95,35,bot3,,,SUCCESS,38,38,45,
0.95,35,bot4,,,SUCCESS,38,38,45,
0.95,28,bot1,,,SUCCESS,20,20,23,
0.95,28,bot2,,,SUCCESS,20,20,23,
0.95,28,bot3,,,SUCCESS,20,20,23,
0.95,28,bot4,,,SUCCESS,20,20,23,
0.95,29,bot1,,,BUTTON_BURNED,7,41,7,
0.95,29,bot2,,,GAVE_UP,4,41,7,
0.95,29,bot3,,,GAVE_UP,4,41,7,
0.95,29,bot4,,,GAVE_UP,4,41,7,1
0.95,30,bot1,,,BUTTON_BURNED,14,41,14,
0.95,30,bot2,,,BUTTON_BURNED,14,41,14,
0.95,30,bot3,,,BUTTON_BURNED,14,41,14,
0.95,30,bot4,,,BUTTON_BURNED,14,41,14,
0.95,31,bot1,,,BURNED,34,68,44,
0.95,31,bot2,,,BURNED,45,68,44,
0.95,31,bot3,,,BUTTON_BURNED,45,68,44,
0.95,31,bot4,,,BUTTON_BURNED,45,68,44,26
0.95,24,bot1,,,BURNED,26,65,27,
0.95,24,bot2,,,BUTTON_BURNED,28,65,27,
0.95,24,bot3,,,BUTTON_BURNED,28,65,27,
0.95,24,bot4,,,BUTTON_BURNED,28,65,27,10
0.95,25,bot1,,,SUCCESS,36,36,49,
0.95,25,bot2,,,SUCCESS,36,36,49,
0.95,25,bot3,,,SUCCESS,36,36,49,
0.95,25,bot4,,,SUCCESS,36,36,49,
0.95,26,bot1,,,SUCCESS,22,22,59,
0.95,26,bot2,,,SUCCESS,22,22,59,
0.95,26,bot3,,,SUCCESS,22,22,59,
0.95,26,bot4,,,SUCCESS,22,22,59,
0.95,27,bot1,,,SUCCESS,23,23,41,
0.95,27,bot2,,,SUCCESS,23,23,41,
0.95,27,bot3,,,SUCCESS,23,23,41,
0.95,27,bot4,,,SUCCESS,23,23,41,
0.95,36,bot1,,,SUCCESS,19,19,39,
0.95,36,bot2,,,SUCCESS,19,19,39,
0.95,36,bot3,,,SUCCESS,19,19,39,
0.95,36,bot4,,,SUCCESS,19,19,39,
0.95,37,bot1,,,BURNED,27,54,26,
0.95,37,bot2,,,GAVE_UP,21,54,26,
0.95,37,bot3,,,GAVE_UP,21,54,26,
0.95,37,bot4,,,GAVE_UP,21,54,26,3
0.95,38,bot1,,,BURNED,10,37,35,
0.95,38,bot2,,,BURNED,10,37,35,
0.95,38,bot3,,,BURNED,16,37,35,
0.95,38,bot4,,,BURNED,16,37,35,9
0.95,39,bot1,,,BURNED,38,60,46,
0.95,39,bot2,,,GAVE_UP,39,60,46,
0.95,39,bot3,,,GAVE_UP,41,60,46,
0.95,39,bot4,,,GAVE_UP,39,60,46,22
0.95,40,bot1,,,BURNED,33,54,34,
0.95,40,bot2,,,GAVE_UP,27,54,34,
0.95,40,bot3,,,GAVE_UP,27,54,34,
0.95,40,bot4,,,GAVE_UP,27,54,34,9
0.95,41,bot1,,,BURNED,12,26,18,
0.95,41,bot2,,,GAVE_UP,18,26,18,
0.95,41,bot3,,,GAVE_UP,18,26,18,
0.95,41,bot4,,,GAVE_UP,18,26,18,1
0.95,42,bot1,,,SUCCESS,27,27,73,
0.95,42,bot2,,,SUCCESS,27,27,73,
0.95,42,bot3,,,SUCCESS,27,27,73,
0.95,42,bot4,,,SUCCESS,27,27,73,
0.95,43,bot1,,,BUTTON_BURNED,27,49,26,
0.95,43,bot2,,,BUTTON_BURNED,27,49,26,
0.95,43,bot3,,,BUTTON_BURNED,27,49,26,
0.95,43,bot4,,,BUTTON_BURNED,27,49,26,8
0.95,48,bot1,,,SUCCESS,17,17,37,
0.95,48,bot2,,,SUCCESS,17,17,37,
0.95,48,bot3,,,SUCCESS,17,17,37,
0.95,48,bot4,,,SUCCESS,17,17,37,
0.95,49,bot1,,,SUCCESS,3,3,29,
0.95,49,bot2,,,SUCCESS,3,3,29,
0.95,49,bot3,,,SUCCESS,3,3,29,
0.95,49,bot4,,,SUCCESS,3,3,29,
0.95,50,bot1,,,SUCCESS,32,32,48,
0.95,50,bot2,,,SUCCESS,32,32,48,
0.95,50,bot3,,,SUCCESS,32,32,48,
0.95,50,bot4,,,SUCCESS,32,32,48,
0.95,51,bot1,,,SUCCESS,31,31,40,
0.95,51,bot2,,,SUCCESS,31,31,40,
0.95,51,bot3,,,SUCCESS,31,31,40,
0.95,51,bot4,,,SUCCESS,31,31,40,
0.95,16,bot1,,,SUCCESS,35,35,57,
0.95,16,bot2,,,SUCCESS,35,35,57,
0.95,16,bot3,,,SUCCESS,35,35,57,
0.95,16,bot4,,,SUCCESS,35,35,57,
0.95,17,bot1,,,SUCCESS,19,19,22,
0.95,17,bot2,,,SUCCESS,19,19,22,
0.95,17,bot3,,,SUCCESS,19,19,22,
0.95,17,bot4,,,SUCCESS,19,19,22,
0.95,18,bot1,,,BURNED,47,64,58,
0.95,18,bot2,,,BURNED,47,64,58,
0.95,18,bot3,,,BURNED,47,64,58,
0.95,18,bot4,,,BUTTON_BURNED,60,64,58,41
0.95,19,bot1,,,BURNED,33,49,33,
0.95,19,bot2,,,GAVE_UP,33,49,33,
0.95,19,bot3,,,GAVE_UP,33,49,33,
0.95,19,bot4,,,GAVE_UP,33,49,33,14
0.95,56,bot1,,,BUTTON_BURNED,7,54,7,
0.95,56,bot2,,,BUTTON_BURNED,7,54,7,
0.95,56,bot3,,,BUTTON_BURNED,7,54,7,
0.95,56,bot4,,,BUTTON_BURNED,7,54,7,1
0.95,57,bot1,,,SUCCESS,20,20,26,
0.95,57,bot2,,,SUCCESS,20,20,26,
0.95,57,bot3,,,SUCCESS,20,20,26,
0.95,57,bot4,,,SUCCESS,20,20,26,
0.95,58,bot1,,,BUTTON_BURNED,13,47,12,
0.95,58,bot2,,,GAVE_UP,12,47,12,
0.95,58,bot3,,,GAVE_UP,12,47,12,
0.95,58,bot4,,,GAVE_UP,12,47,12,9
0.95,59,bot1,,,BURNED,16,52,44,
0.95,59,bot2,,,BURNED,16,52,44,
0.95,59,bot3,,,GAVE_UP,19,52,44,
0.95,59,bot4,,,GAVE_UP,22,52,44,5
0.95,60,bot1,,,SUCCESS,38,38,48,
0.95,60,bot2,,,SUCCESS,38,38,48,
0.95,60,bot3,,,SUCCESS,38,38,48,
0.95,60,bot4,,,SUCCESS,38,38,48,
0.95,61,bot1,,,SUCCESS,11,11,36,
0.95,61,bot2,,,SUCCESS,11,11,36,
0.95,61,bot3,,,SUCCESS,11,11,36,
0.95,61,bot4,,,SUCCESS,11,11,36,
0.95,62,bot1,,,BURNED,11,24,14,
0.95,62,bot2,,,BUTTON_BURNED,14,24,14,
0.95,62,bot3,,,BUTTON_BURNED,14,24,14,
0.95,62,bot4,,,BUTTON_BURNED,14,24,14,1
0.95,63,bot1,,,BUTTON_BURNED,3,28,3,
0.95,63,bot2,,,BUTTON_BURNED,3,28,3,
0.95,63,bot3,,,BUTTON_BURNED,3,28,3,
0.95,63,bot4,,,BUTTON_BURNED,3,28,3,3
0.95,52,bot1,,,SUCCESS,25,25,27,
0.95,52,bot2,,,SUCCESS,25,25,27,
0.95,52,bot3,,,SUCCESS,25,25,27,
0.95,52,bot4,,,SUCCESS,25,25,27,
0.95,53,bot1,,,SUCCESS,36,36,39,
0.95,53,bot2,,,SUCCESS,36,36,39,
0.95,53,bot3,,,SUCCESS,36,36,39,
0.95,53,bot4,,,SUCCESS,36,36,39,
0.95,54,bot1,,,BURNED,42,51,39,
0.95,54,bot2,,,GAVE_UP,41,51,39,
0.95,54,bot3,,,GAVE_UP,41,51,39,
0.95,54,bot4,,,GAVE_UP,41,51,39,23
0.95,55,bot1,,,SUCCESS,5,5,31,
0.95,55,bot2,,,SUCCESS,5,5,31,
0.95,55,bot3,,,SUCCESS,5,5,31,
0.95,55,bot4,,,SUCCESS,5,5,31,
0.95,68,bot1,,,SUCCESS,3,3,13,
0.95,68,bot2,,,SUCCESS,3,3,13,
0.95,68,bot3,,,SUCCESS,3,3,13,
0.95,68,bot4,,,SUCCESS,3,3,13,
0.95,69,bot1,,,BURNED,23,24,24,
0.95,69,bot2,,,BURNED,23,24,24,
0.95,69,bot3,,,BURNED,23,24,24,
0.95,69,bot4,,,BURNED,23,24,24,
0.95,70,bot1,,,SUCCESS,24,24,23,
0.95,70,bot2,,,SUCCESS,24,24,23,
0.95,70,bot3,,,SUCCESS,24,24,23,
0.95,70,bot4,,,SUCCESS,24,24,23,
0.95,71,bot1,,,BUTTON_BURNED,14,46,13,
0.95,71,bot2,,,GAVE_UP,12,46,13,
0.95,71,bot3,,,GAVE_UP,12,46,13,
0.95,71,bot4,,,GAVE_UP,12,46,13,1
0.95,44,bot1,,,SUCCESS,49,49,51,
0.95,44,bot2,,,SUCCESS,49,49,51,
0.95,44,bot3,,,SUCCESS,49,49,51,
0.95,44,bot4,,,SUCCESS,49,49,51,
0.95,45,bot1,,,SUCCESS,34,34,37,
0.95,45,bot2,,,SUCCESS,34,34,37,
0.95,45,bot3,,,SUCCESS,34,34,37,
0.95,45,bot4,,,SUCCESS,34,34,37,
0.95,46,bot1,,,SUCCESS,22,22,33,
0.95,46,bot2,,,SUCCESS,22,22,33,
0.95,46,bot3,,,SUCCESS,22,22,33,
0.95,46,bot4,,,SUCCESS,22,22,33,
0.95,47,bot1,,,BURNED,24,48,25,
0.95,47,bot2,,,GAVE_UP,25,48,25,
0.95,47,bot3,,,GAVE_UP,25,48,25,
0.95,47,bot4,,,GAVE_UP,25,48,25,1
0.95,76,bot1,,,SUCCESS,39,39,50,
0.95,76,bot2,,,SUCCESS,39,39,50,
0.95,76,bot3,,,SUCCESS,39,39,50,
0.95,76,bot4,,,SUCCESS,39,39,50,
0.95,77,bot1,,,BUTTON_BURNED,6,34,6,
0.95,77,bot2,,,BUTTON_BURNED,6,34,6,
0.95,77,bot3,,,BUTTON_BURNED,6,34,6,
0.95,77,bot4,,,BUTTON_BURNED,6,34,6,1
0.95,78,bot1,,,BURNED,8,51,48,
0.95,78,bot2,,,GAVE_UP,28,51,48,
0.95,78,bot3,,,GAVE_UP,28,51,48,
0.95,78,bot4,,,GAVE_UP,28,51,48,10
0.95,79,bot1,,,BUTTON_BURNED,10,18,10,
0.95,79,bot2,,,BUTTON_BURNED,10,18,10,
0.95,79,bot3,,,BUTTON_BURNED,10,18,10,
0.95,79,bot4,,,BUTTON_BURNED,10,18,10,
0.95,84,bot1,,,BUTTON_BURNED,14,40,14,
0.95,84,bot2,,,BUTTON_BURNED,14,40,14,
0.95,84,bot3,,,BUTTON_BURNED,14,40,14,
0.95,84,bot4,,,BUTTON_BURNED,14,40,14,
0.95,85,bot1,,,SUCCESS,29,29,47,
0.95,85,bot2,,,SUCCESS,29,29,47,
0.95,85,bot3,,,SUCCESS,29,29,47,
0.95,85,bot4,,,SUCCESS,29,29,47,
0.95,86,bot1,,,SUCCESS,16,16,47,
0.95,86,bot2,,,SUCCESS,16,16,47,
0.95,86,bot3,,,SUCCESS,16,16,47,
0.95,86,bot4,,,SUCCESS,16,16,47,
0.95,87,bot1,,,BURNED,33,40,38,
0.95,87,bot2,,,BUTTON_BURNED,39,40,38,
0.95,87,bot3,,,BUTTON_BURNED,39,40,38,
0.95,87,bot4,,,BUTTON_BURNED,39,40,38,21
0.95,88,bot1,,,BUTTON_BURNED,13,55,13,
0.95,88,bot2,,,BUTTON_BURNED,13,55,13,
0.95,88,bot3,,,BUTTON_BURNED,13,55,13,
0.95,88,bot4,,,BUTTON_BURNED,13,55,13,1
0.95,89,bot1,,,BURNED,14,50,32,
0.95,89,bot2,,,GAVE_UP,22,50,32,
0.95,89,bot3,,,GAVE_UP,22,50,32,
0.95,89,bot4,,,GAVE_UP,22,50,32,1
0.95,90,bot1,,,BURNED,15,51,40,
0.95,90,bot2,,,GAVE_UP,19,51,40,
0.95,90,bot3,,,GAVE_UP,19,51,40,
0.95,90,bot4,,,GAVE_UP,19,51,40,1
0.95,91,bot1,,,SUCCESS,23,23,48,
0.95,91,bot2,,,SUCCESS,23,23,48,
0.95,91,bot3,,,SUCCESS,23,23,48,
0.95,91,bot4,,,SUCCESS,23,23,48,
0.95,64,bot1,,,SUCCESS,56,56,60,
0.95,64,bot2,,,SUCCESS,56,56,60,
0.95,64,bot3,,,SUCCESS,56,56,60,
0.95,64,bot4,,,SUCCESS,56,56,60,
0.95,65,bot1,,,SUCCESS,2,2,58,
0.95,65,bot2,,,SUCCESS,2,2,58,
0.95,65,bot3,,,SUCCESS,2,2,58,
0.95,65,bot4,,,SUCCESS,2,2,58,
0.95,66,bot1,,,BUTTON_BURNED,29,48,28,
0.95,66,bot2,,,GAVE_UP,22,48,28,
0.95,66,bot3,,,GAVE_UP,22,48,28,
0.95,66,bot4,,,GAVE_UP,22,48,28,
0.95,67,bot1,,,SUCCESS,27,27,61,
0.95,67,bot2,,,SUCCESS,27,27,61,
0.95,67,bot3,,,SUCCESS,27,27,61,
0.95,67,bot4,,,SUCCESS,27,27,61,
0.95,72,bot1,,,BUTTON_BURNED,23,30,22,
0.95,72,bot2,,,BUTTON_BURNED,23,30,22,
0.95,72,bot3,,,BUTTON_BURNED,23,30,22,
0.95,72,bot4,,,BUTTON_BURNED,23,30,22,6
0.95,73,bot1,,,SUCCESS,45,45,62,
0.95,73,bot2,,,SUCCESS,45,45,62,
0.95,73,bot3,,,SUCCESS,45,45,62,
0.95,73,bot4,,,SUCCESS,45,45,62,
0.95,74,bot1,,,SUCCESS,30,30,43,
0.95,74,bot2,,,SUCCESS,30,30,43,
0.95,74,bot3,,,SUCCESS,30,30,43,
0.95,74,bot4,,,SUCCESS,30,30,43,
0.95,75,bot1,,,BURNED,20,31,21,
0.95,75,bot2,,,BURNED,20,31,21,
0.95,75,bot3,,,BUTTON_BURNED,22,31,21,
0.95,75,bot4,,,BURNED,20,31,21,3
0.95,96,bot1,,,BUTTON_BURNED,23,53,20,
0.95,96,bot2,,,GAVE_UP,13,53,20,
0.95,96,bot3,,,GAVE_UP,13,53,20,
0.95,96,bot4,,,GAVE_UP,13,53,20,2
0.95,97,bot1,,,SUCCESS,13,13,14,
0.95,97,bot2,,,SUCCESS,13,13,14,
0.95,97,bot3,,,SUCCESS,13,13,14,
0.95,97,bot4,,,SUCCESS,13,13,14,
0.95,98,bot1,,,BUTTON_BURNED,27,28,27,
0.95,98,bot2,,,BUTTON_BURNED,27,28,27,
0.95,98,bot3,,,BUTTON_BURNED,27,28,27,
0.95,98,bot4,,,BUTTON_BURNED,27,28,27,
0.95,99,bot1,,,SUCCESS,26,26,52,
0.95,99,bot2,,,SUCCESS,26,26,52,
0.95,99,bot3,,,SUCCESS,26,26,52,
0.95,99,bot4,,,SUCCESS,26,26,52,
0.95,80,bot1,,,BURNED,29,57,31,
0.95,80,bot2,,,BUTTON_BURNED,33,57,31,
0.95,80,bot3,,,BUTTON_BURNED,33,57,31,
0.95,80,bot4,,,BUTTON_BURNED,33,57,31,14
0.95,81,bot1,,,SUCCESS,43,43,56,
0.95,81,bot2,,,SUCCESS,43,43,56,
0.95,81,bot3,,,SUCCESS,43,43,56,
0.95,81,bot4,,,SUCCESS,43,43,56,
0.95,82,bot1,,,BUTTON_BURNED,21,43,19,
0.95,82,bot2,,,GAVE_UP,20,43,19,
0.95,82,bot3,,,GAVE_UP,20,43,19,
0.95,82,bot4,,,GAVE_UP,20,43,19,
0.95,83,bot1,,,BURNED,9,43,39,
0.95,83,bot2,,,BURNED,9,43,39,
0.95,83,bot3,,,BURNED,19,43,39,
0.95,83,bot4,,,BURNED,23,43,39,9
0.95,108,bot1,,,BURNED,10,47,45,
0.95,108,bot2,,,GAVE_UP,9,47,45,
0.95,108,bot3,,,GAVE_UP,9,47,45,
0.95,108,bot4,,,GAVE_UP,9,47,45,1
0.95,109,bot1,,,SUCCESS,5,5,18,
0.95,109,bot2,,,SUCCESS,5,5,18,
0.95,109,bot3,,,SUCCESS,5,5,18,
0.95,109,bot4,,,SUCCESS,5,5,18,
0.95,110,bot1,,,SUCCESS,28,28,39,
0.95,110,bot2,,,SUCCESS,28,28,39,
0.95,110,bot3,,,SUCCESS,28,28,39,
0.95,110,bot4,,,SUCCESS,28,28,39,
0.95,111,bot1,,,BURNED,14,57,31,
0.95,111,bot2,,,GAVE_UP,16,57,31,
0.95,111,bot3,,,GAVE_UP,16,57,31,
0.95,111,bot4,,,GAVE_UP,16,57,31,6
0.95,92,bot1,,,BURNED,7,46,37,
0.95,92,bot2,,,GAVE_UP,20,46,37,
0.95,92,bot3,,,GAVE_UP,20,46,37,
0.95,92,bot4,,,GAVE_UP,20,46,37,3
0.95,93,bot1,,,SUCCESS,38,38,42,
0.95,93,bot2,,,SUCCESS,38,38,42,
0.95,93,bot3,,,SUCCESS,38,38,42,
0.95,93,bot4,,,SUCCESS,38,38,42,
0.95,94,bot1,,,SUCCESS,21,21,30,
0.95,94,bot2,,,SUCCESS,21,21,30,
0.95,94,bot3,,,SUCCESS,21,21,30,
0.95,94,bot4,,,SUCCESS,21,21,30,
0.95,95,bot1,,,BURNED,27,46,38,
0.95,95,bot2,,,GAVE_UP,24,46,38,
0.95,95,bot3,,,GAVE_UP,24,46,38,
0.95,95,bot4,,,GAVE_UP,24,46,38,
0.95,100,bot1,,,BURNED,15,36,16,
0.95,100,bot2,,,BUTTON_BURNED,18,36,16,
0.95,100,bot3,,,BUTTON_BURNED,18,36,16,
0.95,100,bot4,,,BUTTON_BURNED,18,36,16,1
0.95,101,bot1,,,SUCCESS,46,46,47,
0.95,101,bot2,,,SUCCESS,46,46,47,
0.95,101,bot3,,,SUCCESS,46,46,47,
0.95,101,bot4,,,SUCCESS,46,46,47,
0.95,102,bot1,,,BURNED,14,48,38,
0.95,102,bot2,,,BURNED,14,48,38,
0.95,102,bot3,,,GAVE_UP,20,48,38,
0.95,102,bot4,,,BURNED,14,48,38,2
0.95,103,bot1,,,BUTTON_BURNED,9,68,9,
0.95,103,bot2,,,GAVE_UP,8,68,9,
0.95,103,bot3,,,GAVE_UP,8,68,9,
0.95,103,bot4,,,GAVE_UP,8,68,9,1
0.95,120,bot1,,,BURNED,10,46,32,
0.95,120,bot2,,,GAVE_UP,24,46,32,
0.95,120,bot3,,,GAVE_UP,24,46,32,
0.95,120,bot4,,,GAVE_UP,16,46,32,4
0.95,121,bot1,,,BURNED,16,27,19,
0.95,121,bot2,,,GAVE_UP,14,27,19,
0.95,121,bot3,,,GAVE_UP,14,27,19,
0.95,121,bot4,,,GAVE_UP,14,27,19,
0.95,122,bot1,,,SUCCESS,7,7,56,
0.95,122,bot2,,,SUCCESS,7,7,56,
0.95,122,bot3,,,SUCCESS,7,7,56,
0.95,122,bot4,,,SUCCESS,7,7,56,
0.95,123,bot1,,,SUCCESS,31,31,35,
0.95,123,bot2,,,SUCCESS,31,31,35,
0.95,123,bot3,,,SUCCESS,31,31,35,
0.95,123,bot4,,,SUCCESS,31,31,35,
0.95,104,bot1,,,SUCCESS,24,24,32,
0.95,104,bot2,,,SUCCESS,24,24,32,
0.95,104,bot3,,,SUCCESS,24,24,32,
0.95,104,bot4,,,SUCCESS,24,24,32,
0.95,105,bot1,,,BURNED,27,47,33,
0.95,105,bot2,,,GAVE_UP,35,47,33,
0.95,105,bot3,,,GAVE_UP,35,47,33,
0.95,105,bot4,,,GAVE_UP,35,47,33,18
0.95,106,bot1,,,BUTTON_BURNED,10,41,10,
0.95,106,bot2,,,BUTTON_BURNED,10,41,10,
0.95,106,bot3,,,BUTTON_BURNED,10,41,10,
0.95,106,bot4,,,BUTTON_BURNED,10,41,10,1
0.95,107,bot1,,,BURNED,10,40,24,
0.95,107,bot2,,,GAVE_UP,17,40,24,
0.95,107,bot3,,,GAVE_UP,17,40,24,
0.95,107,bot4,,,GAVE_UP,17,40,24,1
0.95,112,bot1,,,SUCCESS,7,7,9,
0.95,112,bot2,,,SUCCESS,7,7,9,
0.95,112,bot3,,,SUCCESS,7,7,9,
0.95,112,bot4,,,SUCCESS,7,7,9,
0.95,113,bot1,,,BUTTON_BURNED,13,23,13,
0.95,113,bot2,,,BUTTON_BURNED,13,23,13,
0.95,113,bot3,,,BUTTON_BURNED,13,23,13,
0.95,113,bot4,,,BUTTON_BURNED,13,23,13,
0.95,114,bot1,,,SUCCESS,27,27,31,
0.95,114,bot2,,,SUCCESS,27,27,31,
0.95,114,bot3,,,SUCCESS,27,27,31,
0.95,114,bot4,,,SUCCESS,27,27,31,
0.95,115,bot1,,,SUCCESS,48,48,49,
0.95,115,bot2,,,SUCCESS,48,48,49,
0.95,115,bot3,,,SUCCESS,48,48,49,
0.95,115,bot4,,,SUCCESS,48,48,49,
0.95,124,bot1,,,SUCCESS,17,17,36,
0.95,124,bot2,,,SUCCESS,17,17,36,
0.95,124,bot3,,,SUCCESS,17,17,36,
0.95,124,bot4,,,SUCCESS,17,17,36,
0.95,125,bot1,,,BURNED,18,31,28,
0.95,125,bot2,,,BUTTON_BURNED,32,31,28,
0.95,125,bot3,,,BUTTON_BURNED,32,31,28,
0.95,125,bot4,,,BUTTON_BURNED,32,31,28,10
0.95,126,bot1,,,BURNED,8,39,37,
0.95,126,bot2,,,BURNED,9,39,37,
0.95,126,bot3,,,GAVE_UP,12,39,37,
0.95,126,bot4,,,BURNED,9,39,37,1
0.95,127,bot1,,,BUTTON_BURNED,11,28,11,
0.95,127,bot2,,,GAVE_UP,10,28,11,
0.95,127,bot3,,,GAVE_UP,10,28,11,
0.95,127,bot4,,,GAVE_UP,10,28,11,
0.95,128,bot1,,,BURNED,30,39,35,
0.95,128,bot2,,,BURNED,30,39,35,
0.95,128,bot3,,,BUTTON_BURNED,36,39,35,
0.95,128,bot4,,,BUTTON_BURNED,36,39,35,
0.95,129,bot1,,,BUTTON_BURNED,4,56,4,
0.95,129,bot2,,,BUTTON_BURNED,4,56,4,
0.95,129,bot3,,,BUTTON_BURNED,4,56,4,
0.95,129,bot4,,,BUTTON_BURNED,4,56,4,1
0.95,130,bot1,,,SUCCESS,41,41,46,
0.95,130,bot2,,,SUCCESS,41,41,46,
0.95,130,bot3,,,SUCCESS,41,41,46,
0.95,130,bot4,,,SUCCESS,41,41,46,
0.95,131,bot1,,,BUTTON_BURNED,22,34,22,
0.95,131,bot2,,,BUTTON_BURNED,22,34,22,
0.95,131,bot3,,,BUTTON_BURNED,22,34,22,
0.95,131,bot4,,,BUTTON_BURNED,22,34,22,
0.95,148,bot1,,,BURNED,23,33,29,
0.95,148,bot2,,,GAVE_UP,22,33,29,
0.95,148,bot3,,,GAVE_UP,22,33,29,
0.95,148,bot4,,,GAVE_UP,22,33,29,3
0.95,149,bot1,,,SUCCESS,1,1,30,
0.95,149,bot2,,,SUCCESS,1,1,30,
0.95,149,bot3,,,SUCCESS,1,1,30,
0.95,149,bot4,,,SUCCESS,1,1,30,
0.95,150,bot1,,,SUCCESS,9,9,39,
0.95,150,bot2,,,SUCCESS,9,9,39,
0.95,150,bot3,,,SUCCESS,9,9,39,
0.95,150,bot4,,,SUCCESS,9,9,39,
0.95,151,bot1,,,SUCCESS,22,22,32,
0.95,151,bot2,,,SUCCESS,22,22,32,
0.95,151,bot3,,,SUCCESS,22,22,32,
0.95,151,bot4,,,SUCCESS,22,22,32,
0.95,116,bot1,,,SUCCESS,9,9,34,
0.95,116,bot2,,,SUCCESS,9,9,34,
0.95,116,bot3,,,SUCCESS,9,9,34,
0.95,116,bot4,,,SUCCESS,9,9,34,
0.95,117,bot1,,,SUCCESS,31,31,39,
0.95,117,bot2,,,SUCCESS,31,31,39,
0.95,117,bot3,,,SUCCESS,31,31,39,
0.95,117,bot4,,,SUCCESS,31,31,39,
0.95,118,bot1,,,BURNED,22,37,31,
0.95,118,bot2,,,BURNED,22,37,31,
0.95,118,bot3,,,BUTTON_BURNED,32,37,31,
0.95,118,bot4,,,BUTTON_BURNED,32,37,31,
0.95,119,bot1,,,BURNED,50,65,59,
0.95,119,bot2,,,GAVE_UP,49,65,59,
0.95,119,bot3,,,GAVE_UP,49,65,59,
0.95,119,bot4,,,GAVE_UP,49,65,59,
0.95,140,bot1,,,BURNED,8,35,19,
0.95,140,bot2,,,GAVE_UP,18,35,19,
0.95,140,bot3,,,GAVE_UP,18,35,19,
0.95,140,bot4,,,GAVE_UP,18,35,19,1
0.95,141,bot1,,,SUCCESS,20,20,29,
0.95,141,bot2,,,SUCCESS,20,20,29,
0.95,141,bot3,,,SUCCESS,20,20,29,
0.95,141,bot4,,,SUCCESS,20,20,29,
0.95,142,bot1,,,SUCCESS,6,6,10,
0.95,142,bot2,,,SUCCESS,6,6,10,
0.95,142,bot3,,,SUCCESS,6,6,10,
0.95,142,bot4,,,SUCCESS,6,6,10,
0.95,143,bot1,,,SUCCESS,32,32,37,
0.95,143,bot2,,,SUCCESS,32,32,37,
0.95,143,bot3,,,SUCCESS,32,32,37,
0.95,143,bot4,,,SUCCESS,32,32,37,
0.95,136,bot1,,,BURNED,3,47,47,
0.95,136,bot2,,,BURNED,3,47,47,
0.95,136,bot3,,,GAVE_UP,18,47,47,
0.95,136,bot4,,,BURNED,30,47,47,15
0.95,137,bot1,,,BURNED,15,33,15,
0.95,137,bot2,,,BUTTON_BURNED,16,33,15,
0.95,137,bot3,,,BUTTON_BURNED,16,33,15,
0.95,137,bot4,,,BUTTON_BURNED,16,33,15,1
0.95,138,bot1,,,SUCCESS,20,20,57,
0.95,138,bot2,,,SUCCESS,20,20,57,
0.95,138,bot3,,,SUCCESS,20,20,57,
0.95,138,bot4,,,SUCCESS,20,20,57,
0.95,139,bot1,,,SUCCESS,41,41,45,
0.95,139,bot2,,,SUCCESS,41,41,45,
0.95,139,bot3,,,SUCCESS,41,41,45,
0.95,139,bot4,,,SUCCESS,41,41,45,
0.95,144,bot1,,,BUTTON_BURNED,5,29,5,
0.95,144,bot2,,,BUTTON_BURNED,5,29,5,
0.95,144,bot3,,,BUTTON_BURNED,5,29,5,
0.95,144,bot4,,,BUTTON_BURNED,5,29,5,4
0.95,145,bot1,,,BURNED,27,49,37,
0.95,145,bot2,,,BURNED,28,49,37,
0.95,145,bot3,,,GAVE_UP,35,49,37,
0.95,145,bot4,,,GAVE_UP,35,49,37,19
0.95,146,bot1,,,SUCCESS,29,29,51,
0.95,146,bot2,,,SUCCESS,29,29,51,
0.95,146,bot3,,,SUCCESS,29,29,51,
0.95,146,bot4,,,SUCCESS,29,29,51,
0.95,147,bot1,,,SUCCESS,11,11,33,
0.95,147,bot2,,,SUCCESS,11,11,33,
0.95,147,bot3,,,SUCCESS,11,11,33,
0.95,147,bot4,,,SUCCESS,11,11,33,
0.95,132,bot1,,,BURNED,33,44,35,
0.95,132,bot2,,,GAVE_UP,29,44,35,
0.95,132,bot3,,,GAVE_UP,29,44,35,
0.95,132,bot4,,,GAVE_UP,29,44,35,
0.95,133,bot1,,,BURNED,45,53,49,
0.95,133,bot2,,,GAVE_UP,46,53,49,
0.95,133,bot3,,,GAVE_UP,46,53,49,
0.95,133,bot4,,,GAVE_UP,46,53,49,
0.95,134,bot1,,,SUCCESS,15,15,39,
0.95,134,bot2,,,SUCCESS,15,15,39,
0.95,134,bot3,,,SUCCESS,15,15,39,
0.95,134,bot4,,,SUCCESS,15,15,39,
0.95,135,bot1,,,SUCCESS,9,9,29,
0.95,135,bot2,,,SUCCESS,9,9,29,
0.95,135,bot3,,,SUCCESS,9,9,29,
0.95,135,bot4,,,SUCCESS,9,9,29,
0.95,160,bot1,,,SUCCESS,19,19,38,
0.95,160,bot2,,,SUCCESS,19,19,38,
0.95,160,bot3,,,SUCCESS,19,19,38,
0.95,160,bot4,,,SUCCESS,19,19,38,
0.95,161,bot1,,,BUTTON_BURNED,10,16,10,
0.95,161,bot2,,,BUTTON_BURNED,10,16,10,
0.95,161,bot3,,,BUTTON_BURNED,10,16,10,
0.95,161,bot4,,,BUTTON_BURNED,10,16,10,
0.95,162,bot1,,,SUCCESS,3,3,15,
0.95,162,bot2,,,SUCCESS,3,3,15,
0.95,162,bot3,,,SUCCESS,3,3,15,
0.95,162,bot4,,,SUCCESS,3,3,15,
0.95,163,bot1,,,SUCCESS,11,11,55,
0.95,163,bot2,,,SUCCESS,11,11,55,
0.95,163,bot3,,,SUCCESS,11,11,55,
0.95,163,bot4,,,SUCCESS,11,11,55,
0.95,152,bot1,,,BURNED,33,63,36,
0.95,152,bot2,,,GAVE_UP,33,63,36,
0.95,152,bot3,,,GAVE_UP,33,63,36,
0.95,152,bot4,,,GAVE_UP,33,63,36,16
0.95,153,bot1,,,BUTTON_BURNED,5,30,5,
0.95,153,bot2,,,BUTTON_BURNED,5,30,5,
0.95,153,bot3,,,BUTTON_BURNED,5,30,5,
0.95,153,bot4,,,BUTTON_BURNED,5,30,5,
0.95,154,bot1,,,BUTTON_BURNED,8,56,8,
0.95,154,bot2,,,GAVE_UP,7,56,8,
0.95,154,bot3,,,GAVE_UP,7,56,8,
0.95,154,bot4,,,GAVE_UP,7,56,8,1
0.95,155,bot1,,,SUCCESS,15,15,20,
0.95,155,bot2,,,SUCCESS,15,15,20,
0.95,155,bot3,,,SUCCESS,15,15,20,
0.95,155,bot4,,,SUCCESS,15,15,20,
0.95,156,bot1,,,BUTTON_BURNED,7,28,7,
0.95,156,bot2,,,BUTTON_BURNED,7,28,7,
0.95,156,bot3,,,BUTTON_BURNED,7,28,7,
0.95,156,bot4,,,BUTTON_BURNED,7,28,7,4
0.95,157,bot1,,,SUCCESS,12,12,40,
0.95,157,bot2,,,SUCCESS,12,12,40,
0.95,157,bot3,,,SUCCESS,12,12,40,
0.95,157,bot4,,,SUCCESS,12,12,40,
0.95,158,bot1,,,BURNED,9,33,31,
0.95,158,bot2,,,GAVE_UP,22,33,31,
0.95,158,bot3,,,GAVE_UP,26,33,31,
0.95,158,bot4,,,GAVE_UP,22,33,31,1
0.95,159,bot1,,,BURNED,9,40,25,
0.95,159,bot2,,,GAVE_UP,21,40,25,
0.95,159,bot3,,,GAVE_UP,21,40,25,
0.95,159,bot4,,,GAVE_UP,21,40,25,3
0.95,176,bot1,,,BUTTON_BURNED,12,46,12,
0.95,176,bot2,,,GAVE_UP,8,46,12,
0.95,176,bot3,,,GAVE_UP,8,46,12,
0.95,176,bot4,,,GAVE_UP,8,46,12,1
0.95,177,bot1,,,BURNED,12,29,28,
0.95,177,bot2,,,GAVE_UP,13,29,28,
0.95,177,bot3,,,GAVE_UP,13,29,28,
0.95,177,bot4,,,GAVE_UP,13,29,28,1
0.95,178,bot1,,,SUCCESS,1,1,30,
0.95,178,bot2,,,SUCCESS,1,1,30,
0.95,178,bot3,,,SUCCESS,1,1,30,
0.95,178,bot4,,,SUCCESS,1,1,30,
0.95,179,bot1,,,SUCCESS,19,19,42,
0.95,179,bot2,,,SUCCESS,19,19,42,
0.95,179,bot3,,,SUCCESS,19,19,42,
0.95,179,bot4,,,SUCCESS,19,19,42,
0.95,168,bot1,,,SUCCESS,9,9,19,
0.95,168,bot2,,,SUCCESS,9,9,19,
0.95,168,bot3,,,SUCCESS,9,9,19,
0.95,168,bot4,,,SUCCESS,9,9,19,
0.95,169,bot1,,,BUTTON_BURNED,20,30,20,
0.95,169,bot2,,,BUTTON_BURNED,20,30,20,
0.95,169,bot3,,,BUTTON_BURNED,20,30,20,
0.95,169,bot4,,,BUTTON_BURNED,20,30,20,
0.95,170,bot1,,,SUCCESS,11,11,33,
0.95,170,bot2,,,SUCCESS,11,11,33,
0.95,170,bot3,,,SUCCESS,11,11,33,
0.95,170,bot4,,,SUCCESS,11,11,33,
0.95,171,bot1,,,BURNED,35,42,40,
0.95,171,bot2,,,BURNED,35,42,40,
0.95,171,bot3,,,GAVE_UP,38,42,40,
0.95,171,bot4,,,BURNED,35,42,40,23
0.95,172,bot1,,,BURNED,9,43,30,
0.95,172,bot2,,,GAVE_UP,21,43,30,
0.95,172,bot3,,,GAVE_UP,21,43,30,
0.95,172,bot4,,,GAVE_UP,21,43,30,1
0.95,173,bot1,,,BURNED,11,43,27,
0.95,173,bot2,,,GAVE_UP,22,43,27,
0.95,173,bot3,,,GAVE_UP,22,43,27,
0.95,173,bot4,,,GAVE_UP,22,43,27,3
0.95,174,bot1,,,SUCCESS,12,12,23,
0.95,174,bot2,,,SUCCESS,12,12,23,
0.95,174,bot3,,,SUCCESS,12,12,23,
0.95,174,bot4,,,SUCCESS,12,12,23,
0.95,175,bot1,,,SUCCESS,18,18,19,
0.95,175,bot2,,,SUCCESS,18,18,19,
0.95,175,bot3,,,SUCCESS,18,18,19,
0.95,175,bot4,,,SUCCESS,18,18,19,
0.95,164,bot1,,,SUCCESS,30,30,35,
0.95,164,bot2,,,SUCCESS,30,30,35,
0.95,164,bot3,,,SUCCESS,30,30,35,
0.95,164,bot4,,,SUCCESS,30,30,35,
0.95,165,bot1,,,SUCCESS,23,23,42,
0.95,165,bot2,,,SUCCESS,23,23,42,
0.95,165,bot3,,,SUCCESS,23,23,42,
0.95,165,bot4,,,SUCCESS,23,23,42,
0.95,166,bot1,,,SUCCESS,6,6,18,
0.95,166,bot2,,,SUCCESS,6,6,18,
0.95,166,bot3,,,SUCCESS,6,6,18,
0.95,166,bot4,,,SUCCESS,6,6,18,
0.95,167,bot1,,,SUCCESS,30,30,32,
0.95,167,bot2,,,SUCCESS,30,30,32,
0.95,167,bot3,,,SUCCESS,30,30,32,
0.95,167,bot4,,,SUCCESS,30,30,32,
0.95,184,bot1,,,BURNED,15,47,27,
0.95,184,bot2,,,GAVE_UP,18,47,27,
0.95,184,bot3,,,GAVE_UP,18,47,27,
0.95,184,bot4,,,GAVE_UP,18,47,27,1
0.95,185,bot1,,,BURNED,7,10,9,
0.95,185,bot2,,,GAVE_UP,5,10,9,
0.95,185,bot3,,,GAVE_UP,5,10,9,
0.95,185,bot4,,,GAVE_UP,5,10,9,
0.95,186,bot1,,,BUTTON_BURNED,3,46,3,
0.95,186,bot2,,,GAVE_UP,2,46,3,
0.95,186,bot3,,,GAVE_UP,2,46,3,
0.95,186,bot4,,,GAVE_UP,2,46,3,1
0.95,187,bot1,,,SUCCESS,32,32,48,
0.95,187,bot2,,,SUCCESS,32,32,48,
0.95,187,bot3,,,SUCCESS,32,32,48,
0.95,187,bot4,,,SUCCESS,32,32,48,
0.95,180,bot1,,,BURNED,6,49,45,
0.95,180,bot2,,,GAVE_UP,7,49,45,
0.95,180,bot3,,,GAVE_UP,7,49,45,
0.95,180,bot4,,,GAVE_UP,7,49,45,1
0.95,181,bot1,,,SUCCESS,24,24,27,
0.95,181,bot2,,,SUCCESS,24,24,27,
0.95,181,bot3,,,SUCCESS,24,24,27,
0.95,181,bot4,,,SUCCESS,24,24,27,
0.95,182,bot1,,,SUCCESS,40,40,45,
0.95,182,bot2,,,SUCCESS,40,40,45,
0.95,182,bot3,,,SUCCESS,40,40,45,
0.95,182,bot4,,,SUCCESS,40,40,45,
0.95,183,bot1,,,BURNED,17,56,48,
0.95,183,bot2,,,BURNED,17,56,48,
0.95,183,bot3,,,GAVE_UP,31,56,48,
0.95,183,bot4,,,BURNED,33,56,48,28
1.0,4,bot1,,,BURNED,9,41,26,
1.0,4,bot2,,,GAVE_UP,10,41,26,
1.0,4,bot3,,,GAVE_UP,10,41,26,
1.0,4,bot4,,,GAVE_UP,10,41,26,1
1.0,5,bot1,,,BUTTON_BURNED,19,24,19,
1.0,5,bot2,,,GAVE_UP,18,24,19,
1.0,5,bot3,,,GAVE_UP,18,24,19,
1.0,5,bot4,,,GAVE_UP,18,24,19,
1.0,6,bot1,,,SUCCESS,5,5,19,
1.0,6,bot2,,,SUCCESS,5,5,19,
1.0,6,bot3,,,SUCCESS,5,5,19,
1.0,6,bot4,,,SUCCESS,5,5,19,
1.0,7,bot1,,,BURNED,6,27,20,
1.0,7,bot2,,,GAVE_UP,14,27,20,
1.0,7,bot3,,,GAVE_UP,17,27,20,
1.0,7,bot4,,,GAVE_UP,14,27,20,1
1.0,0,bot1,,,SUCCESS,17,17,39,
1.0,0,bot2,,,SUCCESS,17,17,39,
1.0,0,bot3,,,SUCCESS,17,17,39,
1.0,0,bot4,,,SUCCESS,17,17,39,
1.0,1,bot1,,,SUCCESS,14,14,68,
1.0,1,bot2,,,SUCCESS,14,14,68,
1.0,1,bot3,,,SUCCESS,14,14,68,
1.0,1,bot4,,,SUCCESS,14,14,68,
1.0,2,bot1,,,BUTTON_BURNED,29,35,29,
1.0,2,bot2,,,BUTTON_BURNED,29,35,29,
1.0,2,bot3,,,BUTTON_BURNED,29,35,29,
1.0,2,bot4,,,BUTTON_BURNED,29,35,29,
1.0,3,bot1,,,BURNED,21,24,22,
1.0,3,bot2,,,GAVE_UP,20,24,22,
1.0,3,bot3,,,GAVE_UP,20,24,22,
1.0,3,bot4,,,BUTTON_BURNED,22,24,22,3
1.0,12,bot1,,,BUTTON_BURNED,24,30,24,
1.0,12,bot2,,,BUTTON_BURNED,24,30,24,
1.0,12,bot3,,,BUTTON_BURNED,24,30,24,
1.0,12,bot4,,,BUTTON_BURNED,24,30,24,
1.0,13,bot1,,,SUCCESS,16,16,62,
1.0,13,bot2,,,SUCCESS,16,16,62,
1.0,13,bot3,,,SUCCESS,16,16,62,
1.0,13,bot4,,,SUCCESS,16,16,62,
1.0,14,bot1,,,SUCCESS,28,28,49,
1.0,14,bot2,,,SUCCESS,28,28,49,
1.0,14,bot3,,,SUCCESS,28,28,49,
1.0,14,bot4,,,SUCCESS,28,28,49,
1.0,15,bot1,,,SUCCESS,13,13,30,
1.0,15,bot2,,,SUCCESS,13,13,30,
1.0,15,bot3,,,SUCCESS,13,13,30,
1.0,15,bot4,,,SUCCESS,13,13,30,
0.95,192,bot1,,,SUCCESS,18,18,45,
0.95,192,bot2,,,SUCCESS,18,18,45,
0.95,192,bot3,,,SUCCESS,18,18,45,
0.95,192,bot4,,,SUCCESS,18,18,45,
0.95,193,bot1,,,BURNED,11,35,17,
0.95,193,bot2,,,BURNED,11,35,17,
0.95,193,bot3,,,GAVE_UP,13,35,17,
0.95,193,bot4,,,BURNED,11,35,17,1
0.95,194,bot1,,,SUCCESS,55,55,64,
0.95,194,bot2,,,SUCCESS,55,55,64,
0.95,194,bot3,,,SUCCESS,55,55,64,
0.95,194,bot4,,,SUCCESS,55,55,64,
0.95,195,bot1,,,BURNED,12,40,23,
0.95,195,bot2,,,GAVE_UP,17,40,23,
0.95,195,bot3,,,GAVE_UP,18,40,23,
0.95,195,bot4,,,GAVE_UP,17,40,23,1
0.95,196,bot1,,,SUCCESS,15,15,30,
0.95,196,bot2,,,SUCCESS,15,15,30,
0.95,196,bot3,,,SUCCESS,15,15,30,
0.95,196,bot4,,,SUCCESS,15,15,30,
0.95,197,bot1,,,BURNED,8,51,38,
0.95,197,bot2,,,GAVE_UP,14,51,38,
0.95,197,bot3,,,GAVE_UP,14,51,38,
0.95,197,bot4,,,BUTTON_BURNED,40,51,38,19
0.95,198,bot1,,,BUTTON_BURNED,25,65,25,
0.95,198,bot2,,,GAVE_UP,22,65,25,
0.95,198,bot3,,,GAVE_UP,22,65,25,
0.95,198,bot4,,,GAVE_UP,22,65,25,10
0.95,199,bot1,,,BUTTON_BURNED,24,52,24,
0.95,199,bot2,,,BUTTON_BURNED,24,52,24,
0.95,199,bot3,,,BUTTON_BURNED,24,52,24,
0.95,199,bot4,,,BUTTON_BURNED,24,52,24,
1.0,20,bot1,,,BUTTON_BURNED,16,43,16,
1.0,20,bot2,,,BUTTON_BURNED,16,43,16,
1.0,20,bot3,,,BUTTON_BURNED,16,43,16,
1.0,20,bot4,,,BUTTON_BURNED,16,43,16,1
1.0,21,bot1,,,SUCCESS,17,17,55,
1.0,21,bot2,,,SUCCESS,17,17,55,
1.0,21,bot3,,,SUCCESS,17,17,55,
1.0,21,bot4,,,SUCCESS,17,17,55,
1.0,22,bot1,,,SUCCESS,15,15,33,
1.0,22,bot2,,,SUCCESS,15,15,33,
1.0,22,bot3,,,SUCCESS,15,15,33,
1.0,22,bot4,,,SUCCESS,15,15,33,
1.0,23,bot1,,,SUCCESS,33,33,41,
1.0,23,bot2,,,SUCCESS,33,33,41,
1.0,23,bot3,,,SUCCESS,33,33,41,
1.0,23,bot4,,,SUCCESS,33,33,41,
1.0,8,bot1,,,SUCCESS,25,25,43,
1.0,8,bot2,,,SUCCESS,25,25,43,
1.0,8,bot3,,,SUCCESS,25,25,43,
1.0,8,bot4,,,SUCCESS,25,25,43,
1.0,9,bot1,,,BURNED,10,39,20,
1.0,9,bot2,,,GAVE_UP,17,39,20,
1.0,9,bot3,,,GAVE_UP,17,39,20,
1.0,9,bot4,,,GAVE_UP,17,39,20,1
1.0,10,bot1,,,BURNED,30,41,33,
1.0,10,bot2,,,GAVE_UP,27,41,33,
1.0,10,bot3,,,GAVE_UP,27,41,33,
1.0,10,bot4,,,GAVE_UP,27,41,33,
1.0,11,bot1,,,BURNED,31,48,31,
1.0,11,bot2,,,BUTTON_BURNED,31,48,31,
1.0,11,bot3,,,BUTTON_BURNED,31,48,31,
1.0,11,bot4,,,BUTTON_BURNED,31,48,31,12
0.95,188,bot1,,,SUCCESS,23,23,45,
0.95,188,bot2,,,SUCCESS,23,23,45,
0.95,188,bot3,,,SUCCESS,23,23,45,
0.95,188,bot4,,,SUCCESS,23,23,45,
0.95,189,bot1,,,SUCCESS,25,25,54,
0.95,189,bot2,,,SUCCESS,25,25,54,
0.95,189,bot3,,,SUCCESS,25,25,54,
0.95,189,bot4,,,SUCCESS,25,25,54,
0.95,190,bot1,,,SUCCESS,48,48,55,
0.95,190,bot2,,,SUCCESS,48,48,55,
0.95,190,bot3,,,SUCCESS,48,48,55,
0.95,190,bot4,,,SUCCESS,48,48,55,
0.95,191,bot1,,,BURNED,26,40,31,
0.95,191,bot2,,,BUTTON_BURNED,32,40,31,
0.95,191,bot3,,,BUTTON_BURNED,32,40,31,
0.95,191,bot4,,,BUTTON_BURNED,32,40,31,14
1.0,24,bot1,,,BURNED,25,65,27,
1.0,24,bot2,,,BUTTON_BURNED,27,65,27,
1.0,24,bot3,,,BUTTON_BURNED,27,65,27,
1.0,24,bot4,,,BUTTON_BURNED,27,65,27,8
1.0,25,bot1,,,SUCCESS,36,36,49,
1.0,25,bot2,,,SUCCESS,36,36,49,
1.0,25,bot3,,,SUCCESS,36,36,49,
1.0,25,bot4,,,SUCCESS,36,36,49,
1.0,26,bot1,,,SUCCESS,22,22,59,
1.0,26,bot2,,,SUCCESS,22,22,59,
1.0,26,bot3,,,SUCCESS,22,22,59,
1.0,26,bot4,,,SUCCESS,22,22,59,
1.0,27,bot1,,,SUCCESS,23,23,41,
1.0,27,bot2,,,SUCCESS,23,23,41,
1.0,27,bot3,,,SUCCESS,23,23,41,
1.0,27,bot4,,,SUCCESS,23,23,41,
1.0,32,bot1,,,SUCCESS,13,13,24,
1.0,32,bot2,,,SUCCESS,13,13,24,
1.0,32,bot3,,,SUCCESS,13,13,24,
1.0,32,bot4,,,SUCCESS,13,13,24,
1.0,33,bot1,,,BUTTON_BURNED,7,31,7,
1.0,33,bot2,,,BUTTON_BURNED,7,31,7,
1.0,33,bot3,,,BUTTON_BURNED,7,31,7,
1.0,33,bot4,,,BUTTON_BURNED,7,31,7,
1.0,34,bot1,,,BUTTON_BURNED,9,39,9,
1.0,34,bot2,,,BUTTON_BURNED,9,39,9,
1.0,34,bot3,,,BUTTON_BURNED,9,39,9,
1.0,34,bot4,,,BUTTON_BURNED,9,39,9,
1.0,35,bot1,,,SUCCESS,38,38,45,
1.0,35,bot2,,,SUCCESS,38,38,45,
1.0,35,bot3,,,SUCCESS,38,38,45,
1.0,35,bot4,,,SUCCESS,38,38,45,
1.0,28,bot1,,,SUCCESS,20,20,23,
1.0,28,bot2,,,SUCCESS,20,20,23,
1.0,28,bot3,,,SUCCESS,20,20,23,
1.0,28,bot4,,,SUCCESS,20,20,23,
1.0,29,bot1,,,BUTTON_BURNED,7,41,7,
1.0,29,bot2,,,GAVE_UP,3,41,7,
1.0,29,bot3,,,GAVE_UP,3,41,7,
1.0,29,bot4,,,GAVE_UP,3,41,7,1
1.0,30,bot1,,,BUTTON_BURNED,14,41,14,
1.0,30,bot2,,,BUTTON_BURNED,14,41,14,
1.0,30,bot3,,,BUTTON_BURNED,14,41,14,
1.0,30,bot4,,,BUTTON_BURNED,14,41,14,
1.0,31,bot1,,,BURNED,33,68,44,
1.0,31,bot2,,,GAVE_UP,42,68,44,
1.0,31,bot3,,,GAVE_UP,42,68,44,
1.0,31,bot4,,,BURNED,41,68,44,23
1.0,48,bot1,,,SUCCESS,17,17,37,
1.0,48,bot2,,,SUCCESS,17,17,37,
1.0,48,bot3,,,SUCCESS,17,17,37,
1.0,48,bot4,,,SUCCESS,17,17,37,
1.0,49,bot1,,,SUCCESS,3,3,29,
1.0,49,bot2,,,SUCCESS,3,3,29,
1.0,49,bot3,,,SUCCESS,3,3,29,
1.0,49,bot4,,,SUCCESS,3,3,29,
1.0,50,bot1,,,SUCCESS,32,32,48,
1.0,50,bot2,,,SUCCESS,32,32,48,
1.0,50,bot3,,,SUCCESS,32,32,48,
1.0,50,bot4,,,SUCCESS,32,32,48,
1.0,51,bot1,,,SUCCESS,31,31,40,
1.0,51,bot2,,,SUCCESS,31,31,40,
1.0,51,bot3,,,SUCCESS,31,31,40,
1.0,51,bot4,,,SUCCESS,31,31,40,
1.0,16,bot1,,,SUCCESS,35,35,57,
1.0,16,bot2,,,SUCCESS,35,35,57,
1.0,16,bot3,,,SUCCESS,35,35,57,
1.0,16,bot4,,,SUCCESS,35,35,57,
1.0,17,bot1,,,SUCCESS,19,19,22,
1.0,17,bot2,,,SUCCESS,19,19,22,
1.0,17,bot3,,,SUCCESS,19,19,22,
1.0,17,bot4,,,SUCCESS,19,19,22,
1.0,18,bot1,,,BURNED,44,64,58,
1.0,18,bot2,,,BURNED,44,64,58,
1.0,18,bot3,,,BURNED,44,64,58,
1.0,18,bot4,,,BURNED,44,64,58,39
1.0,19,bot1,,,BURNED,32,49,33,
1.0,19,bot2,,,GAVE_UP,32,49,33,
1.0,19,bot3,,,GAVE_UP,32,49,33,
1.0,19,bot4,,,GAVE_UP,32,49,33,13
1.0,36,bot1,,,SUCCESS,19,19,39,
1.0,36,bot2,,,SUCCESS,19,19,39,
1.0,36,bot3,,,SUCCESS,19,19,39,
1.0,36,bot4,,,SUCCESS,19,19,39,
1.0,37,bot1,,,BUTTON_BURNED,26,54,26,
1.0,37,bot2,,,GAVE_UP,20,54,26,
1.0,37,bot3,,,GAVE_UP,20,54,26,
1.0,37,bot4,,,GAVE_UP,20,54,26,1
1.0,38,bot1,,,BURNED,8,37,35,
1.0,38,bot2,,,BURNED,8,37,35,
1.0,38,bot3,,,BURNED,8,37,35,
1.0,38,bot4,,,BURNED,8,37,35,8
1.0,39,bot1,,,BURNED,37,60,46,
1.0,39,bot2,,,GAVE_UP,40,60,46,
1.0,39,bot3,,,GAVE_UP,40,60,46,
1.0,39,bot4,,,GAVE_UP,40,60,46,21
1.0,56,bot1,,,BUTTON_BURNED,7,54,7,
1.0,56,bot2,,,BUTTON_BURNED,7,54,7,
1.0,56,bot3,,,BUTTON_BURNED,7,54,7,
1.0,56,bot4,,,BUTTON_BURNED,7,54,7,1
1.0,57,bot1,,,SUCCESS,20,20,26,
1.0,57,bot2,,,SUCCESS,20,20,26,
1.0,57,bot3,,,SUCCESS,20,20,26,
1.0,57,bot4,,,SUCCESS,20,20,26,
1.0,58,bot1,,,BUTTON_BURNED,12,47,12,
1.0,58,bot2,,,GAVE_UP,11,47,12,
1.0,58,bot3,,,GAVE_UP,11,47,12,
1.0,58,bot4,,,GAVE_UP,11,47,12,8
1.0,59,bot1,,,BURNED,16,52,44,
1.0,59,bot2,,,BURNED,16,52,44,
1.0,59,bot3,,,GAVE_UP,18,52,44,
1.0,59,bot4,,,GAVE_UP,18,52,44,3
1.0,40,bot1,,,BURNED,31,54,34,
1.0,40,bot2,,,GAVE_UP,24,54,34,
1.0,40,bot3,,,GAVE_UP,24,54,34,
1.0,40,bot4,,,GAVE_UP,24,54,34,9
1.0,41,bot1,,,BURNED,12,26,18,
1.0,41,bot2,,,GAVE_UP,17,26,18,
1.0,41,bot3,,,GAVE_UP,17,26,18,
1.0,41,bot4,,,GAVE_UP,17,26,18,1
1.0,42,bot1,,,SUCCESS,27,27,73,
1.0,42,bot2,,,SUCCESS,27,27,73,
1.0,42,bot3,,,SUCCESS,27,27,73,
1.0,42,bot4,,,SUCCESS,27,27,73,
1.0,43,bot1,,,BUTTON_BURNED,26,49,26,
1.0,43,bot2,,,BUTTON_BURNED,26,49,26,
1.0,43,bot3,,,BUTTON_BURNED,26,49,26,
1.0,43,bot4,,,BUTTON_BURNED,26,49,26,7
1.0,44,bot1,,,SUCCESS,49,49,51,
1.0,44,bot2,,,SUCCESS,49,49,51,
1.0,44,bot3,,,SUCCESS,49,49,51,
1.0,44,bot4,,,SUCCESS,49,49,51,
1.0,45,bot1,,,SUCCESS,34,34,37,
1.0,45,bot2,,,SUCCESS,34,34,37,
1.0,45,bot3,,,SUCCESS,34,34,37,
1.0,45,bot4,,,SUCCESS,34,34,37,
1.0,46,bot1,,,SUCCESS,22,22,33,
1.0,46,bot2,,,SUCCESS,22,22,33,
1.0,46,bot3,,,SUCCESS,22,22,33,
1.0,46,bot4,,,SUCCESS,22,22,33,
1.0,47,bot1,,,BURNED,24,48,25,
1.0,47,bot2,,,GAVE_UP,24,48,25,
1.0,47,bot3,,,GAVE_UP,24,48,25,
1.0,47,bot4,,,GAVE_UP,24,48,25,1
1.0,52,bot1,,,SUCCESS,25,25,27,
1.0,52,bot2,,,SUCCESS,25,25,27,
1.0,52,bot3,,,SUCCESS,25,25,27,
1.0,52,bot4,,,SUCCESS,25,25,27,
1.0,53,bot1,,,SUCCESS,36,36,39,
1.0,53,bot2,,,SUCCESS,36,36,39,
1.0,53,bot3,,,SUCCESS,36,36,39,
1.0,53,bot4,,,SUCCESS,36,36,39,
1.0,54,bot1,,,BUTTON_BURNED,39,51,39,
1.0,54,bot2,,,GAVE_UP,38,51,39,
1.0,54,bot3,,,GAVE_UP,38,51,39,
1.0,54,bot4,,,GAVE_UP,38,51,39,22
1.0,55,bot1,,,SUCCESS,5,5,31,
1.0,55,bot2,,,SUCCESS,5,5,31,
1.0,55,bot3,,,SUCCESS,5,5,31,
1.0,55,bot4,,,SUCCESS,5,5,31,
1.0,60,bot1,,,SUCCESS,38,38,48,
1.0,60,bot2,,,SUCCESS,38,38,48,
1.0,60,bot3,,,SUCCESS,38,38,48,
1.0,60,bot4,,,SUCCESS,38,38,48,
1.0,61,bot1,,,SUCCESS,11,11,36,
1.0,61,bot2,,,SUCCESS,11,11,36,
1.0,61,bot3,,,SUCCESS,11,11,36,
1.0,61,bot4,,,SUCCESS,11,11,36,
1.0,62,bot1,,,BURNED,11,24,14,
1.0,62,bot2,,,BUTTON_BURNED,14,24,14,
1.0,62,bot3,,,BUTTON_BURNED,14,24,14,
1.0,62,bot4,,,BUTTON_BURNED,14,24,14,1
1.0,63,bot1,,,BUTTON_BURNED,3,28,3,
1.0,63,bot2,,,BUTTON_BURNED,3,28,3,
1.0,63,bot3,,,BUTTON_BURNED,3,28,3,
1.0,63,bot4,,,BUTTON_BURNED,3,28,3,3
1.0,68,bot1,,,SUCCESS,3,3,13,
1.0,68,bot2,,,SUCCESS,3,3,13,
1.0,68,bot3,,,SUCCESS,3,3,13,
1.0,68,bot4,,,SUCCESS,3,3,13,
1.0,69,bot1,,,BURNED,23,24,24,
1.0,69,bot2,,,BURNED,23,24,24,
1.0,69,bot3,,,BURNED,23,24,24,
1.0,69,bot4,,,BURNED,23,24,24,
1.0,70,bot1,,,BURNED,19,24,23,
1.0,70,bot2,,,GAVE_UP,18,24,23,
1.0,70,bot3,,,GAVE_UP,18,24,23,
1.0,70,bot4,,,GAVE_UP,18,24,23,1
1.0,71,bot1,,,BUTTON_BURNED,13,46,13,
1.0,71,bot2,,,GAVE_UP,12,46,13,
1.0,71,bot3,,,GAVE_UP,12,46,13,
1.0,71,bot4,,,GAVE_UP,12,46,13,1
1.0,76,bot1,,,SUCCESS,39,39,50,
1.0,76,bot2,,,SUCCESS,39,39,50,
1.0,76,bot3,,,SUCCESS,39,39,50,
1.0,76,bot4,,,SUCCESS,39,39,50,
1.0,77,bot1,,,BUTTON_BURNED,6,34,6,
1.0,77,bot2,,,BUTTON_BURNED,6,34,6,
1.0,77,bot3,,,BUTTON_BURNED,6,34,6,
1.0,77,bot4,,,BUTTON_BURNED,6,34,6,
1.0,78,bot1,,,BURNED,8,51,48,
1.0,78,bot2,,,GAVE_UP,28,51,48,
1.0,78,bot3,,,GAVE_UP,28,51,48,
1.0,78,bot4,,,GAVE_UP,28,51,48,9
1.0,79,bot1,,,BUTTON_BURNED,10,18,10,
1.0,79,bot2,,,BUTTON_BURNED,10,18,10,
1.0,79,bot3,,,BUTTON_BURNED,10,18,10,
1.0,79,bot4,,,BUTTON_BURNED,10,18,10,
1.0,72,bot1,,,BUTTON_BURNED,22,30,22,
1.0,72,bot2,,,BUTTON_BURNED,22,30,22,
1.0,72,bot3,,,BUTTON_BURNED,22,30,22,
1.0,72,bot4,,,BUTTON_BURNED,22,30,22,6
1.0,73,bot1,,,SUCCESS,45,45,62,
1.0,73,bot2,,,SUCCESS,45,45,62,
1.0,73,bot3,,,SUCCESS,45,45,62,
1.0,73,bot4,,,SUCCESS,45,45,62,
1.0,74,bot1,,,SUCCESS,30,30,43,
1.0,74,bot2,,,SUCCESS,30,30,43,
1.0,74,bot3,,,SUCCESS,30,30,43,
1.0,74,bot4,,,SUCCESS,30,30,43,
1.0,75,bot1,,,BURNED,20,31,21,
1.0,75,bot2,,,BURNED,20,31,21,
1.0,75,bot3,,,BUTTON_BURNED,21,31,21,
1.0,75,bot4,,,BURNED,13,31,21,2
1.0,88,bot1,,,BUTTON_BURNED,13,55,13,
1.0,88,bot2,,,BUTTON_BURNED,13,55,13,
1.0,88,bot3,,,BUTTON_BURNED,13,55,13,
1.0,88,bot4,,,BUTTON_BURNED,13,55,13,1
1.0,89,bot1,,,BURNED,14,50,32,
1.0,89,bot2,,,GAVE_UP,20,50,32,
1.0,89,bot3,,,GAVE_UP,20,50,32,
1.0,89,bot4,,,GAVE_UP,20,50,32,1
1.0,90,bot1,,,BURNED,15,51,40,
1.0,90,bot2,,,GAVE_UP,19,51,40,
1.0,90,bot3,,,GAVE_UP,19,51,40,
1.0,90,bot4,,,GAVE_UP,19,51,40,1
1.0,91,bot1,,,SUCCESS,23,23,48,
1.0,91,bot2,,,SUCCESS,23,23,48,
1.0,91,bot3,,,SUCCESS,23,23,48,
1.0,91,bot4,,,SUCCESS,23,23,48,
1.0,96,bot1,,,BUTTON_BURNED,20,53,20,
1.0,96,bot2,,,GAVE_UP,13,53,20,
1.0,96,bot3,,,GAVE_UP,13,53,20,
1.0,96,bot4,,,GAVE_UP,13,53,20,
1.0,97,bot1,,,SUCCESS,13,13,14,
1.0,97,bot2,,,SUCCESS,13,13,14,
1.0,97,bot3,,,SUCCESS,13,13,14,
1.0,97,bot4,,,SUCCESS,13,13,14,
1.0,98,bot1,,,BUTTON_BURNED,27,28,27,
1.0,98,bot2,,,BUTTON_BURNED,27,28,27,
1.0,98,bot3,,,BUTTON_BURNED,27,28,27,
1.0,98,bot4,,,BUTTON_BURNED,27,28,27,
1.0,99,bot1,,,SUCCESS,26,26,52,
1.0,99,bot2,,,SUCCESS,26,26,52,
1.0,99,bot3,,,SUCCESS,26,26,52,
1.0,99,bot4,,,SUCCESS,26,26,52,
1.0,64,bot1,,,SUCCESS,56,56,60,
1.0,64,bot2,,,SUCCESS,56,56,60,
1.0,64,bot3,,,SUCCESS,56,56,60,
1.0,64,bot4,,,SUCCESS,56,56,60,
1.0,65,bot1,,,SUCCESS,2,2,58,
1.0,65,bot2,,,SUCCESS,2,2,58,
1.0,65,bot3,,,SUCCESS,2,2,58,
1.0,65,bot4,,,SUCCESS,2,2,58,
1.0,66,bot1,,,BUTTON_BURNED,28,48,28,
1.0,66,bot2,,,GAVE_UP,21,48,28,
1.0,66,bot3,,,GAVE_UP,21,48,28,
1.0,66,bot4,,,GAVE_UP,21,48,28,
1.0,67,bot1,,,SUCCESS,27,27,61,
1.0,67,bot2,,,SUCCESS,27,27,61,
1.0,67,bot3,,,SUCCESS,27,27,61,
1.0,67,bot4,,,SUCCESS,27,27,61,
1.0,84,bot1,,,BUTTON_BURNED,14,40,14,
1.0,84,bot2,,,BUTTON_BURNED,14,40,14,
1.0,84,bot3,,,BUTTON_BURNED,14,40,14,
1.0,84,bot4,,,BUTTON_BURNED,14,40,14,
1.0,85,bot1,,,SUCCESS,29,29,47,
1.0,85,bot2,,,SUCCESS,29,29,47,
1.0,85,bot3,,,SUCCESS,29,29,47,
1.0,85,bot4,,,SUCCESS,29,29,47,
1.0,86,bot1,,,SUCCESS,16,16,47,
1.0,86,bot2,,,SUCCESS,16,16,47,
1.0,86,bot3,,,SUCCESS,16,16,47,
1.0,86,bot4,,,SUCCESS,16,16,47,
1.0,87,bot1,,,BURNED,32,40,38,
1.0,87,bot2,,,BUTTON_BURNED,38,40,38,
1.0,87,bot3,,,BUTTON_BURNED,38,40,38,
1.0,87,bot4,,,BUTTON_BURNED,38,40,38,19
1.0,80,bot1,,,BURNED,29,57,31,
1.0,80,bot2,,,BUTTON_BURNED,31,57,31,
1.0,80,bot3,,,BUTTON_BURNED,31,57,31,
1.0,80,bot4,,,BUTTON_BURNED,31,57,31,12
1.0,81,bot1,,,SUCCESS,43,43,56,
1.0,81,bot2,,,SUCCESS,43,43,56,
1.0,81,bot3,,,SUCCESS,43,43,56,
1.0,81,bot4,,,SUCCESS,43,43,56,
1.0,82,bot1,,,BUTTON_BURNED,19,43,19,
1.0,82,bot2,,,GAVE_UP,18,43,19,
1.0,82,bot3,,,GAVE_UP,18,43,19,
1.0,82,bot4,,,GAVE_UP,18,43,19,
1.0,83,bot1,,,BURNED,9,43,39,
1.0,83,bot2,,,BURNED,9,43,39,
1.0,83,bot3,,,BURNED,12,43,39,
1.0,83,bot4,,,BURNED,23,43,39,8
1.0,92,bot1,,,BURNED,7,46,37,
1.0,92,bot2,,,GAVE_UP,19,46,37,
1.0,92,bot3,,,GAVE_UP,19,46,37,
1.0,92,bot4,,,GAVE_UP,19,46,37,1
1.0,93,bot1,,,SUCCESS,38,38,42,
1.0,93,bot2,,,SUCCESS,38,38,42,
1.0,93,bot3,,,SUCCESS,38,38,42,
1.0,93,bot4,,,SUCCESS,38,38,42,
1.0,94,bot1,,,SUCCESS,21,21,30,
1.0,94,bot2,,,SUCCESS,21,21,30,
1.0,94,bot3,,,SUCCESS,21,21,30,
1.0,94,bot4,,,SUCCESS,21,21,30,
1.0,95,bot1,,,BURNED,26,46,38,
1.0,95,bot2,,,GAVE_UP,23,46,38,
1.0,95,bot3,,,GAVE_UP,23,46,38,
1.0,95,bot4,,,GAVE_UP,23,46,38,
1.0,108,bot1,,,BURNED,10,47,45,
1.0,108,bot2,,,GAVE_UP,9,47,45,
1.0,108,bot3,,,GAVE_UP,9,47,45,
1.0,108,bot4,,,GAVE_UP,9,47,45,1
1.0,109,bot1,,,SUCCESS,5,5,18,
1.0,109,bot2,,,SUCCESS,5,5,18,
1.0,109,bot3,,,SUCCESS,5,5,18,
1.0,109,bot4,,,SUCCESS,5,5,18,
1.0,110,bot1,,,SUCCESS,28,28,39,
1.0,110,bot2,,,SUCCESS,28,28,39,
1.0,110,bot3,,,SUCCESS,28,28,39,
1.0,110,bot4,,,SUCCESS,28,28,39,
1.0,111,bot1,,,BURNED,14,57,31,
1.0,111,bot2,,,GAVE_UP,16,57,31,
1.0,111,bot3,,,GAVE_UP,16,57,31,
1.0,111,bot4,,,GAVE_UP,16,57,31,4
1.0,100,bot1,,,BURNED,14,36,16,
1.0,100,bot2,,,BUTTON_BURNED,16,36,16,
1.0,100,bot3,,,BUTTON_BURNED,16,36,16,
1.0,100,bot4,,,BUTTON_BURNED,16,36,16,1
1.0,101,bot1,,,SUCCESS,46,46,47,
1.0,101,bot2,,,SUCCESS,46,46,47,
1.0,101,bot3,,,SUCCESS,46,46,47,
1.0,101,bot4,,,SUCCESS,46,46,47,
1.0,102,bot1,,,BURNED,14,48,38,
1.0,102,bot2,,,BURNED,14,48,38,
1.0,102,bot3,,,GAVE_UP,20,48,38,
1.0,102,bot4,,,BURNED,14,48,38,1
1.0,103,bot1,,,BUTTON_BURNED,9,68,9,
1.0,103,bot2,,,GAVE_UP,8,68,9,
1.0,103,bot3,,,GAVE_UP,8,68,9,
1.0,103,bot4,,,GAVE_UP,8,68,9,1
1.0,104,bot1,,,SUCCESS,24,24,32,
1.0,104,bot2,,,SUCCESS,24,24,32,
1.0,104,bot3,,,SUCCESS,24,24,32,
1.0,104,bot4,,,SUCCESS,24,24,32,
1.0,105,bot1,,,BURNED,17,47,33,
1.0,105,bot2,,,BURNED,17,47,33,
1.0,105,bot3,,,BURNED,25,47,33,
1.0,105,bot4,,,BURNED,17,47,33,14
1.0,106,bot1,,,BUTTON_BURNED,10,41,10,
1.0,106,bot2,,,BUTTON_BURNED,10,41,10,
1.0,106,bot3,,,BUTTON_BURNED,10,41,10,
1.0,106,bot4,,,BUTTON_BURNED,10,41,10,1
1.0,107,bot1,,,BURNED,9,40,24,
1.0,107,bot2,,,GAVE_UP,16,40,24,
1.0,107,bot3,,,GAVE_UP,16,40,24,
1.0,107,bot4,,,GAVE_UP,16,40,24,1
1.0,120,bot1,,,BURNED,9,46,32,
1.0,120,bot2,,,BURNED,14,46,32,
1.0,120,bot3,,,BURNED,15,46,32,
1.0,120,bot4,,,BURNED,14,46,32,3
1.0,121,bot1,,,BURNED,16,27,19,
1.0,121,bot2,,,GAVE_UP,14,27,19,
1.0,121,bot3,,,GAVE_UP,14,27,19,
1.0,121,bot4,,,GAVE_UP,14,27,19,
1.0,122,bot1,,,SUCCESS,7,7,56,
1.0,122,bot2,,,SUCCESS,7,7,56,
1.0,122,bot3,,,SUCCESS,7,7,56,
1.0,122,bot4,,,SUCCESS,7,7,56,
1.0,123,bot1,,,SUCCESS,31,31,35,
1.0,123,bot2,,,SUCCESS,31,31,35,
1.0,123,bot3,,,SUCCESS,31,31,35,
1.0,123,bot4,,,SUCCESS,31,31,35,
1.0,124,bot1,,,SUCCESS,17,17,36,
1.0,124,bot2,,,SUCCESS,17,17,36,
1.0,124,bot3,,,SUCCESS,17,17,36,
1.0,124,bot4,,,SUCCESS,17,17,36,
1.0,125,bot1,,,BURNED,18,31,28,
1.0,125,bot2,,,BUTTON_BURNED,28,31,28,
1.0,125,bot3,,,BUTTON_BURNED,28,31,28,
1.0,125,bot4,,,BUTTON_BURNED,28,31,28,9
1.0,126,bot1,,,BURNED,8,39,37,
1.0,126,bot2,,,BURNED,9,39,37,
1.0,126,bot3,,,GAVE_UP,12,39,37,
1.0,126,bot4,,,BURNED,9,39,37,1
1.0,127,bot1,,,BUTTON_BURNED,11,28,11,
1.0,127,bot2,,,GAVE_UP,10,28,11,
1.0,127,bot3,,,GAVE_UP,10,28,11,
1.0,127,bot4,,,GAVE_UP,10,28,11,
1.0,112,bot1,,,SUCCESS,7,7,9,
1.0,112,bot2,,,SUCCESS,7,7,9,
1.0,112,bot3,,,SUCCESS,7,7,9,
1.0,112,bot4,,,SUCCESS,7,7,9,
1.0,113,bot1,,,BUTTON_BURNED,13,23,13,
1.0,113,bot2,,,BUTTON_BURNED,13,23,13,
1.0,113,bot3,,,BUTTON_BURNED,13,23,13,
1.0,113,bot4,,,BUTTON_BURNED,13,23,13,
1.0,114,bot1,,,SUCCESS,27,27,31,
1.0,114,bot2,,,SUCCESS,27,27,31,
1.0,114,bot3,,,SUCCESS,27,27,31,
1.0,114,bot4,,,SUCCESS,27,27,31,
1.0,115,bot1,,,SUCCESS,48,48,49,
1.0,115,bot2,,,SUCCESS,48,48,49,
1.0,115,bot3,,,SUCCESS,48,48,49,
1.0,115,bot4,,,SUCCESS,48,48,49,
1.0,148,bot1,,,BURNED,22,33,29,
1.0,148,bot2,,,GAVE_UP,21,33,29,
1.0,148,bot3,,,GAVE_UP,21,33,29,
1.0,148,bot4,,,GAVE_UP,21,33,29,2
1.0,149,bot1,,,SUCCESS,1,1,30,
1.0,149,bot2,,,SUCCESS,1,1,30,
1.0,149,bot3,,,SUCCESS,1,1,30,
1.0,149,bot4,,,SUCCESS,1,1,30,
1.0,150,bot1,,,SUCCESS,9,9,39,
1.0,150,bot2,,,SUCCESS,9,9,39,
1.0,150,bot3,,,SUCCESS,9,9,39,
1.0,150,bot4,,,SUCCESS,9,9,39,
1.0,151,bot1,,,SUCCESS,22,22,32,
1.0,151,bot2,,,SUCCESS,22,22,32,
1.0,151,bot3,,,SUCCESS,22,22,32,
1.0,151,bot4,,,SUCCESS,22,22,32,
1.0,140,bot1,,,BURNED,8,35,19,
1.0,140,bot2,,,GAVE_UP,18,35,19,
1.0,140,bot3,,,GAVE_UP,18,35,19,
1.0,140,bot4,,,GAVE_UP,18,35,19,1
1.0,141,bot1,,,SUCCESS,20,20,29,
1.0,141,bot2,,,SUCCESS,20,20,29,
1.0,141,bot3,,,SUCCESS,20,20,29,
1.0,141,bot4,,,SUCCESS,20,20,29,
1.0,142,bot1,,,SUCCESS,6,6,10,
1.0,142,bot2,,,SUCCESS,6,6,10,
1.0,142,bot3,,,SUCCESS,6,6,10,
1.0,142,bot4,,,SUCCESS,6,6,10,
1.0,143,bot1,,,SUCCESS,32,32,37,
1.0,143,bot2,,,SUCCESS,32,32,37,
1.0,143,bot3,,,SUCCESS,32,32,37,
1.0,143,bot4,,,SUCCESS,32,32,37,
1.0,128,bot1,,,BURNED,30,39,35,
1.0,128,bot2,,,BURNED,30,39,35,
1.0,128,bot3,,,BUTTON_BURNED,35,39,35,
1.0,128,bot4,,,BUTTON_BURNED,35,39,35,
1.0,129,bot1,,,BUTTON_BURNED,4,56,4,
1.0,129,bot2,,,BUTTON_BURNED,4,56,4,
1.0,129,bot3,,,BUTTON_BURNED,4,56,4,
1.0,129,bot4,,,BUTTON_BURNED,4,56,4,
1.0,130,bot1,,,SUCCESS,41,41,46,
1.0,130,bot2,,,SUCCESS,41,41,46,
1.0,130,bot3,,,SUCCESS,41,41,46,
1.0,130,bot4,,,SUCCESS,41,41,46,
1.0,131,bot1,,,BUTTON_BURNED,22,34,22,
1.0,131,bot2,,,BUTTON_BURNED,22,34,22,
1.0,131,bot3,,,BUTTON_BURNED,22,34,22,
1.0,131,bot4,,,BUTTON_BURNED,22,34,22,
1.0,116,bot1,,,SUCCESS,9,9,34,
1.0,116,bot2,,,SUCCESS,9,9,34,
1.0,116,bot3,,,SUCCESS,9,9,34,
1.0,116,bot4,,,SUCCESS,9,9,34,
1.0,117,bot1,,,SUCCESS,31,31,39,
1.0,117,bot2,,,SUCCESS,31,31,39,
1.0,117,bot3,,,SUCCESS,31,31,39,
1.0,117,bot4,,,SUCCESS,31,31,39,
1.0,118,bot1,,,BURNED,22,37,31,
1.0,118,bot2,,,BURNED,22,37,31,
1.0,118,bot3,,,BURNED,27,37,31,
1.0,118,bot4,,,BUTTON_BURNED,31,37,31,
1.0,119,bot1,,,BURNED,19,65,59,
1.0,119,bot2,,,BURNED,19,65,59,
1.0,119,bot3,,,GAVE_UP,42,65,59,
1.0,119,bot4,,,GAVE_UP,42,65,59,
1.0,144,bot1,,,BUTTON_BURNED,5,29,5,
1.0,144,bot2,,,BUTTON_BURNED,5,29,5,
1.0,144,bot3,,,BUTTON_BURNED,5,29,5,
1.0,144,bot4,,,BUTTON_BURNED,5,29,5,4
1.0,145,bot1,,,BURNED,27,49,37,
1.0,145,bot2,,,BURNED,28,49,37,
1.0,145,bot3,,,GAVE_UP,35,49,37,
1.0,145,bot4,,,GAVE_UP,35,49,37,17
1.0,146,bot1,,,SUCCESS,29,29,51,
1.0,146,bot2,,,SUCCESS,29,29,51,
1.0,146,bot3,,,SUCCESS,29,29,51,
1.0,146,bot4,,,SUCCESS,29,29,51,
1.0,147,bot1,,,SUCCESS,11,11,33,
1.0,147,bot2,,,SUCCESS,11,11,33,
1.0,147,bot3,,,SUCCESS,11,11,33,
1.0,147,bot4,,,SUCCESS,11,11,33,
1.0,160,bot1,,,SUCCESS,19,19,38,
1.0,160,bot2,,,SUCCESS,19,19,38,
1.0,160,bot3,,,SUCCESS,19,19,38,
1.0,160,bot4,,,SUCCESS,19,19,38,
1.0,161,bot1,,,BUTTON_BURNED,10,16,10,
1.0,161,bot2,,,BUTTON_BURNED,10,16,10,
1.0,161,bot3,,,BUTTON_BURNED,10,16,10,
1.0,161,bot4,,,BUTTON_BURNED,10,16,10,
1.0,162,bot1,,,SUCCESS,3,3,15,
1.0,162,bot2,,,SUCCESS,3,3,15,
1.0,162,bot3,,,SUCCESS,3,3,15,
1.0,162,bot4,,,SUCCESS,3,3,15,
1.0,163,bot1,,,SUCCESS,11,11,55,
1.0,163,bot2,,,SUCCESS,11,11,55,
1.0,163,bot3,,,SUCCESS,11,11,55,
1.0,163,bot4,,,SUCCESS,11,11,55,
1.0,132,bot1,,,BURNED,33,44,35,
1.0,132,bot2,,,GAVE_UP,29,44,35,
1.0,132,bot3,,,GAVE_UP,29,44,35,
1.0,132,bot4,,,GAVE_UP,29,44,35,
1.0,133,bot1,,,BURNED,44,53,49,
1.0,133,bot2,,,BURNED,44,53,49,
1.0,133,bot3,,,GAVE_UP,45,53,49,
1.0,133,bot4,,,BURNED,44,53,49,26
1.0,134,bot1,,,SUCCESS,15,15,39,
1.0,134,bot2,,,SUCCESS,15,15,39,
1.0,134,bot3,,,SUCCESS,15,15,39,
1.0,134,bot4,,,SUCCESS,15,15,39,
1.0,135,bot1,,,SUCCESS,9,9,29,
1.0,135,bot2,,,SUCCESS,9,9,29,
1.0,135,bot3,,,SUCCESS,9,9,29,
1.0,135,bot4,,,SUCCESS,9,9,29,
1.0,136,bot1,,,BURNED,3,47,47,
1.0,136,bot2,,,BURNED,3,47,47,
1.0,136,bot3,,,GAVE_UP,18,47,47,
1.0,136,bot4,,,BURNED,29,47,47,14
1.0,137,bot1,,,BURNED,15,33,15,
1.0,137,bot2,,,BUTTON_BURNED,15,33,15,
1.0,137,bot3,,,BUTTON_BURNED,15,33,15,
1.0,137,bot4,,,BUTTON_BURNED,15,33,15,14
1.0,138,bot1,,,SUCCESS,20,20,57,
1.0,138,bot2,,,SUCCESS,20,20,57,
1.0,138,bot3,,,SUCCESS,20,20,57,
1.0,138,bot4,,,SUCCESS,20,20,57,
1.0,139,bot1,,,SUCCESS,41,41,45,
1.0,139,bot2,,,SUCCESS,41,41,45,
1.0,139,bot3,,,SUCCESS,41,41,45,
1.0,139,bot4,,,SUCCESS,41,41,45,
1.0,156,bot1,,,BUTTON_BURNED,7,28,7,
1.0,156,bot2,,,BUTTON_BURNED,7,28,7,
1.0,156,bot3,,,BUTTON_BURNED,7,28,7,
1.0,156,bot4,,,BUTTON_BURNED,7,28,7,4
1.0,157,bot1,,,SUCCESS,12,12,40,
1.0,157,bot2,,,SUCCESS,12,12,40,
1.0,157,bot3,,,SUCCESS,12,12,40,
1.0,157,bot4,,,SUCCESS,12,12,40,
1.0,158,bot1,,,BURNED,8,33,31,
1.0,158,bot2,,,BURNED,8,33,31,
1.0,158,bot3,,,GAVE_UP,27,33,31,
1.0,158,bot4,,,BURNED,8,33,31,1
1.0,159,bot1,,,BURNED,9,40,25,
1.0,159,bot2,,,GAVE_UP,21,40,25,
1.0,159,bot3,,,GAVE_UP,21,40,25,
1.0,159,bot4,,,GAVE_UP,19,40,25,2
1.0,152,bot1,,,BURNED,33,63,36,
1.0,152,bot2,,,GAVE_UP,32,63,36,
1.0,152,bot3,,,GAVE_UP,32,63,36,
1.0,152,bot4,,,GAVE_UP,32,63,36,13
1.0,153,bot1,,,BUTTON_BURNED,5,30,5,
1.0,153,bot2,,,BUTTON_BURNED,5,30,5,
1.0,153,bot3,,,BUTTON_BURNED,5,30,5,
1.0,153,bot4,,,BUTTON_BURNED,5,30,5,
1.0,154,bot1,,,BUTTON_BURNED,8,56,8,
1.0,154,bot2,,,GAVE_UP,7,56,8,
1.0,154,bot3,,,GAVE_UP,7,56,8,
1.0,154,bot4,,,GAVE_UP,7,56,8,1
1.0,155,bot1,,,SUCCESS,15,15,20,
1.0,155,bot2,,,SUCCESS,15,15,20,
1.0,155,bot3,,,SUCCESS,15,15,20,
1.0,155,bot4,,,SUCCESS,15,15,20,
1.0,176,bot1,,,BUTTON_BURNED,12,46,12,
1.0,176,bot2,,,GAVE_UP,7,46,12,
1.0,176,bot3,,,GAVE_UP,7,46,12,
1.0,176,bot4,,,GAVE_UP,7,46,12,1
1.0,177,bot1,,,BURNED,12,29,28,
1.0,177,bot2,,,GAVE_UP,11,29,28,
1.0,177,bot3,,,GAVE_UP,11,29,28,
1.0,177,bot4,,,GAVE_UP,11,29,28,
1.0,178,bot1,,,SUCCESS,1,1,30,
1.0,178,bot2,,,SUCCESS,1,1,30,
1.0,178,bot3,,,SUCCESS,1,1,30,
1.0,178,bot4,,,SUCCESS,1,1,30,
1.0,179,bot1,,,SUCCESS,19,19,42,
1.0,179,bot2,,,SUCCESS,19,19,42,
1.0,179,bot3,,,SUCCESS,19,19,42,
1.0,179,bot4,,,SUCCESS,19,19,42,
1.0,164,bot1,,,SUCCESS,30,30,35,
1.0,164,bot2,,,SUCCESS,30,30,35,
1.0,164,bot3,,,SUCCESS,30,30,35,
1.0,164,bot4,,,SUCCESS,30,30,35,
1.0,165,bot1,,,SUCCESS,23,23,42,
1.0,165,bot2,,,SUCCESS,23,23,42,
1.0,165,bot3,,,SUCCESS,23,23,42,
1.0,165,bot4,,,SUCCESS,23,23,42,
1.0,166,bot1,,,SUCCESS,6,6,18,
1.0,166,bot2,,,SUCCESS,6,6,18,
1.0,166,bot3,,,SUCCESS,6,6,18,
1.0,166,bot4,,,SUCCESS,6,6,18,
1.0,167,bot1,,,SUCCESS,30,30,32,
1.0,167,bot2,,,SUCCESS,30,30,32,
1.0,167,bot3,,,SUCCESS,30,30,32,
1.0,167,bot4,,,SUCCESS,30,30,32,
1.0,168,bot1,,,SUCCESS,9,9,19,
1.0,168,bot2,,,SUCCESS,9,9,19,
1.0,168,bot3,,,SUCCESS,9,9,19,
1.0,168,bot4,,,SUCCESS,9,9,19,
1.0,169,bot1,,,BUTTON_BURNED,20,30,20,
1.0,169,bot2,,,BUTTON_BURNED,20,30,20,
1.0,169,bot3,,,BUTTON_BURNED,20,30,20,
1.0,169,bot4,,,BUTTON_BURNED,20,30,20,
1.0,170,bot1,,,SUCCESS,11,11,33,
1.0,170,bot2,,,SUCCESS,11,11,33,
1.0,170,bot3,,,SUCCESS,11,11,33,
1.0,170,bot4,,,SUCCESS,11,11,33,
1.0,171,bot1,,,BURNED,34,42,40,
1.0,171,bot2,,,GAVE_UP,37,42,40,
1.0,171,bot3,,,BURNED,37,42,40,
1.0,171,bot4,,,GAVE_UP,37,42,40,21
1.0,172,bot1,,,BURNED,9,43,30,
1.0,172,bot2,,,GAVE_UP,21,43,30,
1.0,172,bot3,,,GAVE_UP,21,43,30,
1.0,172,bot4,,,GAVE_UP,21,43,30,1
1.0,173,bot1,,,BURNED,10,43,27,
1.0,173,bot2,,,BURNED,10,43,27,
1.0,173,bot3,,,GAVE_UP,21,43,27,
1.0,173,bot4,,,GAVE_UP,21,43,27,2
1.0,174,bot1,,,SUCCESS,12,12,23,
1.0,174,bot2,,,SUCCESS,12,12,23,
1.0,174,bot3,,,SUCCESS,12,12,23,
1.0,174,bot4,,,SUCCESS,12,12,23,
1.0,175,bot1,,,SUCCESS,18,18,19,
1.0,175,bot2,,,SUCCESS,18,18,19,
1.0,175,bot3,,,SUCCESS,18,18,19,
1.0,175,bot4,,,SUCCESS,18,18,19,
1.0,184,bot1,,,BURNED,15,47,27,
1.0,184,bot2,,,GAVE_UP,16,47,27,
1.0,184,bot3,,,GAVE_UP,16,47,27,
1.0,184,bot4,,,GAVE_UP,16,47,27,1
1.0,185,bot1,,,BURNED,7,10,9,
1.0,185,bot2,,,GAVE_UP,5,10,9,
1.0,185,bot3,,,GAVE_UP,5,10,9,
1.0,185,bot4,,,GAVE_UP,5,10,9,
1.0,186,bot1,,,BUTTON_BURNED,3,46,3,
1.0,186,bot2,,,GAVE_UP,2,46,3,
1.0,186,bot3,,,GAVE_UP,2,46,3,
1.0,186,bot4,,,GAVE_UP,2,46,3,1
1.0,187,bot1,,,SUCCESS,32,32,48,
1.0,187,bot2,,,SUCCESS,32,32,48,
1.0,187,bot3,,,SUCCESS,32,32,48,
1.0,187,bot4,,,SUCCESS,32,32,48,
1.0,180,bot1,,,BURNED,6,49,45,
1.0,180,bot2,,,GAVE_UP,7,49,45,
1.0,180,bot3,,,GAVE_UP,7,49,45,
1.0,180,bot4,,,GAVE_UP,7,49,45,
1.0,181,bot1,,,SUCCESS,24,24,27,
1.0,181,bot2,,,SUCCESS,24,24,27,
1.0,181,bot3,,,SUCCESS,24,24,27,
1.0,181,bot4,,,SUCCESS,24,24,27,
1.0,182,bot1,,,SUCCESS,40,40,45,
1.0,182,bot2,,,SUCCESS,40,40,45,
1.0,182,bot3,,,SUCCESS,40,40,45,
1.0,182,bot4,,,SUCCESS,40,40,45,
1.0,183,bot1,,,BURNED,17,56,48,
1.0,183,bot2,,,BURNED,17,56,48,
1.0,183,bot3,,,GAVE_UP,31,56,48,
1.0,183,bot4,,,BURNED,47,56,48,27
1.0,192,bot1,,,SUCCESS,18,18,45,
1.0,192,bot2,,,SUCCESS,18,18,45,
1.0,192,bot3,,,SUCCESS,18,18,45,
1.0,192,bot4,,,SUCCESS,18,18,45,
1.0,193,bot1,,,BURNED,11,35,17,
1.0,193,bot2,,,BURNED,11,35,17,
1.0,193,bot3,,,GAVE_UP,13,35,17,
1.0,193,bot4,,,BURNED,11,35,17,1
1.0,194,bot1,,,SUCCESS,55,55,64,
1.0,194,bot2,,,SUCCESS,55,55,64,
1.0,194,bot3,,,SUCCESS,55,55,64,
1.0,194,bot4,,,SUCCESS,55,55,64,
1.0,195,bot1,,,BURNED,12,40,23,
1.0,195,bot2,,,GAVE_UP,17,40,23,
1.0,195,bot3,,,GAVE_UP,18,40,23,
1.0,195,bot4,,,GAVE_UP,17,40,23,1
1.0,196,bot1,,,SUCCESS,15,15,30,
1.0,196,bot2,,,SUCCESS,15,15,30,
1.0,196,bot3,,,SUCCESS,15,15,30,
1.0,196,bot4,,,SUCCESS,15,15,30,
1.0,197,bot1,,,BURNED,8,51,38,
1.0,197,bot2,,,GAVE_UP,14,51,38,
1.0,197,bot3,,,GAVE_UP,14,51,38,
1.0,197,bot4,,,BUTTON_BURNED,38,51,38,18
1.0,198,bot1,,,BUTTON_BURNED,25,65,25,
1.0,198,bot2,,,GAVE_UP,22,65,25,
1.0,198,bot3,,,GAVE_UP,22,65,25,
1.0,198,bot4,,,GAVE_UP,22,65,25,10
1.0,199,bot1,,,BUTTON_BURNED,24,52,24,
1.0,199,bot2,,,BUTTON_BURNED,24,52,24,
1.0,199,bot3,,,BUTTON_BURNED,24,52,24,
1.0,199,bot4,,,BUTTON_BURNED,24,52,24,
1.0,188,bot1,,,SUCCESS,23,23,45,
1.0,188,bot2,,,SUCCESS,23,23,45,
1.0,188,bot3,,,SUCCESS,23,23,45,
1.0,188,bot4,,,SUCCESS,23,23,45,
1.0,189,bot1,,,SUCCESS,25,25,54,
1.0,189,bot2,,,SUCCESS,25,25,54,
1.0,189,bot3,,,SUCCESS,25,25,54,
1.0,189,bot4,,,SUCCESS,25,25,54,
1.0,190,bot1,,,SUCCESS,48,48,55,
1.0,190,bot2,,,SUCCESS,48,48,55,
1.0,190,bot3,,,SUCCESS,48,48,55,
1.0,190,bot4,,,SUCCESS,48,48,55,
1.0,191,bot1,,,BURNED,26,40,31,
1.0,191,bot2,,,BUTTON_BURNED,31,40,31,
1.0,191,bot3,,,BUTTON_BURNED,31,40,31,
1.0,191,bot4,,,BUTTON_BURNED,31,40,31,12
